# Normalized SI mesh from arm_description/meshes/bullet/duck.dae
v 0.007116 0.000804 0.027927
v 0.002020 0.000913 0.027635
v -0.001389 0.001514 0.025860
v -0.003004 0.000577 0.021730
v 0.010424 0.000814 0.026757
v -0.014494 -0.024834 0.028507
v -0.009608 -0.024900 0.031507
v 0.012661 -0.022830 0.032275
v 0.017237 -0.022611 0.029151
v 0.014036 -0.024898 0.027704
v -0.012092 -0.022684 0.033753
v -0.017924 -0.022525 0.029992
v 0.016158 -0.024910 0.024500
v 0.015428 -0.019372 0.033275
v 0.019076 -0.019095 0.029892
v -0.015303 -0.018879 0.034555
v -0.020571 -0.019128 0.030577
v 0.019905 -0.014905 0.030065
v 0.017082 -0.015020 0.033371
v 0.019525 -0.010533 0.029863
v 0.016876 -0.010374 0.032837
v 0.017521 -0.006770 0.029426
v 0.013873 -0.006336 0.032003
v 0.009910 -0.003709 0.030728
v 0.014340 -0.003939 0.028710
v 0.000435 -0.004312 0.031812
v -0.008429 -0.004270 0.029755
v 0.000416 -0.002672 0.029745
v -0.005546 -0.002932 0.027868
v -0.012602 -0.002875 0.022743
v -0.002802 -0.001821 0.025436
v -0.022475 0.000998 0.023137
v -0.022123 -0.004026 0.029114
v -0.018995 -0.002986 0.028835
v -0.025783 -0.004303 0.022579
v -0.024731 -0.007008 0.028537
v -0.018586 -0.008473 0.033227
v -0.025851 -0.009787 0.027388
v -0.020574 -0.012428 0.033350
v -0.023677 -0.014178 0.029464
v -0.014916 -0.005312 0.031245
v -0.015350 -0.001522 0.023064
v 0.011475 -0.001936 0.027582
v 0.006819 -0.002103 0.029006
v 0.000696 -0.001836 0.028273
v -0.004215 -0.001938 0.021537
v 0.000573 -0.024906 0.032227
v 0.001272 -0.022942 0.034496
v 0.010031 -0.006316 0.033365
v 0.014027 -0.010151 0.034326
v 0.014170 -0.014898 0.034872
v 0.011050 -0.019104 0.034807
v 0.001517 -0.021633 0.035194
v -0.012431 -0.018856 0.035542
v -0.016675 -0.013947 0.034870
v -0.016257 -0.009579 0.034310
v -0.012398 -0.006643 0.033287
v -0.009135 -0.014333 0.037329
v -0.001084 -0.014218 0.038000
v -0.007852 -0.016694 0.037310
v -0.009214 -0.011433 0.037051
v -0.001347 -0.011464 0.037862
v 0.003669 -0.016494 0.037520
v -0.000732 -0.016922 0.037563
v 0.004479 -0.013977 0.037657
v 0.003955 -0.010506 0.037389
v -0.001388 -0.009130 0.037105
v 0.002583 -0.008344 0.036836
v -0.008080 -0.009765 0.036806
v -0.011960 -0.010924 0.036246
v -0.011813 -0.014382 0.036656
v -0.008831 -0.017311 0.036960
v -0.009383 -0.008968 0.036050
v -0.000375 -0.018237 0.037190
v 0.004866 -0.017138 0.037197
v 0.007086 -0.014109 0.037121
v 0.006689 -0.010238 0.036721
v 0.003762 -0.007774 0.036248
v -0.001147 -0.007934 0.036180
v -0.002211 -0.000799 0.021156
v -0.001062 -0.000655 0.024554
v 0.001849 -0.000640 0.026971
v 0.007193 -0.000651 0.027477
v 0.010361 -0.000577 0.026405
v 0.013422 0.001071 0.024553
v 0.004088 0.000780 0.027988
v 0.000360 0.001162 0.027006
v -0.002456 0.000864 0.023554
v 0.015055 0.001016 0.021334
v -0.012324 -0.024865 0.030314
v -0.008210 -0.025357 0.030054
v -0.012520 -0.025333 0.027542
v -0.016022 -0.024816 0.026063
v 0.015861 -0.023962 0.028532
v 0.009972 -0.024899 0.030117
v 0.011318 -0.024014 0.031306
v -0.010847 -0.023950 0.032725
v -0.016323 -0.023885 0.029347
v -0.015289 -0.022550 0.032329
v -0.019655 -0.022516 0.026988
v 0.019750 -0.022619 0.025139
v 0.018277 -0.020949 0.029591
v 0.013960 -0.021250 0.032930
v -0.013339 -0.020931 0.034410
v -0.019344 -0.020866 0.030417
v -0.017974 -0.018997 0.033236
v 0.021768 -0.019044 0.025518
v 0.020951 -0.020931 0.025356
v 0.019600 -0.017088 0.030058
v 0.016419 -0.017274 0.033353
v 0.022559 -0.014783 0.025736
v 0.022252 -0.017000 0.025631
v 0.017356 -0.012659 0.033160
v 0.019966 -0.012666 0.030008
v 0.022001 -0.010473 0.025808
v 0.022469 -0.012566 0.025813
v 0.015744 -0.008224 0.032517
v 0.018704 -0.008551 0.029663
v 0.020252 -0.006800 0.025694
v 0.021216 -0.008549 0.025747
v 0.015932 -0.005247 0.029075
v 0.017719 -0.003792 0.025706
v 0.019186 -0.005200 0.025716
v -0.006871 -0.003558 0.028917
v 0.000459 -0.003507 0.030787
v -0.011338 -0.003938 0.027276
v -0.007501 -0.002921 0.026044
v -0.003662 -0.001874 0.023749
v -0.022666 -0.001803 0.026876
v -0.018972 -0.001342 0.027171
v -0.020389 -0.003195 0.029109
v -0.025478 -0.005643 0.026058
v -0.023640 -0.005378 0.028930
v -0.023603 -0.008750 0.030634
v -0.020980 -0.005990 0.031133
v -0.022089 -0.013449 0.031758
v -0.025226 -0.011283 0.028152
v -0.025417 -0.008626 0.027924
v -0.022376 -0.019258 0.027355
v -0.008527 -0.015728 0.037346
v -0.021635 -0.017425 0.030441
v -0.017408 -0.016411 0.034340
v -0.025271 -0.017670 0.022783
v -0.009367 -0.012810 0.037224
v -0.008790 -0.006196 0.032930
v -0.011303 -0.004952 0.030635
v -0.015668 -0.004383 0.027859
v 0.008456 -0.003065 0.029945
v 0.012808 -0.002855 0.028232
v 0.005023 -0.003925 0.031674
v 0.003656 -0.002481 0.029814
v 0.014773 -0.001749 0.025145
v 0.016204 -0.002668 0.025535
v -0.017639 -0.004499 0.029788
v -0.025033 -0.014565 0.026684
v -0.026276 -0.009622 0.025500
v -0.019729 -0.010349 0.033519
v 0.010781 -0.001206 0.026834
v 0.012993 0.000187 0.024286
v 0.003612 -0.001882 0.028929
v 0.001353 -0.001226 0.027361
v 0.007118 -0.000000 0.027447
v -0.002565 -0.001296 0.021201
v 0.008517 -0.025370 0.028789
v 0.011969 -0.025372 0.026718
v 0.000387 -0.025367 0.030704
v 0.004870 -0.024900 0.031621
v 0.013761 -0.025361 0.023986
v 0.000885 -0.024059 0.033481
v 0.006475 -0.022821 0.033863
v 0.001806 -0.016731 0.037560
v -0.000935 -0.015594 0.037837
v 0.001586 -0.014058 0.037957
v 0.004126 -0.015480 0.037621
v -0.001222 -0.012812 0.037986
v 0.001148 -0.010995 0.037791
v 0.004428 -0.012226 0.037594
v -0.001423 -0.010248 0.037602
v 0.000837 -0.008598 0.036987
v 0.003232 -0.009147 0.037101
v 0.000580 -0.005280 0.032911
v -0.016987 -0.006705 0.032630
v -0.014809 -0.007799 0.033836
v -0.008696 -0.010390 0.036923
v -0.014260 -0.014501 0.035564
v -0.010584 -0.018389 0.035989
v -0.014410 -0.010256 0.034959
v 0.007534 -0.018374 0.036066
v 0.010904 -0.014564 0.035977
v 0.010624 -0.010050 0.035472
v 0.006400 -0.006851 0.034825
v -0.000357 -0.006492 0.034470
v -0.010745 -0.016089 0.036838
v -0.012233 -0.012551 0.036448
v 0.002527 -0.017873 0.037193
v 0.006260 -0.015821 0.037187
v 0.007190 -0.012169 0.036962
v 0.001477 -0.007638 0.036191
v 0.005466 -0.008689 0.036457
v -0.011165 -0.009663 0.036088
v -0.006777 -0.008704 0.036115
v -0.006261 -0.009721 0.036919
v -0.006478 -0.011711 0.037522
v -0.006395 -0.014363 0.037750
v -0.005971 -0.016886 0.037437
v -0.006312 -0.017971 0.037071
v -0.007175 -0.022775 0.034520
v -0.005321 -0.024928 0.032243
v -0.013432 -0.014528 0.036069
v -0.013627 -0.010520 0.035557
v -0.009853 -0.018043 0.036477
v -0.010559 -0.008099 0.035255
v 0.000061 -0.019415 0.036705
v 0.009216 -0.014347 0.036531
v 0.006247 -0.017881 0.036663
v 0.008912 -0.010091 0.036058
v 0.005121 -0.007224 0.035517
v -0.000787 -0.007019 0.035285
v -0.016936 -0.024784 0.022527
v -0.021005 -0.022605 0.022648
v 0.020569 -0.022604 0.021190
v 0.016761 -0.024824 0.021097
v 0.022873 -0.019061 0.021190
v 0.023881 -0.014775 0.021190
v 0.023566 -0.010465 0.021294
v 0.021924 -0.006841 0.021294
v 0.019611 -0.003723 0.021248
v -0.008810 -0.002858 0.022456
v -0.018418 0.001510 0.023195
v -0.026275 -0.014697 0.022723
v -0.026844 -0.009376 0.022528
v -0.001542 -0.001777 0.026895
v -0.001580 -0.001252 0.024742
v -0.002398 -0.000197 0.021321
v -0.001020 0.000149 0.024835
v -0.001820 -0.000726 0.022919
v 0.002006 0.000049 0.027028
v 0.000139 -0.000635 0.025919
v 0.007173 -0.001288 0.027972
v 0.004159 -0.000662 0.027582
v 0.010217 0.000074 0.026373
v 0.013758 -0.001061 0.024580
v 0.013166 -0.000459 0.024298
v -0.010606 -0.025335 0.029017
v -0.013845 -0.025312 0.025430
v -0.013877 -0.023916 0.031424
v -0.017932 -0.023840 0.026558
v 0.018192 -0.023985 0.024861
v -0.016625 -0.020840 0.032942
v 0.011562 -0.004879 0.031398
v -0.009280 -0.003409 0.026723
v -0.020757 -0.001013 0.027068
v -0.024324 -0.003490 0.026505
v -0.022418 -0.007278 0.031076
v -0.024483 -0.010206 0.029641
v -0.021129 -0.020921 0.027225
v -0.019314 -0.017068 0.033106
v -0.023471 -0.017608 0.027312
v -0.013516 -0.004373 0.027769
v 0.004346 -0.003295 0.030743
v -0.017420 -0.002981 0.027561
v -0.026058 -0.011633 0.025911
v -0.019214 -0.005149 0.030811
v -0.026050 -0.007715 0.025679
v 0.003912 -0.001250 0.028061
v -0.000436 -0.001224 0.026180
v 0.004129 -0.025362 0.030125
v 0.005634 -0.024020 0.032823
v 0.001656 -0.015482 0.037794
v 0.001401 -0.012517 0.037966
v 0.000891 -0.009677 0.037470
v 0.006205 -0.005124 0.032740
v 0.012529 -0.008003 0.033891
v 0.014573 -0.012540 0.034676
v 0.013016 -0.017109 0.034918
v 0.007510 -0.021036 0.034696
v -0.014906 -0.016595 0.035313
v -0.016904 -0.011664 0.034626
v -0.012990 -0.016612 0.035808
v -0.014740 -0.012298 0.035274
v 0.004390 -0.019597 0.036085
v 0.003221 -0.006310 0.034580
v -0.007666 -0.007376 0.034244
v -0.006322 -0.010638 0.037305
v -0.006523 -0.012996 0.037725
v -0.006140 -0.015692 0.037652
v -0.008740 -0.020902 0.035270
v -0.006153 -0.024026 0.033493
v -0.004655 -0.025365 0.030715
v -0.013911 -0.012423 0.035811
v -0.012296 -0.016584 0.036298
v -0.012574 -0.009040 0.035350
v -0.006792 -0.018975 0.036610
v 0.008149 -0.016300 0.036634
v 0.003469 -0.018927 0.036677
v 0.009505 -0.012212 0.036336
v 0.007381 -0.008329 0.035763
v 0.002329 -0.006827 0.035355
v -0.007385 -0.007810 0.035250
v -0.014690 -0.025315 0.022326
v -0.018995 -0.023836 0.022620
v 0.018859 -0.023923 0.021186
v 0.021924 -0.020949 0.021190
v 0.023455 -0.017011 0.021190
v 0.023911 -0.012559 0.021294
v 0.022877 -0.008548 0.021295
v 0.020875 -0.005146 0.021294
v -0.010762 -0.003013 0.022639
v -0.020438 0.001753 0.023209
v -0.024267 -0.000839 0.022951
v -0.022815 -0.021071 0.022769
v -0.014059 -0.002405 0.022886
v -0.016666 0.000404 0.023160
v -0.026853 -0.011662 0.022579
v -0.026494 -0.007033 0.022554
v 0.014387 -0.025321 0.020974
v -0.002242 -0.001278 0.023069
v -0.001902 -0.000063 0.023068
v 0.000316 0.000106 0.026114
v 0.004210 -0.000002 0.027529
v 0.016111 0.001859 0.021187
v -0.003975 -0.005832 0.032943
v -0.003916 -0.007088 0.034407
v -0.003995 -0.007516 0.035275
v -0.002798 -0.025372 0.030900
v -0.002905 -0.024927 0.032439
v -0.002954 -0.024078 0.033726
v -0.003086 -0.022936 0.034708
v -0.003433 -0.021597 0.035353
v -0.003418 -0.019361 0.036685
v -0.003406 -0.018237 0.037143
v -0.003432 -0.016977 0.037519
v -0.003570 -0.015676 0.037794
v -0.003735 -0.014346 0.037967
v -0.003852 -0.013001 0.037955
v -0.003892 -0.011726 0.037795
v -0.003870 -0.010590 0.037524
v -0.003849 -0.009540 0.037039
v -0.003930 -0.008391 0.036165
v -0.003793 -0.004653 0.031390
v -0.003229 -0.003638 0.030292
v -0.002678 -0.002810 0.029111
v 0.014882 0.000213 0.020957
v 0.015071 -0.000370 0.020918
v 0.015865 -0.000905 0.021050
v 0.016988 -0.001592 0.021174
v 0.018323 -0.002572 0.021213
v 0.006383 0.000912 0.010190
v 0.001619 0.000814 0.010998
v -0.001571 0.000863 0.013299
v -0.003642 0.001128 0.016971
v 0.009206 0.001062 0.010756
v -0.014687 -0.024884 0.009350
v -0.009769 -0.024905 0.006431
v -0.016909 -0.024804 0.014307
v 0.012421 -0.022790 0.005787
v 0.017137 -0.022611 0.008790
v 0.013880 -0.024887 0.010251
v -0.011919 -0.022607 0.004338
v -0.018024 -0.022525 0.007949
v -0.020886 -0.022691 0.013806
v 0.016042 -0.024903 0.013448
v 0.015125 -0.019284 0.004876
v 0.018954 -0.019095 0.008069
v -0.015378 -0.018819 0.003501
v -0.020706 -0.019147 0.007354
v 0.019796 -0.014901 0.007907
v 0.016875 -0.014955 0.004858
v 0.019606 -0.010502 0.008011
v 0.016646 -0.010461 0.005194
v 0.017760 -0.006765 0.008313
v 0.013967 -0.006655 0.005657
v 0.010061 -0.004050 0.007093
v 0.014635 -0.003861 0.008964
v 0.000692 -0.004537 0.006204
v -0.008460 -0.004309 0.008206
v 0.000645 -0.002687 0.008511
v -0.005105 -0.002815 0.010502
v -0.012604 -0.003419 0.013716
v -0.008564 -0.002855 0.014395
v -0.002999 -0.001921 0.012253
v -0.022835 0.000097 0.012942
v -0.018841 0.000461 0.012863
v -0.022279 -0.004008 0.008802
v -0.019100 -0.002992 0.009121
v -0.026029 -0.004735 0.014119
v -0.024861 -0.006989 0.009355
v -0.018762 -0.008738 0.004563
v -0.025927 -0.009851 0.010489
v -0.023972 -0.019465 0.013548
v -0.020656 -0.012446 0.004601
v -0.023874 -0.014253 0.008487
v -0.026306 -0.014756 0.013811
v 0.000707 -0.005574 0.005028
v -0.015354 -0.005791 0.006547
v -0.015803 -0.002283 0.013111
v 0.011625 -0.001900 0.010043
v 0.006857 -0.002103 0.008928
v 0.001034 -0.001924 0.009704
v -0.004192 -0.001900 0.016127
v -0.026858 -0.009475 0.014346
v 0.000442 -0.024914 0.005708
v 0.001148 -0.022916 0.003469
v -0.008746 -0.014377 0.000818
v -0.000986 -0.014191 0.000080
v -0.007507 -0.016579 0.000751
v -0.009120 -0.011555 0.001081
v -0.001314 -0.011524 0.000429
v 0.003563 -0.016448 0.000256
v -0.000676 -0.016883 0.000346
v 0.004336 -0.013948 0.000106
v 0.003964 -0.010701 0.000594
v -0.001462 -0.009217 0.001334
v 0.002603 -0.008702 0.001359
v -0.008123 -0.009785 0.001437
v -0.011765 -0.011152 0.001750
v -0.011140 -0.014468 0.001326
v -0.008425 -0.017116 0.001042
v -0.009351 -0.009091 0.002013
v -0.000379 -0.018210 0.000703
v 0.004721 -0.017062 0.000604
v 0.006745 -0.013997 0.000594
v 0.006366 -0.010337 0.001098
v 0.003669 -0.008053 0.001815
v -0.001237 -0.008122 0.002001
v -0.002351 -0.000768 0.017058
v -0.001154 -0.000668 0.013603
v 0.001840 -0.000631 0.011159
v 0.007031 -0.000629 0.010520
v 0.010140 -0.000604 0.011389
v 0.012342 0.001227 0.012424
v 0.003827 0.000862 0.010344
v -0.000158 0.000815 0.012008
v -0.002699 0.000946 0.014878
v -0.003361 0.000539 0.019322
v 0.014338 0.000935 0.016747
v -0.012457 -0.024898 0.007573
v -0.008405 -0.025373 0.007866
v -0.012713 -0.025394 0.010268
v -0.016128 -0.024833 0.011754
v -0.014641 -0.025319 0.014615
v 0.015681 -0.023952 0.009442
v 0.009740 -0.024873 0.007882
v 0.011056 -0.023982 0.006770
v -0.010867 -0.023935 0.005255
v -0.016462 -0.023901 0.008562
v -0.015374 -0.022545 0.005637
v -0.018979 -0.023905 0.014056
v -0.019816 -0.022604 0.010895
v 0.019650 -0.022619 0.012802
v 0.018176 -0.020949 0.008350
v 0.013650 -0.021181 0.005147
v -0.013295 -0.020857 0.003689
v -0.019445 -0.020866 0.007525
v -0.018072 -0.018993 0.004800
v 0.021667 -0.019044 0.012423
v 0.020851 -0.020931 0.012585
v 0.019493 -0.017086 0.007893
v 0.016181 -0.017191 0.004836
v 0.022458 -0.014783 0.012205
v 0.022152 -0.017000 0.012311
v 0.017068 -0.012660 0.005016
v 0.019914 -0.012656 0.007922
v 0.022172 -0.010419 0.012041
v 0.022497 -0.012546 0.012100
v 0.015613 -0.008409 0.005373
v 0.018905 -0.008517 0.008090
v 0.020477 -0.006735 0.012101
v 0.021488 -0.008468 0.012042
v 0.016336 -0.005243 0.008616
v 0.017614 -0.003787 0.012167
v 0.019135 -0.005193 0.012159
v -0.006692 -0.003567 0.009241
v 0.000643 -0.003569 0.007389
v -0.011248 -0.003942 0.010719
v -0.010584 -0.003222 0.013966
v -0.007174 -0.002834 0.012218
v -0.003784 -0.001877 0.014170
v -0.022843 -0.001858 0.010807
v -0.020793 0.000790 0.012814
v -0.019085 -0.001433 0.010669
v -0.020482 -0.003204 0.008835
v -0.025636 -0.005701 0.011681
v -0.024778 -0.001665 0.013304
v -0.023813 -0.005354 0.008974
v -0.023702 -0.008758 0.007305
v -0.021084 -0.005990 0.006807
v -0.022296 -0.013504 0.006280
v -0.025485 -0.011335 0.009668
v -0.025511 -0.008645 0.009945
v -0.022551 -0.021146 0.013634
v -0.022616 -0.019366 0.010478
v -0.008125 -0.015673 0.000758
v -0.021931 -0.017365 0.007518
v -0.017539 -0.016357 0.003670
v -0.025245 -0.017635 0.013578
v -0.009118 -0.012933 0.000935
v -0.014346 -0.003176 0.013439
v -0.011545 -0.005162 0.007234
v -0.015727 -0.004302 0.010052
v 0.008498 -0.003068 0.007994
v 0.012975 -0.002794 0.009383
v 0.005363 -0.004357 0.006356
v 0.003883 -0.002518 0.008414
v 0.014672 -0.001725 0.012564
v 0.016138 -0.002648 0.012227
v -0.017750 -0.004495 0.008159
v -0.017167 -0.000764 0.012917
v -0.025247 -0.014638 0.011038
v -0.026865 -0.011769 0.014158
v -0.026419 -0.009680 0.012080
v -0.019835 -0.010417 0.004362
v -0.026550 -0.007203 0.014315
v 0.010767 -0.001220 0.010777
v 0.012368 0.000120 0.013427
v 0.003894 -0.001938 0.009221
v 0.001477 -0.001235 0.010654
v 0.006791 0.000055 0.010649
v -0.002725 -0.001300 0.016760
v 0.008360 -0.025354 0.009138
v 0.011854 -0.025362 0.011211
v 0.000246 -0.025392 0.007176
v 0.004715 -0.024900 0.006322
v 0.013714 -0.025365 0.013955
v 0.000724 -0.024067 0.004440
v 0.006381 -0.022799 0.004127
v 0.001784 -0.016708 0.000252
v -0.000851 -0.015549 0.000141
v 0.001631 -0.014055 0.000000
v 0.003999 -0.015430 0.000133
v -0.001140 -0.012828 0.000181
v 0.001230 -0.011185 0.000383
v 0.004373 -0.012281 0.000232
v -0.001456 -0.010327 0.000809
v 0.000834 -0.008896 0.001319
v 0.003243 -0.009468 0.001028
v 0.010121 -0.006750 0.004578
v 0.006421 -0.005572 0.005186
v -0.017354 -0.007301 0.005148
v 0.013881 -0.010361 0.003810
v 0.012465 -0.008338 0.004148
v 0.014034 -0.014835 0.003313
v 0.014386 -0.012575 0.003547
v 0.010904 -0.019032 0.003239
v 0.012900 -0.017018 0.003207
v 0.001340 -0.021612 0.002699
v 0.007357 -0.021000 0.003265
v -0.012630 -0.018659 0.002786
v -0.016827 -0.013937 0.003154
v -0.015110 -0.016450 0.002865
v -0.016406 -0.010025 0.003534
v -0.016992 -0.011899 0.003267
v -0.012693 -0.006936 0.004629
v -0.008728 -0.010459 0.001239
v -0.014191 -0.014579 0.002400
v -0.010274 -0.018083 0.001955
v -0.014667 -0.010550 0.003024
v 0.000343 -0.020213 0.001764
v 0.007326 -0.018241 0.001873
v 0.010431 -0.014412 0.001927
v 0.010164 -0.010161 0.002392
v 0.006321 -0.007123 0.003138
v -0.000388 -0.006688 0.003628
v -0.009997 -0.015957 0.001169
v -0.011777 -0.012788 0.001529
v 0.002480 -0.017866 0.000637
v 0.006050 -0.015713 0.000560
v 0.006860 -0.012126 0.000770
v 0.001426 -0.007851 0.001953
v 0.005261 -0.008909 0.001495
v -0.011023 -0.009848 0.001928
v -0.006818 -0.008767 0.002019
v -0.006297 -0.009693 0.001402
v -0.006412 -0.011736 0.000751
v -0.006153 -0.014335 0.000477
v -0.005738 -0.016785 0.000600
v -0.006132 -0.017821 0.000910
v -0.008911 -0.020777 0.002874
v -0.007420 -0.022681 0.003546
v -0.005506 -0.024914 0.005723
v -0.013076 -0.014594 0.001888
v -0.013858 -0.010714 0.002454
v -0.009406 -0.017675 0.001495
v -0.010638 -0.008229 0.002782
v -0.000026 -0.019507 0.001191
v 0.008693 -0.014177 0.001248
v 0.006057 -0.017748 0.001202
v 0.008399 -0.010155 0.001728
v 0.004975 -0.007455 0.002458
v -0.000843 -0.007152 0.002792
v -0.017220 -0.024784 0.016795
v -0.021372 -0.022665 0.016551
v 0.020604 -0.022643 0.016719
v 0.016792 -0.024868 0.016880
v 0.022834 -0.019064 0.016677
v 0.023796 -0.014775 0.016418
v 0.023525 -0.010420 0.016128
v 0.021825 -0.006776 0.015960
v 0.019198 -0.003731 0.016031
v -0.012761 -0.002570 0.016496
v -0.009167 -0.002830 0.016732
v -0.022703 0.001381 0.015223
v -0.018672 0.001673 0.015284
v -0.026041 -0.004009 0.016542
v -0.024558 -0.019421 0.016491
v -0.015184 -0.000746 0.016089
v -0.026615 -0.014661 0.016622
v -0.027142 -0.009319 0.016779
v -0.004252 -0.001922 0.018169
v -0.001291 -0.001938 0.010726
v -0.001670 -0.001242 0.013259
v -0.002608 -0.000093 0.017172
v -0.002336 -0.000848 0.018993
v -0.001161 -0.000003 0.013641
v -0.001971 -0.000704 0.015230
v 0.001890 0.000011 0.011257
v 0.000094 -0.000650 0.012226
v 0.007119 -0.001280 0.009912
v 0.004195 -0.000622 0.010551
v 0.009691 0.000096 0.011456
v 0.013527 -0.001084 0.013114
v 0.012776 -0.000524 0.013493
v -0.010754 -0.025381 0.008825
v -0.013996 -0.025354 0.012318
v -0.013992 -0.023927 0.006491
v -0.018093 -0.023910 0.011274
v 0.018076 -0.023982 0.013080
v -0.016688 -0.020837 0.005090
v 0.011788 -0.005275 0.006258
v -0.009234 -0.003408 0.011316
v -0.020881 -0.001101 0.010663
v -0.024584 -0.003573 0.011230
v -0.022585 -0.007226 0.006861
v -0.024644 -0.010259 0.008253
v -0.021313 -0.021028 0.010633
v -0.019547 -0.016985 0.004950
v -0.023784 -0.017560 0.010522
v -0.013435 -0.004307 0.010221
v 0.004513 -0.003370 0.007400
v -0.017502 -0.002928 0.010384
v -0.026236 -0.011742 0.011705
v -0.019313 -0.005164 0.007133
v -0.026142 -0.007759 0.011975
v 0.004091 -0.001258 0.010040
v -0.000427 -0.001235 0.011785
v 0.003971 -0.025391 0.007692
v 0.005485 -0.024018 0.005131
v 0.001651 -0.015459 0.000031
v 0.001499 -0.012591 0.000088
v 0.000921 -0.009950 0.000811
v -0.015073 -0.008221 0.003997
v -0.009027 -0.006305 0.005080
v -0.012631 -0.016455 0.002136
v -0.014826 -0.012568 0.002689
v 0.004281 -0.019599 0.001868
v 0.003236 -0.006572 0.003443
v -0.007780 -0.007417 0.003720
v -0.006330 -0.010631 0.001013
v -0.006358 -0.013002 0.000570
v -0.005875 -0.015619 0.000490
v -0.006402 -0.023983 0.004529
v -0.004737 -0.025383 0.007172
v -0.013834 -0.012660 0.002160
v -0.011584 -0.016306 0.001663
v -0.012827 -0.009157 0.002683
v -0.006674 -0.018743 0.001357
v 0.007778 -0.016102 0.001189
v 0.003399 -0.018956 0.001205
v 0.008959 -0.012130 0.001418
v 0.007061 -0.008495 0.002113
v 0.002307 -0.006978 0.002699
v -0.007459 -0.007861 0.002804
v -0.014914 -0.025316 0.016931
v -0.019363 -0.023887 0.016649
v 0.018906 -0.023978 0.016754
v 0.021924 -0.020964 0.016712
v 0.023385 -0.017007 0.016572
v 0.023859 -0.012537 0.016256
v 0.022839 -0.008485 0.016036
v 0.020632 -0.005118 0.015804
v -0.011112 -0.002953 0.016520
v -0.020714 0.001989 0.015170
v -0.024502 -0.000443 0.015531
v -0.023055 -0.021126 0.016521
v -0.025649 -0.017377 0.016538
v -0.014036 -0.001933 0.016447
v -0.016735 0.000776 0.015429
v -0.027184 -0.011645 0.016718
v -0.026738 -0.006847 0.016763
v -0.002547 -0.001291 0.018760
v 0.014392 -0.025341 0.017058
v -0.002441 -0.001278 0.014901
v -0.002631 -0.000273 0.019145
v -0.002084 -0.000018 0.015270
v 0.000147 -0.000004 0.012288
v 0.004135 0.000048 0.010672
v -0.008258 0.011814 0.023084
v -0.008157 0.011785 0.023418
v -0.008051 0.011677 0.023745
v -0.007948 0.011497 0.024040
v -0.007853 0.011252 0.024290
v -0.007769 0.010955 0.024484
v -0.007702 0.010619 0.024610
v -0.007653 0.010260 0.024665
v -0.007626 0.009895 0.024645
v -0.007620 0.009541 0.024551
v -0.007637 0.009215 0.024387
v -0.007682 0.008926 0.024141
v -0.007967 0.008561 0.023095
v -0.008092 0.013516 0.022995
v -0.007891 0.013458 0.023665
v -0.007682 0.013245 0.024316
v -0.007480 0.012887 0.024906
v -0.007294 0.012401 0.025406
v -0.007131 0.011808 0.025791
v -0.007000 0.011139 0.026044
v -0.006902 0.010423 0.026146
v -0.006850 0.009698 0.026104
v -0.006841 0.008996 0.025916
v -0.006877 0.008349 0.025586
v -0.006970 0.007776 0.025095
v -0.007161 0.007281 0.024333
v -0.007517 0.006967 0.023037
v -0.007714 0.015183 0.022846
v -0.007415 0.015096 0.023841
v -0.007106 0.014781 0.024807
v -0.006806 0.014251 0.025680
v -0.006530 0.013531 0.026421
v -0.006291 0.012654 0.026995
v -0.006099 0.011661 0.027374
v -0.005964 0.010600 0.027541
v -0.005890 0.009520 0.027482
v -0.005881 0.008474 0.027205
v -0.005936 0.007516 0.026712
v -0.006070 0.006680 0.025954
v -0.006880 0.005418 0.022930
v -0.007137 0.016792 0.022639
v -0.006744 0.016679 0.023946
v -0.006339 0.016266 0.025211
v -0.005947 0.015571 0.026357
v -0.005585 0.014627 0.027328
v -0.005271 0.013478 0.028079
v -0.005020 0.012177 0.028576
v -0.004843 0.010786 0.028795
v -0.004748 0.009369 0.028725
v -0.004739 0.007996 0.028365
v -0.004813 0.006746 0.027704
v -0.004998 0.005653 0.026709
v -0.006050 0.003980 0.022775
v -0.006368 0.018321 0.022379
v -0.005888 0.018183 0.023978
v -0.005393 0.017678 0.025525
v -0.004913 0.016828 0.026925
v -0.004471 0.015674 0.028112
v -0.004087 0.014270 0.029030
v -0.003780 0.012680 0.029637
v -0.003564 0.010979 0.029905
v -0.003448 0.009248 0.029820
v -0.003438 0.007566 0.029387
v -0.003534 0.006033 0.028589
v -0.003771 0.004736 0.027306
v -0.005059 0.002705 0.022558
v -0.005420 0.019746 0.022069
v -0.004859 0.019586 0.023936
v -0.004281 0.018996 0.025742
v -0.003721 0.018004 0.027376
v -0.003205 0.016657 0.028762
v -0.002757 0.015017 0.029834
v -0.002398 0.013162 0.030543
v -0.002145 0.011177 0.030855
v -0.002010 0.009155 0.030756
v -0.001999 0.007192 0.030251
v -0.002115 0.005402 0.029318
v -0.002401 0.003912 0.027778
v -0.003999 0.001511 0.022173
v -0.004306 0.021048 0.021713
v -0.003673 0.020867 0.023822
v -0.003020 0.020201 0.025861
v -0.002388 0.019082 0.027705
v -0.001805 0.017561 0.029269
v -0.001300 0.015711 0.030479
v -0.000895 0.013616 0.031279
v -0.000610 0.011375 0.031632
v -0.000457 0.009094 0.031520
v -0.000444 0.006878 0.030950
v -0.000574 0.004840 0.029930
v -0.000888 0.003140 0.028190
v -0.003042 0.022208 0.021317
v -0.002345 0.022008 0.023636
v -0.001628 0.021277 0.025878
v -0.000933 0.020046 0.027906
v -0.000292 0.018374 0.029625
v 0.000263 0.016339 0.030956
v 0.000709 0.014035 0.031836
v 0.001022 0.011572 0.032224
v 0.001190 0.009063 0.032101
v 0.001204 0.006627 0.031474
v 0.001061 0.004388 0.030356
v 0.000753 0.002565 0.028724
v -0.001647 0.023208 0.020887
v -0.000897 0.022993 0.023383
v -0.000125 0.022206 0.025794
v 0.000623 0.020882 0.027976
v 0.001312 0.019083 0.029826
v 0.001910 0.016893 0.031258
v 0.002389 0.014415 0.032205
v 0.002727 0.011764 0.032622
v 0.002907 0.009065 0.032489
v 0.002922 0.006444 0.031815
v 0.002765 0.004046 0.030603
v 0.002435 0.002126 0.028989
v -0.000141 0.024033 0.020428
v 0.000651 0.023806 0.023064
v 0.001466 0.022975 0.025611
v 0.002256 0.021577 0.027915
v 0.002984 0.019677 0.029868
v 0.003615 0.017365 0.031380
v 0.004121 0.014749 0.032380
v 0.004478 0.011950 0.032820
v 0.004668 0.009100 0.032681
v 0.004684 0.006331 0.031968
v 0.004522 0.003782 0.030707
v 0.004208 0.001776 0.029055
v 0.001454 0.024673 0.019947
v 0.002277 0.024437 0.022685
v 0.003123 0.023574 0.025330
v 0.003943 0.022122 0.027722
v 0.004699 0.020150 0.029751
v 0.005355 0.017748 0.031321
v 0.005880 0.015031 0.032359
v 0.006250 0.012125 0.032816
v 0.006461 0.009160 0.032676
v 0.006495 0.006282 0.031942
v 0.006312 0.003633 0.030637
v 0.006108 0.001459 0.028869
v 0.004811 0.024996 0.022011
v 0.005679 0.024110 0.024725
v 0.006521 0.022620 0.027180
v 0.007296 0.020596 0.029262
v 0.007969 0.018132 0.030873
v 0.008508 0.015344 0.031939
v 0.008881 0.012361 0.032384
v 0.009112 0.009308 0.032210
v 0.009208 0.006364 0.031544
v 0.008945 0.003647 0.030143
v 0.008586 0.001284 0.028327
v 0.003966 0.025237 0.019200
v 0.006536 0.025394 0.018447
v 0.007378 0.025154 0.021248
v 0.008243 0.024271 0.023952
v 0.009082 0.022787 0.026398
v 0.010590 0.020842 0.028184
v 0.011051 0.018649 0.029627
v 0.011649 0.016219 0.030436
v 0.011436 0.012582 0.031486
v 0.011899 0.009673 0.031512
v 0.012027 0.006648 0.030912
v 0.011622 0.003914 0.029395
v 0.011139 0.001542 0.027533
v 0.008247 0.025224 0.017951
v 0.009070 0.024989 0.020692
v 0.009916 0.024126 0.023336
v 0.011327 0.022494 0.025954
v 0.013106 0.013994 0.030263
v 0.014508 0.010959 0.030228
v 0.014611 0.007231 0.029847
v 0.014197 0.004418 0.028427
v 0.013518 0.002156 0.026370
v 0.009924 0.024851 0.017470
v 0.010717 0.024625 0.020110
v 0.012191 0.023467 0.023502
v 0.011544 0.024279 0.017011
v 0.012295 0.024065 0.019511
v 0.013478 0.023299 0.022275
v 0.016605 0.010754 0.028590
v 0.016640 0.007620 0.028372
v 0.016307 0.005034 0.027112
v 0.015604 0.003013 0.025069
v 0.013082 0.023518 0.016580
v 0.013780 0.023319 0.018904
v 0.014754 0.022724 0.021146
v 0.017757 0.010756 0.027156
v 0.017907 0.008012 0.026816
v 0.017782 0.005595 0.025874
v 0.017014 0.003690 0.024019
v 0.014516 0.022578 0.016183
v 0.015151 0.022397 0.018298
v 0.016074 0.021771 0.020255
v 0.018548 0.010847 0.025693
v 0.018914 0.008348 0.025380
v 0.018794 0.006294 0.024473
v 0.018168 0.004542 0.022924
v 0.015825 0.021473 0.015827
v 0.016388 0.021312 0.017701
v 0.017257 0.020599 0.019547
v 0.019635 0.008774 0.023580
v 0.019508 0.007311 0.022604
v 0.019117 0.005190 0.018263
v 0.017367 0.019573 0.015421
v 0.017867 0.019356 0.017295
v 0.018298 0.019021 0.018660
v 0.019019 0.017570 0.018944
v 0.019614 0.015985 0.019148
v 0.019952 0.014152 0.020536
v 0.019908 0.012233 0.022491
v 0.018645 0.017547 0.015096
v 0.019267 0.017079 0.017025
v -0.008182 0.010117 0.023115
v 0.016460 0.014934 0.026742
v 0.014951 0.019066 0.026644
v 0.017663 0.014116 0.025786
v 0.018851 0.017114 0.022144
v 0.016497 0.020255 0.023351
v 0.016281 0.015244 0.025978
v 0.017126 0.014630 0.025176
v 0.014957 0.018075 0.025774
v 0.015406 0.016522 0.026306
v 0.017761 0.014626 0.024239
v 0.015318 0.019017 0.024576
v 0.018218 0.015413 0.023396
v 0.016234 0.018999 0.023522
v 0.018185 0.016760 0.022839
v 0.017375 0.018141 0.022869
v 0.016533 0.015331 0.026083
v 0.017375 0.014696 0.025330
v 0.015219 0.018280 0.025955
v 0.018021 0.014679 0.024335
v 0.018495 0.015475 0.023402
v 0.016452 0.019219 0.023580
v 0.018458 0.016922 0.022780
v 0.017605 0.018359 0.022857
v 0.018749 0.013599 0.024418
v 0.019480 0.015178 0.022432
v 0.018941 0.017393 0.021501
v 0.014468 0.016887 0.028290
v 0.016127 0.014576 0.027723
v 0.017788 0.019561 0.021676
v 0.016236 0.021308 0.022912
v 0.014868 0.021498 0.025097
v 0.014035 0.019907 0.027375
v 0.017796 0.013602 0.026344
v 0.015934 0.017075 0.025810
v 0.015390 0.018172 0.025490
v 0.016705 0.016047 0.025634
v 0.017311 0.015312 0.025074
v 0.017755 0.015163 0.024462
v 0.018081 0.015846 0.024011
v 0.017911 0.016949 0.023781
v 0.017214 0.018047 0.023819
v 0.016294 0.018799 0.024089
v 0.015553 0.018875 0.024710
v 0.015672 0.016617 0.026446
v 0.015648 0.019248 0.024728
v 0.017139 0.014885 0.025136
v 0.016734 0.014871 0.025617
v 0.016353 0.015508 0.025873
v 0.015536 0.016692 0.026156
v 0.015090 0.017321 0.026176
v 0.015080 0.018090 0.025675
v 0.015817 0.015805 0.026219
v 0.017730 0.014860 0.024324
v 0.017464 0.014539 0.024709
v 0.015035 0.018669 0.025221
v 0.015387 0.018963 0.024619
v 0.018158 0.015614 0.023625
v 0.018016 0.014916 0.023791
v 0.015730 0.019131 0.023988
v 0.016269 0.018930 0.023715
v 0.018084 0.016851 0.023177
v 0.018303 0.016048 0.023061
v 0.016798 0.018656 0.023143
v 0.017334 0.018115 0.023208
v 0.017850 0.017474 0.022769
v 0.016183 0.018593 0.024589
v 0.015703 0.018792 0.024788
v 0.016940 0.017862 0.024557
v 0.017621 0.016893 0.024497
v 0.017787 0.015398 0.024572
v 0.017593 0.015722 0.024880
v 0.017194 0.016582 0.025161
v 0.016489 0.017527 0.025265
v 0.015828 0.018344 0.025138
v 0.018485 0.014097 0.024366
v 0.019346 0.016278 0.021794
v 0.019169 0.015313 0.022925
v 0.015118 0.015579 0.028075
v 0.015336 0.016693 0.027211
v 0.017026 0.020577 0.022189
v 0.017764 0.018940 0.022290
v 0.014344 0.020923 0.026333
v 0.015547 0.020369 0.025022
v 0.014075 0.018463 0.028065
v 0.017070 0.013958 0.027141
v 0.018304 0.013463 0.025429
v 0.018417 0.018476 0.021439
v 0.015531 0.021649 0.023909
v 0.019224 0.014202 0.023375
v 0.019622 0.014730 0.021650
v 0.019096 0.012658 0.024378
v 0.018943 0.017586 0.020484
v 0.015488 0.013695 0.028578
v 0.013161 0.016623 0.029485
v 0.015410 0.022257 0.022085
v 0.017610 0.020179 0.020730
v 0.012206 0.020564 0.027954
v 0.013530 0.022499 0.024868
v 0.017596 0.012747 0.026695
v 0.015603 0.017638 0.025715
v 0.016321 0.016535 0.025784
v 0.017038 0.015632 0.025380
v 0.017529 0.015128 0.024772
v 0.017959 0.015423 0.024195
v 0.018070 0.016377 0.023871
v 0.017617 0.017517 0.023760
v 0.016755 0.018485 0.023934
v 0.015885 0.018942 0.024322
v 0.015363 0.018594 0.025146
v 0.016082 0.015885 0.026327
v 0.015359 0.018893 0.025399
v 0.015346 0.017467 0.026326
v 0.016975 0.014946 0.025757
v 0.017718 0.014602 0.024842
v 0.018287 0.014964 0.023845
v 0.018572 0.016156 0.023025
v 0.018114 0.017680 0.022713
v 0.016995 0.018880 0.023164
v 0.016009 0.019341 0.024095
v 0.016781 0.015139 0.025537
v 0.015223 0.017409 0.026020
v 0.015927 0.016035 0.026096
v 0.017451 0.014785 0.024729
v 0.015131 0.018631 0.025192
v 0.017977 0.015148 0.023951
v 0.015787 0.019064 0.024101
v 0.018211 0.016203 0.023357
v 0.016808 0.018604 0.023418
v 0.017778 0.017504 0.023117
v 0.015939 0.018812 0.024553
v 0.016541 0.018271 0.024583
v 0.017311 0.017390 0.024518
v 0.017821 0.016394 0.024482
v 0.017642 0.015419 0.024776
v 0.017443 0.016126 0.025033
v 0.016857 0.017053 0.025237
v 0.016127 0.017968 0.025228
v 0.015616 0.018593 0.025063
v 0.018898 0.014556 0.023621
v 0.019123 0.016200 0.022418
v 0.015855 0.015688 0.027031
v 0.017072 0.019705 0.022739
v 0.015188 0.019908 0.025929
v 0.014966 0.017888 0.027080
v 0.017121 0.014427 0.026363
v 0.018089 0.013992 0.025085
v 0.018379 0.018053 0.022077
v 0.015995 0.020491 0.024116
v 0.019506 0.013392 0.023015
v 0.019438 0.016204 0.020783
v 0.014205 0.015056 0.029352
v 0.016569 0.021344 0.021238
v 0.012721 0.021780 0.026462
v 0.012425 0.018884 0.029068
v 0.016665 0.013043 0.027644
v 0.018391 0.012624 0.025672
v 0.018336 0.018914 0.020449
v 0.014434 0.022655 0.023373
v 0.017903 0.015936 0.024465
v 0.017920 0.015606 0.024422
v 0.019196 0.016209 0.014966
v 0.019413 0.006271 0.015188
v 0.019981 0.009960 0.014892
v 0.020365 0.006454 0.014854
v 0.021900 0.006712 0.014399
v 0.025699 0.007421 0.013263
v 0.024682 0.006335 0.013600
v 0.021714 0.009016 0.014398
v 0.023130 0.006632 0.014046
v 0.023301 0.008741 0.013960
v 0.023724 0.006442 0.013877
v 0.020085 0.016134 0.014709
v 0.021603 0.015613 0.014278
v 0.022919 0.015225 0.013903
v 0.023569 0.015595 0.013704
v 0.024250 0.016397 0.013487
v 0.025405 0.017304 0.013128
v 0.026467 0.017309 0.012818
v 0.026890 0.015502 0.012737
v 0.027055 0.016839 0.012657
v 0.025933 0.014371 0.013043
v 0.024703 0.013150 0.013430
v 0.023811 0.012532 0.013705
v 0.022424 0.011907 0.014125
v 0.020252 0.009516 0.014813
v 0.020312 0.010621 0.014801
v 0.021071 0.006578 0.014645
v 0.025397 0.006633 0.013384
v 0.020901 0.009230 0.014629
v 0.022560 0.006603 0.014209
v 0.022547 0.008823 0.014181
v 0.024451 0.008646 0.013605
v 0.019588 0.016325 0.014796
v 0.020831 0.015898 0.014496
v 0.022300 0.015368 0.014080
v 0.023305 0.015341 0.013787
v 0.023856 0.015916 0.013613
v 0.027088 0.016174 0.012663
v 0.026494 0.014922 0.012866
v 0.025284 0.013734 0.013247
v 0.024260 0.012774 0.013569
v 0.023189 0.012272 0.013893
v 0.021227 0.011401 0.014486
v 0.025545 0.007994 0.013294
v 0.019473 0.007014 0.019530
v 0.020371 0.013660 0.019312
v 0.019640 0.015751 0.016387
v 0.020292 0.011163 0.022265
v 0.020600 0.010082 0.017113
v 0.020285 0.009760 0.017009
v 0.021342 0.013241 0.018750
v 0.020771 0.007559 0.021336
v 0.020572 0.006992 0.018751
v 0.022528 0.013410 0.018271
v 0.020851 0.008934 0.022593
v 0.020836 0.010965 0.022224
v 0.022734 0.010876 0.021302
v 0.022184 0.007199 0.017870
v 0.023102 0.010134 0.021034
v 0.022933 0.009340 0.020803
v 0.026042 0.007943 0.015340
v 0.025367 0.007809 0.017201
v 0.027024 0.013997 0.017721
v 0.027253 0.016432 0.014456
v 0.022717 0.010758 0.017165
v 0.022223 0.009370 0.017038
v 0.023680 0.012409 0.019623
v 0.023537 0.013934 0.017754
v 0.023839 0.010174 0.019058
v 0.024195 0.011363 0.017079
v 0.023894 0.010530 0.020328
v 0.024319 0.014780 0.017200
v 0.024831 0.015650 0.016557
v 0.025275 0.011339 0.018312
v 0.026644 0.013202 0.017047
v 0.025228 0.012092 0.016831
v 0.026157 0.013152 0.016304
v 0.025510 0.011733 0.019252
v 0.023538 0.007223 0.017043
v 0.023928 0.009165 0.019308
v 0.024114 0.006994 0.016574
v 0.025485 0.012577 0.019384
v 0.019651 0.006570 0.016820
v 0.020325 0.009699 0.017239
v 0.020617 0.009590 0.016949
v 0.020190 0.009982 0.015835
v 0.020828 0.013368 0.018963
v 0.020584 0.006722 0.016594
v 0.020064 0.014783 0.017966
v 0.021176 0.014497 0.017592
v 0.021929 0.013331 0.018530
v 0.020766 0.010028 0.022692
v 0.021816 0.011016 0.021832
v 0.021796 0.009019 0.022168
v 0.021400 0.007096 0.018308
v 0.021984 0.006979 0.015729
v 0.022385 0.014395 0.017233
v 0.023094 0.009627 0.021087
v 0.022935 0.008927 0.021376
v 0.025823 0.007162 0.015563
v 0.025943 0.007563 0.014283
v 0.026523 0.014736 0.017763
v 0.027280 0.015525 0.016432
v 0.022595 0.010141 0.018052
v 0.021610 0.010455 0.017142
v 0.021376 0.009503 0.016992
v 0.022480 0.009587 0.018449
v 0.021902 0.009081 0.015310
v 0.023111 0.013538 0.017983
v 0.023111 0.009874 0.019199
v 0.024012 0.010670 0.018025
v 0.023518 0.011054 0.017130
v 0.023830 0.010176 0.019858
v 0.022879 0.009600 0.020140
v 0.023276 0.010340 0.020632
v 0.022763 0.011573 0.016397
v 0.024292 0.012349 0.016263
v 0.024616 0.015259 0.016857
v 0.025997 0.012156 0.017846
v 0.026371 0.013146 0.016629
v 0.025759 0.012644 0.016577
v 0.025222 0.011639 0.017616
v 0.025401 0.011378 0.018883
v 0.026377 0.012664 0.018718
v 0.026908 0.013489 0.017444
v 0.024123 0.015380 0.016419
v 0.024771 0.016123 0.015959
v 0.025183 0.013029 0.016054
v 0.026202 0.013804 0.015634
v 0.026904 0.014307 0.015837
v 0.022911 0.007274 0.017463
v 0.023815 0.008713 0.019530
v 0.023252 0.009224 0.019978
v 0.023009 0.009289 0.016811
v 0.023841 0.009291 0.017809
v 0.023314 0.006938 0.015399
v 0.023485 0.008863 0.014938
v 0.024800 0.008902 0.018360
v 0.024636 0.008363 0.018504
v 0.024460 0.009122 0.017435
v 0.025628 0.008344 0.016884
v 0.024999 0.006906 0.016006
v 0.023426 0.014664 0.016828
v 0.024738 0.011692 0.016992
v 0.024729 0.010946 0.019869
v 0.023923 0.011333 0.020405
v 0.023960 0.014337 0.017497
v 0.024528 0.010525 0.018761
v 0.025637 0.015321 0.017250
v 0.024853 0.013625 0.018715
v 0.022472 0.011844 0.020494
v 0.020944 0.011624 0.021191
v 0.022427 0.007897 0.020123
v 0.023837 0.007838 0.019022
v 0.020623 0.015571 0.016119
v 0.021986 0.015131 0.015743
v 0.023246 0.015013 0.015394
v 0.023906 0.015520 0.015153
v 0.024590 0.016280 0.014811
v 0.025674 0.017024 0.014637
v 0.026692 0.016963 0.014558
v 0.027021 0.015105 0.014325
v 0.026180 0.014200 0.014439
v 0.025009 0.013196 0.014827
v 0.024069 0.012516 0.015075
v 0.022761 0.011889 0.015436
v 0.025867 0.008420 0.015303
v 0.022893 0.009465 0.020041
v 0.024016 0.009310 0.018737
v 0.020681 0.009767 0.017309
v 0.020435 0.009539 0.015653
v 0.020642 0.010712 0.016046
v 0.020512 0.014674 0.017775
v 0.021780 0.010124 0.022439
v 0.021626 0.007603 0.020768
v 0.021290 0.006820 0.016257
v 0.021789 0.014444 0.017425
v 0.022666 0.009944 0.021759
v 0.025677 0.006699 0.014392
v 0.026677 0.016108 0.016472
v 0.021681 0.009709 0.017666
v 0.021093 0.009270 0.015474
v 0.023307 0.010426 0.018123
v 0.023062 0.009919 0.020114
v 0.023617 0.011960 0.016307
v 0.025838 0.012325 0.017242
v 0.026222 0.012231 0.018377
v 0.024436 0.015771 0.016162
v 0.025702 0.013471 0.015837
v 0.026590 0.014017 0.015660
v 0.023162 0.007953 0.019536
v 0.023163 0.008889 0.020252
v 0.023145 0.009442 0.018166
v 0.022680 0.006988 0.015598
v 0.022691 0.008954 0.015149
v 0.023906 0.006755 0.015156
v 0.024668 0.008739 0.014578
v 0.024654 0.008946 0.016512
v 0.024905 0.006501 0.014699
v 0.022973 0.014396 0.016984
v 0.024755 0.012655 0.016189
v 0.024767 0.011793 0.019894
v 0.024624 0.011084 0.017865
v 0.025751 0.016352 0.016178
v 0.025307 0.014427 0.018089
v 0.022995 0.012010 0.020034
v 0.021812 0.011815 0.020879
v 0.020088 0.010005 0.022819
v 0.024439 0.007624 0.018118
v 0.020024 0.015766 0.016277
v 0.021235 0.015369 0.015952
v 0.022623 0.014981 0.015552
v 0.023640 0.015221 0.015278
v 0.024211 0.015878 0.014994
v 0.027249 0.015751 0.014405
v 0.026684 0.014607 0.014304
v 0.025564 0.013692 0.014652
v 0.024546 0.012815 0.014959
v 0.023477 0.012221 0.015224
v 0.021549 0.011401 0.015718
v 0.025782 0.008121 0.014306
v 0.023362 0.009420 0.019396
v 0.023179 0.011103 0.020806
v 0.024775 0.009067 0.017922
v 0.024610 0.010559 0.019475
v 0.026037 0.013563 0.018748
v 0.025547 0.008654 0.016655
v 0.027166 0.014824 0.016119
v 0.024866 0.007304 0.017163
v 0.020503 0.011509 0.021426
v 0.021459 0.011046 0.016469
v 0.023835 0.015011 0.016666
v 0.024323 0.012950 0.019220
v 0.022732 0.009510 0.019099
v 0.023769 0.009144 0.016672
v 0.024759 0.008888 0.015485
v 0.023653 0.008963 0.015744
v 0.022848 0.009122 0.015924
v 0.022050 0.009187 0.016105
v 0.021223 0.009336 0.016237
v 0.020529 0.009544 0.016360
v 0.020215 0.009895 0.016510
v 0.020542 0.010479 0.016636
v 0.018596 0.018096 0.017151
v 0.017978 0.018543 0.015267
v 0.019578 0.010878 0.023819
v 0.019192 0.005947 0.020446
v 0.018469 0.004542 0.015450
v 0.019965 0.009014 0.022528
v 0.019675 0.007880 0.021395
v 0.019629 0.016267 0.016698
v 0.019086 0.016743 0.014986
v 0.019108 0.005680 0.015239
v 0.020019 0.015217 0.018481
v 0.020366 0.013807 0.019759
v 0.020321 0.011597 0.022268
v 0.020063 0.010441 0.023134
v 0.019970 0.008963 0.022856
v 0.019789 0.007714 0.021842
v 0.019578 0.006588 0.019901
v 0.022755 0.008685 0.020940
v 0.021804 0.008101 0.021297
v 0.021998 0.008360 0.021588
v -0.007776 0.008673 0.023751
v 0.019566 0.006077 0.017827
v -0.006354 0.005948 0.024844
v -0.005373 0.004680 0.025271
v -0.004204 0.003616 0.025601
v -0.002891 0.002611 0.025794
v 0.017440 0.002732 0.020271
v -0.008352 0.011769 0.022750
v -0.008438 0.011647 0.022423
v -0.008508 0.011453 0.022126
v -0.008564 0.011197 0.021875
v -0.008594 0.010890 0.021681
v -0.008601 0.010547 0.021553
v -0.008584 0.010185 0.021497
v -0.008546 0.009820 0.021516
v -0.008485 0.009471 0.021608
v -0.008408 0.009152 0.021770
v -0.008311 0.008873 0.022012
v -0.008282 0.013426 0.022326
v -0.008454 0.013183 0.021674
v -0.008596 0.012798 0.021084
v -0.008702 0.012288 0.020584
v -0.008766 0.011678 0.020197
v -0.008786 0.010996 0.019941
v -0.008759 0.010275 0.019829
v -0.008685 0.009548 0.019866
v -0.008567 0.008852 0.020052
v -0.008414 0.008218 0.020375
v -0.008227 0.007666 0.020849
v -0.007969 0.007166 0.021656
v -0.007996 0.015050 0.021851
v -0.008251 0.014689 0.020885
v -0.008461 0.014118 0.020011
v -0.008618 0.013363 0.019270
v -0.008713 0.012459 0.018696
v -0.008743 0.011449 0.018317
v -0.008706 0.010380 0.018149
v -0.008602 0.009301 0.018201
v -0.008437 0.008265 0.018473
v -0.008211 0.007326 0.018955
v -0.007938 0.006510 0.019646
v -0.007507 0.016618 0.021334
v -0.007841 0.016146 0.020068
v -0.008117 0.015397 0.018922
v -0.008322 0.014407 0.017951
v -0.008447 0.013223 0.017199
v -0.008486 0.011899 0.016702
v -0.008437 0.010498 0.016482
v -0.008302 0.009084 0.016551
v -0.008087 0.007725 0.016904
v -0.007791 0.006495 0.017540
v -0.007436 0.005429 0.018442
v -0.006821 0.018108 0.020781
v -0.007229 0.017530 0.019234
v -0.007567 0.016615 0.017834
v -0.007818 0.015405 0.016647
v -0.007971 0.013958 0.015727
v -0.008018 0.012339 0.015120
v -0.007958 0.010626 0.014851
v -0.007793 0.008899 0.014935
v -0.007524 0.007242 0.015376
v -0.007148 0.005757 0.016179
v -0.006677 0.004484 0.017366
v -0.005949 0.019498 0.020202
v -0.006426 0.018824 0.018396
v -0.006820 0.017756 0.016762
v -0.007113 0.016343 0.015376
v -0.007291 0.014653 0.014303
v -0.007346 0.012764 0.013593
v -0.007276 0.010765 0.013280
v -0.007083 0.008748 0.013378
v -0.006768 0.006817 0.013898
v -0.006337 0.005079 0.014827
v -0.005792 0.003585 0.016173
v -0.004903 0.020768 0.019605
v -0.005441 0.020007 0.017567
v -0.005886 0.018801 0.015722
v -0.006217 0.017207 0.014157
v -0.006418 0.015300 0.012946
v -0.006480 0.013167 0.012145
v -0.006401 0.010910 0.011792
v -0.006184 0.008634 0.011902
v -0.005834 0.006449 0.012480
v -0.005360 0.004472 0.013508
v -0.004714 0.002782 0.014970
v -0.003699 0.021900 0.018999
v -0.004291 0.021063 0.016757
v -0.004779 0.019737 0.014729
v -0.005143 0.017984 0.013008
v -0.005364 0.015887 0.011677
v -0.005433 0.013543 0.010796
v -0.005346 0.011061 0.010407
v -0.005107 0.008558 0.010529
v -0.004727 0.006151 0.011155
v -0.004215 0.003972 0.012271
v -0.003551 0.002235 0.013705
v -0.002354 0.022876 0.018391
v -0.002991 0.021976 0.015979
v -0.003517 0.020549 0.013797
v -0.003908 0.018664 0.011946
v -0.004146 0.016407 0.010514
v -0.004220 0.013884 0.009566
v -0.004126 0.011214 0.009148
v -0.003869 0.008522 0.009279
v -0.003460 0.005932 0.009952
v -0.002901 0.003624 0.011156
v -0.002225 0.001960 0.012484
v -0.000888 0.023683 0.017792
v -0.001560 0.022732 0.015245
v -0.002115 0.021226 0.012940
v -0.002528 0.019235 0.010986
v -0.002780 0.016852 0.009473
v -0.002858 0.014188 0.008473
v -0.002759 0.011369 0.008031
v -0.002487 0.008525 0.008169
v -0.002056 0.005791 0.008880
v -0.001446 0.003410 0.010146
v -0.000725 0.001857 0.011327
v 0.000678 0.024309 0.017209
v -0.000019 0.023322 0.014564
v -0.000596 0.021758 0.012171
v -0.001025 0.019690 0.010142
v -0.001286 0.017215 0.008571
v -0.001367 0.014450 0.007532
v -0.001264 0.011522 0.007074
v -0.000983 0.008569 0.007217
v -0.000535 0.005729 0.007955
v 0.000204 0.003298 0.009226
v 0.001056 0.001821 0.010338
v 0.003170 0.024864 0.016390
v 0.002454 0.023851 0.013676
v 0.001862 0.022246 0.011220
v 0.001422 0.020124 0.009138
v 0.001153 0.017585 0.007526
v 0.001070 0.014746 0.006460
v 0.001176 0.011742 0.005989
v 0.001465 0.008712 0.006136
v 0.001925 0.005798 0.006894
v 0.002562 0.003317 0.008264
v 0.003290 0.001901 0.009534
v 0.005742 0.025023 0.015646
v 0.005029 0.024013 0.012942
v 0.004439 0.022414 0.010495
v 0.004775 0.020376 0.008264
v 0.004416 0.018116 0.006895
v 0.004514 0.015646 0.005992
v 0.003756 0.011949 0.005283
v 0.004044 0.008930 0.005429
v 0.004502 0.006026 0.006184
v 0.005122 0.003570 0.007587
v 0.005793 0.002054 0.009093
v 0.007470 0.024861 0.015211
v 0.006773 0.023874 0.012566
v 0.006575 0.022112 0.009674
v 0.005857 0.013468 0.005321
v 0.009176 0.024501 0.014831
v 0.008609 0.023179 0.011233
v 0.006815 0.010264 0.004818
v 0.007199 0.006597 0.005476
v 0.007729 0.004073 0.007207
v 0.008406 0.002411 0.009085
v 0.010835 0.023948 0.014511
v 0.010356 0.023048 0.011581
v 0.009606 0.010080 0.004826
v 0.009739 0.007135 0.005286
v 0.010241 0.004616 0.006828
v 0.011161 0.002610 0.009199
v 0.012423 0.023210 0.014256
v 0.012046 0.022507 0.011870
v 0.011462 0.010141 0.005133
v 0.011631 0.007587 0.005683
v 0.012172 0.005130 0.007023
v 0.013202 0.003230 0.009367
v 0.013917 0.022298 0.014069
v 0.013650 0.021577 0.011952
v 0.012973 0.010306 0.005958
v 0.013248 0.008045 0.006605
v 0.013782 0.005838 0.007678
v 0.014934 0.004128 0.009729
v 0.015294 0.021224 0.013953
v 0.015043 0.020422 0.011962
v 0.014902 0.008473 0.007950
v 0.015358 0.007058 0.008896
v 0.017572 0.004703 0.012569
v 0.016784 0.019269 0.013585
v 0.016437 0.018866 0.012231
v 0.016871 0.017347 0.011682
v 0.017336 0.015592 0.011244
v 0.016942 0.013580 0.009983
v 0.015816 0.011340 0.008344
v 0.018136 0.016928 0.013122
v 0.010555 0.014461 0.006523
v 0.009302 0.018612 0.007293
v 0.012087 0.013677 0.006731
v 0.015026 0.016818 0.009079
v 0.012361 0.019923 0.009183
v 0.010815 0.014805 0.007273
v 0.011965 0.014214 0.007535
v 0.009788 0.017660 0.008065
v 0.009898 0.016079 0.007436
v 0.013015 0.014240 0.007992
v 0.010724 0.018648 0.008839
v 0.013849 0.015063 0.008428
v 0.012063 0.018664 0.009235
v 0.014105 0.016431 0.008859
v 0.013387 0.017821 0.009208
v 0.010974 0.014883 0.007037
v 0.012093 0.014275 0.007257
v 0.009908 0.017853 0.007762
v 0.013182 0.014290 0.007761
v 0.014077 0.015120 0.008268
v 0.012213 0.018879 0.009058
v 0.014376 0.016598 0.008741
v 0.013585 0.018036 0.009085
v 0.013730 0.013192 0.007347
v 0.015372 0.014790 0.008599
v 0.015459 0.017120 0.009531
v 0.008035 0.016370 0.006249
v 0.009729 0.014069 0.005829
v 0.014366 0.019288 0.009923
v 0.012364 0.020997 0.009647
v 0.010034 0.021110 0.008535
v 0.008126 0.019433 0.007133
v 0.011893 0.013140 0.006147
v 0.010605 0.016647 0.007553
v 0.010304 0.017764 0.008067
v 0.011359 0.015617 0.007320
v 0.012178 0.014898 0.007487
v 0.012886 0.014771 0.007781
v 0.013397 0.015470 0.007966
v 0.013363 0.016584 0.008203
v 0.012742 0.017688 0.008498
v 0.011811 0.018439 0.008733
v 0.010851 0.018497 0.008606
v 0.010046 0.016165 0.007171
v 0.010917 0.018869 0.008524
v 0.012000 0.014473 0.007545
v 0.011394 0.014445 0.007357
v 0.010935 0.015070 0.007310
v 0.010087 0.016254 0.007488
v 0.009693 0.016888 0.007688
v 0.009944 0.017677 0.008081
v 0.010294 0.015360 0.007298
v 0.012942 0.014475 0.007922
v 0.012508 0.014143 0.007751
v 0.010143 0.018276 0.008463
v 0.010760 0.018591 0.008768
v 0.013673 0.015254 0.008259
v 0.013471 0.014549 0.008224
v 0.011386 0.018783 0.009108
v 0.011990 0.018586 0.009057
v 0.013836 0.016510 0.008623
v 0.014093 0.015710 0.008637
v 0.012747 0.018331 0.009265
v 0.013171 0.017781 0.008945
v 0.013850 0.017153 0.009065
v 0.011452 0.018213 0.008381
v 0.010938 0.018409 0.008463
v 0.012116 0.017475 0.008033
v 0.012735 0.016501 0.007759
v 0.012852 0.015001 0.007664
v 0.012518 0.015314 0.007496
v 0.012022 0.016167 0.007442
v 0.011359 0.017116 0.007693
v 0.010860 0.017945 0.008120
v 0.013559 0.013695 0.007507
v 0.015623 0.015943 0.009148
v 0.014880 0.014979 0.008333
v 0.008696 0.015060 0.006081
v 0.009349 0.016212 0.006700
v 0.013428 0.020288 0.009863
v 0.014017 0.018638 0.009450
v 0.008934 0.020489 0.007801
v 0.010661 0.019977 0.008281
v 0.007807 0.017960 0.006593
v 0.010839 0.013470 0.005818
v 0.012818 0.013032 0.006707
v 0.015060 0.018194 0.009818
v 0.011229 0.021303 0.009172
v 0.014763 0.013834 0.007911
v 0.015988 0.014286 0.009142
v 0.014027 0.012286 0.007096
v 0.015989 0.017330 0.010378
v 0.008775 0.013257 0.005425
v 0.006293 0.016071 0.005956
v 0.012100 0.021991 0.010746
v 0.014715 0.019950 0.010791
v 0.006264 0.020087 0.007601
v 0.009016 0.022137 0.009404
v 0.011575 0.012180 0.005631
v 0.010370 0.017218 0.007786
v 0.010951 0.016103 0.007387
v 0.011780 0.015208 0.007366
v 0.012527 0.014725 0.007636
v 0.013200 0.015041 0.007893
v 0.013456 0.016007 0.008066
v 0.013120 0.017156 0.008354
v 0.012288 0.018126 0.008629
v 0.011340 0.018577 0.008751
v 0.010461 0.018201 0.008353
v 0.010462 0.015432 0.007061
v 0.010317 0.018488 0.008129
v 0.009826 0.017024 0.007417
v 0.011526 0.014513 0.007094
v 0.012650 0.014197 0.007491
v 0.013669 0.014594 0.008026
v 0.014343 0.015818 0.008505
v 0.014100 0.017358 0.008962
v 0.012899 0.018551 0.009131
v 0.011561 0.018984 0.008858
v 0.011477 0.014711 0.007384
v 0.009888 0.016980 0.007743
v 0.010453 0.015594 0.007343
v 0.012485 0.014383 0.007729
v 0.010240 0.018239 0.008437
v 0.013350 0.014777 0.008099
v 0.011374 0.018710 0.008985
v 0.013854 0.015853 0.008431
v 0.012608 0.018266 0.009031
v 0.013602 0.017168 0.008810
v 0.011263 0.018436 0.008533
v 0.011761 0.017887 0.008208
v 0.012456 0.017000 0.007886
v 0.012918 0.016001 0.007685
v 0.012619 0.015014 0.007566
v 0.012306 0.015714 0.007434
v 0.011691 0.016639 0.007539
v 0.011069 0.017562 0.007900
v 0.010718 0.018199 0.008287
v 0.014321 0.014195 0.007901
v 0.015111 0.015883 0.008742
v 0.009885 0.015204 0.006575
v 0.013182 0.019393 0.009412
v 0.009876 0.019482 0.007731
v 0.009095 0.017417 0.006968
v 0.011322 0.013967 0.006507
v 0.012830 0.013574 0.007110
v 0.014674 0.017739 0.009327
v 0.011523 0.020132 0.008798
v 0.015175 0.012909 0.008068
v 0.016264 0.015816 0.009950
v 0.007219 0.014496 0.005465
v 0.013544 0.021101 0.010876
v 0.007485 0.021360 0.008528
v 0.005871 0.018358 0.006617
v 0.010235 0.012463 0.005361
v 0.012787 0.012139 0.006346
v 0.015465 0.018723 0.010649
v 0.010580 0.022345 0.010170
v 0.013002 0.015542 0.007675
v 0.013043 0.015214 0.007715
v 0.017142 0.006785 0.011346
v 0.017972 0.013150 0.010821
v 0.018816 0.015618 0.013536
v 0.016233 0.010770 0.008435
v 0.019525 0.009999 0.012605
v 0.019388 0.009724 0.012860
v 0.019106 0.012808 0.010866
v 0.017194 0.007280 0.009144
v 0.018437 0.006821 0.011437
v 0.020314 0.013125 0.010590
v 0.016516 0.008629 0.008033
v 0.016741 0.010635 0.008196
v 0.018845 0.010553 0.007966
v 0.020268 0.007046 0.011303
v 0.019307 0.009823 0.008025
v 0.019295 0.009048 0.008338
v 0.024850 0.007790 0.011334
v 0.023303 0.007643 0.010129
v 0.024342 0.013782 0.008533
v 0.026260 0.016353 0.011054
v 0.021146 0.010539 0.011443
v 0.020699 0.009242 0.011847
v 0.020520 0.012155 0.008798
v 0.021385 0.013761 0.010383
v 0.020984 0.009940 0.009283
v 0.022371 0.011168 0.010703
v 0.020345 0.010244 0.008171
v 0.022332 0.014620 0.010393
v 0.023097 0.015511 0.010621
v 0.022584 0.011123 0.009091
v 0.024394 0.013022 0.009339
v 0.023330 0.011940 0.010330
v 0.024384 0.013009 0.010228
v 0.022271 0.011473 0.008155
v 0.021853 0.007088 0.011271
v 0.020905 0.008832 0.009085
v 0.022594 0.006872 0.011366
v 0.022168 0.012311 0.008021
v 0.018705 0.006494 0.013577
v 0.019315 0.009658 0.012669
v 0.019601 0.009540 0.012756
v 0.019766 0.009954 0.013954
v 0.018567 0.012841 0.010950
v 0.019610 0.006644 0.013259
v 0.018383 0.014354 0.012039
v 0.019538 0.014160 0.011820
v 0.019695 0.012972 0.010722
v 0.016391 0.009696 0.007904
v 0.017781 0.010686 0.008004
v 0.017591 0.008683 0.007827
v 0.019372 0.006933 0.011361
v 0.021253 0.006920 0.013224
v 0.020732 0.014154 0.011489
v 0.019275 0.009323 0.008001
v 0.018993 0.008611 0.007873
v 0.024576 0.007062 0.011291
v 0.025360 0.007530 0.012268
v 0.023888 0.014525 0.008735
v 0.025231 0.015361 0.009414
v 0.020422 0.009994 0.010780
v 0.020052 0.010328 0.012012
v 0.020134 0.009431 0.012335
v 0.020204 0.009315 0.010568
v 0.021376 0.009055 0.013537
v 0.020935 0.013316 0.010479
v 0.020293 0.009641 0.009570
v 0.021691 0.010439 0.010041
v 0.021861 0.010762 0.011070
v 0.020548 0.009913 0.008616
v 0.019602 0.009337 0.008915
v 0.019666 0.010055 0.008255
v 0.021570 0.011606 0.011941
v 0.022845 0.012242 0.011294
v 0.022760 0.015110 0.010501
v 0.023433 0.011950 0.009059
v 0.024390 0.012987 0.009841
v 0.023908 0.012496 0.010235
v 0.022909 0.011453 0.009692
v 0.022381 0.011136 0.008540
v 0.023277 0.012415 0.008099
v 0.024400 0.013287 0.008850
v 0.022579 0.015256 0.011129
v 0.023363 0.016010 0.011137
v 0.023699 0.012910 0.010969
v 0.024774 0.013689 0.010741
v 0.025250 0.014175 0.010170
v 0.021098 0.007128 0.011252
v 0.020730 0.008465 0.008963
v 0.020007 0.008956 0.008868
v 0.021458 0.009167 0.011624
v 0.021689 0.009203 0.010418
v 0.022552 0.006877 0.012788
v 0.022883 0.008746 0.013050
v 0.022174 0.008654 0.009423
v 0.021978 0.008150 0.009401
v 0.022412 0.009065 0.010403
v 0.023689 0.008145 0.010265
v 0.023646 0.006798 0.011372
v 0.021781 0.014532 0.011190
v 0.022840 0.011524 0.010473
v 0.021290 0.010670 0.008090
v 0.020318 0.011044 0.008055
v 0.021875 0.014170 0.010355
v 0.021722 0.010299 0.009149
v 0.023409 0.015143 0.009619
v 0.021982 0.013395 0.008880
v 0.019062 0.011553 0.008752
v 0.017423 0.011213 0.009038
v 0.019252 0.007642 0.009246
v 0.021034 0.007613 0.009417
v 0.019795 0.015475 0.013253
v 0.021161 0.015006 0.012892
v 0.022395 0.014945 0.012481
v 0.023075 0.015454 0.012306
v 0.023826 0.016219 0.012193
v 0.024824 0.016955 0.011725
v 0.025726 0.016885 0.011247
v 0.026152 0.015035 0.011346
v 0.025393 0.014137 0.011742
v 0.024209 0.013132 0.012088
v 0.023292 0.012454 0.012414
v 0.022007 0.011831 0.012835
v 0.024722 0.008253 0.011436
v 0.019669 0.009206 0.008996
v 0.021298 0.009003 0.009516
v 0.019524 0.009699 0.012428
v 0.019986 0.009492 0.013997
v 0.020084 0.010690 0.013516
v 0.018872 0.014277 0.011984
v 0.017436 0.009762 0.007552
v 0.018234 0.007330 0.009146
v 0.020385 0.006748 0.013159
v 0.020137 0.014169 0.011645
v 0.018557 0.009593 0.007666
v 0.025088 0.006652 0.012376
v 0.024695 0.015948 0.009680
v 0.020013 0.009562 0.011627
v 0.020614 0.009231 0.013811
v 0.021003 0.010275 0.010328
v 0.019767 0.009654 0.008824
v 0.022273 0.011926 0.011597
v 0.023621 0.012148 0.009646
v 0.023335 0.012000 0.008488
v 0.022976 0.015654 0.011161
v 0.024247 0.013355 0.010853
v 0.025085 0.013897 0.010501
v 0.020186 0.007714 0.009342
v 0.019790 0.008618 0.008698
v 0.020898 0.009211 0.010477
v 0.021909 0.006926 0.012959
v 0.022147 0.008943 0.013280
v 0.023184 0.006697 0.012682
v 0.024088 0.008653 0.012675
v 0.023055 0.008819 0.011093
v 0.024275 0.006450 0.012541
v 0.021343 0.014203 0.011361
v 0.023270 0.012536 0.011101
v 0.021299 0.011515 0.008012
v 0.022273 0.010881 0.009824
v 0.024068 0.016217 0.010415
v 0.022691 0.014217 0.009128
v 0.019742 0.011764 0.008839
v 0.018318 0.011424 0.008826
v 0.015720 0.009673 0.008200
v 0.022029 0.007430 0.009864
v 0.019200 0.015630 0.013374
v 0.020408 0.015281 0.013088
v 0.021798 0.014871 0.012712
v 0.022787 0.015152 0.012356
v 0.023413 0.015814 0.012260
v 0.026293 0.015674 0.011128
v 0.025885 0.014543 0.011567
v 0.024765 0.013628 0.011915
v 0.023753 0.012751 0.012242
v 0.022717 0.012161 0.012620
v 0.020847 0.011377 0.013254
v 0.025199 0.008080 0.012312
v 0.020389 0.009074 0.009297
v 0.019486 0.010802 0.008133
v 0.022404 0.008878 0.009815
v 0.021407 0.010302 0.008503
v 0.022963 0.013316 0.008218
v 0.023736 0.008438 0.010488
v 0.025313 0.014675 0.009770
v 0.022907 0.007147 0.010452
v 0.016928 0.011069 0.009092
v 0.020377 0.011181 0.012540
v 0.022208 0.014881 0.011092
v 0.021272 0.012705 0.008768
v 0.020026 0.009253 0.009862
v 0.022243 0.009129 0.011411
v 0.023643 0.008692 0.011891
v 0.022627 0.008925 0.012275
v 0.021840 0.009037 0.012514
v 0.021061 0.009139 0.012755
v 0.020367 0.009302 0.013064
v 0.019831 0.009524 0.013296
v 0.019556 0.009862 0.013311
v 0.019774 0.010429 0.013003
v 0.017486 0.018020 0.013341
v 0.014808 0.010483 0.007599
v 0.016557 0.005346 0.010455
v 0.015747 0.008742 0.008590
v 0.016209 0.007626 0.009716
v 0.018630 0.016136 0.013243
v 0.018068 0.014745 0.011581
v 0.017803 0.013250 0.010487
v 0.016277 0.011123 0.008354
v 0.015541 0.010123 0.007891
v 0.015607 0.008670 0.008285
v 0.016041 0.007453 0.009290
v 0.017079 0.006260 0.010928
v 0.019079 0.008389 0.008348
v 0.018093 0.007803 0.008584
v 0.018102 0.008039 0.008227
v -0.008175 0.008633 0.022407
v 0.018143 0.005887 0.012790
v -0.007547 0.005754 0.020865
v -0.006924 0.004465 0.020014
v -0.006103 0.003382 0.019077
v -0.005053 0.002309 0.018115
v 0.014299 0.002112 0.012529
v 0.015985 0.003204 0.012521
v 0.015156 0.017678 0.026703
v 0.015504 0.016655 0.026828
v 0.015970 0.015787 0.026679
v 0.016500 0.015136 0.026408
v 0.015085 0.018673 0.026300
v 0.017054 0.014690 0.026055
v 0.015273 0.019401 0.025664
v 0.017518 0.014410 0.025554
v 0.015598 0.019809 0.024875
v 0.017904 0.014300 0.024963
v 0.016002 0.019916 0.024106
v 0.018252 0.014386 0.024350
v 0.016475 0.019737 0.023466
v 0.018590 0.014766 0.023745
v 0.017034 0.019293 0.022952
v 0.018853 0.015393 0.023187
v 0.017685 0.018648 0.022574
v 0.018862 0.016164 0.022762
v 0.018250 0.017857 0.022405
v 0.018658 0.017006 0.022488
v 0.010765 0.014672 0.006780
v 0.010173 0.015318 0.006818
v 0.009697 0.016188 0.006935
v 0.009461 0.017220 0.007193
v 0.011424 0.014240 0.006800
v 0.009605 0.018233 0.007528
v 0.012090 0.013976 0.006994
v 0.010097 0.018985 0.007930
v 0.012740 0.013886 0.007301
v 0.010789 0.019423 0.008403
v 0.013370 0.013991 0.007635
v 0.011542 0.019558 0.008828
v 0.013982 0.014398 0.007958
v 0.012287 0.019401 0.009121
v 0.014455 0.015064 0.008272
v 0.013041 0.018972 0.009272
v 0.014695 0.015843 0.008588
v 0.013801 0.018337 0.009268
v 0.014684 0.016690 0.008888
v 0.014387 0.017548 0.009145
v -0.003976 -0.005926 0.005068
v -0.003944 -0.007228 0.003645
v -0.004070 -0.007597 0.002789
v -0.002915 -0.025379 0.007002
v -0.002926 -0.024905 0.005535
v -0.003021 -0.024046 0.004279
v -0.003237 -0.022870 0.003322
v -0.003590 -0.021545 0.002616
v -0.003502 -0.020118 0.001754
v -0.003436 -0.019328 0.001253
v -0.003336 -0.018175 0.000798
v -0.003292 -0.016906 0.000469
v -0.003396 -0.015606 0.000296
v -0.003563 -0.014282 0.000266
v -0.003722 -0.012966 0.000346
v -0.003836 -0.011709 0.000555
v -0.003890 -0.010561 0.000881
v -0.003922 -0.009505 0.001361
v -0.004021 -0.008484 0.002011
v -0.003705 -0.004640 0.006628
v -0.003080 -0.003664 0.007874
v -0.002392 -0.002779 0.009197
v 0.014195 0.000169 0.016897
v 0.014613 -0.000442 0.016808
v 0.015350 -0.000968 0.016679
v 0.016500 -0.001630 0.016415
v 0.017850 -0.002585 0.016177
v -0.007783 0.007027 0.022270
v -0.008083 0.008577 0.022718
v -0.004590 0.001605 0.020055
v -0.007274 0.005524 0.021783
v -0.006559 0.004138 0.021193
v -0.005662 0.002884 0.020545
v -0.024250 -0.019358 0.022834
v -0.007349 0.007071 0.023655
v -0.007873 0.008591 0.023410
v -0.003529 0.001856 0.023839
v -0.006647 0.005586 0.023839
v -0.005754 0.004193 0.023953
v -0.004697 0.002929 0.023967
v 0.016786 0.002590 0.016097
v 0.015363 0.001468 0.016566
v -0.008236 -0.025321 0.026790
v -0.006244 -0.025324 0.027414
v -0.009683 -0.025319 0.025621
v -0.010805 -0.025317 0.024057
v -0.011863 -0.025316 0.021672
v 0.006356 -0.025328 0.026330
v 0.008845 -0.025330 0.024727
v 0.000259 -0.025326 0.027819
v 0.003086 -0.025327 0.027376
v -0.003541 -0.025326 0.027842
v 0.010213 -0.025329 0.022716
v -0.002183 -0.025326 0.028016
v 0.010927 -0.025320 0.020486
v -0.011926 -0.025317 0.017319
v 0.010913 -0.025322 0.017465
v -0.006599 -0.025324 0.010301
v -0.008586 -0.025321 0.010899
v -0.010530 -0.025317 0.011776
v -0.011586 -0.025316 0.013452
v -0.011568 -0.025318 0.015508
v 0.008975 -0.025326 0.012983
v 0.006436 -0.025322 0.011265
v 0.003139 -0.025318 0.009725
v 0.000132 -0.025317 0.009127
v -0.003734 -0.025322 0.009524
v 0.010329 -0.025327 0.015105
v -0.002439 -0.025322 0.009496
v -0.000280 -0.025314 0.018966
v 0.015083 0.001601 0.023172
v -0.016676 0.000660 0.019239
v -0.014917 -0.025343 0.019571
v -0.012725 -0.025317 0.019493
v -0.020576 0.002450 0.019088
v -0.018524 0.001913 0.019151
v -0.019349 -0.023874 0.019567
v -0.017224 -0.024814 0.019579
v -0.021433 -0.022666 0.019526
v -0.023172 -0.021110 0.019547
v -0.024652 -0.019381 0.019561
v -0.025758 -0.017405 0.019585
v -0.026761 -0.014597 0.019597
v -0.027280 -0.011511 0.019566
v -0.027207 -0.009193 0.019566
v -0.026856 -0.006714 0.019573
v -0.026296 -0.003782 0.019522
v -0.024750 -0.000090 0.019245
v -0.022713 0.001823 0.019104
v -0.015267 -0.001134 0.019577
v -0.014048 -0.002169 0.019667
v -0.012681 -0.002723 0.019620
v -0.010937 -0.002983 0.019579
v -0.008988 -0.002844 0.019594
v -0.004234 -0.001930 0.019853
v -0.002556 -0.001293 0.019981
v -0.002285 -0.000828 0.019902
v -0.002544 -0.000244 0.020111
v -0.003199 0.000521 0.020586
v -0.004286 0.001503 0.021150
v -0.005362 0.002707 0.021555
v -0.006300 0.004013 0.021959
v -0.007081 0.005445 0.022311
v -0.007662 0.006983 0.022602
v -0.008036 0.008566 0.022867
v -0.013251 -0.008637 0.034619
v -0.011084 -0.007619 0.034266
v -0.007210 -0.019614 0.036124
v 0.000497 -0.020191 0.036175
v -0.003411 -0.020130 0.036203
v 0.009635 -0.016627 0.036066
v 0.011307 -0.012302 0.035777
v 0.008940 -0.008142 0.035135
v -0.011183 -0.007831 0.003635
v -0.013541 -0.008842 0.003365
v -0.007180 -0.019384 0.001838
v 0.009316 -0.016453 0.001866
v 0.010770 -0.012260 0.002100
v 0.008645 -0.008371 0.002764
v -0.013752 -0.008358 0.034292
v -0.011387 -0.007376 0.033974
v -0.007929 -0.007047 0.033827
v -0.003910 -0.006639 0.033816
v -0.011225 -0.018575 0.035738
v -0.013647 -0.016642 0.035597
v -0.014985 -0.014385 0.035307
v -0.015420 -0.012140 0.035010
v -0.007676 -0.020054 0.035767
v -0.015027 -0.010043 0.034672
v 0.008794 -0.018689 0.035556
v 0.005438 -0.020128 0.035560
v 0.000977 -0.020778 0.035736
v -0.003402 -0.020734 0.035809
v 0.011006 -0.016859 0.035577
v 0.012310 -0.014729 0.035502
v 0.012732 -0.012412 0.035310
v 0.012096 -0.010073 0.034978
v 0.010426 -0.008043 0.034584
v 0.000088 -0.005993 0.033774
v 0.004301 -0.005833 0.033837
v 0.007806 -0.006598 0.034182
v -0.003924 -0.006832 0.004155
v -0.008103 -0.007076 0.004165
v -0.011600 -0.007563 0.003969
v -0.014072 -0.008624 0.003651
v -0.015557 -0.012414 0.002945
v -0.015078 -0.014443 0.002701
v -0.013608 -0.016515 0.002462
v -0.011155 -0.018370 0.002323
v -0.007745 -0.019903 0.002249
v -0.015256 -0.010411 0.003262
v -0.003532 -0.020696 0.002143
v 0.000807 -0.020783 0.002175
v 0.005296 -0.020081 0.002389
v 0.008651 -0.018592 0.002456
v 0.010818 -0.016729 0.002485
v 0.012058 -0.014638 0.002567
v 0.012429 -0.012428 0.002759
v 0.011830 -0.010259 0.003048
v 0.010281 -0.008351 0.003401
v 0.007815 -0.006975 0.003791
v 0.004382 -0.006239 0.004136
v 0.000064 -0.006292 0.004184
f 90 244 7
f 7 244 91
f 244 90 92
f 92 90 6
f 93 245 6
f 6 245 92
f 245 93 300
f 300 93 219
f 96 94 8
f 8 94 9
f 94 96 10
f 10 96 95
f 246 90 97
f 97 90 7
f 90 246 6
f 6 246 98
f 246 99 98
f 98 99 12
f 99 246 11
f 11 246 97
f 247 93 98
f 98 93 6
f 93 247 219
f 219 247 301
f 247 100 301
f 301 100 220
f 100 247 12
f 12 247 98
f 248 94 13
f 13 94 10
f 94 248 9
f 9 248 101
f 103 102 14
f 14 102 15
f 102 103 9
f 9 103 8
f 249 99 104
f 104 99 11
f 99 249 12
f 12 249 105
f 249 106 105
f 105 106 17
f 106 249 16
f 16 249 104
f 108 102 101
f 101 102 9
f 102 108 15
f 15 108 107
f 109 110 15
f 15 110 14
f 110 109 19
f 19 109 18
f 112 109 107
f 107 109 15
f 109 112 18
f 18 112 111
f 21 113 20
f 20 113 114
f 114 113 18
f 18 113 19
f 116 114 111
f 111 114 18
f 116 115 114
f 114 115 20
f 23 117 22
f 22 117 118
f 117 21 118
f 118 21 20
f 115 120 20
f 20 120 118
f 120 119 118
f 118 119 22
f 24 250 25
f 25 250 121
f 250 23 121
f 121 23 22
f 119 123 22
f 22 123 121
f 123 122 121
f 121 122 25
f 27 340 124
f 124 340 341
f 124 341 29
f 29 341 342
f 341 125 342
f 342 125 28
f 125 341 26
f 26 341 340
f 251 308 126
f 126 308 30
f 308 251 228
f 228 251 127
f 251 124 127
f 127 124 29
f 124 251 27
f 27 251 126
f 127 128 228
f 228 128 46
f 127 29 128
f 128 29 31
f 129 252 32
f 32 252 309
f 309 252 229
f 229 252 130
f 252 131 130
f 130 131 34
f 252 129 131
f 131 129 33
f 132 253 35
f 35 253 310
f 253 129 310
f 310 129 32
f 129 253 33
f 33 253 133
f 253 132 133
f 133 132 36
f 134 254 36
f 36 254 133
f 254 135 133
f 133 135 33
f 135 254 37
f 37 254 157
f 254 134 157
f 157 134 39
f 136 255 40
f 40 255 137
f 137 255 38
f 38 255 138
f 255 134 138
f 138 134 36
f 255 136 134
f 134 136 39
f 256 100 105
f 105 100 12
f 100 256 220
f 220 256 311
f 256 139 311
f 311 139 1979
f 139 256 17
f 17 256 105
f 205 286 60
f 60 286 140
f 286 204 140
f 140 204 58
f 106 257 17
f 17 257 141
f 257 136 141
f 141 136 40
f 136 257 39
f 39 257 142
f 257 106 142
f 142 106 16
f 139 258 1979
f 1979 258 143
f 258 155 143
f 143 155 230
f 155 258 40
f 40 258 141
f 258 139 141
f 141 139 17
f 285 203 144
f 144 203 61
f 204 285 58
f 58 285 144
f 57 2066 145
f 145 2066 2067
f 312 259 30
f 30 259 126
f 259 146 126
f 126 146 27
f 146 259 41
f 41 259 147
f 259 312 147
f 147 312 42
f 44 148 43
f 43 148 149
f 148 24 149
f 149 24 25
f 150 260 26
f 26 260 125
f 260 151 125
f 125 151 28
f 151 260 44
f 44 260 148
f 260 150 148
f 148 150 24
f 122 153 25
f 25 153 149
f 153 152 149
f 149 152 43
f 232 31 342
f 342 31 29
f 342 28 232
f 232 28 45
f 154 261 34
f 34 261 130
f 261 313 130
f 130 313 229
f 313 261 42
f 42 261 147
f 261 154 147
f 147 154 41
f 155 262 230
f 230 262 314
f 262 156 314
f 314 156 231
f 156 262 38
f 38 262 137
f 262 155 137
f 137 155 40
f 263 182 154
f 154 182 41
f 182 263 37
f 37 263 135
f 263 131 135
f 135 131 33
f 131 263 34
f 34 263 154
f 138 264 38
f 38 264 156
f 156 264 231
f 231 264 315
f 264 132 315
f 315 132 35
f 132 264 36
f 36 264 138
f 152 242 43
f 43 242 158
f 242 243 158
f 158 243 84
f 265 161 160
f 160 161 45
f 161 265 82
f 82 265 240
f 265 239 240
f 240 239 83
f 239 265 44
f 44 265 160
f 83 239 84
f 84 239 158
f 158 239 43
f 43 239 44
f 161 266 45
f 45 266 232
f 266 233 232
f 232 233 31
f 233 266 81
f 81 266 238
f 266 161 238
f 238 161 82
f 164 165 95
f 95 165 10
f 166 267 47
f 47 267 167
f 267 164 167
f 167 164 95
f 289 208 91
f 91 208 7
f 165 168 10
f 10 168 13
f 268 169 167
f 167 169 47
f 169 268 48
f 48 268 170
f 268 96 170
f 170 96 8
f 96 268 95
f 95 268 167
f 208 288 7
f 7 288 97
f 288 207 97
f 97 207 11
f 171 269 64
f 64 269 172
f 269 173 172
f 172 173 59
f 269 174 173
f 173 174 65
f 174 269 63
f 63 269 171
f 173 270 59
f 59 270 175
f 175 270 62
f 62 270 176
f 176 270 66
f 66 270 177
f 270 173 177
f 177 173 65
f 271 178 176
f 176 178 62
f 178 271 67
f 67 271 179
f 179 271 68
f 68 271 180
f 271 176 180
f 180 176 66
f 272 150 181
f 181 150 26
f 150 272 24
f 24 272 250
f 272 49 250
f 250 49 23
f 151 160 28
f 28 160 45
f 160 151 44
f 49 273 23
f 23 273 117
f 273 50 117
f 117 50 21
f 50 274 21
f 21 274 113
f 113 274 19
f 19 274 51
f 275 110 51
f 51 110 19
f 110 275 14
f 14 275 52
f 276 53 170
f 170 53 48
f 276 103 52
f 52 103 14
f 103 276 8
f 8 276 170
f 207 287 11
f 11 287 104
f 287 54 104
f 104 54 16
f 54 277 16
f 16 277 142
f 277 55 142
f 142 55 39
f 278 56 157
f 157 56 37
f 55 278 39
f 39 278 157
f 183 182 56
f 56 182 37
f 182 183 41
f 41 183 57
f 284 184 203
f 203 184 61
f 202 69 284
f 284 69 184
f 145 146 57
f 57 146 41
f 322 340 145
f 340 27 145
f 145 27 146
f 2070 2071 277
f 277 2071 55
f 291 209 279
f 279 209 185
f 211 291 186
f 186 291 279
f 2069 2070 54
f 54 2070 277
f 2072 2074 278
f 278 2074 56
f 290 210 280
f 280 210 187
f 209 290 185
f 185 290 280
f 2071 2072 55
f 55 2072 278
f 276 2076 53
f 53 2076 2077
f 213 2054 295
f 295 2054 281
f 295 281 215
f 215 281 188
f 2076 276 2075
f 2075 276 52
f 2073 2069 287
f 287 2069 54
f 293 211 2053
f 2053 211 186
f 275 2079 52
f 52 2079 2075
f 215 188 294
f 294 188 2056
f 294 2056 214
f 214 2056 189
f 2079 275 2080
f 2080 275 51
f 274 2081 51
f 51 2081 2080
f 214 189 296
f 296 189 2057
f 216 296 190
f 190 296 2057
f 2082 2081 50
f 50 2081 274
f 2085 2086 272
f 272 2086 49
f 298 217 282
f 282 217 191
f 218 298 192
f 192 298 282
f 2084 2085 181
f 181 2085 272
f 2083 2082 273
f 273 2082 50
f 297 216 2058
f 2058 216 190
f 217 297 191
f 191 297 2058
f 2086 2083 49
f 49 2083 273
f 183 2065 57
f 57 2065 2066
f 212 2052 292
f 292 2052 2051
f 292 2051 210
f 210 2051 187
f 2065 183 2074
f 2074 183 56
f 299 283 212
f 212 283 2052
f 324 323 299
f 299 323 283
f 71 193 58
f 58 193 140
f 60 140 72
f 72 140 193
f 70 194 61
f 61 194 144
f 58 144 71
f 71 144 194
f 195 171 74
f 74 171 64
f 171 195 63
f 63 195 75
f 72 206 60
f 60 206 205
f 63 75 174
f 174 75 196
f 174 196 65
f 65 196 76
f 65 76 177
f 177 76 197
f 66 177 77
f 77 177 197
f 78 198 68
f 68 198 179
f 67 179 79
f 79 179 198
f 77 199 66
f 66 199 180
f 68 180 78
f 78 180 199
f 200 184 73
f 73 184 69
f 70 61 200
f 200 61 184
f 73 69 201
f 201 69 202
f 201 202 339
f 339 202 338
f 338 67 339
f 339 67 79
f 284 337 202
f 202 337 338
f 178 337 62
f 62 337 336
f 335 336 285
f 285 336 203
f 335 334 175
f 175 334 59
f 333 334 286
f 286 334 204
f 333 332 172
f 172 332 64
f 332 205 331
f 331 205 206
f 332 331 64
f 64 331 74
f 330 293 2055
f 2055 293 2053
f 2078 329 2077
f 2077 329 53
f 329 328 53
f 53 328 48
f 327 328 288
f 288 328 207
f 169 327 47
f 47 327 326
f 325 326 289
f 289 326 208
f 290 209 194
f 194 209 71
f 210 290 70
f 70 290 194
f 211 293 72
f 72 293 206
f 209 291 71
f 71 291 193
f 291 211 193
f 193 211 72
f 200 292 70
f 70 292 210
f 292 200 212
f 212 200 73
f 293 330 206
f 206 330 331
f 2054 213 2055
f 2055 213 330
f 196 294 76
f 76 294 214
f 294 196 215
f 215 196 75
f 295 195 213
f 213 195 74
f 195 295 75
f 75 295 215
f 296 197 214
f 214 197 76
f 296 216 197
f 197 216 77
f 216 297 77
f 77 297 199
f 297 217 199
f 199 217 78
f 324 218 323
f 323 218 192
f 218 324 79
f 79 324 339
f 217 298 78
f 78 298 198
f 298 218 198
f 198 218 79
f 201 299 73
f 73 299 212
f 248 302 101
f 101 302 221
f 302 248 222
f 222 248 13
f 108 303 107
f 107 303 223
f 303 108 221
f 221 108 101
f 112 304 111
f 111 304 224
f 304 112 223
f 223 112 107
f 305 225 116
f 116 225 115
f 224 305 111
f 111 305 116
f 306 226 120
f 120 226 119
f 225 306 115
f 115 306 120
f 307 227 123
f 123 227 122
f 226 307 119
f 119 307 123
f 347 346 153
f 153 346 152
f 153 122 347
f 347 122 227
f 345 344 242
f 242 344 243
f 242 152 345
f 345 152 346
f 168 316 13
f 13 316 222
f 317 128 233
f 233 128 31
f 128 317 46
f 46 317 163
f 317 236 163
f 163 236 80
f 317 233 236
f 236 233 81
f 235 318 81
f 81 318 236
f 318 234 236
f 236 234 80
f 234 318 4
f 4 318 88
f 318 235 88
f 88 235 3
f 237 319 82
f 82 319 238
f 319 235 238
f 238 235 81
f 235 319 3
f 3 319 87
f 319 237 87
f 87 237 2
f 320 237 240
f 240 237 82
f 237 320 2
f 2 320 86
f 86 320 1
f 1 320 162
f 320 240 162
f 162 240 83
f 1 162 5
f 5 162 241
f 162 83 241
f 241 83 84
f 243 159 84
f 84 159 241
f 241 159 5
f 5 159 85
f 344 343 243
f 243 343 159
f 343 89 159
f 159 89 85
f 145 2067 322
f 322 2067 2068
f 322 181 340
f 340 181 26
f 2068 2084 322
f 322 2084 181
f 326 325 47
f 47 325 166
f 326 327 208
f 208 327 288
f 48 328 169
f 169 328 327
f 328 329 207
f 207 329 287
f 287 329 2073
f 2073 329 2078
f 331 330 74
f 74 330 213
f 332 333 205
f 205 333 286
f 334 333 59
f 59 333 172
f 334 335 204
f 204 335 285
f 62 336 175
f 175 336 335
f 203 336 284
f 284 336 337
f 67 338 178
f 178 338 337
f 339 324 201
f 201 324 299
f 300 219 2018
f 2018 219 2023
f 219 301 2023
f 2023 301 2022
f 301 220 2022
f 2022 220 2024
f 302 675 221
f 221 675 593
f 222 594 302
f 302 594 675
f 303 676 223
f 223 676 595
f 303 221 676
f 676 221 593
f 304 677 224
f 224 677 596
f 223 595 304
f 304 595 677
f 305 678 225
f 225 678 597
f 224 596 305
f 305 596 678
f 306 679 226
f 226 679 598
f 225 597 306
f 306 597 679
f 227 307 599
f 599 307 680
f 226 598 307
f 307 598 680
f 2038 681 2037
f 2037 681 600
f 2039 601 2038
f 2038 601 681
f 2040 609 2039
f 2039 609 601
f 32 309 2034
f 2034 309 2020
f 682 2020 603
f 603 2020 2021
f 35 310 2032
f 2032 310 2033
f 310 32 2033
f 2033 32 2034
f 220 311 2024
f 2024 311 2025
f 605 2026 685
f 685 2026 2027
f 2036 686 2035
f 2035 686 606
f 2037 600 2036
f 2036 600 686
f 347 1972 346
f 346 1972 1971
f 227 599 347
f 347 599 1972
f 2017 687 2021
f 2021 687 603
f 2035 606 2017
f 2017 606 687
f 230 314 2028
f 2028 314 2029
f 314 231 2029
f 2029 231 2030
f 231 315 2030
f 2030 315 2031
f 315 35 2031
f 2031 35 2032
f 345 1970 344
f 344 1970 1969
f 346 1971 345
f 345 1971 1970
f 2041 690 2040
f 2040 690 609
f 2042 613 2041
f 2041 613 690
f 316 691 222
f 222 691 594
f 2043 693 2042
f 2042 693 613
f 2044 435 2043
f 2043 435 693
f 89 343 436
f 436 343 1968
f 343 344 1968
f 1968 344 1969
f 437 354 623
f 623 354 438
f 353 437 439
f 439 437 623
f 440 353 624
f 624 353 439
f 355 440 441
f 441 440 624
f 357 442 356
f 356 442 444
f 442 358 444
f 444 358 443
f 354 437 445
f 445 437 625
f 437 353 625
f 625 353 446
f 360 447 446
f 446 447 625
f 447 359 625
f 625 359 445
f 353 440 446
f 446 440 626
f 440 355 626
f 626 355 448
f 361 449 448
f 448 449 626
f 449 360 626
f 626 360 446
f 358 442 362
f 362 442 627
f 442 357 627
f 627 357 450
f 364 451 363
f 363 451 452
f 451 357 452
f 452 357 356
f 359 447 453
f 453 447 628
f 447 360 628
f 628 360 454
f 366 455 454
f 454 455 628
f 455 365 628
f 628 365 453
f 357 451 450
f 450 451 457
f 451 364 457
f 457 364 456
f 458 364 459
f 459 364 363
f 367 458 368
f 368 458 459
f 364 458 456
f 456 458 461
f 458 367 461
f 461 367 460
f 370 369 462
f 462 369 463
f 463 367 462
f 462 367 368
f 367 463 460
f 460 463 465
f 369 464 463
f 463 464 465
f 372 371 466
f 466 371 467
f 369 370 467
f 467 370 466
f 464 369 469
f 469 369 467
f 371 468 467
f 467 468 469
f 373 374 629
f 629 374 470
f 371 372 470
f 470 372 629
f 468 371 472
f 472 371 470
f 374 471 470
f 470 471 472
f 376 473 1965
f 1965 473 1966
f 473 378 1966
f 1966 378 1967
f 377 474 1967
f 1967 474 1966
f 474 375 1966
f 1966 375 1965
f 379 476 475
f 475 476 630
f 476 380 630
f 630 380 477
f 378 473 477
f 477 473 630
f 473 376 630
f 630 376 475
f 477 380 478
f 478 380 400
f 477 478 378
f 378 478 381
f 479 382 631
f 631 382 480
f 480 383 631
f 631 383 481
f 385 482 481
f 481 482 631
f 384 479 482
f 482 479 631
f 483 386 632
f 632 386 484
f 382 479 484
f 484 479 632
f 479 384 632
f 632 384 485
f 387 483 485
f 485 483 632
f 486 387 633
f 633 387 485
f 384 487 485
f 485 487 633
f 487 388 633
f 633 388 512
f 391 486 512
f 512 486 633
f 488 392 634
f 634 392 489
f 489 389 634
f 634 389 490
f 387 486 490
f 490 486 634
f 391 488 486
f 486 488 634
f 360 449 454
f 454 449 635
f 449 361 635
f 635 361 491
f 390 492 491
f 491 492 635
f 492 366 635
f 635 366 454
f 576 406 660
f 660 406 493
f 404 575 493
f 493 575 660
f 455 366 636
f 636 366 494
f 392 488 494
f 494 488 636
f 488 391 636
f 636 391 495
f 365 455 495
f 495 455 636
f 492 390 637
f 637 390 496
f 393 509 496
f 496 509 637
f 509 392 637
f 637 392 494
f 366 492 494
f 494 492 637
f 407 574 497
f 497 574 659
f 575 404 659
f 659 404 497
f 2088 2089 652
f 652 2089 553
f 498 379 638
f 638 379 475
f 376 499 475
f 475 499 638
f 499 395 638
f 638 395 500
f 396 498 500
f 500 498 638
f 398 397 501
f 501 397 502
f 374 373 502
f 502 373 501
f 503 375 639
f 639 375 474
f 377 504 474
f 474 504 639
f 504 398 639
f 639 398 501
f 373 503 501
f 501 503 639
f 471 374 506
f 506 374 502
f 397 505 502
f 502 505 506
f 610 1967 381
f 381 1967 378
f 399 377 610
f 610 377 1967
f 507 385 640
f 640 385 481
f 383 508 481
f 481 508 640
f 508 396 640
f 640 396 500
f 395 507 500
f 500 507 640
f 509 393 641
f 641 393 510
f 401 511 510
f 510 511 641
f 511 389 641
f 641 389 489
f 392 509 489
f 489 509 641
f 507 395 642
f 642 395 539
f 388 487 539
f 539 487 642
f 384 482 487
f 487 482 642
f 482 385 642
f 642 385 507
f 389 511 490
f 490 511 643
f 511 401 643
f 643 401 513
f 386 483 513
f 513 483 643
f 483 387 643
f 643 387 490
f 505 397 621
f 621 397 514
f 430 622 514
f 514 622 621
f 399 517 516
f 516 517 644
f 517 428 644
f 644 428 619
f 619 429 644
f 644 429 618
f 618 398 644
f 644 398 516
f 429 430 618
f 618 430 514
f 397 398 514
f 514 398 618
f 517 399 645
f 645 399 610
f 381 611 610
f 610 611 645
f 611 427 645
f 645 427 617
f 428 517 617
f 617 517 645
f 358 521 443
f 443 521 520
f 522 402 646
f 646 402 523
f 443 520 523
f 523 520 646
f 354 580 438
f 438 580 662
f 521 358 524
f 524 358 362
f 402 525 523
f 523 525 647
f 525 403 647
f 647 403 526
f 356 444 526
f 526 444 647
f 444 443 647
f 647 443 523
f 580 354 661
f 661 354 445
f 359 579 445
f 445 579 661
f 527 410 648
f 648 410 528
f 405 529 528
f 528 529 648
f 411 530 529
f 529 530 648
f 530 409 648
f 648 409 527
f 529 405 649
f 649 405 531
f 408 532 531
f 531 532 649
f 532 412 649
f 649 412 533
f 533 411 649
f 649 411 529
f 532 408 650
f 650 408 534
f 534 413 650
f 650 413 535
f 535 414 650
f 650 414 536
f 412 532 536
f 536 532 650
f 375 503 394
f 394 503 538
f 503 373 538
f 538 373 629
f 372 537 629
f 629 537 538
f 377 399 504
f 504 399 516
f 516 398 504
f 537 372 541
f 541 372 466
f 370 540 466
f 466 540 541
f 540 370 543
f 543 370 462
f 462 368 543
f 543 368 542
f 368 459 542
f 542 459 545
f 459 363 545
f 545 363 544
f 403 546 526
f 526 546 547
f 363 452 544
f 544 452 547
f 452 356 547
f 547 356 526
f 579 359 578
f 578 359 453
f 365 548 453
f 453 548 578
f 548 365 550
f 550 365 495
f 391 549 495
f 495 549 550
f 388 551 512
f 512 551 552
f 549 391 552
f 552 391 512
f 388 539 551
f 551 539 651
f 539 395 651
f 651 395 553
f 407 554 574
f 574 554 658
f 573 658 415
f 415 658 554
f 395 499 553
f 553 499 652
f 1946 652 1965
f 652 499 1965
f 499 376 1965
f 549 2092 550
f 550 2092 2093
f 664 653 581
f 581 653 555
f 583 556 664
f 664 556 653
f 2094 548 2093
f 2093 548 550
f 551 2096 552
f 552 2096 2091
f 663 654 582
f 582 654 557
f 581 555 663
f 663 555 654
f 2092 549 2091
f 2091 549 552
f 547 546 2099
f 2099 546 2098
f 585 668 558
f 558 668 655
f 668 587 655
f 655 587 559
f 544 547 2100
f 2100 547 2099
f 548 2094 578
f 578 2094 2095
f 666 2061 583
f 583 2061 556
f 545 544 2101
f 2101 544 2100
f 587 667 559
f 559 667 2062
f 667 586 2062
f 2062 586 560
f 542 545 2102
f 2102 545 2101
f 543 542 2103
f 2103 542 2102
f 586 669 560
f 560 669 2063
f 588 561 669
f 669 561 2063
f 2104 540 2103
f 2103 540 543
f 537 2106 538
f 538 2106 2107
f 671 656 589
f 589 656 562
f 590 563 671
f 671 563 656
f 2108 394 2107
f 2107 394 538
f 540 2104 541
f 541 2104 2105
f 670 2064 588
f 588 2064 561
f 589 562 670
f 670 562 2064
f 2106 537 2105
f 2105 537 541
f 651 553 2090
f 2090 553 2089
f 584 665 2059
f 2059 665 2060
f 665 582 2060
f 2060 582 557
f 551 651 2096
f 2096 651 2090
f 672 584 657
f 657 584 2059
f 1948 672 1947
f 1947 672 657
f 417 404 564
f 564 404 493
f 564 493 418
f 418 493 406
f 416 407 565
f 565 407 497
f 565 497 417
f 417 497 404
f 566 420 527
f 527 420 410
f 527 409 566
f 566 409 421
f 418 406 577
f 577 406 576
f 567 421 530
f 530 421 409
f 530 411 567
f 567 411 422
f 568 422 533
f 533 422 411
f 568 533 423
f 423 533 412
f 424 414 569
f 569 414 535
f 569 535 425
f 425 535 413
f 423 412 570
f 570 412 536
f 570 536 424
f 424 536 414
f 571 419 554
f 554 419 415
f 554 407 571
f 571 407 416
f 419 572 415
f 415 572 573
f 572 1964 573
f 573 1964 1963
f 425 413 1964
f 1964 413 1963
f 658 573 1962
f 1962 573 1963
f 408 1961 534
f 534 1961 1962
f 574 1961 659
f 659 1961 1960
f 405 1959 531
f 531 1959 1960
f 575 1959 660
f 660 1959 1958
f 410 1957 528
f 528 1957 1958
f 577 576 1956
f 1956 576 1957
f 420 1956 410
f 410 1956 1957
f 2061 666 1954
f 1954 666 1955
f 546 1953 2098
f 2098 1953 2097
f 403 1952 546
f 546 1952 1953
f 579 1952 661
f 661 1952 1951
f 525 402 1951
f 1951 402 1950
f 580 1950 662
f 662 1950 1949
f 417 581 565
f 565 581 663
f 582 416 663
f 663 416 565
f 583 418 666
f 666 418 577
f 581 417 664
f 664 417 564
f 418 583 564
f 564 583 664
f 571 416 665
f 665 416 582
f 419 571 584
f 584 571 665
f 666 577 1955
f 1955 577 1956
f 1955 585 1954
f 1954 585 558
f 567 422 667
f 667 422 586
f 421 567 587
f 587 567 667
f 420 566 585
f 585 566 668
f 566 421 668
f 668 421 587
f 422 568 586
f 586 568 669
f 423 588 568
f 568 588 669
f 588 423 670
f 670 423 570
f 424 589 570
f 570 589 670
f 1948 1947 590
f 590 1947 563
f 590 425 1948
f 1948 425 1964
f 589 424 671
f 671 424 569
f 425 590 569
f 569 590 671
f 572 419 672
f 672 419 584
f 591 355 673
f 673 355 441
f 355 591 448
f 448 591 674
f 592 361 674
f 674 361 448
f 627 450 675
f 675 450 593
f 362 627 594
f 594 627 675
f 457 456 676
f 676 456 595
f 450 457 593
f 593 457 676
f 460 596 461
f 461 596 677
f 456 461 595
f 595 461 677
f 464 597 465
f 465 597 678
f 596 460 678
f 678 460 465
f 468 598 469
f 469 598 679
f 597 464 679
f 679 464 469
f 471 599 472
f 472 599 680
f 598 468 680
f 680 468 472
f 476 379 681
f 681 379 600
f 380 476 601
f 601 476 681
f 380 601 400
f 400 601 609
f 382 602 480
f 480 602 682
f 603 383 682
f 682 383 480
f 386 604 484
f 484 604 683
f 602 382 683
f 683 382 484
f 361 592 491
f 491 592 684
f 605 390 684
f 684 390 491
f 390 605 496
f 496 605 685
f 607 393 685
f 685 393 496
f 396 606 498
f 498 606 686
f 600 379 686
f 686 379 498
f 505 1971 506
f 506 1971 1972
f 506 1972 471
f 471 1972 599
f 508 383 687
f 687 383 603
f 396 508 606
f 606 508 687
f 393 607 510
f 510 607 688
f 608 401 688
f 688 401 510
f 401 608 513
f 513 608 689
f 604 386 689
f 689 386 513
f 622 1969 621
f 621 1969 1970
f 621 1970 505
f 505 1970 1971
f 400 609 519
f 519 609 690
f 613 426 690
f 690 426 519
f 524 362 691
f 691 362 594
f 381 478 611
f 611 478 692
f 478 400 692
f 692 400 519
f 426 615 519
f 519 615 692
f 615 427 692
f 692 427 611
f 426 613 612
f 612 613 693
f 351 612 435
f 435 612 693
f 427 615 614
f 614 615 694
f 615 426 694
f 694 426 612
f 351 434 612
f 612 434 694
f 350 614 434
f 434 614 694
f 616 428 695
f 695 428 617
f 617 427 695
f 695 427 614
f 350 433 614
f 614 433 695
f 433 349 695
f 695 349 616
f 619 428 696
f 696 428 616
f 349 432 616
f 616 432 696
f 432 348 696
f 696 348 518
f 429 619 518
f 518 619 696
f 348 352 518
f 518 352 620
f 430 429 620
f 620 429 518
f 622 430 515
f 515 430 620
f 352 431 620
f 620 431 515
f 1969 622 1968
f 1968 622 515
f 431 436 515
f 515 436 1968
f 698 711 697
f 697 711 710
f 699 712 698
f 698 712 711
f 700 713 699
f 699 713 712
f 701 714 700
f 700 714 713
f 702 715 701
f 701 715 714
f 703 716 702
f 702 716 715
f 704 717 703
f 703 717 716
f 705 718 704
f 704 718 717
f 705 706 718
f 718 706 719
f 706 707 719
f 719 707 720
f 708 721 707
f 707 721 720
f 1332 722 708
f 708 722 721
f 709 723 1981
f 1981 723 1980
f 711 725 710
f 710 725 724
f 712 726 711
f 711 726 725
f 713 727 712
f 712 727 726
f 714 728 713
f 713 728 727
f 715 729 714
f 714 729 728
f 716 730 715
f 715 730 729
f 717 731 716
f 716 731 730
f 718 732 717
f 717 732 731
f 718 719 732
f 732 719 733
f 719 720 733
f 733 720 734
f 721 735 720
f 720 735 734
f 1334 722 1983
f 1983 722 1980
f 725 738 724
f 724 738 737
f 726 739 725
f 725 739 738
f 727 740 726
f 726 740 739
f 728 741 727
f 727 741 740
f 729 742 728
f 728 742 741
f 730 743 729
f 729 743 742
f 731 744 730
f 730 744 743
f 732 745 731
f 731 745 744
f 732 733 745
f 745 733 746
f 734 747 733
f 733 747 746
f 735 748 734
f 734 748 747
f 1335 1334 1984
f 1984 1334 1983
f 737 738 750
f 750 738 751
f 739 752 738
f 738 752 751
f 740 753 739
f 739 753 752
f 741 754 740
f 740 754 753
f 742 755 741
f 741 755 754
f 743 756 742
f 742 756 755
f 744 757 743
f 743 757 756
f 745 758 744
f 744 758 757
f 745 746 758
f 758 746 759
f 747 760 746
f 746 760 759
f 748 761 747
f 747 761 760
f 1336 1335 1985
f 1985 1335 1984
f 750 751 763
f 763 751 764
f 752 765 751
f 751 765 764
f 753 766 752
f 752 766 765
f 754 767 753
f 753 767 766
f 755 768 754
f 754 768 767
f 756 769 755
f 755 769 768
f 757 770 756
f 756 770 769
f 758 771 757
f 757 771 770
f 758 759 771
f 771 759 772
f 760 773 759
f 759 773 772
f 761 774 760
f 760 774 773
f 1337 1336 1982
f 1982 1336 1985
f 763 764 776
f 776 764 777
f 765 778 764
f 764 778 777
f 766 779 765
f 765 779 778
f 767 780 766
f 766 780 779
f 768 781 767
f 767 781 780
f 769 782 768
f 768 782 781
f 770 783 769
f 769 783 782
f 771 784 770
f 770 784 783
f 771 772 784
f 784 772 785
f 772 773 785
f 785 773 786
f 774 787 773
f 773 787 786
f 3 1337 88
f 88 1337 1982
f 776 777 788
f 788 777 789
f 778 790 777
f 777 790 789
f 779 791 778
f 778 791 790
f 780 792 779
f 779 792 791
f 781 793 780
f 780 793 792
f 782 794 781
f 781 794 793
f 783 795 782
f 782 795 794
f 784 796 783
f 783 796 795
f 784 785 796
f 796 785 797
f 785 786 797
f 797 786 798
f 787 799 786
f 786 799 798
f 788 789 800
f 800 789 801
f 790 802 789
f 789 802 801
f 791 803 790
f 790 803 802
f 792 804 791
f 791 804 803
f 793 805 792
f 792 805 804
f 794 806 793
f 793 806 805
f 795 807 794
f 794 807 806
f 796 808 795
f 795 808 807
f 796 797 808
f 808 797 809
f 797 798 809
f 809 798 810
f 799 811 798
f 798 811 810
f 800 801 812
f 812 801 813
f 802 814 801
f 801 814 813
f 803 815 802
f 802 815 814
f 804 816 803
f 803 816 815
f 805 817 804
f 804 817 816
f 806 818 805
f 805 818 817
f 807 819 806
f 806 819 818
f 808 820 807
f 807 820 819
f 808 809 820
f 820 809 821
f 809 810 821
f 821 810 822
f 811 823 810
f 810 823 822
f 812 813 824
f 824 813 825
f 814 826 813
f 813 826 825
f 815 827 814
f 814 827 826
f 816 828 815
f 815 828 827
f 817 829 816
f 816 829 828
f 818 830 817
f 817 830 829
f 819 831 818
f 818 831 830
f 819 820 831
f 831 820 832
f 820 821 832
f 832 821 833
f 821 822 833
f 833 822 834
f 822 823 834
f 834 823 835
f 824 825 847
f 847 825 836
f 826 837 825
f 825 837 836
f 827 838 826
f 826 838 837
f 828 839 827
f 827 839 838
f 829 840 828
f 828 840 839
f 830 841 829
f 829 841 840
f 831 842 830
f 830 842 841
f 831 832 842
f 842 832 843
f 832 833 843
f 843 833 844
f 834 845 833
f 833 845 844
f 834 835 845
f 845 835 846
f 847 836 848
f 848 836 849
f 836 837 849
f 849 837 850
f 837 838 850
f 850 838 851
f 838 839 851
f 851 839 852
f 840 853 839
f 839 853 852
f 841 854 840
f 840 854 853
f 842 855 841
f 841 855 854
f 842 843 855
f 855 843 856
f 844 857 843
f 843 857 856
f 845 858 844
f 844 858 857
f 846 859 845
f 845 859 858
f 848 849 860
f 860 849 861
f 849 850 861
f 861 850 862
f 850 851 862
f 862 851 863
f 854 855 864
f 856 865 855
f 855 865 864
f 857 866 856
f 856 866 865
f 858 867 857
f 857 867 866
f 859 868 858
f 858 868 867
f 860 861 869
f 869 861 870
f 861 862 870
f 870 862 871
f 869 870 872
f 872 870 873
f 871 874 870
f 870 874 873
f 876 875 866
f 866 875 865
f 867 877 866
f 866 877 876
f 868 878 867
f 867 878 877
f 872 873 879
f 879 873 880
f 874 881 873
f 873 881 880
f 882 875 883
f 883 875 876
f 876 877 883
f 883 877 884
f 878 885 877
f 877 885 884
f 879 880 886
f 886 880 887
f 880 881 887
f 887 881 888
f 890 889 883
f 883 889 882
f 883 884 890
f 890 884 891
f 885 892 884
f 884 892 891
f 886 887 893
f 893 887 894
f 887 888 894
f 894 888 895
f 889 890 1314
f 1314 890 896
f 890 891 896
f 896 891 897
f 891 892 897
f 897 892 1315
f 892 1338 1315
f 1315 1338 898
f 1986 1338 1987
f 1987 1338 321
f 893 894 899
f 899 894 900
f 894 895 900
f 900 895 901
f 1313 1312 906
f 906 1312 907
f 698 697 908
f 699 698 908
f 700 699 908
f 701 700 908
f 702 701 908
f 703 702 908
f 704 703 908
f 705 704 908
f 706 705 908
f 707 706 908
f 708 707 908
f 708 908 1332
f 709 1981 908
f 942 981 1008
f 1008 981 1045
f 1008 1029 942
f 942 1029 957
f 943 959 1008
f 1008 959 1029
f 1008 1045 943
f 943 1045 982
f 944 980 1009
f 1009 980 1044
f 1009 1030 944
f 944 1030 956
f 942 957 1009
f 1009 957 1030
f 1009 1044 942
f 942 1044 981
f 945 979 1010
f 1010 979 1043
f 1010 1028 945
f 945 1028 954
f 944 956 1010
f 1010 956 1028
f 1010 1043 944
f 944 1043 980
f 978 1042 946
f 946 1042 1011
f 1011 1031 946
f 946 1031 961
f 945 954 1011
f 1011 954 1031
f 1011 1042 945
f 945 1042 979
f 1033 965 1012
f 1012 965 947
f 961 1033 946
f 946 1033 1012
f 1012 947 1068
f 1068 947 1067
f 977 1041 948
f 948 1041 1013
f 1035 969 1013
f 1013 969 948
f 965 1035 947
f 947 1035 1013
f 1041 1067 1013
f 1013 1067 947
f 976 1040 949
f 949 1040 1014
f 1037 972 1014
f 1014 972 949
f 969 1037 948
f 948 1037 1014
f 1040 977 1014
f 1014 977 948
f 974 1039 950
f 950 1039 1015
f 1036 968 1015
f 1015 968 950
f 972 1036 949
f 949 1036 1015
f 1039 976 1015
f 1015 976 949
f 975 1038 951
f 951 1038 1016
f 1034 964 1016
f 1016 964 951
f 968 1034 950
f 950 1034 1016
f 1038 974 1016
f 1016 974 950
f 943 982 1017
f 1017 982 1046
f 1017 1032 943
f 943 1032 959
f 951 964 1017
f 1017 964 1032
f 1017 1046 951
f 951 1046 975
f 1039 974 1045
f 1045 974 982
f 987 1049 1907
f 1907 1049 1908
f 924 1018 1909
f 1909 1018 1908
f 991 1051 1914
f 1914 1051 1912
f 926 1019 1910
f 1910 1019 1912
f 910 1052 1910
f 1910 1052 1906
f 952 1020 1907
f 1907 1020 1906
f 1053 1911 909
f 909 1911 1909
f 925 1021 1913
f 1913 1021 1911
f 911 1054 1913
f 1913 1054 1915
f 1022 1915 927
f 927 1915 1917
f 1023 1919 928
f 928 1919 1921
f 1047 1919 983
f 983 1919 1917
f 1048 1923 985
f 985 1923 1921
f 1024 1923 930
f 930 1923 1925
f 1055 1924 912
f 912 1924 1925
f 1025 1924 931
f 931 1924 1922
f 1050 1920 989
f 989 1920 1922
f 1026 1920 929
f 929 1920 1918
f 1056 1916 913
f 913 1916 1918
f 1027 1916 953
f 953 1916 1914
f 1028 955 954
f 954 955 915
f 955 1028 914
f 914 1028 956
f 1029 958 957
f 957 958 917
f 958 1029 916
f 916 1029 959
f 1030 960 956
f 956 960 914
f 960 1030 917
f 917 1030 957
f 1031 962 961
f 961 962 918
f 962 1031 915
f 915 1031 954
f 1032 963 959
f 959 963 916
f 963 1032 919
f 919 1032 964
f 965 1033 920
f 920 1033 966
f 1033 961 966
f 966 961 918
f 964 1034 919
f 919 1034 967
f 1034 968 967
f 967 968 921
f 969 1035 922
f 922 1035 970
f 1035 965 970
f 970 965 920
f 968 1036 921
f 921 1036 971
f 1036 972 971
f 971 972 923
f 972 1037 923
f 923 1037 973
f 1037 969 973
f 973 969 922
f 955 1021 915
f 915 1021 925
f 1021 955 924
f 924 955 914
f 958 1020 917
f 917 1020 952
f 926 1020 916
f 916 1020 958
f 924 914 1018
f 1018 914 960
f 917 952 960
f 960 952 1018
f 962 1022 918
f 918 1022 927
f 915 925 962
f 962 925 1022
f 916 963 926
f 926 963 1019
f 953 1019 919
f 919 1019 963
f 966 1023 920
f 920 1023 928
f 918 927 966
f 966 927 1023
f 919 967 953
f 953 967 1027
f 929 1027 921
f 921 1027 967
f 970 1024 922
f 922 1024 930
f 920 928 970
f 970 928 1024
f 921 971 929
f 929 971 1026
f 931 1026 923
f 923 1026 971
f 931 923 1025
f 1025 923 973
f 922 930 973
f 973 930 1025
f 1047 997 985
f 985 997 933
f 1047 983 997
f 997 983 932
f 1048 984 912
f 912 984 934
f 984 1048 933
f 933 1048 985
f 909 1049 936
f 936 1049 986
f 1049 987 986
f 986 987 935
f 1050 988 913
f 913 988 938
f 988 1050 937
f 937 1050 989
f 910 1051 940
f 940 1051 990
f 990 1051 939
f 939 1051 991
f 987 1052 935
f 935 1052 992
f 1052 910 992
f 992 910 940
f 911 1053 941
f 941 1053 993
f 1053 909 993
f 993 909 936
f 983 1054 932
f 932 1054 994
f 1054 911 994
f 994 911 941
f 1055 995 989
f 989 995 937
f 995 1055 934
f 934 1055 912
f 1056 996 991
f 991 996 939
f 996 1056 938
f 938 1056 913
f 1057 998 997
f 997 998 933
f 999 1057 932
f 932 1057 997
f 984 1058 934
f 934 1058 1000
f 1058 984 998
f 998 984 933
f 1059 1001 986
f 986 1001 936
f 1002 1059 935
f 935 1059 986
f 988 1060 938
f 938 1060 1003
f 1060 988 1004
f 1004 988 937
f 990 1061 940
f 940 1061 1005
f 1061 990 1006
f 1006 990 939
f 1062 1002 992
f 992 1002 935
f 1005 1062 940
f 940 1062 992
f 1063 1007 993
f 993 1007 941
f 1001 1063 936
f 936 1063 993
f 1064 999 994
f 994 999 932
f 1007 1064 941
f 941 1064 994
f 995 1065 937
f 937 1065 1004
f 1065 995 1000
f 1000 995 934
f 996 1066 939
f 939 1066 1006
f 1066 996 1003
f 1003 996 938
f 1038 975 974
f 974 975 982
f 975 1046 982
f 981 1044 976
f 976 1044 1040
f 1045 981 1039
f 1039 981 976
f 1044 980 1040
f 1040 980 977
f 1042 978 979
f 1067 979 1068
f 979 978 1068
f 1043 1041 980
f 980 1041 977
f 1068 978 1012
f 1012 978 946
f 979 1067 1043
f 1043 1067 1041
f 998 1057 904
f 904 1057 905
f 1057 999 905
f 905 999 1314
f 1058 903 1000
f 1000 903 902
f 1059 864 1001
f 1001 864 865
f 1059 1002 864
f 864 1002 854
f 1060 888 1003
f 1003 888 881
f 1004 895 1060
f 1060 895 888
f 1005 1061 852
f 852 1061 863
f 1061 1006 863
f 863 1006 871
f 1062 853 1002
f 1002 853 854
f 1062 1005 853
f 853 1005 852
f 1007 1063 882
f 882 1063 875
f 1063 1001 875
f 875 1001 865
f 1064 1007 889
f 889 1007 882
f 1004 1065 895
f 895 1065 901
f 1000 902 1065
f 1065 902 901
f 1006 1066 871
f 871 1066 874
f 1066 1003 874
f 874 1003 881
f 998 904 1058
f 1058 904 903
f 871 862 863
f 863 851 852
f 1064 889 999
f 999 889 1314
f 1117 1238 1118
f 1238 1153 1152
f 1152 1153 1118
f 1154 1239 1071
f 1071 1239 1093
f 1239 1154 1309
f 1309 1154 1310
f 1240 1311 1154
f 1154 1311 1310
f 1111 1288 1094
f 1094 1288 1240
f 1240 1154 1094
f 1094 1154 1071
f 1119 1155 1220
f 1220 1155 1298
f 1116 1298 1114
f 1114 1298 1155
f 1113 1151 1121
f 1121 1151 1156
f 1072 1156 1070
f 1070 1156 1151
f 1155 1241 1114
f 1114 1241 1157
f 1241 1278 1157
f 1157 1278 1115
f 1278 1241 1223
f 1223 1241 1158
f 1241 1155 1158
f 1158 1155 1119
f 1122 1159 1219
f 1219 1159 1275
f 1220 1275 1119
f 1119 1275 1159
f 1160 1242 1124
f 1124 1242 1161
f 1242 1246 1161
f 1161 1246 1125
f 1246 1242 1162
f 1162 1242 1123
f 1123 1242 1160
f 1163 1243 1121
f 1121 1243 1120
f 1243 1163 1221
f 1221 1163 1126
f 1163 1244 1126
f 1126 1244 1164
f 1244 1095 1164
f 1164 1095 1073
f 1095 1244 1072
f 1072 1244 1156
f 1244 1163 1156
f 1156 1163 1121
f 1279 1245 1224
f 1224 1245 1165
f 1165 1245 1122
f 1122 1245 1159
f 1245 1158 1159
f 1159 1158 1119
f 1245 1279 1158
f 1158 1279 1223
f 1125 1246 1127
f 1127 1246 1166
f 1166 1246 1167
f 1130 1168 1209
f 1209 1168 1129
f 1168 1130 1210
f 1210 1130 1297
f 1169 1247 1074
f 1074 1247 1096
f 1096 1247 1075
f 1075 1247 1267
f 1247 1168 1267
f 1267 1168 1210
f 1247 1169 1168
f 1168 1169 1129
f 1229 1248 1132
f 1132 1248 1171
f 1248 1170 1171
f 1171 1170 1131
f 1249 1173 1172
f 1172 1173 1133
f 1249 1238 1173
f 1173 1238 1117
f 1302 1175 1172
f 1172 1175 1249
f 1249 1174 1238
f 1238 1174 1153
f 1174 1249 1134
f 1134 1249 1175
f 1176 1250 1307
f 1307 1250 1308
f 1250 1239 1308
f 1308 1239 1309
f 1239 1250 1093
f 1093 1250 1097
f 1250 1176 1097
f 1097 1176 1076
f 1219 1274 1122
f 1122 1274 1177
f 1136 1177 1135
f 1135 1177 1274
f 1178 1251 1137
f 1137 1251 1179
f 1251 1180 1179
f 1179 1180 1138
f 1180 1251 1133
f 1133 1251 1172
f 1252 1178 1181
f 1181 1178 1137
f 1175 1302 1236
f 1182 1236 1302
f 1182 1252 1127
f 1127 1252 1183
f 1252 1181 1183
f 1183 1181 1139
f 1253 1180 1184
f 1184 1180 1133
f 1180 1253 1138
f 1138 1253 1185
f 1253 1287 1185
f 1185 1287 1233
f 1287 1253 1234
f 1234 1253 1184
f 1218 1273 1140
f 1140 1273 1186
f 1141 1186 1217
f 1217 1186 1273
f 1187 1254 1143
f 1143 1254 1188
f 1254 1189 1188
f 1188 1189 1145
f 1189 1254 1144
f 1144 1254 1190
f 1254 1187 1190
f 1190 1187 1142
f 1191 1255 1146
f 1146 1255 1192
f 1255 1193 1192
f 1192 1193 1131
f 1255 1187 1193
f 1193 1187 1143
f 1187 1255 1142
f 1142 1255 1191
f 1194 1256 1226
f 1226 1256 1282
f 1256 1195 1282
f 1282 1195 1227
f 1195 1256 1141
f 1141 1256 1186
f 1256 1194 1186
f 1186 1194 1140
f 1257 1189 1196
f 1196 1189 1144
f 1189 1257 1145
f 1145 1257 1197
f 1257 1285 1197
f 1197 1285 1231
f 1285 1257 1232
f 1232 1257 1196
f 1217 1272 1141
f 1141 1272 1195
f 1228 1227 1272
f 1272 1227 1195
f 1258 1284 1198
f 1198 1284 1230
f 1284 1258 1231
f 1231 1258 1197
f 1197 1258 1145
f 1145 1258 1188
f 1258 1198 1188
f 1188 1198 1143
f 1199 1259 1126
f 1126 1259 1221
f 1259 1199 1222
f 1222 1199 1147
f 1260 1200 1201
f 1201 1200 1148
f 1175 1261 1134
f 1134 1261 1202
f 1305 1306 1303
f 1303 1306 1202
f 1199 1262 1147
f 1147 1262 1204
f 1262 1098 1204
f 1204 1098 1077
f 1098 1262 1073
f 1073 1262 1164
f 1262 1199 1164
f 1164 1199 1126
f 1263 1176 1306
f 1306 1176 1307
f 1176 1263 1076
f 1076 1263 1099
f 1263 1205 1099
f 1099 1205 1078
f 1205 1263 1305
f 1305 1263 1306
f 1149 1277 1147
f 1147 1277 1222
f 1200 1207 1148
f 1148 1207 1206
f 1304 1305 1266
f 1266 1305 1303
f 1079 1264 1077
f 1077 1264 1204
f 1264 1149 1204
f 1204 1149 1147
f 1205 1265 1078
f 1078 1265 1100
f 1265 1205 1304
f 1304 1205 1305
f 1207 1130 1206
f 1206 1130 1209
f 1075 1267 1079
f 1079 1267 1264
f 1267 1210 1264
f 1264 1210 1149
f 1268 1211 1280
f 1280 1211 1225
f 1211 1268 1136
f 1136 1268 1177
f 1268 1165 1177
f 1177 1165 1122
f 1165 1268 1224
f 1224 1268 1280
f 1286 1269 1233
f 1233 1269 1185
f 1269 1212 1185
f 1185 1212 1138
f 1212 1269 1144
f 1144 1269 1196
f 1269 1286 1196
f 1196 1286 1232
f 1150 1270 1146
f 1146 1270 1213
f 1270 1214 1213
f 1213 1214 1139
f 1135 1301 1136
f 1136 1301 1215
f 1140 1215 1218
f 1218 1215 1301
f 1216 1271 1142
f 1142 1271 1190
f 1271 1212 1190
f 1190 1212 1144
f 1212 1271 1138
f 1138 1271 1179
f 1271 1216 1179
f 1179 1216 1137
f 1228 1272 1229
f 1229 1272 1248
f 1272 1217 1248
f 1248 1217 1170
f 1217 1273 1170
f 1170 1273 1294
f 1273 1218 1294
f 1294 1218 1150
f 1135 1274 1214
f 1214 1274 1291
f 1274 1219 1291
f 1291 1219 1125
f 1219 1275 1125
f 1125 1275 1161
f 1275 1220 1161
f 1161 1220 1124
f 1276 1160 1116
f 1116 1160 1124
f 1331 1162 1123
f 1260 1259 1200
f 1200 1259 1222
f 1277 1207 1222
f 1222 1207 1200
f 1297 1130 1277
f 1277 1130 1207
f 1115 1278 1069
f 1069 1278 1101
f 1101 1278 1080
f 1080 1278 1223
f 1279 1102 1223
f 1223 1102 1080
f 1102 1279 1081
f 1081 1279 1224
f 1280 1103 1224
f 1224 1103 1081
f 1280 1225 1103
f 1103 1225 1082
f 1225 1281 1082
f 1082 1281 1104
f 1281 1226 1104
f 1104 1226 1083
f 1226 1282 1083
f 1083 1282 1105
f 1282 1227 1105
f 1105 1227 1084
f 1227 1228 1084
f 1084 1228 1085
f 1228 1229 1085
f 1085 1229 1086
f 1283 1106 1132
f 1132 1106 1088
f 1106 1283 1087
f 1087 1283 1230
f 1107 1284 1089
f 1089 1284 1231
f 1284 1107 1230
f 1230 1107 1087
f 1285 1108 1231
f 1231 1108 1089
f 1108 1285 1090
f 1090 1285 1232
f 1109 1286 1091
f 1091 1286 1233
f 1286 1109 1232
f 1232 1109 1090
f 1287 1110 1233
f 1233 1110 1091
f 1110 1287 1092
f 1092 1287 1234
f 1288 1111 1234
f 1234 1111 1092
f 1169 1289 1129
f 1129 1289 1235
f 1289 1265 1235
f 1235 1265 1304
f 1265 1289 1100
f 1100 1289 1112
f 1289 1169 1112
f 1112 1169 1074
f 1086 1229 1088
f 1088 1229 1132
f 1290 1236 1201
f 1201 1236 1128
f 1236 1290 1175
f 1175 1290 1261
f 1290 1237 1261
f 1261 1237 1203
f 1237 1290 1148
f 1148 1290 1201
f 1214 1291 1139
f 1139 1291 1183
f 1183 1291 1127
f 1127 1291 1125
f 1292 1237 1206
f 1206 1237 1148
f 1237 1292 1203
f 1203 1292 1208
f 1216 1293 1137
f 1137 1293 1181
f 1181 1293 1139
f 1139 1293 1213
f 1293 1191 1213
f 1213 1191 1146
f 1293 1216 1191
f 1191 1216 1142
f 1295 1292 1209
f 1209 1292 1206
f 1292 1295 1208
f 1208 1295 1266
f 1170 1294 1131
f 1131 1294 1192
f 1294 1150 1192
f 1192 1150 1146
f 1235 1295 1129
f 1129 1295 1209
f 1283 1296 1230
f 1230 1296 1198
f 1296 1193 1198
f 1198 1193 1143
f 1193 1296 1131
f 1131 1296 1171
f 1296 1283 1171
f 1171 1283 1132
f 1210 1297 1149
f 1149 1297 1277
f 1220 1298 1124
f 1124 1298 1116
f 1127 1166 1182
f 1166 1128 1182
f 1236 1182 1128
f 1299 1288 1184
f 1184 1288 1234
f 1288 1299 1240
f 1240 1299 1311
f 1173 1299 1133
f 1133 1299 1184
f 1211 1300 1225
f 1225 1300 1281
f 1300 1194 1281
f 1281 1194 1226
f 1194 1300 1140
f 1140 1300 1215
f 1300 1211 1215
f 1215 1211 1136
f 1218 1301 1150
f 1150 1301 1270
f 1301 1135 1270
f 1270 1135 1214
f 1302 1178 1182
f 1182 1178 1252
f 1251 1178 1172
f 1172 1178 1302
f 1203 1208 1303
f 1303 1208 1266
f 1261 1203 1202
f 1202 1203 1303
f 1266 1295 1304
f 1304 1295 1235
f 1306 1307 1202
f 1202 1307 1134
f 1308 1174 1307
f 1307 1174 1134
f 1174 1308 1153
f 1153 1308 1309
f 1309 1310 1153
f 1153 1310 1118
f 1311 1117 1310
f 1310 1117 1118
f 1299 1173 1311
f 1311 1173 1117
f 1320 1319 1069
f 1069 1319 1115
f 1322 1319 903
f 903 1319 907
f 903 907 902
f 902 907 1312
f 900 901 1312
f 1312 901 902
f 899 900 1313
f 1313 900 1312
f 1323 1324 1114
f 1114 1324 1116
f 1325 1324 1314
f 1314 1324 905
f 1326 1327 1317
f 1317 1327 1318
f 1321 1333 1316
f 1316 1333 898
f 1323 1322 904
f 904 1322 903
f 1326 1325 896
f 896 1325 1314
f 1276 1317 1160
f 1160 1317 1123
f 1121 1120 1113
f 1113 1120 1318
f 1328 1327 1315
f 1315 1327 897
f 1120 1123 1318
f 1318 1123 1317
f 1319 1320 907
f 907 1320 906
f 1333 1321 1151
f 1151 1321 1070
f 1115 1319 1157
f 1157 1319 1322
f 1157 1322 1114
f 1114 1322 1323
f 905 1324 904
f 904 1324 1323
f 1324 1325 1116
f 1116 1325 1276
f 1325 1326 1276
f 1276 1326 1317
f 1327 1326 897
f 897 1326 896
f 1327 1328 1318
f 1318 1328 1113
f 1328 1333 1113
f 1113 1333 1151
f 1329 1260 1128
f 1128 1260 1201
f 1259 1260 1221
f 1221 1260 1329
f 1243 1221 1330
f 1330 1221 1329
f 1329 1128 1167
f 1167 1128 1166
f 1330 1329 1331
f 1331 1329 1167
f 1330 1331 1120
f 1120 1331 1123
f 1120 1243 1330
f 1331 1167 1162
f 1162 1167 1246
f 1315 898 1328
f 1328 898 1333
f 722 1334 721
f 721 1334 735
f 1334 1335 735
f 735 1335 748
f 1335 1336 748
f 748 1336 761
f 1336 1337 761
f 761 1337 774
f 774 1337 787
f 787 1337 3
f 3 87 787
f 787 87 799
f 885 321 892
f 892 321 1338
f 710 1350 697
f 697 1350 1339
f 1350 1351 1339
f 1339 1351 1340
f 1351 1352 1340
f 1340 1352 1341
f 1352 1353 1341
f 1341 1353 1342
f 1353 1354 1342
f 1342 1354 1343
f 1354 1355 1343
f 1343 1355 1344
f 1355 1356 1344
f 1344 1356 1345
f 1356 1357 1345
f 1345 1357 1346
f 1346 1357 1347
f 1347 1357 1358
f 1347 1358 1348
f 1348 1358 1359
f 1359 1360 1348
f 1348 1360 1349
f 1360 1361 1349
f 1349 1361 1898
f 1361 1973 1898
f 1898 1973 1974
f 724 1362 710
f 710 1362 1350
f 1362 1363 1350
f 1350 1363 1351
f 1363 1364 1351
f 1351 1364 1352
f 1364 1365 1352
f 1352 1365 1353
f 1365 1366 1353
f 1353 1366 1354
f 1366 1367 1354
f 1354 1367 1355
f 1367 1368 1355
f 1355 1368 1356
f 1368 1369 1356
f 1356 1369 1357
f 1357 1369 1358
f 1358 1369 1370
f 1358 1370 1359
f 1359 1370 1371
f 1371 1372 1359
f 1359 1372 1360
f 1900 1976 1361
f 1361 1976 1973
f 737 1373 724
f 724 1373 1362
f 1373 1374 1362
f 1362 1374 1363
f 1374 1375 1363
f 1363 1375 1364
f 1375 1376 1364
f 1364 1376 1365
f 1376 1377 1365
f 1365 1377 1366
f 1377 1378 1366
f 1366 1378 1367
f 1378 1379 1367
f 1367 1379 1368
f 1379 1380 1368
f 1368 1380 1369
f 1369 1380 1370
f 1370 1380 1381
f 1370 1381 1371
f 1371 1381 1382
f 1371 1382 1372
f 1372 1382 1383
f 1901 1977 1900
f 1900 1977 1976
f 737 750 1373
f 1373 750 1384
f 1384 1385 1373
f 1373 1385 1374
f 1385 1386 1374
f 1374 1386 1375
f 1386 1387 1375
f 1375 1387 1376
f 1387 1388 1376
f 1376 1388 1377
f 1388 1389 1377
f 1377 1389 1378
f 1389 1390 1378
f 1378 1390 1379
f 1390 1391 1379
f 1379 1391 1380
f 1380 1391 1381
f 1381 1391 1392
f 1392 1393 1381
f 1381 1393 1382
f 1382 1393 1383
f 1383 1393 1394
f 1902 1978 1901
f 1901 1978 1977
f 750 763 1384
f 1384 763 1395
f 1395 1396 1384
f 1384 1396 1385
f 1396 1397 1385
f 1385 1397 1386
f 1397 1398 1386
f 1386 1398 1387
f 1398 1399 1387
f 1387 1399 1388
f 1399 1400 1388
f 1388 1400 1389
f 1400 1401 1389
f 1389 1401 1390
f 1401 1402 1390
f 1390 1402 1391
f 1391 1402 1392
f 1392 1402 1403
f 1403 1404 1392
f 1392 1404 1393
f 1404 1405 1393
f 1393 1405 1394
f 1903 1975 1902
f 1902 1975 1978
f 763 776 1395
f 1395 776 1406
f 1406 1407 1395
f 1395 1407 1396
f 1407 1408 1396
f 1396 1408 1397
f 1408 1409 1397
f 1397 1409 1398
f 1409 1410 1398
f 1398 1410 1399
f 1410 1411 1399
f 1399 1411 1400
f 1411 1412 1400
f 1400 1412 1401
f 1412 1413 1401
f 1401 1413 1402
f 1402 1413 1403
f 1403 1413 1414
f 1414 1415 1403
f 1403 1415 1404
f 1415 1416 1404
f 1404 1416 1405
f 2045 1975 2044
f 2044 1975 435
f 776 788 1406
f 1406 788 1417
f 1417 1418 1406
f 1406 1418 1407
f 1418 1419 1407
f 1407 1419 1408
f 1419 1420 1408
f 1408 1420 1409
f 1420 1421 1409
f 1409 1421 1410
f 1421 1422 1410
f 1410 1422 1411
f 1422 1423 1411
f 1411 1423 1412
f 1423 1424 1412
f 1412 1424 1413
f 1413 1424 1414
f 1414 1424 1425
f 1414 1425 1415
f 1415 1425 1426
f 1426 1427 1415
f 1415 1427 1416
f 788 800 1417
f 1417 800 1428
f 1428 1429 1417
f 1417 1429 1418
f 1429 1430 1418
f 1418 1430 1419
f 1430 1431 1419
f 1419 1431 1420
f 1431 1432 1420
f 1420 1432 1421
f 1432 1433 1421
f 1421 1433 1422
f 1433 1434 1422
f 1422 1434 1423
f 1434 1435 1423
f 1423 1435 1424
f 1424 1435 1425
f 1425 1435 1436
f 1436 1437 1425
f 1425 1437 1426
f 1437 1438 1426
f 1426 1438 1427
f 800 812 1428
f 1428 812 1439
f 1439 1440 1428
f 1428 1440 1429
f 1440 1441 1429
f 1429 1441 1430
f 1441 1442 1430
f 1430 1442 1431
f 1442 1443 1431
f 1431 1443 1432
f 1443 1444 1432
f 1432 1444 1433
f 1444 1445 1433
f 1433 1445 1434
f 1445 1446 1434
f 1434 1446 1435
f 1435 1446 1436
f 1436 1446 1447
f 1447 1448 1436
f 1436 1448 1437
f 1448 1449 1437
f 1437 1449 1438
f 812 824 1439
f 1439 824 1450
f 1450 1451 1439
f 1439 1451 1440
f 1451 1452 1440
f 1440 1452 1441
f 1452 1453 1441
f 1441 1453 1442
f 1453 1454 1442
f 1442 1454 1443
f 1454 1455 1443
f 1443 1455 1444
f 1455 1456 1444
f 1444 1456 1445
f 1456 1457 1445
f 1445 1457 1446
f 1446 1457 1447
f 1447 1457 1458
f 1447 1458 1448
f 1448 1458 1459
f 1448 1459 1449
f 1449 1459 1460
f 824 847 1450
f 1450 847 1461
f 1461 1462 1450
f 1450 1462 1451
f 1462 1463 1451
f 1451 1463 1452
f 1463 1464 1452
f 1452 1464 1453
f 1464 1465 1453
f 1453 1465 1454
f 1465 1466 1454
f 1454 1466 1455
f 1466 1467 1455
f 1455 1467 1456
f 1456 1467 1457
f 1457 1467 1468
f 1457 1468 1458
f 1458 1468 1469
f 1458 1469 1459
f 1459 1469 1470
f 1459 1470 1460
f 1460 1470 1471
f 847 848 1461
f 1461 848 1472
f 1461 1472 1462
f 1462 1472 1473
f 1462 1473 1463
f 1463 1473 1474
f 1463 1474 1464
f 1464 1474 1475
f 1475 1476 1464
f 1464 1476 1465
f 1476 1477 1465
f 1465 1477 1466
f 1477 1478 1466
f 1466 1478 1467
f 1467 1478 1468
f 1468 1478 1479
f 1468 1479 1469
f 1469 1479 1480
f 1469 1480 1470
f 1470 1480 1481
f 1470 1481 1471
f 1471 1481 1482
f 848 860 1472
f 1472 860 1483
f 1472 1483 1473
f 1473 1483 1484
f 1473 1484 1474
f 1474 1484 1485
f 1477 1486 1478
f 1486 1489 1478
f 1478 1489 1479
f 1489 1490 1479
f 1479 1490 1480
f 1490 1491 1480
f 1480 1491 1481
f 1481 1491 1482
f 1482 1491 1492
f 860 869 1483
f 1483 869 1487
f 1483 1487 1484
f 1484 1487 1488
f 869 872 1487
f 1487 872 1493
f 1493 1494 1487
f 1487 1494 1488
f 1496 1490 1495
f 1495 1490 1489
f 1496 1497 1490
f 1490 1497 1491
f 1491 1497 1492
f 1492 1497 1498
f 872 879 1493
f 1493 879 1499
f 1499 1500 1493
f 1493 1500 1494
f 1496 1495 1502
f 1502 1495 1501
f 1496 1502 1497
f 1497 1502 1503
f 1497 1503 1498
f 1498 1503 1504
f 879 886 1499
f 1499 886 1505
f 1499 1505 1500
f 1500 1505 1506
f 1508 1502 1507
f 1507 1502 1501
f 1502 1508 1503
f 1503 1508 1509
f 1503 1509 1504
f 1504 1509 1510
f 886 893 1505
f 1505 893 1511
f 1505 1511 1506
f 1506 1511 1512
f 1513 1508 1883
f 1883 1508 1507
f 1508 1513 1509
f 1509 1513 1514
f 1509 1514 1510
f 1510 1514 1884
f 1510 1884 1905
f 1905 1884 1515
f 1905 1986 1904
f 1904 1986 1987
f 893 899 1511
f 1511 899 1516
f 1511 1516 1512
f 1512 1516 1517
f 1313 906 1882
f 1882 906 1522
f 1339 908 697
f 1340 908 1339
f 1341 908 1340
f 1342 908 1341
f 1343 908 1342
f 1344 908 1343
f 1345 908 1344
f 1346 908 1345
f 1347 908 1346
f 1348 908 1347
f 1349 908 1348
f 1349 1898 908
f 1974 908 1898
f 1556 1622 1595
f 1595 1622 1659
f 1622 1556 1643
f 1643 1556 1571
f 1557 1622 1573
f 1573 1622 1643
f 1622 1557 1659
f 1659 1557 1596
f 1558 1623 1594
f 1594 1623 1658
f 1623 1558 1644
f 1644 1558 1570
f 1556 1623 1571
f 1571 1623 1644
f 1623 1556 1658
f 1658 1556 1595
f 1559 1624 1593
f 1593 1624 1657
f 1624 1559 1642
f 1642 1559 1568
f 1558 1624 1570
f 1570 1624 1642
f 1624 1558 1657
f 1657 1558 1594
f 1625 1656 1560
f 1560 1656 1592
f 1625 1560 1645
f 1645 1560 1575
f 1559 1625 1568
f 1568 1625 1645
f 1625 1559 1656
f 1656 1559 1593
f 1561 1579 1626
f 1626 1579 1647
f 1626 1647 1560
f 1560 1647 1575
f 1626 1682 1561
f 1561 1682 1681
f 1627 1655 1562
f 1562 1655 1591
f 1562 1583 1627
f 1627 1583 1649
f 1627 1649 1561
f 1561 1649 1579
f 1561 1681 1627
f 1627 1681 1655
f 1628 1654 1563
f 1563 1654 1590
f 1563 1586 1628
f 1628 1586 1651
f 1628 1651 1562
f 1562 1651 1583
f 1562 1591 1628
f 1628 1591 1654
f 1629 1653 1564
f 1564 1653 1588
f 1564 1582 1629
f 1629 1582 1650
f 1629 1650 1563
f 1563 1650 1586
f 1563 1590 1629
f 1629 1590 1653
f 1630 1652 1565
f 1565 1652 1589
f 1565 1578 1630
f 1630 1578 1648
f 1630 1648 1564
f 1564 1648 1582
f 1564 1588 1630
f 1630 1588 1652
f 1557 1631 1596
f 1596 1631 1660
f 1631 1557 1646
f 1646 1557 1573
f 1565 1631 1578
f 1578 1631 1646
f 1631 1565 1660
f 1660 1565 1589
f 1596 1588 1659
f 1659 1588 1653
f 1601 1928 1663
f 1663 1928 1927
f 1538 1926 1632
f 1632 1926 1927
f 1605 1935 1665
f 1665 1935 1933
f 1540 1931 1633
f 1633 1931 1933
f 1524 1931 1666
f 1666 1931 1929
f 1566 1928 1634
f 1634 1928 1929
f 1667 1523 1930
f 1930 1523 1926
f 1539 1932 1635
f 1635 1932 1930
f 1525 1932 1668
f 1668 1932 1934
f 1636 1541 1934
f 1934 1541 1936
f 1637 1542 1938
f 1938 1542 1940
f 1661 1597 1938
f 1938 1597 1936
f 1662 1599 1942
f 1942 1599 1940
f 1638 1544 1942
f 1942 1544 1944
f 1669 1526 1945
f 1945 1526 1944
f 1639 1545 1945
f 1945 1545 1943
f 1664 1603 1941
f 1941 1603 1943
f 1640 1543 1941
f 1941 1543 1939
f 1670 1527 1937
f 1937 1527 1939
f 1641 1567 1937
f 1937 1567 1935
f 1529 1569 1568
f 1568 1569 1642
f 1569 1528 1642
f 1642 1528 1570
f 1531 1572 1571
f 1571 1572 1643
f 1572 1530 1643
f 1643 1530 1573
f 1528 1574 1570
f 1570 1574 1644
f 1574 1531 1644
f 1644 1531 1571
f 1532 1576 1575
f 1575 1576 1645
f 1576 1529 1645
f 1645 1529 1568
f 1530 1577 1573
f 1573 1577 1646
f 1577 1533 1646
f 1646 1533 1578
f 1579 1534 1647
f 1647 1534 1580
f 1532 1575 1580
f 1580 1575 1647
f 1578 1533 1648
f 1648 1533 1581
f 1535 1582 1581
f 1581 1582 1648
f 1583 1536 1649
f 1649 1536 1584
f 1534 1579 1584
f 1584 1579 1649
f 1582 1535 1650
f 1650 1535 1585
f 1537 1586 1585
f 1585 1586 1650
f 1586 1537 1651
f 1651 1537 1587
f 1536 1583 1587
f 1587 1583 1651
f 1569 1529 1635
f 1635 1529 1539
f 1635 1538 1569
f 1569 1538 1528
f 1572 1531 1634
f 1634 1531 1566
f 1572 1634 1530
f 1530 1634 1540
f 1574 1528 1632
f 1632 1528 1538
f 1632 1566 1574
f 1574 1566 1531
f 1576 1532 1636
f 1636 1532 1541
f 1636 1539 1576
f 1576 1539 1529
f 1530 1540 1577
f 1577 1540 1633
f 1577 1633 1533
f 1533 1633 1567
f 1580 1534 1637
f 1637 1534 1542
f 1637 1541 1580
f 1580 1541 1532
f 1533 1567 1581
f 1581 1567 1641
f 1581 1641 1535
f 1535 1641 1543
f 1584 1536 1638
f 1638 1536 1544
f 1638 1542 1584
f 1584 1542 1534
f 1535 1543 1585
f 1585 1543 1640
f 1585 1640 1537
f 1537 1640 1545
f 1587 1537 1639
f 1639 1537 1545
f 1639 1544 1587
f 1587 1544 1536
f 1547 1611 1599
f 1599 1611 1661
f 1546 1597 1611
f 1611 1597 1661
f 1548 1598 1526
f 1526 1598 1662
f 1598 1547 1662
f 1662 1547 1599
f 1523 1550 1663
f 1663 1550 1600
f 1549 1601 1600
f 1600 1601 1663
f 1552 1602 1527
f 1527 1602 1664
f 1602 1551 1664
f 1664 1551 1603
f 1524 1554 1665
f 1665 1554 1604
f 1604 1553 1665
f 1665 1553 1605
f 1601 1549 1666
f 1666 1549 1606
f 1554 1524 1606
f 1606 1524 1666
f 1525 1555 1667
f 1667 1555 1607
f 1550 1523 1607
f 1607 1523 1667
f 1597 1546 1668
f 1668 1546 1608
f 1555 1525 1608
f 1608 1525 1668
f 1551 1609 1603
f 1603 1609 1669
f 1609 1548 1669
f 1669 1548 1526
f 1553 1610 1605
f 1605 1610 1670
f 1610 1552 1670
f 1670 1552 1527
f 1547 1612 1611
f 1611 1612 1671
f 1613 1546 1671
f 1671 1546 1611
f 1598 1548 1672
f 1672 1548 1614
f 1547 1598 1612
f 1612 1598 1672
f 1550 1615 1600
f 1600 1615 1673
f 1616 1549 1673
f 1673 1549 1600
f 1602 1552 1674
f 1674 1552 1617
f 1551 1602 1618
f 1618 1602 1674
f 1604 1554 1675
f 1675 1554 1619
f 1553 1604 1620
f 1620 1604 1675
f 1549 1616 1606
f 1606 1616 1676
f 1619 1554 1676
f 1676 1554 1606
f 1555 1621 1607
f 1607 1621 1677
f 1615 1550 1677
f 1677 1550 1607
f 1546 1613 1608
f 1608 1613 1678
f 1621 1555 1678
f 1678 1555 1608
f 1609 1551 1679
f 1679 1551 1618
f 1548 1609 1614
f 1614 1609 1679
f 1610 1553 1680
f 1680 1553 1620
f 1552 1610 1617
f 1617 1610 1680
f 1652 1588 1589
f 1588 1596 1589
f 1596 1660 1589
f 1595 1590 1658
f 1658 1590 1654
f 1659 1653 1595
f 1595 1653 1590
f 1658 1654 1594
f 1594 1654 1591
f 1656 1593 1592
f 1681 1682 1593
f 1593 1682 1592
f 1591 1655 1594
f 1594 1655 1657
f 1560 1592 1626
f 1626 1592 1682
f 1593 1657 1681
f 1681 1657 1655
f 1612 1520 1671
f 1671 1520 1521
f 1671 1521 1613
f 1613 1521 1883
f 1518 1519 1614
f 1614 1519 1672
f 1489 1486 1615
f 1615 1486 1673
f 1673 1486 1616
f 1616 1486 1477
f 1500 1506 1617
f 1617 1506 1674
f 1506 1512 1674
f 1674 1512 1618
f 1619 1475 1675
f 1675 1475 1485
f 1675 1485 1620
f 1620 1485 1488
f 1477 1476 1616
f 1616 1476 1676
f 1676 1476 1619
f 1619 1476 1475
f 1621 1501 1677
f 1677 1501 1495
f 1677 1495 1615
f 1615 1495 1489
f 1678 1507 1621
f 1621 1507 1501
f 1618 1512 1679
f 1679 1512 1517
f 1517 1518 1679
f 1679 1518 1614
f 1620 1488 1680
f 1680 1488 1494
f 1680 1494 1617
f 1617 1494 1500
f 1519 1520 1672
f 1672 1520 1612
f 1488 1485 1484
f 1485 1475 1474
f 1678 1613 1507
f 1507 1613 1883
f 1808 1688 1722
f 1688 1723 1722
f 1722 1723 1808
f 1724 1071 1809
f 1809 1071 1093
f 1880 1724 1879
f 1879 1724 1809
f 1724 1880 1810
f 1810 1880 1881
f 1094 1810 1111
f 1111 1810 1858
f 1071 1724 1094
f 1094 1724 1810
f 1868 1725 1790
f 1790 1725 1689
f 1725 1868 1684
f 1684 1868 1686
f 1726 1721 1691
f 1691 1721 1683
f 1072 1070 1726
f 1726 1070 1721
f 1725 1684 1811
f 1811 1684 1727
f 1685 1848 1727
f 1727 1848 1811
f 1848 1793 1811
f 1811 1793 1728
f 1689 1725 1728
f 1728 1725 1811
f 1845 1729 1789
f 1789 1729 1692
f 1790 1689 1845
f 1845 1689 1729
f 1730 1694 1812
f 1812 1694 1731
f 1695 1816 1731
f 1731 1816 1812
f 1816 1732 1812
f 1732 1693 1812
f 1812 1693 1730
f 1733 1691 1813
f 1813 1691 1690
f 1696 1733 1791
f 1791 1733 1813
f 1733 1696 1814
f 1814 1696 1734
f 1073 1095 1734
f 1734 1095 1814
f 1095 1072 1814
f 1814 1072 1726
f 1691 1733 1726
f 1726 1733 1814
f 1849 1794 1815
f 1815 1794 1735
f 1735 1692 1815
f 1815 1692 1729
f 1689 1728 1729
f 1729 1728 1815
f 1793 1849 1728
f 1728 1849 1815
f 1695 1697 1816
f 1816 1697 1736
f 1736 1737 1816
f 1699 1738 1779
f 1779 1738 1700
f 1738 1780 1700
f 1700 1780 1867
f 1739 1074 1817
f 1817 1074 1096
f 1096 1075 1817
f 1817 1075 1837
f 1780 1738 1837
f 1837 1738 1817
f 1699 1739 1738
f 1738 1739 1817
f 1799 1702 1818
f 1818 1702 1741
f 1701 1740 1741
f 1741 1740 1818
f 1703 1743 1742
f 1742 1743 1819
f 1687 1808 1743
f 1743 1808 1819
f 1819 1745 1742
f 1742 1745 1872
f 1723 1744 1808
f 1808 1744 1819
f 1744 1704 1819
f 1819 1704 1745
f 1877 1878 1746
f 1746 1878 1820
f 1878 1879 1820
f 1820 1879 1809
f 1809 1093 1820
f 1820 1093 1097
f 1076 1746 1097
f 1097 1746 1820
f 1789 1692 1844
f 1844 1692 1747
f 1844 1747 1705
f 1705 1747 1706
f 1748 1707 1821
f 1821 1707 1749
f 1708 1750 1749
f 1749 1750 1821
f 1750 1703 1821
f 1821 1703 1742
f 1707 1748 1751
f 1751 1748 1822
f 1745 1806 1872
f 1752 1872 1806
f 1752 1697 1822
f 1822 1697 1753
f 1709 1751 1753
f 1753 1751 1822
f 1703 1750 1754
f 1754 1750 1823
f 1750 1708 1823
f 1823 1708 1755
f 1803 1857 1755
f 1755 1857 1823
f 1857 1804 1823
f 1823 1804 1754
f 1756 1843 1710
f 1710 1843 1788
f 1843 1756 1787
f 1787 1756 1711
f 1757 1713 1824
f 1824 1713 1758
f 1715 1759 1758
f 1758 1759 1824
f 1759 1714 1824
f 1824 1714 1760
f 1712 1757 1760
f 1760 1757 1824
f 1761 1716 1825
f 1825 1716 1762
f 1701 1763 1762
f 1762 1763 1825
f 1713 1757 1763
f 1763 1757 1825
f 1757 1712 1825
f 1825 1712 1761
f 1764 1796 1826
f 1826 1796 1852
f 1797 1765 1852
f 1852 1765 1826
f 1765 1711 1826
f 1826 1711 1756
f 1710 1764 1756
f 1756 1764 1826
f 1714 1759 1766
f 1766 1759 1827
f 1759 1715 1827
f 1827 1715 1767
f 1801 1855 1767
f 1767 1855 1827
f 1855 1802 1827
f 1827 1802 1766
f 1787 1711 1842
f 1842 1711 1765
f 1798 1842 1797
f 1797 1842 1765
f 1800 1854 1768
f 1768 1854 1828
f 1854 1801 1828
f 1828 1801 1767
f 1767 1715 1828
f 1828 1715 1758
f 1713 1768 1758
f 1758 1768 1828
f 1769 1696 1829
f 1829 1696 1791
f 1717 1769 1792
f 1792 1769 1829
f 1718 1770 1771
f 1771 1770 1830
f 1745 1704 1831
f 1831 1704 1772
f 1772 1876 1873
f 1873 1876 1875
f 1769 1717 1832
f 1832 1717 1774
f 1077 1098 1774
f 1774 1098 1832
f 1098 1073 1832
f 1832 1073 1734
f 1696 1769 1734
f 1734 1769 1832
f 1877 1746 1876
f 1876 1746 1833
f 1746 1076 1833
f 1833 1076 1099
f 1078 1775 1099
f 1099 1775 1833
f 1775 1875 1833
f 1833 1875 1876
f 1719 1717 1847
f 1847 1717 1792
f 1770 1718 1777
f 1777 1718 1776
f 1873 1875 1836
f 1836 1875 1874
f 1079 1077 1834
f 1834 1077 1774
f 1717 1719 1774
f 1774 1719 1834
f 1775 1078 1835
f 1835 1078 1100
f 1875 1775 1874
f 1874 1775 1835
f 1777 1776 1700
f 1700 1776 1779
f 1075 1079 1837
f 1837 1079 1834
f 1719 1780 1834
f 1834 1780 1837
f 1795 1781 1850
f 1850 1781 1838
f 1781 1706 1838
f 1838 1706 1747
f 1692 1735 1747
f 1747 1735 1838
f 1735 1794 1838
f 1838 1794 1850
f 1856 1803 1839
f 1839 1803 1755
f 1708 1782 1755
f 1755 1782 1839
f 1782 1714 1839
f 1839 1714 1766
f 1802 1856 1766
f 1766 1856 1839
f 1720 1716 1840
f 1840 1716 1783
f 1709 1784 1783
f 1783 1784 1840
f 1705 1706 1871
f 1871 1706 1785
f 1710 1788 1785
f 1785 1788 1871
f 1786 1712 1841
f 1841 1712 1760
f 1714 1782 1760
f 1760 1782 1841
f 1782 1708 1841
f 1841 1708 1749
f 1707 1786 1749
f 1749 1786 1841
f 1798 1799 1842
f 1842 1799 1818
f 1740 1787 1818
f 1818 1787 1842
f 1787 1740 1843
f 1843 1740 1864
f 1720 1788 1864
f 1864 1788 1843
f 1705 1784 1844
f 1844 1784 1861
f 1695 1789 1861
f 1861 1789 1844
f 1789 1695 1845
f 1845 1695 1731
f 1694 1790 1731
f 1731 1790 1845
f 1694 1730 1686
f 1686 1730 1846
f 1897 1693 1732
f 1830 1770 1829
f 1829 1770 1792
f 1770 1777 1792
f 1792 1777 1847
f 1777 1700 1847
f 1847 1700 1867
f 1069 1101 1685
f 1685 1101 1848
f 1101 1080 1848
f 1848 1080 1793
f 1080 1102 1793
f 1793 1102 1849
f 1102 1081 1849
f 1849 1081 1794
f 1081 1103 1794
f 1794 1103 1850
f 1082 1795 1103
f 1103 1795 1850
f 1795 1082 1851
f 1851 1082 1104
f 1083 1796 1104
f 1104 1796 1851
f 1796 1083 1852
f 1852 1083 1105
f 1084 1797 1105
f 1105 1797 1852
f 1085 1798 1084
f 1084 1798 1797
f 1086 1799 1085
f 1085 1799 1798
f 1088 1106 1702
f 1702 1106 1853
f 1106 1087 1853
f 1853 1087 1800
f 1107 1089 1854
f 1854 1089 1801
f 1087 1107 1800
f 1800 1107 1854
f 1089 1108 1801
f 1801 1108 1855
f 1108 1090 1855
f 1855 1090 1802
f 1109 1091 1856
f 1856 1091 1803
f 1090 1109 1802
f 1802 1109 1856
f 1091 1110 1803
f 1803 1110 1857
f 1110 1092 1857
f 1857 1092 1804
f 1092 1111 1804
f 1804 1111 1858
f 1739 1699 1859
f 1859 1699 1805
f 1874 1835 1805
f 1805 1835 1859
f 1835 1100 1859
f 1859 1100 1112
f 1074 1739 1112
f 1112 1739 1859
f 1086 1088 1799
f 1799 1088 1702
f 1698 1806 1771
f 1771 1806 1860
f 1806 1745 1860
f 1860 1745 1831
f 1773 1807 1831
f 1831 1807 1860
f 1807 1718 1860
f 1860 1718 1771
f 1784 1709 1861
f 1861 1709 1753
f 1695 1861 1697
f 1697 1861 1753
f 1718 1807 1776
f 1776 1807 1862
f 1807 1773 1862
f 1862 1773 1778
f 1786 1707 1863
f 1863 1707 1751
f 1751 1709 1863
f 1863 1709 1783
f 1716 1761 1783
f 1783 1761 1863
f 1712 1786 1761
f 1761 1786 1863
f 1776 1862 1779
f 1779 1862 1865
f 1778 1836 1862
f 1862 1836 1865
f 1740 1701 1864
f 1864 1701 1762
f 1716 1720 1762
f 1762 1720 1864
f 1805 1699 1865
f 1865 1699 1779
f 1853 1800 1866
f 1866 1800 1768
f 1713 1763 1768
f 1768 1763 1866
f 1763 1701 1866
f 1866 1701 1741
f 1702 1853 1741
f 1741 1853 1866
f 1780 1719 1867
f 1867 1719 1847
f 1790 1694 1868
f 1868 1694 1686
f 1697 1752 1736
f 1736 1752 1698
f 1806 1698 1752
f 1804 1858 1754
f 1754 1858 1869
f 1858 1810 1869
f 1810 1881 1869
f 1743 1703 1869
f 1869 1703 1754
f 1781 1795 1870
f 1870 1795 1851
f 1796 1764 1851
f 1851 1764 1870
f 1764 1710 1870
f 1870 1710 1785
f 1706 1781 1785
f 1785 1781 1870
f 1788 1720 1871
f 1871 1720 1840
f 1784 1705 1840
f 1840 1705 1871
f 1872 1752 1748
f 1748 1752 1822
f 1872 1748 1742
f 1742 1748 1821
f 1773 1873 1778
f 1778 1873 1836
f 1873 1773 1772
f 1772 1773 1831
f 1836 1874 1865
f 1865 1874 1805
f 1704 1877 1772
f 1772 1877 1876
f 1878 1877 1744
f 1744 1877 1704
f 1744 1723 1878
f 1878 1723 1879
f 1688 1880 1723
f 1723 1880 1879
f 1881 1880 1687
f 1687 1880 1688
f 1869 1881 1743
f 1743 1881 1687
f 1685 1887 1069
f 1069 1887 1320
f 1522 1887 1519
f 1519 1887 1888
f 1519 1518 1522
f 1522 1518 1882
f 1518 1517 1882
f 1882 1517 1516
f 899 1313 1516
f 1516 1313 1882
f 1684 1686 1889
f 1889 1686 1890
f 1883 1521 1891
f 1891 1521 1890
f 1886 1893 1885
f 1885 1893 1892
f 1515 1899 1316
f 1316 1899 1321
f 1519 1888 1520
f 1520 1888 1889
f 1883 1891 1513
f 1513 1891 1892
f 1730 1693 1846
f 1846 1693 1885
f 1691 1683 1690
f 1690 1683 1886
f 1514 1893 1884
f 1884 1893 1894
f 1885 1693 1886
f 1886 1693 1690
f 906 1320 1522
f 1522 1320 1887
f 1070 1321 1721
f 1721 1321 1899
f 1685 1727 1887
f 1887 1727 1888
f 1727 1684 1888
f 1888 1684 1889
f 1521 1520 1890
f 1890 1520 1889
f 1846 1891 1686
f 1686 1891 1890
f 1885 1892 1846
f 1846 1892 1891
f 1513 1892 1514
f 1514 1892 1893
f 1683 1894 1886
f 1886 1894 1893
f 1721 1899 1683
f 1683 1899 1894
f 1895 1698 1830
f 1830 1698 1771
f 1895 1830 1791
f 1791 1830 1829
f 1895 1791 1896
f 1896 1791 1813
f 1736 1698 1737
f 1737 1698 1895
f 1737 1895 1897
f 1897 1895 1896
f 1693 1897 1690
f 1690 1897 1896
f 1690 1896 1813
f 1816 1737 1732
f 1732 1737 1897
f 1884 1894 1515
f 1515 1894 1899
f 1372 1900 1360
f 1360 1900 1361
f 1383 1901 1372
f 1372 1901 1900
f 1394 1902 1383
f 1383 1902 1901
f 1405 1903 1394
f 1394 1903 1902
f 1405 1416 1903
f 1903 1416 351
f 1427 434 1416
f 1416 434 351
f 1498 1904 431
f 1504 1510 1904
f 1904 1510 1905
f 1052 987 1906
f 1906 987 1907
f 1049 909 1908
f 1908 909 1909
f 1018 952 1908
f 1908 952 1907
f 1020 926 1906
f 1906 926 1910
f 1021 924 1911
f 1911 924 1909
f 1051 910 1912
f 1912 910 1910
f 1053 911 1911
f 1911 911 1913
f 1019 953 1912
f 1912 953 1914
f 1022 925 1915
f 1915 925 1913
f 991 1914 1056
f 1056 1914 1916
f 983 1917 1054
f 1054 1917 1915
f 929 1918 1027
f 1027 1918 1916
f 927 1917 1023
f 1023 1917 1919
f 913 1918 1050
f 1050 1918 1920
f 985 1921 1047
f 1047 1921 1919
f 931 1922 1026
f 1026 1922 1920
f 928 1921 1024
f 1024 1921 1923
f 989 1922 1055
f 1055 1922 1924
f 912 1925 1048
f 1048 1925 1923
f 930 1925 1025
f 1025 1925 1924
f 1663 1927 1523
f 1523 1927 1926
f 1666 1929 1601
f 1601 1929 1928
f 1632 1927 1566
f 1566 1927 1928
f 1635 1930 1538
f 1538 1930 1926
f 1634 1929 1540
f 1540 1929 1931
f 1667 1930 1525
f 1525 1930 1932
f 1665 1933 1524
f 1524 1933 1931
f 1636 1934 1539
f 1539 1934 1932
f 1633 1933 1567
f 1567 1933 1935
f 1597 1668 1936
f 1936 1668 1934
f 1605 1670 1935
f 1935 1670 1937
f 1541 1637 1936
f 1936 1637 1938
f 1543 1641 1939
f 1939 1641 1937
f 1599 1661 1940
f 1940 1661 1938
f 1527 1664 1939
f 1939 1664 1941
f 1542 1638 1940
f 1940 1638 1942
f 1545 1640 1943
f 1943 1640 1941
f 1526 1662 1944
f 1944 1662 1942
f 1603 1669 1943
f 1943 1669 1945
f 1544 1639 1944
f 1944 1639 1945
f 652 1946 2088
f 2088 1946 2087
f 375 394 1965
f 1965 394 1946
f 2087 1946 2108
f 2108 1946 394
f 402 522 1950
f 1950 522 1949
f 661 1951 580
f 580 1951 1950
f 403 525 1952
f 1952 525 1951
f 578 1953 579
f 579 1953 1952
f 578 2095 1953
f 1953 2095 2097
f 585 1955 420
f 420 1955 1956
f 660 1958 576
f 576 1958 1957
f 528 1958 405
f 405 1958 1959
f 659 1960 575
f 575 1960 1959
f 531 1960 408
f 408 1960 1961
f 574 658 1961
f 1961 658 1962
f 413 534 1963
f 1963 534 1962
f 672 1948 572
f 572 1948 1964
f 1471 1482 432
f 432 1482 348
f 1460 1471 349
f 349 1471 432
f 1449 1460 433
f 433 1460 349
f 1438 1449 350
f 350 1449 433
f 352 348 1492
f 1492 348 1482
f 431 352 1498
f 1498 352 1492
f 431 1904 436
f 436 1904 1987
f 436 1987 89
f 89 1987 321
f 434 1427 350
f 350 1427 1438
f 2050 1974 2049
f 2049 1974 1973
f 351 435 1903
f 1903 435 1975
f 2048 2049 1976
f 1976 2049 1973
f 2047 2048 1977
f 1977 2048 1976
f 2047 1977 2046
f 2046 1977 1978
f 2045 2046 1975
f 1975 2046 1978
f 685 2027 607
f 607 2027 2028
f 311 1979 2025
f 2025 1979 2026
f 859 5 868
f 868 5 85
f 859 846 5
f 5 846 1
f 722 1332 1980
f 1980 1332 1981
f 4 88 775
f 775 88 1982
f 736 1983 723
f 723 1983 1980
f 749 1984 736
f 736 1984 1983
f 762 1985 749
f 749 1985 1984
f 775 1982 762
f 762 1982 1985
f 811 799 2
f 2 799 87
f 2 86 811
f 811 86 823
f 823 86 835
f 835 86 1
f 846 835 1
f 89 321 2016
f 2016 85 89
f 1515 1316 1905
f 1905 1316 1986
f 1338 1986 898
f 898 1986 1316
f 244 1988 91
f 91 1988 1989
f 92 1990 244
f 244 1990 1988
f 245 1991 92
f 92 1991 1990
f 300 1992 245
f 245 1992 1991
f 165 164 1994
f 1994 164 1993
f 267 166 1996
f 1996 166 1995
f 164 267 1993
f 1993 267 1996
f 91 1989 289
f 289 1989 1997
f 168 165 1998
f 1998 165 1994
f 289 1997 325
f 325 1997 1999
f 316 168 2000
f 2000 168 1998
f 325 1999 166
f 166 1999 1995
f 1992 300 2019
f 2019 300 2018
f 316 2000 691
f 691 2000 2002
f 623 438 2004
f 2004 438 2003
f 439 623 2005
f 2005 623 2004
f 624 439 2006
f 2006 439 2005
f 624 2006 441
f 441 2006 2007
f 521 2008 520
f 520 2008 2009
f 646 2010 522
f 522 2010 2011
f 520 2009 646
f 646 2009 2010
f 438 662 2003
f 2003 662 2012
f 524 2013 521
f 521 2013 2008
f 662 1949 2012
f 2012 1949 2014
f 441 2007 673
f 673 2007 2001
f 691 2002 524
f 524 2002 2013
f 1949 522 2014
f 2014 522 2011
f 1989 1988 2015
f 1988 1990 2015
f 1990 1991 2015
f 1991 1992 2015
f 1994 1993 2015
f 1996 1995 2015
f 1993 1996 2015
f 1997 1989 2015
f 1998 1994 2015
f 1999 1997 2015
f 2000 1998 2015
f 1995 1999 2015
f 1992 2019 2015
f 2019 2001 2015
f 2002 2000 2015
f 2004 2003 2015
f 2005 2004 2015
f 2006 2005 2015
f 2007 2006 2015
f 2009 2008 2015
f 2011 2010 2015
f 2010 2009 2015
f 2003 2012 2015
f 2008 2013 2015
f 2012 2014 2015
f 2001 2007 2015
f 2013 2002 2015
f 2014 2011 2015
f 321 885 2016
f 2016 885 878
f 868 85 878
f 878 85 2016
f 1498 1504 1904
f 2001 2019 673
f 673 2019 2018
f 229 2021 309
f 309 2021 2020
f 674 591 2022
f 2022 591 2023
f 591 673 2023
f 2023 673 2018
f 592 674 2024
f 2024 674 2022
f 592 2024 684
f 684 2024 2025
f 684 2025 605
f 605 2025 2026
f 1979 143 2026
f 2026 143 2027
f 143 230 2027
f 2027 230 2028
f 607 2028 688
f 688 2028 2029
f 688 2029 608
f 608 2029 2030
f 608 2030 689
f 689 2030 2031
f 689 2031 604
f 604 2031 2032
f 683 604 2033
f 2033 604 2032
f 602 683 2034
f 2034 683 2033
f 602 2034 682
f 682 2034 2020
f 2021 229 2017
f 2017 229 313
f 42 2035 313
f 313 2035 2017
f 312 2036 42
f 42 2036 2035
f 312 30 2036
f 2036 30 2037
f 308 2038 30
f 30 2038 2037
f 228 2039 308
f 308 2039 2038
f 228 46 2039
f 2039 46 2040
f 46 163 2040
f 2040 163 2041
f 163 80 2041
f 2041 80 2042
f 234 2043 80
f 80 2043 2042
f 4 2044 234
f 234 2044 2043
f 775 2045 4
f 4 2045 2044
f 762 2046 775
f 775 2046 2045
f 762 749 2046
f 2046 749 2047
f 749 736 2047
f 2047 736 2048
f 736 723 2048
f 2048 723 2049
f 723 709 2049
f 2049 709 2050
f 908 2050 709
f 1974 2050 908
f 908 1981 1332
f 2052 2066 2051
f 2051 2066 2065
f 323 2068 283
f 283 2068 2067
f 283 2067 2052
f 2052 2067 2066
f 186 279 2069
f 2069 279 2070
f 185 280 2071
f 2071 280 2072
f 279 185 2070
f 2070 185 2071
f 2053 186 2073
f 2073 186 2069
f 2051 2065 187
f 187 2065 2074
f 280 187 2072
f 2072 187 2074
f 281 2076 188
f 188 2076 2075
f 2055 2078 2054
f 2054 2078 2077
f 2054 2077 281
f 281 2077 2076
f 188 2075 2056
f 2056 2075 2079
f 2055 2053 2078
f 2078 2053 2073
f 2056 2079 189
f 189 2079 2080
f 189 2080 2057
f 2057 2080 2081
f 190 2057 2082
f 2082 2057 2081
f 2058 190 2083
f 2083 190 2082
f 192 282 2084
f 2084 282 2085
f 191 2058 2086
f 2086 2058 2083
f 282 191 2085
f 2085 191 2086
f 323 192 2068
f 2068 192 2084
f 1947 657 2087
f 2087 657 2088
f 2059 2060 2089
f 2089 2060 2090
f 657 2059 2088
f 2088 2059 2089
f 555 2092 654
f 654 2092 2091
f 556 2094 653
f 653 2094 2093
f 653 2093 555
f 555 2093 2092
f 2061 2095 556
f 556 2095 2094
f 2060 557 2090
f 2090 557 2096
f 654 2091 557
f 557 2091 2096
f 1954 558 2097
f 2097 558 2098
f 655 559 2099
f 2099 559 2100
f 558 655 2098
f 2098 655 2099
f 559 2062 2100
f 2100 2062 2101
f 1954 2097 2061
f 2061 2097 2095
f 2062 560 2101
f 2101 560 2102
f 560 2063 2102
f 2102 2063 2103
f 561 2104 2063
f 2063 2104 2103
f 2064 2105 561
f 561 2105 2104
f 562 2106 2064
f 2064 2106 2105
f 563 2108 656
f 656 2108 2107
f 656 2107 562
f 562 2107 2106
f 1947 2087 563
f 563 2087 2108
f 1687 1688 1808
f 1118 1238 1152
f 90 244 7
f 7 244 91
f 244 90 92
f 92 90 6
f 93 245 6
f 6 245 92
f 245 93 300
f 300 93 219
f 96 94 8
f 8 94 9
f 94 96 10
f 10 96 95
f 246 90 97
f 97 90 7
f 90 246 6
f 6 246 98
f 246 99 98
f 98 99 12
f 99 246 11
f 11 246 97
f 247 93 98
f 98 93 6
f 93 247 219
f 219 247 301
f 247 100 301
f 301 100 220
f 100 247 12
f 12 247 98
f 248 94 13
f 13 94 10
f 94 248 9
f 9 248 101
f 103 102 14
f 14 102 15
f 102 103 9
f 9 103 8
f 249 99 104
f 104 99 11
f 99 249 12
f 12 249 105
f 249 106 105
f 105 106 17
f 106 249 16
f 16 249 104
f 108 102 101
f 101 102 9
f 102 108 15
f 15 108 107
f 109 110 15
f 15 110 14
f 110 109 19
f 19 109 18
f 112 109 107
f 107 109 15
f 109 112 18
f 18 112 111
f 21 113 20
f 20 113 114
f 114 113 18
f 18 113 19
f 116 114 111
f 111 114 18
f 116 115 114
f 114 115 20
f 23 117 22
f 22 117 118
f 117 21 118
f 118 21 20
f 115 120 20
f 20 120 118
f 120 119 118
f 118 119 22
f 24 250 25
f 25 250 121
f 250 23 121
f 121 23 22
f 119 123 22
f 22 123 121
f 123 122 121
f 121 122 25
f 27 340 124
f 124 340 341
f 124 341 29
f 29 341 342
f 341 125 342
f 342 125 28
f 125 341 26
f 26 341 340
f 251 308 126
f 126 308 30
f 308 251 228
f 228 251 127
f 251 124 127
f 127 124 29
f 124 251 27
f 27 251 126
f 127 128 228
f 228 128 46
f 127 29 128
f 128 29 31
f 129 252 32
f 32 252 309
f 309 252 229
f 229 252 130
f 252 131 130
f 130 131 34
f 252 129 131
f 131 129 33
f 132 253 35
f 35 253 310
f 253 129 310
f 310 129 32
f 129 253 33
f 33 253 133
f 253 132 133
f 133 132 36
f 134 254 36
f 36 254 133
f 254 135 133
f 133 135 33
f 135 254 37
f 37 254 157
f 254 134 157
f 157 134 39
f 136 255 40
f 40 255 137
f 137 255 38
f 38 255 138
f 255 134 138
f 138 134 36
f 255 136 134
f 134 136 39
f 256 100 105
f 105 100 12
f 100 256 220
f 220 256 311
f 256 139 311
f 311 139 1979
f 139 256 17
f 17 256 105
f 205 286 60
f 60 286 140
f 286 204 140
f 140 204 58
f 106 257 17
f 17 257 141
f 257 136 141
f 141 136 40
f 136 257 39
f 39 257 142
f 257 106 142
f 142 106 16
f 139 258 1979
f 1979 258 143
f 258 155 143
f 143 155 230
f 155 258 40
f 40 258 141
f 258 139 141
f 141 139 17
f 285 203 144
f 144 203 61
f 204 285 58
f 58 285 144
f 57 2066 145
f 145 2066 2067
f 312 259 30
f 30 259 126
f 259 146 126
f 126 146 27
f 146 259 41
f 41 259 147
f 259 312 147
f 147 312 42
f 44 148 43
f 43 148 149
f 148 24 149
f 149 24 25
f 150 260 26
f 26 260 125
f 260 151 125
f 125 151 28
f 151 260 44
f 44 260 148
f 260 150 148
f 148 150 24
f 122 153 25
f 25 153 149
f 153 152 149
f 149 152 43
f 232 31 342
f 342 31 29
f 342 28 232
f 232 28 45
f 154 261 34
f 34 261 130
f 261 313 130
f 130 313 229
f 313 261 42
f 42 261 147
f 261 154 147
f 147 154 41
f 155 262 230
f 230 262 314
f 262 156 314
f 314 156 231
f 156 262 38
f 38 262 137
f 262 155 137
f 137 155 40
f 263 182 154
f 154 182 41
f 182 263 37
f 37 263 135
f 263 131 135
f 135 131 33
f 131 263 34
f 34 263 154
f 138 264 38
f 38 264 156
f 156 264 231
f 231 264 315
f 264 132 315
f 315 132 35
f 132 264 36
f 36 264 138
f 152 242 43
f 43 242 158
f 242 243 158
f 158 243 84
f 265 161 160
f 160 161 45
f 161 265 82
f 82 265 240
f 265 239 240
f 240 239 83
f 239 265 44
f 44 265 160
f 83 239 84
f 84 239 158
f 158 239 43
f 43 239 44
f 161 266 45
f 45 266 232
f 266 233 232
f 232 233 31
f 233 266 81
f 81 266 238
f 266 161 238
f 238 161 82
f 164 165 95
f 95 165 10
f 166 267 47
f 47 267 167
f 267 164 167
f 167 164 95
f 289 208 91
f 91 208 7
f 165 168 10
f 10 168 13
f 268 169 167
f 167 169 47
f 169 268 48
f 48 268 170
f 268 96 170
f 170 96 8
f 96 268 95
f 95 268 167
f 208 288 7
f 7 288 97
f 288 207 97
f 97 207 11
f 171 269 64
f 64 269 172
f 269 173 172
f 172 173 59
f 269 174 173
f 173 174 65
f 174 269 63
f 63 269 171
f 173 270 59
f 59 270 175
f 175 270 62
f 62 270 176
f 176 270 66
f 66 270 177
f 270 173 177
f 177 173 65
f 271 178 176
f 176 178 62
f 178 271 67
f 67 271 179
f 179 271 68
f 68 271 180
f 271 176 180
f 180 176 66
f 272 150 181
f 181 150 26
f 150 272 24
f 24 272 250
f 272 49 250
f 250 49 23
f 151 160 28
f 28 160 45
f 160 151 44
f 49 273 23
f 23 273 117
f 273 50 117
f 117 50 21
f 50 274 21
f 21 274 113
f 113 274 19
f 19 274 51
f 275 110 51
f 51 110 19
f 110 275 14
f 14 275 52
f 276 53 170
f 170 53 48
f 276 103 52
f 52 103 14
f 103 276 8
f 8 276 170
f 207 287 11
f 11 287 104
f 287 54 104
f 104 54 16
f 54 277 16
f 16 277 142
f 277 55 142
f 142 55 39
f 278 56 157
f 157 56 37
f 55 278 39
f 39 278 157
f 183 182 56
f 56 182 37
f 182 183 41
f 41 183 57
f 284 184 203
f 203 184 61
f 202 69 284
f 284 69 184
f 145 146 57
f 57 146 41
f 322 340 145
f 340 27 145
f 145 27 146
f 2070 2071 277
f 277 2071 55
f 291 209 279
f 279 209 185
f 211 291 186
f 186 291 279
f 2069 2070 54
f 54 2070 277
f 2072 2074 278
f 278 2074 56
f 290 210 280
f 280 210 187
f 209 290 185
f 185 290 280
f 2071 2072 55
f 55 2072 278
f 276 2076 53
f 53 2076 2077
f 213 2054 295
f 295 2054 281
f 295 281 215
f 215 281 188
f 2076 276 2075
f 2075 276 52
f 2073 2069 287
f 287 2069 54
f 293 211 2053
f 2053 211 186
f 275 2079 52
f 52 2079 2075
f 215 188 294
f 294 188 2056
f 294 2056 214
f 214 2056 189
f 2079 275 2080
f 2080 275 51
f 274 2081 51
f 51 2081 2080
f 214 189 296
f 296 189 2057
f 216 296 190
f 190 296 2057
f 2082 2081 50
f 50 2081 274
f 2085 2086 272
f 272 2086 49
f 298 217 282
f 282 217 191
f 218 298 192
f 192 298 282
f 2084 2085 181
f 181 2085 272
f 2083 2082 273
f 273 2082 50
f 297 216 2058
f 2058 216 190
f 217 297 191
f 191 297 2058
f 2086 2083 49
f 49 2083 273
f 183 2065 57
f 57 2065 2066
f 212 2052 292
f 292 2052 2051
f 292 2051 210
f 210 2051 187
f 2065 183 2074
f 2074 183 56
f 299 283 212
f 212 283 2052
f 324 323 299
f 299 323 283
f 71 193 58
f 58 193 140
f 60 140 72
f 72 140 193
f 70 194 61
f 61 194 144
f 58 144 71
f 71 144 194
f 195 171 74
f 74 171 64
f 171 195 63
f 63 195 75
f 72 206 60
f 60 206 205
f 63 75 174
f 174 75 196
f 174 196 65
f 65 196 76
f 65 76 177
f 177 76 197
f 66 177 77
f 77 177 197
f 78 198 68
f 68 198 179
f 67 179 79
f 79 179 198
f 77 199 66
f 66 199 180
f 68 180 78
f 78 180 199
f 200 184 73
f 73 184 69
f 70 61 200
f 200 61 184
f 73 69 201
f 201 69 202
f 201 202 339
f 339 202 338
f 338 67 339
f 339 67 79
f 284 337 202
f 202 337 338
f 178 337 62
f 62 337 336
f 335 336 285
f 285 336 203
f 335 334 175
f 175 334 59
f 333 334 286
f 286 334 204
f 333 332 172
f 172 332 64
f 332 205 331
f 331 205 206
f 332 331 64
f 64 331 74
f 330 293 2055
f 2055 293 2053
f 2078 329 2077
f 2077 329 53
f 329 328 53
f 53 328 48
f 327 328 288
f 288 328 207
f 169 327 47
f 47 327 326
f 325 326 289
f 289 326 208
f 290 209 194
f 194 209 71
f 210 290 70
f 70 290 194
f 211 293 72
f 72 293 206
f 209 291 71
f 71 291 193
f 291 211 193
f 193 211 72
f 200 292 70
f 70 292 210
f 292 200 212
f 212 200 73
f 293 330 206
f 206 330 331
f 2054 213 2055
f 2055 213 330
f 196 294 76
f 76 294 214
f 294 196 215
f 215 196 75
f 295 195 213
f 213 195 74
f 195 295 75
f 75 295 215
f 296 197 214
f 214 197 76
f 296 216 197
f 197 216 77
f 216 297 77
f 77 297 199
f 297 217 199
f 199 217 78
f 324 218 323
f 323 218 192
f 218 324 79
f 79 324 339
f 217 298 78
f 78 298 198
f 298 218 198
f 198 218 79
f 201 299 73
f 73 299 212
f 248 302 101
f 101 302 221
f 302 248 222
f 222 248 13
f 108 303 107
f 107 303 223
f 303 108 221
f 221 108 101
f 112 304 111
f 111 304 224
f 304 112 223
f 223 112 107
f 305 225 116
f 116 225 115
f 224 305 111
f 111 305 116
f 306 226 120
f 120 226 119
f 225 306 115
f 115 306 120
f 307 227 123
f 123 227 122
f 226 307 119
f 119 307 123
f 347 346 153
f 153 346 152
f 153 122 347
f 347 122 227
f 345 344 242
f 242 344 243
f 242 152 345
f 345 152 346
f 168 316 13
f 13 316 222
f 317 128 233
f 233 128 31
f 128 317 46
f 46 317 163
f 317 236 163
f 163 236 80
f 317 233 236
f 236 233 81
f 235 318 81
f 81 318 236
f 318 234 236
f 236 234 80
f 234 318 4
f 4 318 88
f 318 235 88
f 88 235 3
f 237 319 82
f 82 319 238
f 319 235 238
f 238 235 81
f 235 319 3
f 3 319 87
f 319 237 87
f 87 237 2
f 320 237 240
f 240 237 82
f 237 320 2
f 2 320 86
f 86 320 1
f 1 320 162
f 320 240 162
f 162 240 83
f 1 162 5
f 5 162 241
f 162 83 241
f 241 83 84
f 243 159 84
f 84 159 241
f 241 159 5
f 5 159 85
f 344 343 243
f 243 343 159
f 343 89 159
f 159 89 85
f 145 2067 322
f 322 2067 2068
f 322 181 340
f 340 181 26
f 2068 2084 322
f 322 2084 181
f 326 325 47
f 47 325 166
f 326 327 208
f 208 327 288
f 48 328 169
f 169 328 327
f 328 329 207
f 207 329 287
f 287 329 2073
f 2073 329 2078
f 331 330 74
f 74 330 213
f 332 333 205
f 205 333 286
f 334 333 59
f 59 333 172
f 334 335 204
f 204 335 285
f 62 336 175
f 175 336 335
f 203 336 284
f 284 336 337
f 67 338 178
f 178 338 337
f 339 324 201
f 201 324 299
f 300 219 2018
f 2018 219 2023
f 219 301 2023
f 2023 301 2022
f 301 220 2022
f 2022 220 2024
f 302 675 221
f 221 675 593
f 222 594 302
f 302 594 675
f 303 676 223
f 223 676 595
f 303 221 676
f 676 221 593
f 304 677 224
f 224 677 596
f 223 595 304
f 304 595 677
f 305 678 225
f 225 678 597
f 224 596 305
f 305 596 678
f 306 679 226
f 226 679 598
f 225 597 306
f 306 597 679
f 227 307 599
f 599 307 680
f 226 598 307
f 307 598 680
f 2038 681 2037
f 2037 681 600
f 2039 601 2038
f 2038 601 681
f 2040 609 2039
f 2039 609 601
f 32 309 2034
f 2034 309 2020
f 682 2020 603
f 603 2020 2021
f 35 310 2032
f 2032 310 2033
f 310 32 2033
f 2033 32 2034
f 220 311 2024
f 2024 311 2025
f 605 2026 685
f 685 2026 2027
f 2036 686 2035
f 2035 686 606
f 2037 600 2036
f 2036 600 686
f 347 1972 346
f 346 1972 1971
f 227 599 347
f 347 599 1972
f 2017 687 2021
f 2021 687 603
f 2035 606 2017
f 2017 606 687
f 230 314 2028
f 2028 314 2029
f 314 231 2029
f 2029 231 2030
f 231 315 2030
f 2030 315 2031
f 315 35 2031
f 2031 35 2032
f 345 1970 344
f 344 1970 1969
f 346 1971 345
f 345 1971 1970
f 2041 690 2040
f 2040 690 609
f 2042 613 2041
f 2041 613 690
f 316 691 222
f 222 691 594
f 2043 693 2042
f 2042 693 613
f 2044 435 2043
f 2043 435 693
f 89 343 436
f 436 343 1968
f 343 344 1968
f 1968 344 1969
f 437 354 623
f 623 354 438
f 353 437 439
f 439 437 623
f 440 353 624
f 624 353 439
f 355 440 441
f 441 440 624
f 357 442 356
f 356 442 444
f 442 358 444
f 444 358 443
f 354 437 445
f 445 437 625
f 437 353 625
f 625 353 446
f 360 447 446
f 446 447 625
f 447 359 625
f 625 359 445
f 353 440 446
f 446 440 626
f 440 355 626
f 626 355 448
f 361 449 448
f 448 449 626
f 449 360 626
f 626 360 446
f 358 442 362
f 362 442 627
f 442 357 627
f 627 357 450
f 364 451 363
f 363 451 452
f 451 357 452
f 452 357 356
f 359 447 453
f 453 447 628
f 447 360 628
f 628 360 454
f 366 455 454
f 454 455 628
f 455 365 628
f 628 365 453
f 357 451 450
f 450 451 457
f 451 364 457
f 457 364 456
f 458 364 459
f 459 364 363
f 367 458 368
f 368 458 459
f 364 458 456
f 456 458 461
f 458 367 461
f 461 367 460
f 370 369 462
f 462 369 463
f 463 367 462
f 462 367 368
f 367 463 460
f 460 463 465
f 369 464 463
f 463 464 465
f 372 371 466
f 466 371 467
f 369 370 467
f 467 370 466
f 464 369 469
f 469 369 467
f 371 468 467
f 467 468 469
f 373 374 629
f 629 374 470
f 371 372 470
f 470 372 629
f 468 371 472
f 472 371 470
f 374 471 470
f 470 471 472
f 376 473 1965
f 1965 473 1966
f 473 378 1966
f 1966 378 1967
f 377 474 1967
f 1967 474 1966
f 474 375 1966
f 1966 375 1965
f 379 476 475
f 475 476 630
f 476 380 630
f 630 380 477
f 378 473 477
f 477 473 630
f 473 376 630
f 630 376 475
f 477 380 478
f 478 380 400
f 477 478 378
f 378 478 381
f 479 382 631
f 631 382 480
f 480 383 631
f 631 383 481
f 385 482 481
f 481 482 631
f 384 479 482
f 482 479 631
f 483 386 632
f 632 386 484
f 382 479 484
f 484 479 632
f 479 384 632
f 632 384 485
f 387 483 485
f 485 483 632
f 486 387 633
f 633 387 485
f 384 487 485
f 485 487 633
f 487 388 633
f 633 388 512
f 391 486 512
f 512 486 633
f 488 392 634
f 634 392 489
f 489 389 634
f 634 389 490
f 387 486 490
f 490 486 634
f 391 488 486
f 486 488 634
f 360 449 454
f 454 449 635
f 449 361 635
f 635 361 491
f 390 492 491
f 491 492 635
f 492 366 635
f 635 366 454
f 576 406 660
f 660 406 493
f 404 575 493
f 493 575 660
f 455 366 636
f 636 366 494
f 392 488 494
f 494 488 636
f 488 391 636
f 636 391 495
f 365 455 495
f 495 455 636
f 492 390 637
f 637 390 496
f 393 509 496
f 496 509 637
f 509 392 637
f 637 392 494
f 366 492 494
f 494 492 637
f 407 574 497
f 497 574 659
f 575 404 659
f 659 404 497
f 2088 2089 652
f 652 2089 553
f 498 379 638
f 638 379 475
f 376 499 475
f 475 499 638
f 499 395 638
f 638 395 500
f 396 498 500
f 500 498 638
f 398 397 501
f 501 397 502
f 374 373 502
f 502 373 501
f 503 375 639
f 639 375 474
f 377 504 474
f 474 504 639
f 504 398 639
f 639 398 501
f 373 503 501
f 501 503 639
f 471 374 506
f 506 374 502
f 397 505 502
f 502 505 506
f 610 1967 381
f 381 1967 378
f 399 377 610
f 610 377 1967
f 507 385 640
f 640 385 481
f 383 508 481
f 481 508 640
f 508 396 640
f 640 396 500
f 395 507 500
f 500 507 640
f 509 393 641
f 641 393 510
f 401 511 510
f 510 511 641
f 511 389 641
f 641 389 489
f 392 509 489
f 489 509 641
f 507 395 642
f 642 395 539
f 388 487 539
f 539 487 642
f 384 482 487
f 487 482 642
f 482 385 642
f 642 385 507
f 389 511 490
f 490 511 643
f 511 401 643
f 643 401 513
f 386 483 513
f 513 483 643
f 483 387 643
f 643 387 490
f 505 397 621
f 621 397 514
f 430 622 514
f 514 622 621
f 399 517 516
f 516 517 644
f 517 428 644
f 644 428 619
f 619 429 644
f 644 429 618
f 618 398 644
f 644 398 516
f 429 430 618
f 618 430 514
f 397 398 514
f 514 398 618
f 517 399 645
f 645 399 610
f 381 611 610
f 610 611 645
f 611 427 645
f 645 427 617
f 428 517 617
f 617 517 645
f 358 521 443
f 443 521 520
f 522 402 646
f 646 402 523
f 443 520 523
f 523 520 646
f 354 580 438
f 438 580 662
f 521 358 524
f 524 358 362
f 402 525 523
f 523 525 647
f 525 403 647
f 647 403 526
f 356 444 526
f 526 444 647
f 444 443 647
f 647 443 523
f 580 354 661
f 661 354 445
f 359 579 445
f 445 579 661
f 527 410 648
f 648 410 528
f 405 529 528
f 528 529 648
f 411 530 529
f 529 530 648
f 530 409 648
f 648 409 527
f 529 405 649
f 649 405 531
f 408 532 531
f 531 532 649
f 532 412 649
f 649 412 533
f 533 411 649
f 649 411 529
f 532 408 650
f 650 408 534
f 534 413 650
f 650 413 535
f 535 414 650
f 650 414 536
f 412 532 536
f 536 532 650
f 375 503 394
f 394 503 538
f 503 373 538
f 538 373 629
f 372 537 629
f 629 537 538
f 377 399 504
f 504 399 516
f 516 398 504
f 537 372 541
f 541 372 466
f 370 540 466
f 466 540 541
f 540 370 543
f 543 370 462
f 462 368 543
f 543 368 542
f 368 459 542
f 542 459 545
f 459 363 545
f 545 363 544
f 403 546 526
f 526 546 547
f 363 452 544
f 544 452 547
f 452 356 547
f 547 356 526
f 579 359 578
f 578 359 453
f 365 548 453
f 453 548 578
f 548 365 550
f 550 365 495
f 391 549 495
f 495 549 550
f 388 551 512
f 512 551 552
f 549 391 552
f 552 391 512
f 388 539 551
f 551 539 651
f 539 395 651
f 651 395 553
f 407 554 574
f 574 554 658
f 573 658 415
f 415 658 554
f 395 499 553
f 553 499 652
f 1946 652 1965
f 652 499 1965
f 499 376 1965
f 549 2092 550
f 550 2092 2093
f 664 653 581
f 581 653 555
f 583 556 664
f 664 556 653
f 2094 548 2093
f 2093 548 550
f 551 2096 552
f 552 2096 2091
f 663 654 582
f 582 654 557
f 581 555 663
f 663 555 654
f 2092 549 2091
f 2091 549 552
f 547 546 2099
f 2099 546 2098
f 585 668 558
f 558 668 655
f 668 587 655
f 655 587 559
f 544 547 2100
f 2100 547 2099
f 548 2094 578
f 578 2094 2095
f 666 2061 583
f 583 2061 556
f 545 544 2101
f 2101 544 2100
f 587 667 559
f 559 667 2062
f 667 586 2062
f 2062 586 560
f 542 545 2102
f 2102 545 2101
f 543 542 2103
f 2103 542 2102
f 586 669 560
f 560 669 2063
f 588 561 669
f 669 561 2063
f 2104 540 2103
f 2103 540 543
f 537 2106 538
f 538 2106 2107
f 671 656 589
f 589 656 562
f 590 563 671
f 671 563 656
f 2108 394 2107
f 2107 394 538
f 540 2104 541
f 541 2104 2105
f 670 2064 588
f 588 2064 561
f 589 562 670
f 670 562 2064
f 2106 537 2105
f 2105 537 541
f 651 553 2090
f 2090 553 2089
f 584 665 2059
f 2059 665 2060
f 665 582 2060
f 2060 582 557
f 551 651 2096
f 2096 651 2090
f 672 584 657
f 657 584 2059
f 1948 672 1947
f 1947 672 657
f 417 404 564
f 564 404 493
f 564 493 418
f 418 493 406
f 416 407 565
f 565 407 497
f 565 497 417
f 417 497 404
f 566 420 527
f 527 420 410
f 527 409 566
f 566 409 421
f 418 406 577
f 577 406 576
f 567 421 530
f 530 421 409
f 530 411 567
f 567 411 422
f 568 422 533
f 533 422 411
f 568 533 423
f 423 533 412
f 424 414 569
f 569 414 535
f 569 535 425
f 425 535 413
f 423 412 570
f 570 412 536
f 570 536 424
f 424 536 414
f 571 419 554
f 554 419 415
f 554 407 571
f 571 407 416
f 419 572 415
f 415 572 573
f 572 1964 573
f 573 1964 1963
f 425 413 1964
f 1964 413 1963
f 658 573 1962
f 1962 573 1963
f 408 1961 534
f 534 1961 1962
f 574 1961 659
f 659 1961 1960
f 405 1959 531
f 531 1959 1960
f 575 1959 660
f 660 1959 1958
f 410 1957 528
f 528 1957 1958
f 577 576 1956
f 1956 576 1957
f 420 1956 410
f 410 1956 1957
f 2061 666 1954
f 1954 666 1955
f 546 1953 2098
f 2098 1953 2097
f 403 1952 546
f 546 1952 1953
f 579 1952 661
f 661 1952 1951
f 525 402 1951
f 1951 402 1950
f 580 1950 662
f 662 1950 1949
f 417 581 565
f 565 581 663
f 582 416 663
f 663 416 565
f 583 418 666
f 666 418 577
f 581 417 664
f 664 417 564
f 418 583 564
f 564 583 664
f 571 416 665
f 665 416 582
f 419 571 584
f 584 571 665
f 666 577 1955
f 1955 577 1956
f 1955 585 1954
f 1954 585 558
f 567 422 667
f 667 422 586
f 421 567 587
f 587 567 667
f 420 566 585
f 585 566 668
f 566 421 668
f 668 421 587
f 422 568 586
f 586 568 669
f 423 588 568
f 568 588 669
f 588 423 670
f 670 423 570
f 424 589 570
f 570 589 670
f 1948 1947 590
f 590 1947 563
f 590 425 1948
f 1948 425 1964
f 589 424 671
f 671 424 569
f 425 590 569
f 569 590 671
f 572 419 672
f 672 419 584
f 591 355 673
f 673 355 441
f 355 591 448
f 448 591 674
f 592 361 674
f 674 361 448
f 627 450 675
f 675 450 593
f 362 627 594
f 594 627 675
f 457 456 676
f 676 456 595
f 450 457 593
f 593 457 676
f 460 596 461
f 461 596 677
f 456 461 595
f 595 461 677
f 464 597 465
f 465 597 678
f 596 460 678
f 678 460 465
f 468 598 469
f 469 598 679
f 597 464 679
f 679 464 469
f 471 599 472
f 472 599 680
f 598 468 680
f 680 468 472
f 476 379 681
f 681 379 600
f 380 476 601
f 601 476 681
f 380 601 400
f 400 601 609
f 382 602 480
f 480 602 682
f 603 383 682
f 682 383 480
f 386 604 484
f 484 604 683
f 602 382 683
f 683 382 484
f 361 592 491
f 491 592 684
f 605 390 684
f 684 390 491
f 390 605 496
f 496 605 685
f 607 393 685
f 685 393 496
f 396 606 498
f 498 606 686
f 600 379 686
f 686 379 498
f 505 1971 506
f 506 1971 1972
f 506 1972 471
f 471 1972 599
f 508 383 687
f 687 383 603
f 396 508 606
f 606 508 687
f 393 607 510
f 510 607 688
f 608 401 688
f 688 401 510
f 401 608 513
f 513 608 689
f 604 386 689
f 689 386 513
f 622 1969 621
f 621 1969 1970
f 621 1970 505
f 505 1970 1971
f 400 609 519
f 519 609 690
f 613 426 690
f 690 426 519
f 524 362 691
f 691 362 594
f 381 478 611
f 611 478 692
f 478 400 692
f 692 400 519
f 426 615 519
f 519 615 692
f 615 427 692
f 692 427 611
f 426 613 612
f 612 613 693
f 351 612 435
f 435 612 693
f 427 615 614
f 614 615 694
f 615 426 694
f 694 426 612
f 351 434 612
f 612 434 694
f 350 614 434
f 434 614 694
f 616 428 695
f 695 428 617
f 617 427 695
f 695 427 614
f 350 433 614
f 614 433 695
f 433 349 695
f 695 349 616
f 619 428 696
f 696 428 616
f 349 432 616
f 616 432 696
f 432 348 696
f 696 348 518
f 429 619 518
f 518 619 696
f 348 352 518
f 518 352 620
f 430 429 620
f 620 429 518
f 622 430 515
f 515 430 620
f 352 431 620
f 620 431 515
f 1969 622 1968
f 1968 622 515
f 431 436 515
f 515 436 1968
f 698 711 697
f 697 711 710
f 699 712 698
f 698 712 711
f 700 713 699
f 699 713 712
f 701 714 700
f 700 714 713
f 702 715 701
f 701 715 714
f 703 716 702
f 702 716 715
f 704 717 703
f 703 717 716
f 705 718 704
f 704 718 717
f 705 706 718
f 718 706 719
f 706 707 719
f 719 707 720
f 708 721 707
f 707 721 720
f 1332 722 708
f 708 722 721
f 709 723 1981
f 1981 723 1980
f 711 725 710
f 710 725 724
f 712 726 711
f 711 726 725
f 713 727 712
f 712 727 726
f 714 728 713
f 713 728 727
f 715 729 714
f 714 729 728
f 716 730 715
f 715 730 729
f 717 731 716
f 716 731 730
f 718 732 717
f 717 732 731
f 718 719 732
f 732 719 733
f 719 720 733
f 733 720 734
f 721 735 720
f 720 735 734
f 1334 722 1983
f 1983 722 1980
f 725 738 724
f 724 738 737
f 726 739 725
f 725 739 738
f 727 740 726
f 726 740 739
f 728 741 727
f 727 741 740
f 729 742 728
f 728 742 741
f 730 743 729
f 729 743 742
f 731 744 730
f 730 744 743
f 732 745 731
f 731 745 744
f 732 733 745
f 745 733 746
f 734 747 733
f 733 747 746
f 735 748 734
f 734 748 747
f 1335 1334 1984
f 1984 1334 1983
f 737 738 750
f 750 738 751
f 739 752 738
f 738 752 751
f 740 753 739
f 739 753 752
f 741 754 740
f 740 754 753
f 742 755 741
f 741 755 754
f 743 756 742
f 742 756 755
f 744 757 743
f 743 757 756
f 745 758 744
f 744 758 757
f 745 746 758
f 758 746 759
f 747 760 746
f 746 760 759
f 748 761 747
f 747 761 760
f 1336 1335 1985
f 1985 1335 1984
f 750 751 763
f 763 751 764
f 752 765 751
f 751 765 764
f 753 766 752
f 752 766 765
f 754 767 753
f 753 767 766
f 755 768 754
f 754 768 767
f 756 769 755
f 755 769 768
f 757 770 756
f 756 770 769
f 758 771 757
f 757 771 770
f 758 759 771
f 771 759 772
f 760 773 759
f 759 773 772
f 761 774 760
f 760 774 773
f 1337 1336 1982
f 1982 1336 1985
f 763 764 776
f 776 764 777
f 765 778 764
f 764 778 777
f 766 779 765
f 765 779 778
f 767 780 766
f 766 780 779
f 768 781 767
f 767 781 780
f 769 782 768
f 768 782 781
f 770 783 769
f 769 783 782
f 771 784 770
f 770 784 783
f 771 772 784
f 784 772 785
f 772 773 785
f 785 773 786
f 774 787 773
f 773 787 786
f 3 1337 88
f 88 1337 1982
f 776 777 788
f 788 777 789
f 778 790 777
f 777 790 789
f 779 791 778
f 778 791 790
f 780 792 779
f 779 792 791
f 781 793 780
f 780 793 792
f 782 794 781
f 781 794 793
f 783 795 782
f 782 795 794
f 784 796 783
f 783 796 795
f 784 785 796
f 796 785 797
f 785 786 797
f 797 786 798
f 787 799 786
f 786 799 798
f 788 789 800
f 800 789 801
f 790 802 789
f 789 802 801
f 791 803 790
f 790 803 802
f 792 804 791
f 791 804 803
f 793 805 792
f 792 805 804
f 794 806 793
f 793 806 805
f 795 807 794
f 794 807 806
f 796 808 795
f 795 808 807
f 796 797 808
f 808 797 809
f 797 798 809
f 809 798 810
f 799 811 798
f 798 811 810
f 800 801 812
f 812 801 813
f 802 814 801
f 801 814 813
f 803 815 802
f 802 815 814
f 804 816 803
f 803 816 815
f 805 817 804
f 804 817 816
f 806 818 805
f 805 818 817
f 807 819 806
f 806 819 818
f 808 820 807
f 807 820 819
f 808 809 820
f 820 809 821
f 809 810 821
f 821 810 822
f 811 823 810
f 810 823 822
f 812 813 824
f 824 813 825
f 814 826 813
f 813 826 825
f 815 827 814
f 814 827 826
f 816 828 815
f 815 828 827
f 817 829 816
f 816 829 828
f 818 830 817
f 817 830 829
f 819 831 818
f 818 831 830
f 819 820 831
f 831 820 832
f 820 821 832
f 832 821 833
f 821 822 833
f 833 822 834
f 822 823 834
f 834 823 835
f 824 825 847
f 847 825 836
f 826 837 825
f 825 837 836
f 827 838 826
f 826 838 837
f 828 839 827
f 827 839 838
f 829 840 828
f 828 840 839
f 830 841 829
f 829 841 840
f 831 842 830
f 830 842 841
f 831 832 842
f 842 832 843
f 832 833 843
f 843 833 844
f 834 845 833
f 833 845 844
f 834 835 845
f 845 835 846
f 847 836 848
f 848 836 849
f 836 837 849
f 849 837 850
f 837 838 850
f 850 838 851
f 838 839 851
f 851 839 852
f 840 853 839
f 839 853 852
f 841 854 840
f 840 854 853
f 842 855 841
f 841 855 854
f 842 843 855
f 855 843 856
f 844 857 843
f 843 857 856
f 845 858 844
f 844 858 857
f 846 859 845
f 845 859 858
f 848 849 860
f 860 849 861
f 849 850 861
f 861 850 862
f 850 851 862
f 862 851 863
f 854 855 864
f 856 865 855
f 855 865 864
f 857 866 856
f 856 866 865
f 858 867 857
f 857 867 866
f 859 868 858
f 858 868 867
f 860 861 869
f 869 861 870
f 861 862 870
f 870 862 871
f 869 870 872
f 872 870 873
f 871 874 870
f 870 874 873
f 876 875 866
f 866 875 865
f 867 877 866
f 866 877 876
f 868 878 867
f 867 878 877
f 872 873 879
f 879 873 880
f 874 881 873
f 873 881 880
f 882 875 883
f 883 875 876
f 876 877 883
f 883 877 884
f 878 885 877
f 877 885 884
f 879 880 886
f 886 880 887
f 880 881 887
f 887 881 888
f 890 889 883
f 883 889 882
f 883 884 890
f 890 884 891
f 885 892 884
f 884 892 891
f 886 887 893
f 893 887 894
f 887 888 894
f 894 888 895
f 889 890 1314
f 1314 890 896
f 890 891 896
f 896 891 897
f 891 892 897
f 897 892 1315
f 892 1338 1315
f 1315 1338 898
f 1986 1338 1987
f 1987 1338 321
f 893 894 899
f 899 894 900
f 894 895 900
f 900 895 901
f 1313 1312 906
f 906 1312 907
f 698 697 908
f 699 698 908
f 700 699 908
f 701 700 908
f 702 701 908
f 703 702 908
f 704 703 908
f 705 704 908
f 706 705 908
f 707 706 908
f 708 707 908
f 708 908 1332
f 709 1981 908
f 942 981 1008
f 1008 981 1045
f 1008 1029 942
f 942 1029 957
f 943 959 1008
f 1008 959 1029
f 1008 1045 943
f 943 1045 982
f 944 980 1009
f 1009 980 1044
f 1009 1030 944
f 944 1030 956
f 942 957 1009
f 1009 957 1030
f 1009 1044 942
f 942 1044 981
f 945 979 1010
f 1010 979 1043
f 1010 1028 945
f 945 1028 954
f 944 956 1010
f 1010 956 1028
f 1010 1043 944
f 944 1043 980
f 978 1042 946
f 946 1042 1011
f 1011 1031 946
f 946 1031 961
f 945 954 1011
f 1011 954 1031
f 1011 1042 945
f 945 1042 979
f 1033 965 1012
f 1012 965 947
f 961 1033 946
f 946 1033 1012
f 1012 947 1068
f 1068 947 1067
f 977 1041 948
f 948 1041 1013
f 1035 969 1013
f 1013 969 948
f 965 1035 947
f 947 1035 1013
f 1041 1067 1013
f 1013 1067 947
f 976 1040 949
f 949 1040 1014
f 1037 972 1014
f 1014 972 949
f 969 1037 948
f 948 1037 1014
f 1040 977 1014
f 1014 977 948
f 974 1039 950
f 950 1039 1015
f 1036 968 1015
f 1015 968 950
f 972 1036 949
f 949 1036 1015
f 1039 976 1015
f 1015 976 949
f 975 1038 951
f 951 1038 1016
f 1034 964 1016
f 1016 964 951
f 968 1034 950
f 950 1034 1016
f 1038 974 1016
f 1016 974 950
f 943 982 1017
f 1017 982 1046
f 1017 1032 943
f 943 1032 959
f 951 964 1017
f 1017 964 1032
f 1017 1046 951
f 951 1046 975
f 1039 974 1045
f 1045 974 982
f 987 1049 1907
f 1907 1049 1908
f 924 1018 1909
f 1909 1018 1908
f 991 1051 1914
f 1914 1051 1912
f 926 1019 1910
f 1910 1019 1912
f 910 1052 1910
f 1910 1052 1906
f 952 1020 1907
f 1907 1020 1906
f 1053 1911 909
f 909 1911 1909
f 925 1021 1913
f 1913 1021 1911
f 911 1054 1913
f 1913 1054 1915
f 1022 1915 927
f 927 1915 1917
f 1023 1919 928
f 928 1919 1921
f 1047 1919 983
f 983 1919 1917
f 1048 1923 985
f 985 1923 1921
f 1024 1923 930
f 930 1923 1925
f 1055 1924 912
f 912 1924 1925
f 1025 1924 931
f 931 1924 1922
f 1050 1920 989
f 989 1920 1922
f 1026 1920 929
f 929 1920 1918
f 1056 1916 913
f 913 1916 1918
f 1027 1916 953
f 953 1916 1914
f 1028 955 954
f 954 955 915
f 955 1028 914
f 914 1028 956
f 1029 958 957
f 957 958 917
f 958 1029 916
f 916 1029 959
f 1030 960 956
f 956 960 914
f 960 1030 917
f 917 1030 957
f 1031 962 961
f 961 962 918
f 962 1031 915
f 915 1031 954
f 1032 963 959
f 959 963 916
f 963 1032 919
f 919 1032 964
f 965 1033 920
f 920 1033 966
f 1033 961 966
f 966 961 918
f 964 1034 919
f 919 1034 967
f 1034 968 967
f 967 968 921
f 969 1035 922
f 922 1035 970
f 1035 965 970
f 970 965 920
f 968 1036 921
f 921 1036 971
f 1036 972 971
f 971 972 923
f 972 1037 923
f 923 1037 973
f 1037 969 973
f 973 969 922
f 955 1021 915
f 915 1021 925
f 1021 955 924
f 924 955 914
f 958 1020 917
f 917 1020 952
f 926 1020 916
f 916 1020 958
f 924 914 1018
f 1018 914 960
f 917 952 960
f 960 952 1018
f 962 1022 918
f 918 1022 927
f 915 925 962
f 962 925 1022
f 916 963 926
f 926 963 1019
f 953 1019 919
f 919 1019 963
f 966 1023 920
f 920 1023 928
f 918 927 966
f 966 927 1023
f 919 967 953
f 953 967 1027
f 929 1027 921
f 921 1027 967
f 970 1024 922
f 922 1024 930
f 920 928 970
f 970 928 1024
f 921 971 929
f 929 971 1026
f 931 1026 923
f 923 1026 971
f 931 923 1025
f 1025 923 973
f 922 930 973
f 973 930 1025
f 1047 997 985
f 985 997 933
f 1047 983 997
f 997 983 932
f 1048 984 912
f 912 984 934
f 984 1048 933
f 933 1048 985
f 909 1049 936
f 936 1049 986
f 1049 987 986
f 986 987 935
f 1050 988 913
f 913 988 938
f 988 1050 937
f 937 1050 989
f 910 1051 940
f 940 1051 990
f 990 1051 939
f 939 1051 991
f 987 1052 935
f 935 1052 992
f 1052 910 992
f 992 910 940
f 911 1053 941
f 941 1053 993
f 1053 909 993
f 993 909 936
f 983 1054 932
f 932 1054 994
f 1054 911 994
f 994 911 941
f 1055 995 989
f 989 995 937
f 995 1055 934
f 934 1055 912
f 1056 996 991
f 991 996 939
f 996 1056 938
f 938 1056 913
f 1057 998 997
f 997 998 933
f 999 1057 932
f 932 1057 997
f 984 1058 934
f 934 1058 1000
f 1058 984 998
f 998 984 933
f 1059 1001 986
f 986 1001 936
f 1002 1059 935
f 935 1059 986
f 988 1060 938
f 938 1060 1003
f 1060 988 1004
f 1004 988 937
f 990 1061 940
f 940 1061 1005
f 1061 990 1006
f 1006 990 939
f 1062 1002 992
f 992 1002 935
f 1005 1062 940
f 940 1062 992
f 1063 1007 993
f 993 1007 941
f 1001 1063 936
f 936 1063 993
f 1064 999 994
f 994 999 932
f 1007 1064 941
f 941 1064 994
f 995 1065 937
f 937 1065 1004
f 1065 995 1000
f 1000 995 934
f 996 1066 939
f 939 1066 1006
f 1066 996 1003
f 1003 996 938
f 1038 975 974
f 974 975 982
f 975 1046 982
f 981 1044 976
f 976 1044 1040
f 1045 981 1039
f 1039 981 976
f 1044 980 1040
f 1040 980 977
f 1042 978 979
f 1067 979 1068
f 979 978 1068
f 1043 1041 980
f 980 1041 977
f 1068 978 1012
f 1012 978 946
f 979 1067 1043
f 1043 1067 1041
f 998 1057 904
f 904 1057 905
f 1057 999 905
f 905 999 1314
f 1058 903 1000
f 1000 903 902
f 1059 864 1001
f 1001 864 865
f 1059 1002 864
f 864 1002 854
f 1060 888 1003
f 1003 888 881
f 1004 895 1060
f 1060 895 888
f 1005 1061 852
f 852 1061 863
f 1061 1006 863
f 863 1006 871
f 1062 853 1002
f 1002 853 854
f 1062 1005 853
f 853 1005 852
f 1007 1063 882
f 882 1063 875
f 1063 1001 875
f 875 1001 865
f 1064 1007 889
f 889 1007 882
f 1004 1065 895
f 895 1065 901
f 1000 902 1065
f 1065 902 901
f 1006 1066 871
f 871 1066 874
f 1066 1003 874
f 874 1003 881
f 998 904 1058
f 1058 904 903
f 871 862 863
f 863 851 852
f 1064 889 999
f 999 889 1314
f 1117 1238 1118
f 1238 1153 1152
f 1152 1153 1118
f 1154 1239 1071
f 1071 1239 1093
f 1239 1154 1309
f 1309 1154 1310
f 1240 1311 1154
f 1154 1311 1310
f 1111 1288 1094
f 1094 1288 1240
f 1240 1154 1094
f 1094 1154 1071
f 1119 1155 1220
f 1220 1155 1298
f 1116 1298 1114
f 1114 1298 1155
f 1113 1151 1121
f 1121 1151 1156
f 1072 1156 1070
f 1070 1156 1151
f 1155 1241 1114
f 1114 1241 1157
f 1241 1278 1157
f 1157 1278 1115
f 1278 1241 1223
f 1223 1241 1158
f 1241 1155 1158
f 1158 1155 1119
f 1122 1159 1219
f 1219 1159 1275
f 1220 1275 1119
f 1119 1275 1159
f 1160 1242 1124
f 1124 1242 1161
f 1242 1246 1161
f 1161 1246 1125
f 1246 1242 1162
f 1162 1242 1123
f 1123 1242 1160
f 1163 1243 1121
f 1121 1243 1120
f 1243 1163 1221
f 1221 1163 1126
f 1163 1244 1126
f 1126 1244 1164
f 1244 1095 1164
f 1164 1095 1073
f 1095 1244 1072
f 1072 1244 1156
f 1244 1163 1156
f 1156 1163 1121
f 1279 1245 1224
f 1224 1245 1165
f 1165 1245 1122
f 1122 1245 1159
f 1245 1158 1159
f 1159 1158 1119
f 1245 1279 1158
f 1158 1279 1223
f 1125 1246 1127
f 1127 1246 1166
f 1166 1246 1167
f 1130 1168 1209
f 1209 1168 1129
f 1168 1130 1210
f 1210 1130 1297
f 1169 1247 1074
f 1074 1247 1096
f 1096 1247 1075
f 1075 1247 1267
f 1247 1168 1267
f 1267 1168 1210
f 1247 1169 1168
f 1168 1169 1129
f 1229 1248 1132
f 1132 1248 1171
f 1248 1170 1171
f 1171 1170 1131
f 1249 1173 1172
f 1172 1173 1133
f 1249 1238 1173
f 1173 1238 1117
f 1302 1175 1172
f 1172 1175 1249
f 1249 1174 1238
f 1238 1174 1153
f 1174 1249 1134
f 1134 1249 1175
f 1176 1250 1307
f 1307 1250 1308
f 1250 1239 1308
f 1308 1239 1309
f 1239 1250 1093
f 1093 1250 1097
f 1250 1176 1097
f 1097 1176 1076
f 1219 1274 1122
f 1122 1274 1177
f 1136 1177 1135
f 1135 1177 1274
f 1178 1251 1137
f 1137 1251 1179
f 1251 1180 1179
f 1179 1180 1138
f 1180 1251 1133
f 1133 1251 1172
f 1252 1178 1181
f 1181 1178 1137
f 1175 1302 1236
f 1182 1236 1302
f 1182 1252 1127
f 1127 1252 1183
f 1252 1181 1183
f 1183 1181 1139
f 1253 1180 1184
f 1184 1180 1133
f 1180 1253 1138
f 1138 1253 1185
f 1253 1287 1185
f 1185 1287 1233
f 1287 1253 1234
f 1234 1253 1184
f 1218 1273 1140
f 1140 1273 1186
f 1141 1186 1217
f 1217 1186 1273
f 1187 1254 1143
f 1143 1254 1188
f 1254 1189 1188
f 1188 1189 1145
f 1189 1254 1144
f 1144 1254 1190
f 1254 1187 1190
f 1190 1187 1142
f 1191 1255 1146
f 1146 1255 1192
f 1255 1193 1192
f 1192 1193 1131
f 1255 1187 1193
f 1193 1187 1143
f 1187 1255 1142
f 1142 1255 1191
f 1194 1256 1226
f 1226 1256 1282
f 1256 1195 1282
f 1282 1195 1227
f 1195 1256 1141
f 1141 1256 1186
f 1256 1194 1186
f 1186 1194 1140
f 1257 1189 1196
f 1196 1189 1144
f 1189 1257 1145
f 1145 1257 1197
f 1257 1285 1197
f 1197 1285 1231
f 1285 1257 1232
f 1232 1257 1196
f 1217 1272 1141
f 1141 1272 1195
f 1228 1227 1272
f 1272 1227 1195
f 1258 1284 1198
f 1198 1284 1230
f 1284 1258 1231
f 1231 1258 1197
f 1197 1258 1145
f 1145 1258 1188
f 1258 1198 1188
f 1188 1198 1143
f 1199 1259 1126
f 1126 1259 1221
f 1259 1199 1222
f 1222 1199 1147
f 1260 1200 1201
f 1201 1200 1148
f 1175 1261 1134
f 1134 1261 1202
f 1305 1306 1303
f 1303 1306 1202
f 1199 1262 1147
f 1147 1262 1204
f 1262 1098 1204
f 1204 1098 1077
f 1098 1262 1073
f 1073 1262 1164
f 1262 1199 1164
f 1164 1199 1126
f 1263 1176 1306
f 1306 1176 1307
f 1176 1263 1076
f 1076 1263 1099
f 1263 1205 1099
f 1099 1205 1078
f 1205 1263 1305
f 1305 1263 1306
f 1149 1277 1147
f 1147 1277 1222
f 1200 1207 1148
f 1148 1207 1206
f 1304 1305 1266
f 1266 1305 1303
f 1079 1264 1077
f 1077 1264 1204
f 1264 1149 1204
f 1204 1149 1147
f 1205 1265 1078
f 1078 1265 1100
f 1265 1205 1304
f 1304 1205 1305
f 1207 1130 1206
f 1206 1130 1209
f 1075 1267 1079
f 1079 1267 1264
f 1267 1210 1264
f 1264 1210 1149
f 1268 1211 1280
f 1280 1211 1225
f 1211 1268 1136
f 1136 1268 1177
f 1268 1165 1177
f 1177 1165 1122
f 1165 1268 1224
f 1224 1268 1280
f 1286 1269 1233
f 1233 1269 1185
f 1269 1212 1185
f 1185 1212 1138
f 1212 1269 1144
f 1144 1269 1196
f 1269 1286 1196
f 1196 1286 1232
f 1150 1270 1146
f 1146 1270 1213
f 1270 1214 1213
f 1213 1214 1139
f 1135 1301 1136
f 1136 1301 1215
f 1140 1215 1218
f 1218 1215 1301
f 1216 1271 1142
f 1142 1271 1190
f 1271 1212 1190
f 1190 1212 1144
f 1212 1271 1138
f 1138 1271 1179
f 1271 1216 1179
f 1179 1216 1137
f 1228 1272 1229
f 1229 1272 1248
f 1272 1217 1248
f 1248 1217 1170
f 1217 1273 1170
f 1170 1273 1294
f 1273 1218 1294
f 1294 1218 1150
f 1135 1274 1214
f 1214 1274 1291
f 1274 1219 1291
f 1291 1219 1125
f 1219 1275 1125
f 1125 1275 1161
f 1275 1220 1161
f 1161 1220 1124
f 1276 1160 1116
f 1116 1160 1124
f 1331 1162 1123
f 1260 1259 1200
f 1200 1259 1222
f 1277 1207 1222
f 1222 1207 1200
f 1297 1130 1277
f 1277 1130 1207
f 1115 1278 1069
f 1069 1278 1101
f 1101 1278 1080
f 1080 1278 1223
f 1279 1102 1223
f 1223 1102 1080
f 1102 1279 1081
f 1081 1279 1224
f 1280 1103 1224
f 1224 1103 1081
f 1280 1225 1103
f 1103 1225 1082
f 1225 1281 1082
f 1082 1281 1104
f 1281 1226 1104
f 1104 1226 1083
f 1226 1282 1083
f 1083 1282 1105
f 1282 1227 1105
f 1105 1227 1084
f 1227 1228 1084
f 1084 1228 1085
f 1228 1229 1085
f 1085 1229 1086
f 1283 1106 1132
f 1132 1106 1088
f 1106 1283 1087
f 1087 1283 1230
f 1107 1284 1089
f 1089 1284 1231
f 1284 1107 1230
f 1230 1107 1087
f 1285 1108 1231
f 1231 1108 1089
f 1108 1285 1090
f 1090 1285 1232
f 1109 1286 1091
f 1091 1286 1233
f 1286 1109 1232
f 1232 1109 1090
f 1287 1110 1233
f 1233 1110 1091
f 1110 1287 1092
f 1092 1287 1234
f 1288 1111 1234
f 1234 1111 1092
f 1169 1289 1129
f 1129 1289 1235
f 1289 1265 1235
f 1235 1265 1304
f 1265 1289 1100
f 1100 1289 1112
f 1289 1169 1112
f 1112 1169 1074
f 1086 1229 1088
f 1088 1229 1132
f 1290 1236 1201
f 1201 1236 1128
f 1236 1290 1175
f 1175 1290 1261
f 1290 1237 1261
f 1261 1237 1203
f 1237 1290 1148
f 1148 1290 1201
f 1214 1291 1139
f 1139 1291 1183
f 1183 1291 1127
f 1127 1291 1125
f 1292 1237 1206
f 1206 1237 1148
f 1237 1292 1203
f 1203 1292 1208
f 1216 1293 1137
f 1137 1293 1181
f 1181 1293 1139
f 1139 1293 1213
f 1293 1191 1213
f 1213 1191 1146
f 1293 1216 1191
f 1191 1216 1142
f 1295 1292 1209
f 1209 1292 1206
f 1292 1295 1208
f 1208 1295 1266
f 1170 1294 1131
f 1131 1294 1192
f 1294 1150 1192
f 1192 1150 1146
f 1235 1295 1129
f 1129 1295 1209
f 1283 1296 1230
f 1230 1296 1198
f 1296 1193 1198
f 1198 1193 1143
f 1193 1296 1131
f 1131 1296 1171
f 1296 1283 1171
f 1171 1283 1132
f 1210 1297 1149
f 1149 1297 1277
f 1220 1298 1124
f 1124 1298 1116
f 1127 1166 1182
f 1166 1128 1182
f 1236 1182 1128
f 1299 1288 1184
f 1184 1288 1234
f 1288 1299 1240
f 1240 1299 1311
f 1173 1299 1133
f 1133 1299 1184
f 1211 1300 1225
f 1225 1300 1281
f 1300 1194 1281
f 1281 1194 1226
f 1194 1300 1140
f 1140 1300 1215
f 1300 1211 1215
f 1215 1211 1136
f 1218 1301 1150
f 1150 1301 1270
f 1301 1135 1270
f 1270 1135 1214
f 1302 1178 1182
f 1182 1178 1252
f 1251 1178 1172
f 1172 1178 1302
f 1203 1208 1303
f 1303 1208 1266
f 1261 1203 1202
f 1202 1203 1303
f 1266 1295 1304
f 1304 1295 1235
f 1306 1307 1202
f 1202 1307 1134
f 1308 1174 1307
f 1307 1174 1134
f 1174 1308 1153
f 1153 1308 1309
f 1309 1310 1153
f 1153 1310 1118
f 1311 1117 1310
f 1310 1117 1118
f 1299 1173 1311
f 1311 1173 1117
f 1320 1319 1069
f 1069 1319 1115
f 1322 1319 903
f 903 1319 907
f 903 907 902
f 902 907 1312
f 900 901 1312
f 1312 901 902
f 899 900 1313
f 1313 900 1312
f 1323 1324 1114
f 1114 1324 1116
f 1325 1324 1314
f 1314 1324 905
f 1326 1327 1317
f 1317 1327 1318
f 1321 1333 1316
f 1316 1333 898
f 1323 1322 904
f 904 1322 903
f 1326 1325 896
f 896 1325 1314
f 1276 1317 1160
f 1160 1317 1123
f 1121 1120 1113
f 1113 1120 1318
f 1328 1327 1315
f 1315 1327 897
f 1120 1123 1318
f 1318 1123 1317
f 1319 1320 907
f 907 1320 906
f 1333 1321 1151
f 1151 1321 1070
f 1115 1319 1157
f 1157 1319 1322
f 1157 1322 1114
f 1114 1322 1323
f 905 1324 904
f 904 1324 1323
f 1324 1325 1116
f 1116 1325 1276
f 1325 1326 1276
f 1276 1326 1317
f 1327 1326 897
f 897 1326 896
f 1327 1328 1318
f 1318 1328 1113
f 1328 1333 1113
f 1113 1333 1151
f 1329 1260 1128
f 1128 1260 1201
f 1259 1260 1221
f 1221 1260 1329
f 1243 1221 1330
f 1330 1221 1329
f 1329 1128 1167
f 1167 1128 1166
f 1330 1329 1331
f 1331 1329 1167
f 1330 1331 1120
f 1120 1331 1123
f 1120 1243 1330
f 1331 1167 1162
f 1162 1167 1246
f 1315 898 1328
f 1328 898 1333
f 722 1334 721
f 721 1334 735
f 1334 1335 735
f 735 1335 748
f 1335 1336 748
f 748 1336 761
f 1336 1337 761
f 761 1337 774
f 774 1337 787
f 787 1337 3
f 3 87 787
f 787 87 799
f 885 321 892
f 892 321 1338
f 710 1350 697
f 697 1350 1339
f 1350 1351 1339
f 1339 1351 1340
f 1351 1352 1340
f 1340 1352 1341
f 1352 1353 1341
f 1341 1353 1342
f 1353 1354 1342
f 1342 1354 1343
f 1354 1355 1343
f 1343 1355 1344
f 1355 1356 1344
f 1344 1356 1345
f 1356 1357 1345
f 1345 1357 1346
f 1346 1357 1347
f 1347 1357 1358
f 1347 1358 1348
f 1348 1358 1359
f 1359 1360 1348
f 1348 1360 1349
f 1360 1361 1349
f 1349 1361 1898
f 1361 1973 1898
f 1898 1973 1974
f 724 1362 710
f 710 1362 1350
f 1362 1363 1350
f 1350 1363 1351
f 1363 1364 1351
f 1351 1364 1352
f 1364 1365 1352
f 1352 1365 1353
f 1365 1366 1353
f 1353 1366 1354
f 1366 1367 1354
f 1354 1367 1355
f 1367 1368 1355
f 1355 1368 1356
f 1368 1369 1356
f 1356 1369 1357
f 1357 1369 1358
f 1358 1369 1370
f 1358 1370 1359
f 1359 1370 1371
f 1371 1372 1359
f 1359 1372 1360
f 1900 1976 1361
f 1361 1976 1973
f 737 1373 724
f 724 1373 1362
f 1373 1374 1362
f 1362 1374 1363
f 1374 1375 1363
f 1363 1375 1364
f 1375 1376 1364
f 1364 1376 1365
f 1376 1377 1365
f 1365 1377 1366
f 1377 1378 1366
f 1366 1378 1367
f 1378 1379 1367
f 1367 1379 1368
f 1379 1380 1368
f 1368 1380 1369
f 1369 1380 1370
f 1370 1380 1381
f 1370 1381 1371
f 1371 1381 1382
f 1371 1382 1372
f 1372 1382 1383
f 1901 1977 1900
f 1900 1977 1976
f 737 750 1373
f 1373 750 1384
f 1384 1385 1373
f 1373 1385 1374
f 1385 1386 1374
f 1374 1386 1375
f 1386 1387 1375
f 1375 1387 1376
f 1387 1388 1376
f 1376 1388 1377
f 1388 1389 1377
f 1377 1389 1378
f 1389 1390 1378
f 1378 1390 1379
f 1390 1391 1379
f 1379 1391 1380
f 1380 1391 1381
f 1381 1391 1392
f 1392 1393 1381
f 1381 1393 1382
f 1382 1393 1383
f 1383 1393 1394
f 1902 1978 1901
f 1901 1978 1977
f 750 763 1384
f 1384 763 1395
f 1395 1396 1384
f 1384 1396 1385
f 1396 1397 1385
f 1385 1397 1386
f 1397 1398 1386
f 1386 1398 1387
f 1398 1399 1387
f 1387 1399 1388
f 1399 1400 1388
f 1388 1400 1389
f 1400 1401 1389
f 1389 1401 1390
f 1401 1402 1390
f 1390 1402 1391
f 1391 1402 1392
f 1392 1402 1403
f 1403 1404 1392
f 1392 1404 1393
f 1404 1405 1393
f 1393 1405 1394
f 1903 1975 1902
f 1902 1975 1978
f 763 776 1395
f 1395 776 1406
f 1406 1407 1395
f 1395 1407 1396
f 1407 1408 1396
f 1396 1408 1397
f 1408 1409 1397
f 1397 1409 1398
f 1409 1410 1398
f 1398 1410 1399
f 1410 1411 1399
f 1399 1411 1400
f 1411 1412 1400
f 1400 1412 1401
f 1412 1413 1401
f 1401 1413 1402
f 1402 1413 1403
f 1403 1413 1414
f 1414 1415 1403
f 1403 1415 1404
f 1415 1416 1404
f 1404 1416 1405
f 2045 1975 2044
f 2044 1975 435
f 776 788 1406
f 1406 788 1417
f 1417 1418 1406
f 1406 1418 1407
f 1418 1419 1407
f 1407 1419 1408
f 1419 1420 1408
f 1408 1420 1409
f 1420 1421 1409
f 1409 1421 1410
f 1421 1422 1410
f 1410 1422 1411
f 1422 1423 1411
f 1411 1423 1412
f 1423 1424 1412
f 1412 1424 1413
f 1413 1424 1414
f 1414 1424 1425
f 1414 1425 1415
f 1415 1425 1426
f 1426 1427 1415
f 1415 1427 1416
f 788 800 1417
f 1417 800 1428
f 1428 1429 1417
f 1417 1429 1418
f 1429 1430 1418
f 1418 1430 1419
f 1430 1431 1419
f 1419 1431 1420
f 1431 1432 1420
f 1420 1432 1421
f 1432 1433 1421
f 1421 1433 1422
f 1433 1434 1422
f 1422 1434 1423
f 1434 1435 1423
f 1423 1435 1424
f 1424 1435 1425
f 1425 1435 1436
f 1436 1437 1425
f 1425 1437 1426
f 1437 1438 1426
f 1426 1438 1427
f 800 812 1428
f 1428 812 1439
f 1439 1440 1428
f 1428 1440 1429
f 1440 1441 1429
f 1429 1441 1430
f 1441 1442 1430
f 1430 1442 1431
f 1442 1443 1431
f 1431 1443 1432
f 1443 1444 1432
f 1432 1444 1433
f 1444 1445 1433
f 1433 1445 1434
f 1445 1446 1434
f 1434 1446 1435
f 1435 1446 1436
f 1436 1446 1447
f 1447 1448 1436
f 1436 1448 1437
f 1448 1449 1437
f 1437 1449 1438
f 812 824 1439
f 1439 824 1450
f 1450 1451 1439
f 1439 1451 1440
f 1451 1452 1440
f 1440 1452 1441
f 1452 1453 1441
f 1441 1453 1442
f 1453 1454 1442
f 1442 1454 1443
f 1454 1455 1443
f 1443 1455 1444
f 1455 1456 1444
f 1444 1456 1445
f 1456 1457 1445
f 1445 1457 1446
f 1446 1457 1447
f 1447 1457 1458
f 1447 1458 1448
f 1448 1458 1459
f 1448 1459 1449
f 1449 1459 1460
f 824 847 1450
f 1450 847 1461
f 1461 1462 1450
f 1450 1462 1451
f 1462 1463 1451
f 1451 1463 1452
f 1463 1464 1452
f 1452 1464 1453
f 1464 1465 1453
f 1453 1465 1454
f 1465 1466 1454
f 1454 1466 1455
f 1466 1467 1455
f 1455 1467 1456
f 1456 1467 1457
f 1457 1467 1468
f 1457 1468 1458
f 1458 1468 1469
f 1458 1469 1459
f 1459 1469 1470
f 1459 1470 1460
f 1460 1470 1471
f 847 848 1461
f 1461 848 1472
f 1461 1472 1462
f 1462 1472 1473
f 1462 1473 1463
f 1463 1473 1474
f 1463 1474 1464
f 1464 1474 1475
f 1475 1476 1464
f 1464 1476 1465
f 1476 1477 1465
f 1465 1477 1466
f 1477 1478 1466
f 1466 1478 1467
f 1467 1478 1468
f 1468 1478 1479
f 1468 1479 1469
f 1469 1479 1480
f 1469 1480 1470
f 1470 1480 1481
f 1470 1481 1471
f 1471 1481 1482
f 848 860 1472
f 1472 860 1483
f 1472 1483 1473
f 1473 1483 1484
f 1473 1484 1474
f 1474 1484 1485
f 1477 1486 1478
f 1486 1489 1478
f 1478 1489 1479
f 1489 1490 1479
f 1479 1490 1480
f 1490 1491 1480
f 1480 1491 1481
f 1481 1491 1482
f 1482 1491 1492
f 860 869 1483
f 1483 869 1487
f 1483 1487 1484
f 1484 1487 1488
f 869 872 1487
f 1487 872 1493
f 1493 1494 1487
f 1487 1494 1488
f 1496 1490 1495
f 1495 1490 1489
f 1496 1497 1490
f 1490 1497 1491
f 1491 1497 1492
f 1492 1497 1498
f 872 879 1493
f 1493 879 1499
f 1499 1500 1493
f 1493 1500 1494
f 1496 1495 1502
f 1502 1495 1501
f 1496 1502 1497
f 1497 1502 1503
f 1497 1503 1498
f 1498 1503 1504
f 879 886 1499
f 1499 886 1505
f 1499 1505 1500
f 1500 1505 1506
f 1508 1502 1507
f 1507 1502 1501
f 1502 1508 1503
f 1503 1508 1509
f 1503 1509 1504
f 1504 1509 1510
f 886 893 1505
f 1505 893 1511
f 1505 1511 1506
f 1506 1511 1512
f 1513 1508 1883
f 1883 1508 1507
f 1508 1513 1509
f 1509 1513 1514
f 1509 1514 1510
f 1510 1514 1884
f 1510 1884 1905
f 1905 1884 1515
f 1905 1986 1904
f 1904 1986 1987
f 893 899 1511
f 1511 899 1516
f 1511 1516 1512
f 1512 1516 1517
f 1313 906 1882
f 1882 906 1522
f 1339 908 697
f 1340 908 1339
f 1341 908 1340
f 1342 908 1341
f 1343 908 1342
f 1344 908 1343
f 1345 908 1344
f 1346 908 1345
f 1347 908 1346
f 1348 908 1347
f 1349 908 1348
f 1349 1898 908
f 1974 908 1898
f 1556 1622 1595
f 1595 1622 1659
f 1622 1556 1643
f 1643 1556 1571
f 1557 1622 1573
f 1573 1622 1643
f 1622 1557 1659
f 1659 1557 1596
f 1558 1623 1594
f 1594 1623 1658
f 1623 1558 1644
f 1644 1558 1570
f 1556 1623 1571
f 1571 1623 1644
f 1623 1556 1658
f 1658 1556 1595
f 1559 1624 1593
f 1593 1624 1657
f 1624 1559 1642
f 1642 1559 1568
f 1558 1624 1570
f 1570 1624 1642
f 1624 1558 1657
f 1657 1558 1594
f 1625 1656 1560
f 1560 1656 1592
f 1625 1560 1645
f 1645 1560 1575
f 1559 1625 1568
f 1568 1625 1645
f 1625 1559 1656
f 1656 1559 1593
f 1561 1579 1626
f 1626 1579 1647
f 1626 1647 1560
f 1560 1647 1575
f 1626 1682 1561
f 1561 1682 1681
f 1627 1655 1562
f 1562 1655 1591
f 1562 1583 1627
f 1627 1583 1649
f 1627 1649 1561
f 1561 1649 1579
f 1561 1681 1627
f 1627 1681 1655
f 1628 1654 1563
f 1563 1654 1590
f 1563 1586 1628
f 1628 1586 1651
f 1628 1651 1562
f 1562 1651 1583
f 1562 1591 1628
f 1628 1591 1654
f 1629 1653 1564
f 1564 1653 1588
f 1564 1582 1629
f 1629 1582 1650
f 1629 1650 1563
f 1563 1650 1586
f 1563 1590 1629
f 1629 1590 1653
f 1630 1652 1565
f 1565 1652 1589
f 1565 1578 1630
f 1630 1578 1648
f 1630 1648 1564
f 1564 1648 1582
f 1564 1588 1630
f 1630 1588 1652
f 1557 1631 1596
f 1596 1631 1660
f 1631 1557 1646
f 1646 1557 1573
f 1565 1631 1578
f 1578 1631 1646
f 1631 1565 1660
f 1660 1565 1589
f 1596 1588 1659
f 1659 1588 1653
f 1601 1928 1663
f 1663 1928 1927
f 1538 1926 1632
f 1632 1926 1927
f 1605 1935 1665
f 1665 1935 1933
f 1540 1931 1633
f 1633 1931 1933
f 1524 1931 1666
f 1666 1931 1929
f 1566 1928 1634
f 1634 1928 1929
f 1667 1523 1930
f 1930 1523 1926
f 1539 1932 1635
f 1635 1932 1930
f 1525 1932 1668
f 1668 1932 1934
f 1636 1541 1934
f 1934 1541 1936
f 1637 1542 1938
f 1938 1542 1940
f 1661 1597 1938
f 1938 1597 1936
f 1662 1599 1942
f 1942 1599 1940
f 1638 1544 1942
f 1942 1544 1944
f 1669 1526 1945
f 1945 1526 1944
f 1639 1545 1945
f 1945 1545 1943
f 1664 1603 1941
f 1941 1603 1943
f 1640 1543 1941
f 1941 1543 1939
f 1670 1527 1937
f 1937 1527 1939
f 1641 1567 1937
f 1937 1567 1935
f 1529 1569 1568
f 1568 1569 1642
f 1569 1528 1642
f 1642 1528 1570
f 1531 1572 1571
f 1571 1572 1643
f 1572 1530 1643
f 1643 1530 1573
f 1528 1574 1570
f 1570 1574 1644
f 1574 1531 1644
f 1644 1531 1571
f 1532 1576 1575
f 1575 1576 1645
f 1576 1529 1645
f 1645 1529 1568
f 1530 1577 1573
f 1573 1577 1646
f 1577 1533 1646
f 1646 1533 1578
f 1579 1534 1647
f 1647 1534 1580
f 1532 1575 1580
f 1580 1575 1647
f 1578 1533 1648
f 1648 1533 1581
f 1535 1582 1581
f 1581 1582 1648
f 1583 1536 1649
f 1649 1536 1584
f 1534 1579 1584
f 1584 1579 1649
f 1582 1535 1650
f 1650 1535 1585
f 1537 1586 1585
f 1585 1586 1650
f 1586 1537 1651
f 1651 1537 1587
f 1536 1583 1587
f 1587 1583 1651
f 1569 1529 1635
f 1635 1529 1539
f 1635 1538 1569
f 1569 1538 1528
f 1572 1531 1634
f 1634 1531 1566
f 1572 1634 1530
f 1530 1634 1540
f 1574 1528 1632
f 1632 1528 1538
f 1632 1566 1574
f 1574 1566 1531
f 1576 1532 1636
f 1636 1532 1541
f 1636 1539 1576
f 1576 1539 1529
f 1530 1540 1577
f 1577 1540 1633
f 1577 1633 1533
f 1533 1633 1567
f 1580 1534 1637
f 1637 1534 1542
f 1637 1541 1580
f 1580 1541 1532
f 1533 1567 1581
f 1581 1567 1641
f 1581 1641 1535
f 1535 1641 1543
f 1584 1536 1638
f 1638 1536 1544
f 1638 1542 1584
f 1584 1542 1534
f 1535 1543 1585
f 1585 1543 1640
f 1585 1640 1537
f 1537 1640 1545
f 1587 1537 1639
f 1639 1537 1545
f 1639 1544 1587
f 1587 1544 1536
f 1547 1611 1599
f 1599 1611 1661
f 1546 1597 1611
f 1611 1597 1661
f 1548 1598 1526
f 1526 1598 1662
f 1598 1547 1662
f 1662 1547 1599
f 1523 1550 1663
f 1663 1550 1600
f 1549 1601 1600
f 1600 1601 1663
f 1552 1602 1527
f 1527 1602 1664
f 1602 1551 1664
f 1664 1551 1603
f 1524 1554 1665
f 1665 1554 1604
f 1604 1553 1665
f 1665 1553 1605
f 1601 1549 1666
f 1666 1549 1606
f 1554 1524 1606
f 1606 1524 1666
f 1525 1555 1667
f 1667 1555 1607
f 1550 1523 1607
f 1607 1523 1667
f 1597 1546 1668
f 1668 1546 1608
f 1555 1525 1608
f 1608 1525 1668
f 1551 1609 1603
f 1603 1609 1669
f 1609 1548 1669
f 1669 1548 1526
f 1553 1610 1605
f 1605 1610 1670
f 1610 1552 1670
f 1670 1552 1527
f 1547 1612 1611
f 1611 1612 1671
f 1613 1546 1671
f 1671 1546 1611
f 1598 1548 1672
f 1672 1548 1614
f 1547 1598 1612
f 1612 1598 1672
f 1550 1615 1600
f 1600 1615 1673
f 1616 1549 1673
f 1673 1549 1600
f 1602 1552 1674
f 1674 1552 1617
f 1551 1602 1618
f 1618 1602 1674
f 1604 1554 1675
f 1675 1554 1619
f 1553 1604 1620
f 1620 1604 1675
f 1549 1616 1606
f 1606 1616 1676
f 1619 1554 1676
f 1676 1554 1606
f 1555 1621 1607
f 1607 1621 1677
f 1615 1550 1677
f 1677 1550 1607
f 1546 1613 1608
f 1608 1613 1678
f 1621 1555 1678
f 1678 1555 1608
f 1609 1551 1679
f 1679 1551 1618
f 1548 1609 1614
f 1614 1609 1679
f 1610 1553 1680
f 1680 1553 1620
f 1552 1610 1617
f 1617 1610 1680
f 1652 1588 1589
f 1588 1596 1589
f 1596 1660 1589
f 1595 1590 1658
f 1658 1590 1654
f 1659 1653 1595
f 1595 1653 1590
f 1658 1654 1594
f 1594 1654 1591
f 1656 1593 1592
f 1681 1682 1593
f 1593 1682 1592
f 1591 1655 1594
f 1594 1655 1657
f 1560 1592 1626
f 1626 1592 1682
f 1593 1657 1681
f 1681 1657 1655
f 1612 1520 1671
f 1671 1520 1521
f 1671 1521 1613
f 1613 1521 1883
f 1518 1519 1614
f 1614 1519 1672
f 1489 1486 1615
f 1615 1486 1673
f 1673 1486 1616
f 1616 1486 1477
f 1500 1506 1617
f 1617 1506 1674
f 1506 1512 1674
f 1674 1512 1618
f 1619 1475 1675
f 1675 1475 1485
f 1675 1485 1620
f 1620 1485 1488
f 1477 1476 1616
f 1616 1476 1676
f 1676 1476 1619
f 1619 1476 1475
f 1621 1501 1677
f 1677 1501 1495
f 1677 1495 1615
f 1615 1495 1489
f 1678 1507 1621
f 1621 1507 1501
f 1618 1512 1679
f 1679 1512 1517
f 1517 1518 1679
f 1679 1518 1614
f 1620 1488 1680
f 1680 1488 1494
f 1680 1494 1617
f 1617 1494 1500
f 1519 1520 1672
f 1672 1520 1612
f 1488 1485 1484
f 1485 1475 1474
f 1678 1613 1507
f 1507 1613 1883
f 1808 1688 1722
f 1688 1723 1722
f 1722 1723 1808
f 1724 1071 1809
f 1809 1071 1093
f 1880 1724 1879
f 1879 1724 1809
f 1724 1880 1810
f 1810 1880 1881
f 1094 1810 1111
f 1111 1810 1858
f 1071 1724 1094
f 1094 1724 1810
f 1868 1725 1790
f 1790 1725 1689
f 1725 1868 1684
f 1684 1868 1686
f 1726 1721 1691
f 1691 1721 1683
f 1072 1070 1726
f 1726 1070 1721
f 1725 1684 1811
f 1811 1684 1727
f 1685 1848 1727
f 1727 1848 1811
f 1848 1793 1811
f 1811 1793 1728
f 1689 1725 1728
f 1728 1725 1811
f 1845 1729 1789
f 1789 1729 1692
f 1790 1689 1845
f 1845 1689 1729
f 1730 1694 1812
f 1812 1694 1731
f 1695 1816 1731
f 1731 1816 1812
f 1816 1732 1812
f 1732 1693 1812
f 1812 1693 1730
f 1733 1691 1813
f 1813 1691 1690
f 1696 1733 1791
f 1791 1733 1813
f 1733 1696 1814
f 1814 1696 1734
f 1073 1095 1734
f 1734 1095 1814
f 1095 1072 1814
f 1814 1072 1726
f 1691 1733 1726
f 1726 1733 1814
f 1849 1794 1815
f 1815 1794 1735
f 1735 1692 1815
f 1815 1692 1729
f 1689 1728 1729
f 1729 1728 1815
f 1793 1849 1728
f 1728 1849 1815
f 1695 1697 1816
f 1816 1697 1736
f 1736 1737 1816
f 1699 1738 1779
f 1779 1738 1700
f 1738 1780 1700
f 1700 1780 1867
f 1739 1074 1817
f 1817 1074 1096
f 1096 1075 1817
f 1817 1075 1837
f 1780 1738 1837
f 1837 1738 1817
f 1699 1739 1738
f 1738 1739 1817
f 1799 1702 1818
f 1818 1702 1741
f 1701 1740 1741
f 1741 1740 1818
f 1703 1743 1742
f 1742 1743 1819
f 1687 1808 1743
f 1743 1808 1819
f 1819 1745 1742
f 1742 1745 1872
f 1723 1744 1808
f 1808 1744 1819
f 1744 1704 1819
f 1819 1704 1745
f 1877 1878 1746
f 1746 1878 1820
f 1878 1879 1820
f 1820 1879 1809
f 1809 1093 1820
f 1820 1093 1097
f 1076 1746 1097
f 1097 1746 1820
f 1789 1692 1844
f 1844 1692 1747
f 1844 1747 1705
f 1705 1747 1706
f 1748 1707 1821
f 1821 1707 1749
f 1708 1750 1749
f 1749 1750 1821
f 1750 1703 1821
f 1821 1703 1742
f 1707 1748 1751
f 1751 1748 1822
f 1745 1806 1872
f 1752 1872 1806
f 1752 1697 1822
f 1822 1697 1753
f 1709 1751 1753
f 1753 1751 1822
f 1703 1750 1754
f 1754 1750 1823
f 1750 1708 1823
f 1823 1708 1755
f 1803 1857 1755
f 1755 1857 1823
f 1857 1804 1823
f 1823 1804 1754
f 1756 1843 1710
f 1710 1843 1788
f 1843 1756 1787
f 1787 1756 1711
f 1757 1713 1824
f 1824 1713 1758
f 1715 1759 1758
f 1758 1759 1824
f 1759 1714 1824
f 1824 1714 1760
f 1712 1757 1760
f 1760 1757 1824
f 1761 1716 1825
f 1825 1716 1762
f 1701 1763 1762
f 1762 1763 1825
f 1713 1757 1763
f 1763 1757 1825
f 1757 1712 1825
f 1825 1712 1761
f 1764 1796 1826
f 1826 1796 1852
f 1797 1765 1852
f 1852 1765 1826
f 1765 1711 1826
f 1826 1711 1756
f 1710 1764 1756
f 1756 1764 1826
f 1714 1759 1766
f 1766 1759 1827
f 1759 1715 1827
f 1827 1715 1767
f 1801 1855 1767
f 1767 1855 1827
f 1855 1802 1827
f 1827 1802 1766
f 1787 1711 1842
f 1842 1711 1765
f 1798 1842 1797
f 1797 1842 1765
f 1800 1854 1768
f 1768 1854 1828
f 1854 1801 1828
f 1828 1801 1767
f 1767 1715 1828
f 1828 1715 1758
f 1713 1768 1758
f 1758 1768 1828
f 1769 1696 1829
f 1829 1696 1791
f 1717 1769 1792
f 1792 1769 1829
f 1718 1770 1771
f 1771 1770 1830
f 1745 1704 1831
f 1831 1704 1772
f 1772 1876 1873
f 1873 1876 1875
f 1769 1717 1832
f 1832 1717 1774
f 1077 1098 1774
f 1774 1098 1832
f 1098 1073 1832
f 1832 1073 1734
f 1696 1769 1734
f 1734 1769 1832
f 1877 1746 1876
f 1876 1746 1833
f 1746 1076 1833
f 1833 1076 1099
f 1078 1775 1099
f 1099 1775 1833
f 1775 1875 1833
f 1833 1875 1876
f 1719 1717 1847
f 1847 1717 1792
f 1770 1718 1777
f 1777 1718 1776
f 1873 1875 1836
f 1836 1875 1874
f 1079 1077 1834
f 1834 1077 1774
f 1717 1719 1774
f 1774 1719 1834
f 1775 1078 1835
f 1835 1078 1100
f 1875 1775 1874
f 1874 1775 1835
f 1777 1776 1700
f 1700 1776 1779
f 1075 1079 1837
f 1837 1079 1834
f 1719 1780 1834
f 1834 1780 1837
f 1795 1781 1850
f 1850 1781 1838
f 1781 1706 1838
f 1838 1706 1747
f 1692 1735 1747
f 1747 1735 1838
f 1735 1794 1838
f 1838 1794 1850
f 1856 1803 1839
f 1839 1803 1755
f 1708 1782 1755
f 1755 1782 1839
f 1782 1714 1839
f 1839 1714 1766
f 1802 1856 1766
f 1766 1856 1839
f 1720 1716 1840
f 1840 1716 1783
f 1709 1784 1783
f 1783 1784 1840
f 1705 1706 1871
f 1871 1706 1785
f 1710 1788 1785
f 1785 1788 1871
f 1786 1712 1841
f 1841 1712 1760
f 1714 1782 1760
f 1760 1782 1841
f 1782 1708 1841
f 1841 1708 1749
f 1707 1786 1749
f 1749 1786 1841
f 1798 1799 1842
f 1842 1799 1818
f 1740 1787 1818
f 1818 1787 1842
f 1787 1740 1843
f 1843 1740 1864
f 1720 1788 1864
f 1864 1788 1843
f 1705 1784 1844
f 1844 1784 1861
f 1695 1789 1861
f 1861 1789 1844
f 1789 1695 1845
f 1845 1695 1731
f 1694 1790 1731
f 1731 1790 1845
f 1694 1730 1686
f 1686 1730 1846
f 1897 1693 1732
f 1830 1770 1829
f 1829 1770 1792
f 1770 1777 1792
f 1792 1777 1847
f 1777 1700 1847
f 1847 1700 1867
f 1069 1101 1685
f 1685 1101 1848
f 1101 1080 1848
f 1848 1080 1793
f 1080 1102 1793
f 1793 1102 1849
f 1102 1081 1849
f 1849 1081 1794
f 1081 1103 1794
f 1794 1103 1850
f 1082 1795 1103
f 1103 1795 1850
f 1795 1082 1851
f 1851 1082 1104
f 1083 1796 1104
f 1104 1796 1851
f 1796 1083 1852
f 1852 1083 1105
f 1084 1797 1105
f 1105 1797 1852
f 1085 1798 1084
f 1084 1798 1797
f 1086 1799 1085
f 1085 1799 1798
f 1088 1106 1702
f 1702 1106 1853
f 1106 1087 1853
f 1853 1087 1800
f 1107 1089 1854
f 1854 1089 1801
f 1087 1107 1800
f 1800 1107 1854
f 1089 1108 1801
f 1801 1108 1855
f 1108 1090 1855
f 1855 1090 1802
f 1109 1091 1856
f 1856 1091 1803
f 1090 1109 1802
f 1802 1109 1856
f 1091 1110 1803
f 1803 1110 1857
f 1110 1092 1857
f 1857 1092 1804
f 1092 1111 1804
f 1804 1111 1858
f 1739 1699 1859
f 1859 1699 1805
f 1874 1835 1805
f 1805 1835 1859
f 1835 1100 1859
f 1859 1100 1112
f 1074 1739 1112
f 1112 1739 1859
f 1086 1088 1799
f 1799 1088 1702
f 1698 1806 1771
f 1771 1806 1860
f 1806 1745 1860
f 1860 1745 1831
f 1773 1807 1831
f 1831 1807 1860
f 1807 1718 1860
f 1860 1718 1771
f 1784 1709 1861
f 1861 1709 1753
f 1695 1861 1697
f 1697 1861 1753
f 1718 1807 1776
f 1776 1807 1862
f 1807 1773 1862
f 1862 1773 1778
f 1786 1707 1863
f 1863 1707 1751
f 1751 1709 1863
f 1863 1709 1783
f 1716 1761 1783
f 1783 1761 1863
f 1712 1786 1761
f 1761 1786 1863
f 1776 1862 1779
f 1779 1862 1865
f 1778 1836 1862
f 1862 1836 1865
f 1740 1701 1864
f 1864 1701 1762
f 1716 1720 1762
f 1762 1720 1864
f 1805 1699 1865
f 1865 1699 1779
f 1853 1800 1866
f 1866 1800 1768
f 1713 1763 1768
f 1768 1763 1866
f 1763 1701 1866
f 1866 1701 1741
f 1702 1853 1741
f 1741 1853 1866
f 1780 1719 1867
f 1867 1719 1847
f 1790 1694 1868
f 1868 1694 1686
f 1697 1752 1736
f 1736 1752 1698
f 1806 1698 1752
f 1804 1858 1754
f 1754 1858 1869
f 1858 1810 1869
f 1810 1881 1869
f 1743 1703 1869
f 1869 1703 1754
f 1781 1795 1870
f 1870 1795 1851
f 1796 1764 1851
f 1851 1764 1870
f 1764 1710 1870
f 1870 1710 1785
f 1706 1781 1785
f 1785 1781 1870
f 1788 1720 1871
f 1871 1720 1840
f 1784 1705 1840
f 1840 1705 1871
f 1872 1752 1748
f 1748 1752 1822
f 1872 1748 1742
f 1742 1748 1821
f 1773 1873 1778
f 1778 1873 1836
f 1873 1773 1772
f 1772 1773 1831
f 1836 1874 1865
f 1865 1874 1805
f 1704 1877 1772
f 1772 1877 1876
f 1878 1877 1744
f 1744 1877 1704
f 1744 1723 1878
f 1878 1723 1879
f 1688 1880 1723
f 1723 1880 1879
f 1881 1880 1687
f 1687 1880 1688
f 1869 1881 1743
f 1743 1881 1687
f 1685 1887 1069
f 1069 1887 1320
f 1522 1887 1519
f 1519 1887 1888
f 1519 1518 1522
f 1522 1518 1882
f 1518 1517 1882
f 1882 1517 1516
f 899 1313 1516
f 1516 1313 1882
f 1684 1686 1889
f 1889 1686 1890
f 1883 1521 1891
f 1891 1521 1890
f 1886 1893 1885
f 1885 1893 1892
f 1515 1899 1316
f 1316 1899 1321
f 1519 1888 1520
f 1520 1888 1889
f 1883 1891 1513
f 1513 1891 1892
f 1730 1693 1846
f 1846 1693 1885
f 1691 1683 1690
f 1690 1683 1886
f 1514 1893 1884
f 1884 1893 1894
f 1885 1693 1886
f 1886 1693 1690
f 906 1320 1522
f 1522 1320 1887
f 1070 1321 1721
f 1721 1321 1899
f 1685 1727 1887
f 1887 1727 1888
f 1727 1684 1888
f 1888 1684 1889
f 1521 1520 1890
f 1890 1520 1889
f 1846 1891 1686
f 1686 1891 1890
f 1885 1892 1846
f 1846 1892 1891
f 1513 1892 1514
f 1514 1892 1893
f 1683 1894 1886
f 1886 1894 1893
f 1721 1899 1683
f 1683 1899 1894
f 1895 1698 1830
f 1830 1698 1771
f 1895 1830 1791
f 1791 1830 1829
f 1895 1791 1896
f 1896 1791 1813
f 1736 1698 1737
f 1737 1698 1895
f 1737 1895 1897
f 1897 1895 1896
f 1693 1897 1690
f 1690 1897 1896
f 1690 1896 1813
f 1816 1737 1732
f 1732 1737 1897
f 1884 1894 1515
f 1515 1894 1899
f 1372 1900 1360
f 1360 1900 1361
f 1383 1901 1372
f 1372 1901 1900
f 1394 1902 1383
f 1383 1902 1901
f 1405 1903 1394
f 1394 1903 1902
f 1405 1416 1903
f 1903 1416 351
f 1427 434 1416
f 1416 434 351
f 1498 1904 431
f 1504 1510 1904
f 1904 1510 1905
f 1052 987 1906
f 1906 987 1907
f 1049 909 1908
f 1908 909 1909
f 1018 952 1908
f 1908 952 1907
f 1020 926 1906
f 1906 926 1910
f 1021 924 1911
f 1911 924 1909
f 1051 910 1912
f 1912 910 1910
f 1053 911 1911
f 1911 911 1913
f 1019 953 1912
f 1912 953 1914
f 1022 925 1915
f 1915 925 1913
f 991 1914 1056
f 1056 1914 1916
f 983 1917 1054
f 1054 1917 1915
f 929 1918 1027
f 1027 1918 1916
f 927 1917 1023
f 1023 1917 1919
f 913 1918 1050
f 1050 1918 1920
f 985 1921 1047
f 1047 1921 1919
f 931 1922 1026
f 1026 1922 1920
f 928 1921 1024
f 1024 1921 1923
f 989 1922 1055
f 1055 1922 1924
f 912 1925 1048
f 1048 1925 1923
f 930 1925 1025
f 1025 1925 1924
f 1663 1927 1523
f 1523 1927 1926
f 1666 1929 1601
f 1601 1929 1928
f 1632 1927 1566
f 1566 1927 1928
f 1635 1930 1538
f 1538 1930 1926
f 1634 1929 1540
f 1540 1929 1931
f 1667 1930 1525
f 1525 1930 1932
f 1665 1933 1524
f 1524 1933 1931
f 1636 1934 1539
f 1539 1934 1932
f 1633 1933 1567
f 1567 1933 1935
f 1597 1668 1936
f 1936 1668 1934
f 1605 1670 1935
f 1935 1670 1937
f 1541 1637 1936
f 1936 1637 1938
f 1543 1641 1939
f 1939 1641 1937
f 1599 1661 1940
f 1940 1661 1938
f 1527 1664 1939
f 1939 1664 1941
f 1542 1638 1940
f 1940 1638 1942
f 1545 1640 1943
f 1943 1640 1941
f 1526 1662 1944
f 1944 1662 1942
f 1603 1669 1943
f 1943 1669 1945
f 1544 1639 1944
f 1944 1639 1945
f 652 1946 2088
f 2088 1946 2087
f 375 394 1965
f 1965 394 1946
f 2087 1946 2108
f 2108 1946 394
f 402 522 1950
f 1950 522 1949
f 661 1951 580
f 580 1951 1950
f 403 525 1952
f 1952 525 1951
f 578 1953 579
f 579 1953 1952
f 578 2095 1953
f 1953 2095 2097
f 585 1955 420
f 420 1955 1956
f 660 1958 576
f 576 1958 1957
f 528 1958 405
f 405 1958 1959
f 659 1960 575
f 575 1960 1959
f 531 1960 408
f 408 1960 1961
f 574 658 1961
f 1961 658 1962
f 413 534 1963
f 1963 534 1962
f 672 1948 572
f 572 1948 1964
f 1471 1482 432
f 432 1482 348
f 1460 1471 349
f 349 1471 432
f 1449 1460 433
f 433 1460 349
f 1438 1449 350
f 350 1449 433
f 352 348 1492
f 1492 348 1482
f 431 352 1498
f 1498 352 1492
f 431 1904 436
f 436 1904 1987
f 436 1987 89
f 89 1987 321
f 434 1427 350
f 350 1427 1438
f 2050 1974 2049
f 2049 1974 1973
f 351 435 1903
f 1903 435 1975
f 2048 2049 1976
f 1976 2049 1973
f 2047 2048 1977
f 1977 2048 1976
f 2047 1977 2046
f 2046 1977 1978
f 2045 2046 1975
f 1975 2046 1978
f 685 2027 607
f 607 2027 2028
f 311 1979 2025
f 2025 1979 2026
f 859 5 868
f 868 5 85
f 859 846 5
f 5 846 1
f 722 1332 1980
f 1980 1332 1981
f 4 88 775
f 775 88 1982
f 736 1983 723
f 723 1983 1980
f 749 1984 736
f 736 1984 1983
f 762 1985 749
f 749 1985 1984
f 775 1982 762
f 762 1982 1985
f 811 799 2
f 2 799 87
f 2 86 811
f 811 86 823
f 823 86 835
f 835 86 1
f 846 835 1
f 89 321 2016
f 2016 85 89
f 1515 1316 1905
f 1905 1316 1986
f 1338 1986 898
f 898 1986 1316
f 244 1988 91
f 91 1988 1989
f 92 1990 244
f 244 1990 1988
f 245 1991 92
f 92 1991 1990
f 300 1992 245
f 245 1992 1991
f 165 164 1994
f 1994 164 1993
f 267 166 1996
f 1996 166 1995
f 164 267 1993
f 1993 267 1996
f 91 1989 289
f 289 1989 1997
f 168 165 1998
f 1998 165 1994
f 289 1997 325
f 325 1997 1999
f 316 168 2000
f 2000 168 1998
f 325 1999 166
f 166 1999 1995
f 1992 300 2019
f 2019 300 2018
f 316 2000 691
f 691 2000 2002
f 623 438 2004
f 2004 438 2003
f 439 623 2005
f 2005 623 2004
f 624 439 2006
f 2006 439 2005
f 624 2006 441
f 441 2006 2007
f 521 2008 520
f 520 2008 2009
f 646 2010 522
f 522 2010 2011
f 520 2009 646
f 646 2009 2010
f 438 662 2003
f 2003 662 2012
f 524 2013 521
f 521 2013 2008
f 662 1949 2012
f 2012 1949 2014
f 441 2007 673
f 673 2007 2001
f 691 2002 524
f 524 2002 2013
f 1949 522 2014
f 2014 522 2011
f 1989 1988 2015
f 1988 1990 2015
f 1990 1991 2015
f 1991 1992 2015
f 1994 1993 2015
f 1996 1995 2015
f 1993 1996 2015
f 1997 1989 2015
f 1998 1994 2015
f 1999 1997 2015
f 2000 1998 2015
f 1995 1999 2015
f 1992 2019 2015
f 2019 2001 2015
f 2002 2000 2015
f 2004 2003 2015
f 2005 2004 2015
f 2006 2005 2015
f 2007 2006 2015
f 2009 2008 2015
f 2011 2010 2015
f 2010 2009 2015
f 2003 2012 2015
f 2008 2013 2015
f 2012 2014 2015
f 2001 2007 2015
f 2013 2002 2015
f 2014 2011 2015
f 321 885 2016
f 2016 885 878
f 868 85 878
f 878 85 2016
f 1498 1504 1904
f 2001 2019 673
f 673 2019 2018
f 229 2021 309
f 309 2021 2020
f 674 591 2022
f 2022 591 2023
f 591 673 2023
f 2023 673 2018
f 592 674 2024
f 2024 674 2022
f 592 2024 684
f 684 2024 2025
f 684 2025 605
f 605 2025 2026
f 1979 143 2026
f 2026 143 2027
f 143 230 2027
f 2027 230 2028
f 607 2028 688
f 688 2028 2029
f 688 2029 608
f 608 2029 2030
f 608 2030 689
f 689 2030 2031
f 689 2031 604
f 604 2031 2032
f 683 604 2033
f 2033 604 2032
f 602 683 2034
f 2034 683 2033
f 602 2034 682
f 682 2034 2020
f 2021 229 2017
f 2017 229 313
f 42 2035 313
f 313 2035 2017
f 312 2036 42
f 42 2036 2035
f 312 30 2036
f 2036 30 2037
f 308 2038 30
f 30 2038 2037
f 228 2039 308
f 308 2039 2038
f 228 46 2039
f 2039 46 2040
f 46 163 2040
f 2040 163 2041
f 163 80 2041
f 2041 80 2042
f 234 2043 80
f 80 2043 2042
f 4 2044 234
f 234 2044 2043
f 775 2045 4
f 4 2045 2044
f 762 2046 775
f 775 2046 2045
f 762 749 2046
f 2046 749 2047
f 749 736 2047
f 2047 736 2048
f 736 723 2048
f 2048 723 2049
f 723 709 2049
f 2049 709 2050
f 908 2050 709
f 1974 2050 908
f 908 1981 1332
f 2052 2066 2051
f 2051 2066 2065
f 323 2068 283
f 283 2068 2067
f 283 2067 2052
f 2052 2067 2066
f 186 279 2069
f 2069 279 2070
f 185 280 2071
f 2071 280 2072
f 279 185 2070
f 2070 185 2071
f 2053 186 2073
f 2073 186 2069
f 2051 2065 187
f 187 2065 2074
f 280 187 2072
f 2072 187 2074
f 281 2076 188
f 188 2076 2075
f 2055 2078 2054
f 2054 2078 2077
f 2054 2077 281
f 281 2077 2076
f 188 2075 2056
f 2056 2075 2079
f 2055 2053 2078
f 2078 2053 2073
f 2056 2079 189
f 189 2079 2080
f 189 2080 2057
f 2057 2080 2081
f 190 2057 2082
f 2082 2057 2081
f 2058 190 2083
f 2083 190 2082
f 192 282 2084
f 2084 282 2085
f 191 2058 2086
f 2086 2058 2083
f 282 191 2085
f 2085 191 2086
f 323 192 2068
f 2068 192 2084
f 1947 657 2087
f 2087 657 2088
f 2059 2060 2089
f 2089 2060 2090
f 657 2059 2088
f 2088 2059 2089
f 555 2092 654
f 654 2092 2091
f 556 2094 653
f 653 2094 2093
f 653 2093 555
f 555 2093 2092
f 2061 2095 556
f 556 2095 2094
f 2060 557 2090
f 2090 557 2096
f 654 2091 557
f 557 2091 2096
f 1954 558 2097
f 2097 558 2098
f 655 559 2099
f 2099 559 2100
f 558 655 2098
f 2098 655 2099
f 559 2062 2100
f 2100 2062 2101
f 1954 2097 2061
f 2061 2097 2095
f 2062 560 2101
f 2101 560 2102
f 560 2063 2102
f 2102 2063 2103
f 561 2104 2063
f 2063 2104 2103
f 2064 2105 561
f 561 2105 2104
f 562 2106 2064
f 2064 2106 2105
f 563 2108 656
f 656 2108 2107
f 656 2107 562
f 562 2107 2106
f 1947 2087 563
f 563 2087 2108
f 1687 1688 1808
f 1118 1238 1152
