trial_id,seed,commit_hash,timestamp,is_reachable,target_x_m,target_y_m,target_z_m,target_pitch,ik_success,ik_err_m,ik_dt_ms,outcome
MAT_0000,304,8d83b97,2026-10-06T08:02:23.941805+00:00,True,0.042495695970054204,-0.01824992632185274,0.26884058737147964,-2.9087555878106754,False,nan,292.4981117248535,FN
MAT_0001,304,8d83b97,2026-10-06T08:02:24.233765+00:00,True,0.048598773077450405,-0.10885959889309013,0.29948006133281174,-1.331091001435989,False,nan,291.9285297393799,FN
MAT_0002,304,8d83b97,2026-10-06T08:02:24.528979+00:00,True,-0.0833267777257096,-0.19379188619040716,0.1996266563625253,-0.9984087972637361,False,nan,295.184850692749,FN
MAT_0003,304,8d83b97,2026-10-06T08:02:24.823725+00:00,True,-0.09110429328993147,0.11415685431195768,0.26967155830112643,-1.7905144450200339,False,nan,294.7094440460205,FN
MAT_0004,304,8d83b97,2026-10-06T08:02:25.113575+00:00,True,-0.15963922003174041,-0.0007836979408517662,0.27825219752567454,-1.0335296540019328,False,nan,289.825439453125,FN
MAT_0005,304,8d83b97,2026-10-06T08:02:25.406205+00:00,True,-0.06729158020017915,0.1879262118534566,0.23403399782025,-1.155375783704059,False,nan,292.59538650512695,FN
MAT_0006,304,8d83b97,2026-10-06T08:02:25.696932+00:00,True,0.03741058120346587,0.08886209160909223,0.2688260853483274,-2.210308279652728,False,nan,290.70162773132324,FN
MAT_0007,304,8d83b97,2026-10-06T08:02:25.989043+00:00,True,0.08948078185036812,-0.21163150642829537,0.18181414904054322,-0.6061812270658324,False,nan,292.0875549316406,FN
MAT_0008,304,8d83b97,2026-10-06T08:02:26.282145+00:00,True,-0.03504295611658358,0.1469890928024975,0.22543174549142,-1.846291604588684,False,nan,293.0777072906494,FN
MAT_0009,304,8d83b97,2026-10-06T08:02:26.626185+00:00,True,0.1119935621900981,-0.10182695666639083,0.22400783811945713,-0.21045367593334774,False,nan,344.0136909484863,FN
MAT_0010,304,8d83b97,2026-10-06T08:02:26.996654+00:00,True,0.0591613471422899,-0.13240576974151658,0.16492628153981317,0.1669859732295924,False,nan,370.441198348999,FN
MAT_0011,304,8d83b97,2026-10-06T08:02:27.370838+00:00,True,0.0003885443684213388,0.05761576919559987,0.3048464558263382,-1.2278671250672266,False,nan,374.15146827697754,FN
MAT_0012,304,8d83b97,2026-10-06T08:02:27.738925+00:00,True,-0.2104073354221194,-0.000712757575906232,0.2275415033441745,-0.2869447975465259,False,nan,368.058443069458,FN
MAT_0013,304,8d83b97,2026-10-06T08:02:28.105568+00:00,True,-0.07684885919784054,-0.18463404040349812,0.025657030443757944,0.00935375169544228,False,nan,366.6119575500488,FN
MAT_0014,304,8d83b97,2026-10-06T08:02:28.472198+00:00,True,-0.06469311277527867,0.14477897054645827,0.22850861042956203,-1.7291922541144849,False,nan,366.60170555114746,FN
MAT_0015,304,8d83b97,2026-10-06T08:02:28.838974+00:00,True,-0.11332016921791636,0.013812778917994931,0.299903516296254,-1.7261155622921556,False,nan,366.7442798614502,FN
MAT_0016,304,8d83b97,2026-10-06T08:02:29.204393+00:00,True,0.0427139882642661,0.06148751941941211,0.28739769670748117,-1.6853044282568659,False,nan,365.3912544250488,FN
MAT_0017,304,8d83b97,2026-10-06T08:02:29.571842+00:00,True,0.12232453241965445,0.057294505914980046,-0.046368204901714186,0.009783551296773219,False,nan,367.42281913757324,FN
MAT_0018,304,8d83b97,2026-10-06T08:02:29.937961+00:00,True,0.11844855924728301,-0.11305839932886996,0.2421149971623199,-2.4160452658289278,False,nan,366.0922050476074,FN
MAT_0019,304,8d83b97,2026-10-06T08:02:29.994253+00:00,True,-0.07725677760632116,-0.09264573217505492,0.2996390970784333,0.8505713610097028,False,0.012823863661030867,56.24508857727051,FN
MAT_0020,304,8d83b97,2026-10-06T08:02:30.357866+00:00,True,0.10156047670626744,-0.07715644994194408,0.22516346356473704,-2.6304827968717657,False,nan,363.5904788970947,FN
MAT_0021,304,8d83b97,2026-10-06T08:02:30.723136+00:00,True,0.03284129340858488,-0.01184608652880982,0.31179432930609063,-2.3299664597978307,False,nan,365.2462959289551,FN
MAT_0022,304,8d83b97,2026-10-06T08:02:31.089145+00:00,True,-0.2356794856961249,-0.04315944195949623,0.15435433696665934,0.6070351542916314,False,nan,365.9791946411133,FN
MAT_0023,304,8d83b97,2026-10-06T08:02:31.455537+00:00,True,0.13697343970744258,-0.1618773563387756,0.21383246431748962,-0.04948698622893566,False,nan,366.3675785064697,FN
MAT_0024,304,8d83b97,2026-10-06T08:02:31.822158+00:00,True,-0.08443934324168967,-0.16648026114179335,0.22592622291154857,-3.526708867329469,False,nan,366.5957450866699,FN
MAT_0025,304,8d83b97,2026-10-06T08:02:32.188816+00:00,True,0.13489400699100335,-0.0594988599696728,0.2579017888509114,-2.9530505235895443,False,nan,366.62912368774414,FN
MAT_0026,304,8d83b97,2026-10-06T08:02:32.554179+00:00,True,-0.07158395004919679,-0.0591889364697781,0.24426000345063864,-0.018296011280302782,False,nan,365.33498764038086,FN
MAT_0027,304,8d83b97,2026-10-06T08:02:32.919328+00:00,True,-0.2076774450882332,-0.09135791225818896,0.13625688554793958,2.6502632279803695,False,nan,365.1244640350342,FN
MAT_0028,304,8d83b97,2026-10-06T08:02:33.285292+00:00,True,-0.154728162144118,0.08374338332426567,0.05866353652051726,-1.1123281647244365,False,nan,365.9398555755615,FN
MAT_0029,304,8d83b97,2026-10-06T08:02:33.651143+00:00,True,-0.08156640896802882,0.05019678425369699,0.2568341223106644,0.7373110033944932,False,nan,365.830659866333,FN
MAT_0030,304,8d83b97,2026-10-06T08:02:34.018597+00:00,True,0.12127094818043255,0.11808863348649712,0.15977974863767896,-0.8905450350917086,False,nan,367.4314022064209,FN
MAT_0031,304,8d83b97,2026-10-06T08:02:34.384054+00:00,True,0.19545592935604028,0.0239220892298829,0.002016629048441604,2.1454433598826643,False,nan,365.4332160949707,FN
MAT_0032,304,8d83b97,2026-10-06T08:02:34.750209+00:00,True,0.0478262881610089,0.044318275341331245,0.31495935423491256,0.039378133336070986,False,nan,366.12844467163086,FN
MAT_0033,304,8d83b97,2026-10-06T08:02:35.116815+00:00,True,-0.01932569196168358,-0.09489931434634709,0.23036471607936215,2.8646697676911956,False,nan,366.5728569030762,FN
MAT_0034,304,8d83b97,2026-10-06T08:02:35.481637+00:00,True,-0.010258688223805736,-0.017607558806983906,0.32406815840853326,0.5522643659427027,False,nan,364.7804260253906,FN
MAT_0035,304,8d83b97,2026-10-06T08:02:35.536399+00:00,True,0.06931710255524337,-0.05840554638242946,0.31085440859062363,1.104289490398326,False,0.011913930073688142,54.70705032348633,FN
MAT_0036,304,8d83b97,2026-10-06T08:02:35.903890+00:00,True,0.11676675603160167,0.04467144347543169,0.2385449978105523,-1.3492349882596935,False,nan,367.4635887145996,FN
MAT_0037,304,8d83b97,2026-10-06T08:02:36.270079+00:00,True,-0.10011026743200768,0.039443148991173224,0.3037655421278581,-0.9658226036697,False,nan,366.1608695983887,FN
MAT_0038,304,8d83b97,2026-10-06T08:02:36.636934+00:00,True,-0.04038951113155276,-0.13843651320325645,0.2869397470897944,-0.8056092388167725,False,nan,366.82987213134766,FN
MAT_0039,304,8d83b97,2026-10-06T08:02:37.003321+00:00,True,-0.15228837868645742,0.10320797284204902,0.20581286761981837,-1.489572971897842,False,nan,366.3618564605713,FN
MAT_0040,304,8d83b97,2026-10-06T08:02:37.370234+00:00,True,-0.00522020458776031,0.0004782458843453005,0.32283341412942645,-1.0125040601758046,False,nan,366.88756942749023,FN
MAT_0041,304,8d83b97,2026-10-06T08:02:37.736388+00:00,True,0.03050572096992944,-0.021389107233335466,0.2969304614702276,0.05307273761111153,False,nan,366.12510681152344,FN
MAT_0042,304,8d83b97,2026-10-06T08:02:38.102673+00:00,True,0.12356334651450895,0.0442551958414432,0.2819275924826925,0.1326915934363413,False,nan,366.2600517272949,FN
MAT_0043,304,8d83b97,2026-10-06T08:02:38.469059+00:00,True,-0.07348042892776585,-0.009103985505882983,0.2676516484271301,-1.04044588455233,False,nan,366.34039878845215,FN
MAT_0044,304,8d83b97,2026-10-06T08:02:38.835996+00:00,True,-0.12917280359407105,0.20085868846347907,0.16120251481301906,-1.2417379652973426,False,nan,366.9135570526123,FN
MAT_0045,304,8d83b97,2026-10-06T08:02:39.200224+00:00,True,-0.2567545782971607,0.038307264657695045,0.10037975797677237,-1.6360279989093087,False,nan,364.1993999481201,FN
MAT_0046,304,8d83b97,2026-10-06T08:02:39.566762+00:00,True,-0.11774110680983808,-0.11796570511146609,0.24573806372011037,-0.3446295595104957,False,nan,366.50896072387695,FN
MAT_0047,304,8d83b97,2026-10-06T08:02:39.932558+00:00,True,-0.17975461646056445,0.07491049269173763,0.17261779118555232,-1.5003064997978053,False,nan,365.7557964324951,FN
MAT_0048,304,8d83b97,2026-10-06T08:02:40.298084+00:00,True,-0.0003794896548629822,-0.2205594683440439,0.023700850886258215,-0.5347320706825331,False,nan,365.4954433441162,FN
MAT_0049,304,8d83b97,2026-10-06T08:02:40.664039+00:00,True,-0.08562261143007513,-0.13428763977727226,0.019453692513775586,0.9537984705497304,False,nan,365.9229278564453,FN
MAT_0050,304,8d83b97,2026-10-06T08:02:40.666915+00:00,True,0.016355500877963888,0.007874988002967178,0.3223271805972969,0.44255430201146284,True,0.0008952877705540522,2.8018951416015625,TP
MAT_0051,304,8d83b97,2026-10-06T08:02:41.031031+00:00,True,-0.14871825945333136,-0.13999888398374855,0.003752837123371322,-0.5162217496693102,False,nan,364.10069465637207,FN
MAT_0052,304,8d83b97,2026-10-06T08:02:41.397291+00:00,True,-0.2180897262853684,-0.06005477562552311,0.00732225129791042,0.7465441734989149,False,nan,366.23573303222656,FN
MAT_0053,304,8d83b97,2026-10-06T08:02:41.762571+00:00,True,-0.11417911634222407,0.09903086973561637,0.20651902841791384,2.6847838709056475,False,nan,365.25630950927734,FN
MAT_0054,304,8d83b97,2026-10-06T08:02:42.128649+00:00,True,0.00631013048796706,-0.06859128033903665,0.2742541972980059,-0.6866685708498077,False,nan,366.0545349121094,FN
MAT_0055,304,8d83b97,2026-10-06T08:02:42.492979+00:00,True,-0.2188625743587238,0.13821061475741475,0.10528753077910318,-0.8390561475172327,False,nan,364.3035888671875,FN
MAT_0056,304,8d83b97,2026-10-06T08:02:42.857135+00:00,True,0.022795898335816765,0.05771134301141788,0.2483936783215994,-1.2532350042268772,False,nan,364.13121223449707,FN
MAT_0057,304,8d83b97,2026-10-06T08:02:43.220828+00:00,True,-0.1950687707917419,0.11317925698246832,0.1932971122287228,-0.5783189718769787,False,nan,363.66891860961914,FN
MAT_0058,304,8d83b97,2026-10-06T08:02:43.586234+00:00,True,-0.021211288230391468,0.09236301898911503,0.23666099313290168,1.5191999683815411,False,nan,365.3748035430908,FN
MAT_0059,304,8d83b97,2026-10-06T08:02:43.953227+00:00,True,-0.22569690409379156,-0.01260793727183375,0.1682334315653774,-1.5571008579237355,False,nan,366.94884300231934,FN
MAT_0060,304,8d83b97,2026-10-06T08:02:44.319033+00:00,True,0.17285487014204987,0.12482509577469661,0.1511588183622379,1.256925272834678,False,nan,365.77844619750977,FN
MAT_0061,304,8d83b97,2026-10-06T08:02:44.320920+00:00,True,0.08749330213430684,0.05375342359440119,0.286129042167079,0.6737620551139321,True,0.0003302555944898283,1.8415451049804688,TP
MAT_0062,304,8d83b97,2026-10-06T08:02:44.686951+00:00,True,-0.07538624054824422,-0.19528455615612067,0.12833812990334556,-1.1753378034832864,False,nan,366.0144805908203,FN
MAT_0063,304,8d83b97,2026-10-06T08:02:44.716845+00:00,True,-0.0285043548406735,0.01710668670360309,0.32314211239154716,0.48626347928067415,False,0.0026820131610190705,29.844045639038086,FN
MAT_0064,304,8d83b97,2026-10-06T08:02:45.083963+00:00,True,-0.08802729005725692,0.05623406134077133,0.24173372298666249,-2.259692900228356,False,nan,367.08831787109375,FN
MAT_0065,304,8d83b97,2026-10-06T08:02:45.087632+00:00,True,0.0051533605984785055,-0.0003685534890212187,0.30650299588018504,2.5387713063543087,True,0.001503145046201987,3.598451614379883,TP
MAT_0066,304,8d83b97,2026-10-06T08:02:45.456228+00:00,True,-0.05728470235101531,-0.17805470841602639,0.11185536889076764,-0.15359599181040529,False,nan,368.5798645019531,FN
MAT_0067,304,8d83b97,2026-10-06T08:02:45.823678+00:00,True,-0.012855735019261514,0.04086812280590991,0.3148931710370508,0.25858516416186483,False,nan,367.4161434173584,FN
MAT_0068,304,8d83b97,2026-10-06T08:02:46.190100+00:00,True,-0.17122971977938123,-0.050470362401464665,0.26277956999404434,-1.475782148194691,False,nan,366.3907051086426,FN
MAT_0069,304,8d83b97,2026-10-06T08:02:46.628785+00:00,True,0.04253929346942298,0.10934363503848843,0.2814451864440784,-1.7537466832273167,False,nan,438.65060806274414,FN
MAT_0070,304,8d83b97,2026-10-06T08:02:47.002054+00:00,True,-0.12831288656017867,-0.08844462301981747,0.158898725794322,-1.1045151393873154,False,nan,373.23641777038574,FN
MAT_0071,304,8d83b97,2026-10-06T08:02:47.372893+00:00,True,-0.09069934613771383,0.1547753599535015,0.23220463557278037,-0.5253881519591048,False,nan,370.80931663513184,FN
MAT_0072,304,8d83b97,2026-10-06T08:02:47.739992+00:00,True,-0.1066840288129578,0.08475857301696679,0.28557055951781285,0.0228070267503242,False,nan,367.0685291290283,FN
MAT_0073,304,8d83b97,2026-10-06T08:02:48.105329+00:00,True,-0.1710873511407497,-0.14292396180462869,0.17324237741523885,1.1638309286273734,False,nan,365.30566215515137,FN
MAT_0074,304,8d83b97,2026-10-06T08:02:48.471457+00:00,True,0.2407256904896597,0.054049671820847536,0.12381473365194741,-1.8247767532398045,False,nan,366.09578132629395,FN
MAT_0075,304,8d83b97,2026-10-06T08:02:48.839658+00:00,True,-0.11860012195120825,-0.1476985990328883,0.07199386097526697,0.8577631272243644,False,nan,368.17073822021484,FN
MAT_0076,304,8d83b97,2026-10-06T08:02:49.206645+00:00,True,0.06600734809896225,0.22114569112585533,0.16719884517031522,-2.055739270542089,False,nan,366.9586181640625,FN
MAT_0077,304,8d83b97,2026-10-06T08:02:49.207872+00:00,True,-0.010557642119246877,0.035577550367941926,0.2618384101386053,2.2954942409324293,True,0.00011944581100053278,1.1832714080810547,TP
MAT_0078,304,8d83b97,2026-10-06T08:02:49.574060+00:00,True,-0.0817703294501139,0.02423259060328171,0.24406175576304787,2.0090026147506217,False,nan,366.17088317871094,FN
MAT_0079,304,8d83b97,2026-10-06T08:02:49.941095+00:00,True,-0.1509652228674808,-0.14377392717176993,0.16961712148998645,-0.41294182105727806,False,nan,367.0060634613037,FN
MAT_0080,304,8d83b97,2026-10-06T08:02:50.307362+00:00,True,-0.17084236997240135,0.18784468318313247,0.062209326834659295,-0.8678586107092152,False,nan,366.2402629852295,FN
MAT_0081,304,8d83b97,2026-10-06T08:02:50.673089+00:00,True,-0.20794140167427244,-0.057654485965633606,0.17257631251327216,0.20654649165180072,False,nan,365.70143699645996,FN
MAT_0082,304,8d83b97,2026-10-06T08:02:51.038359+00:00,True,-0.10667454854020923,-0.007556606018072735,0.2272569681692695,3.8387521471226957,False,nan,365.24081230163574,FN
MAT_0083,304,8d83b97,2026-10-06T08:02:51.402835+00:00,True,-0.03472584065593997,-0.16686154623979885,0.20634635581415509,1.4072535337207404,False,nan,364.4537925720215,FN
MAT_0084,304,8d83b97,2026-10-06T08:02:51.768091+00:00,True,0.2268236591322637,0.10087850107494992,0.126370812727459,-1.296154395878529,False,nan,365.2331829071045,FN
MAT_0085,304,8d83b97,2026-10-06T08:02:52.134394+00:00,True,-0.10279661228183991,0.01827360945446476,0.28437977021183586,-0.4572400696708232,False,nan,366.2757873535156,FN
MAT_0086,304,8d83b97,2026-10-06T08:02:52.162690+00:00,True,-0.02913118227892543,-0.03887666573281246,0.32106179143393565,1.0395628842869218,False,0.004064160333283557,28.238296508789062,FN
MAT_0087,304,8d83b97,2026-10-06T08:02:52.528283+00:00,True,-0.1217199157933495,0.15315128904777117,0.24098022762251137,-1.5573272710328867,False,nan,365.5738830566406,FN
MAT_0088,304,8d83b97,2026-10-06T08:02:52.894659+00:00,True,-0.1777046999411112,0.020278928227962116,0.01597884295555639,1.3521945047477364,False,nan,366.3499355316162,FN
MAT_0089,304,8d83b97,2026-10-06T08:02:53.259873+00:00,True,0.16762681488891257,-0.10336311708518774,0.013189391202753642,-0.49931222283410237,False,nan,365.1876449584961,FN
MAT_0090,304,8d83b97,2026-10-06T08:02:53.625830+00:00,True,-0.07940419818290857,-0.10379331790139804,-0.05032549028468876,-1.310444048085963,False,nan,365.9241199493408,FN
MAT_0091,304,8d83b97,2026-10-06T08:02:53.991758+00:00,True,0.01155371698378862,0.07344082742069014,0.2931582055103924,-0.7154696293906393,False,nan,365.90099334716797,FN
MAT_0092,304,8d83b97,2026-10-06T08:02:54.357943+00:00,True,0.07851633518119727,-0.01593833847360458,0.3083772385947605,-1.4856775316966921,False,nan,366.15800857543945,FN
MAT_0093,304,8d83b97,2026-10-06T08:02:54.359320+00:00,True,0.05484369145995246,0.045993915550078014,0.27905365742069876,1.935257100834087,True,0.0007297755642807117,1.3294219970703125,TP
MAT_0094,304,8d83b97,2026-10-06T08:02:54.727830+00:00,True,0.17628069509102878,-0.0415858368764652,0.18103772163078605,-0.4195173255594886,False,nan,368.49117279052734,FN
MAT_0095,304,8d83b97,2026-10-06T08:02:55.094865+00:00,True,-0.03188889173094003,-0.20051018635216433,0.11426698915743624,-0.2739014308988701,False,nan,367.006778717041,FN
MAT_0096,304,8d83b97,2026-10-06T08:02:55.460457+00:00,True,-0.0463220535609756,0.11204430700567745,0.29844935429566616,-0.8778052851808946,False,nan,365.56386947631836,FN
MAT_0097,304,8d83b97,2026-10-06T08:02:55.826571+00:00,True,-0.1472600893971009,-0.02638119420248665,0.2137307998828998,-3.2168946666681006,False,nan,366.0736083984375,FN
MAT_0098,304,8d83b97,2026-10-06T08:02:55.830347+00:00,True,0.03447591412926818,-0.06657798888263232,0.303476003311879,1.755262043829962,True,0.0009652370843596295,3.7276744842529297,TP
MAT_0099,304,8d83b97,2026-10-06T08:02:56.195644+00:00,True,0.032639014072638355,-0.03542299008694198,0.2755869500808873,-2.701176181588894,False,nan,365.2818202972412,FN
MAT_0100,304,8d83b97,2026-10-06T08:02:56.561111+00:00,True,-0.15259660104674697,0.15996812014172423,0.13690068217914025,1.2476786747218944,False,nan,365.4205799102783,FN
MAT_0101,304,8d83b97,2026-10-06T08:02:56.926596+00:00,True,0.18837098276556977,-0.08942896323969693,0.17277490657046712,2.296524765308889,False,nan,365.4608726501465,FN
MAT_0102,304,8d83b97,2026-10-06T08:02:57.292626+00:00,True,0.015487855115717174,0.012163014328825194,0.3172407808955989,-1.5068715187171262,False,nan,366.00422859191895,FN
MAT_0103,304,8d83b97,2026-10-06T08:02:57.658495+00:00,True,0.04440498567939803,0.05954442227886135,0.27870701019294586,-1.3848983818467921,False,nan,365.8421039581299,FN
MAT_0104,304,8d83b97,2026-10-06T08:02:58.024263+00:00,True,0.10020172780193352,0.22351691828252881,0.15459951725380658,-0.616193834379271,False,nan,365.74244499206543,FN
MAT_0105,304,8d83b97,2026-10-06T08:02:58.389027+00:00,True,0.2506956898820524,-0.026054539570171564,0.09855842644107532,-1.8899272130624942,False,nan,364.74037170410156,FN
MAT_0106,304,8d83b97,2026-10-06T08:02:58.754164+00:00,True,0.07047098670378965,-0.06486207956143965,0.2329630116425464,1.0196054460063575,False,nan,365.1154041290283,FN
MAT_0107,304,8d83b97,2026-10-06T08:02:59.119681+00:00,True,0.16823602489349998,-0.1070684614635604,0.020864485107569636,1.0455311558623834,False,nan,365.4921054840088,FN
MAT_0108,304,8d83b97,2026-10-06T08:02:59.484803+00:00,True,0.11953587960508863,-0.021689640664490976,0.27375566436730187,-0.8010268639323288,False,nan,365.0994300842285,FN
MAT_0109,304,8d83b97,2026-10-06T08:02:59.851066+00:00,True,0.12849702331044416,0.14240585084274382,-0.024552354057136808,0.05412598433321625,False,nan,366.2381172180176,FN
MAT_0110,304,8d83b97,2026-10-06T08:03:00.218474+00:00,True,0.14476387652284575,0.08306352608301829,0.22296249542534985,0.7190137028427195,False,nan,367.3820495605469,FN
MAT_0111,304,8d83b97,2026-10-06T08:03:00.584791+00:00,True,0.1302791323011555,-0.06265256393042773,0.2562077650373967,-0.3800872317101658,False,nan,366.290807723999,FN
MAT_0112,304,8d83b97,2026-10-06T08:03:01.005480+00:00,True,-0.0653222533832314,-0.11686308811982218,0.2628257344901377,0.3828593589984086,False,0.01665875688387948,420.6194877624512,FN
MAT_0113,304,8d83b97,2026-10-06T08:03:01.374199+00:00,True,0.018612299756929372,-0.007710223758012721,0.2946936339399143,0.3167487635244468,False,nan,368.6792850494385,FN
MAT_0114,304,8d83b97,2026-10-06T08:03:01.742672+00:00,True,-0.15086644083764109,0.0027906433468308845,0.007892979020560117,0.4608453773327694,False,nan,368.44325065612793,FN
MAT_0115,304,8d83b97,2026-10-06T08:03:01.770145+00:00,True,-0.07423213583844997,0.03408436335037357,0.2799690135996732,2.059393024734489,True,0.0002450769107491319,27.4200439453125,TP
MAT_0116,304,8d83b97,2026-10-06T08:03:02.135842+00:00,True,-0.009476139443705013,-0.048857604794171,0.3196389385809395,-0.9838411325924665,False,nan,365.6764030456543,FN
MAT_0117,304,8d83b97,2026-10-06T08:03:02.502157+00:00,True,0.13380237316095317,0.006039076965649908,-0.01974914830053634,1.007624347318015,False,nan,366.286039352417,FN
MAT_0118,304,8d83b97,2026-10-06T08:03:02.868530+00:00,True,-0.05724287076440715,0.1213517105450007,0.24569738456398726,1.9649458042486556,False,nan,366.3449287414551,FN
MAT_0119,304,8d83b97,2026-10-06T08:03:03.233915+00:00,True,0.16990114020173053,0.1803096266754433,0.10285316726673582,-0.16750930550672227,False,nan,365.3550148010254,FN
MAT_0120,304,8d83b97,2026-10-06T08:03:03.600407+00:00,True,0.18859396094204053,-0.037214011115508136,0.18754964581414185,-1.5919090496524222,False,nan,366.46199226379395,FN
MAT_0121,304,8d83b97,2026-10-06T08:03:03.968178+00:00,True,-0.16198982906846573,-0.0645304337021357,0.2398529799298285,0.5078287719096546,False,0.01869365484465309,367.7198886871338,FN
MAT_0122,304,8d83b97,2026-10-06T08:03:04.335860+00:00,True,0.019989831609708394,0.053760531557116825,0.2762715833804923,-1.1189223915320585,False,nan,367.65241622924805,FN
MAT_0123,304,8d83b97,2026-10-06T08:03:04.704491+00:00,True,-0.008810308212158023,-0.003347447647621673,0.32286713458643224,-1.1117170500506808,False,nan,368.60132217407227,FN
MAT_0124,304,8d83b97,2026-10-06T08:03:05.073566+00:00,True,-0.06986390034650168,0.049842168662642086,0.2627778835928447,-0.02480990702096353,False,nan,369.04430389404297,FN
MAT_0125,304,8d83b97,2026-10-06T08:03:05.441175+00:00,True,0.04126843212360875,-0.09543092195242064,0.3050734140063558,-0.3176280474620603,False,nan,367.5820827484131,FN
MAT_0126,304,8d83b97,2026-10-06T08:03:05.468781+00:00,True,0.0731331568037372,-0.048756467351732176,0.27219781175075386,2.668589989297259,True,5.890130936157789e-05,27.563095092773438,TP
MAT_0127,304,8d83b97,2026-10-06T08:03:05.837297+00:00,True,0.020653784843977348,0.08165698655002954,0.2951511935335514,-2.3443757298649874,False,nan,368.4966564178467,FN
MAT_0128,304,8d83b97,2026-10-06T08:03:05.864608+00:00,True,0.00029150241825354195,0.05252828763786847,0.2726226661345645,0.7130673196016635,True,0.0005074338568841721,27.2672176361084,TP
MAT_0129,304,8d83b97,2026-10-06T08:03:06.232327+00:00,True,0.07367796636957986,-0.00929639494286786,0.27099130248529146,-1.503427214921369,False,0.0168254870934246,367.6788806915283,FN
MAT_0130,304,8d83b97,2026-10-06T08:03:06.599965+00:00,True,0.11479152702259501,0.10169493547725622,0.173470167788517,-1.3592654765700463,False,nan,367.6142692565918,FN
MAT_0131,304,8d83b97,2026-10-06T08:03:06.967831+00:00,True,-0.08020818642781616,0.15621285911445124,0.19497883894454887,1.2004725848394942,False,nan,367.8410053253174,FN
MAT_0132,304,8d83b97,2026-10-06T08:03:07.336138+00:00,True,-0.16358962050726486,-0.04525239669924587,0.24493113723830706,-0.3560653418328348,False,nan,368.2825565338135,FN
MAT_0133,304,8d83b97,2026-10-06T08:03:07.704034+00:00,True,0.12813503591430347,0.10248420393665497,0.269734771846575,-0.02290388695201595,False,nan,367.8727149963379,FN
MAT_0134,304,8d83b97,2026-10-06T08:03:08.072737+00:00,True,0.14821150797939903,0.1334847239839111,0.04216899508461741,-0.5879163282087653,False,nan,368.67594718933105,FN
MAT_0135,304,8d83b97,2026-10-06T08:03:08.074121+00:00,True,0.08504636559835577,-0.023924583629185217,0.2916220280281896,1.5218995712854626,True,0.0010857629253293308,1.3365745544433594,TP
MAT_0136,304,8d83b97,2026-10-06T08:03:08.101731+00:00,True,-0.03777809437819454,-0.09227940428017364,0.2718652549705169,1.986854874618075,True,0.00014801208092889213,27.575016021728516,TP
MAT_0137,304,8d83b97,2026-10-06T08:03:08.103255+00:00,True,0.05575064042660707,0.012532517801463687,0.2663208069870796,1.4926294836020741,True,4.7681249436210375e-05,1.489400863647461,TP
MAT_0138,304,8d83b97,2026-10-06T08:03:08.470894+00:00,True,0.17537022175492484,-0.14301019624938843,0.009957223120879433,-0.44378749982777177,False,nan,367.62022972106934,FN
MAT_0139,304,8d83b97,2026-10-06T08:03:08.472237+00:00,True,0.013750043802319308,-0.10756839605934697,0.2855774586922902,1.6413945493432291,True,0.0012907015184479764,1.2905597686767578,TP
MAT_0140,304,8d83b97,2026-10-06T08:03:08.841446+00:00,True,0.19882707822758522,0.11837081452227152,0.18304793542769388,-1.5047620899167518,False,nan,369.1720962524414,FN
MAT_0141,304,8d83b97,2026-10-06T08:03:09.209949+00:00,True,0.13054639396898193,0.015016566608420797,0.2587438461075146,-2.71413538959034,False,nan,368.4709072113037,FN
MAT_0142,304,8d83b97,2026-10-06T08:03:09.576797+00:00,True,-0.014219639180725156,0.004219769479002981,0.31664198605750016,-1.3189689795355453,False,0.01918106194270316,366.7905330657959,FN
MAT_0143,304,8d83b97,2026-10-06T08:03:09.943918+00:00,True,0.09236725517296912,-0.05426218918589615,0.3012522327783162,-1.190336137184888,False,nan,367.0921325683594,FN
MAT_0144,304,8d83b97,2026-10-06T08:03:10.310703+00:00,True,0.040116465935643594,0.15304353604236282,0.2437156172869015,2.769196137085252,False,nan,366.7559623718262,FN
MAT_0145,304,8d83b97,2026-10-06T08:03:10.676266+00:00,True,-0.10142438022657195,0.01150957586345319,0.24814058252433277,2.573723335720233,False,nan,365.5366897583008,FN
MAT_0146,304,8d83b97,2026-10-06T08:03:11.043432+00:00,True,0.2445879870322668,0.0459356710621852,0.12022892368715793,-2.8912744975278333,False,nan,367.1402931213379,FN
MAT_0147,304,8d83b97,2026-10-06T08:03:11.423917+00:00,True,-0.12035569307639332,-0.0869137495565214,-0.013484932131891864,-0.9067528215810321,False,nan,380.4600238800049,FN
MAT_0148,304,8d83b97,2026-10-06T08:03:11.789636+00:00,True,0.17147774338585953,-0.08230706331069018,0.0695575788537758,-1.2709811997254168,False,nan,365.689754486084,FN
MAT_0149,304,8d83b97,2026-10-06T08:03:12.155835+00:00,True,-0.11799571203337801,0.08780768677964057,0.22490199287803578,-2.1074045703551523,False,nan,366.17040634155273,FN
MAT_0150,304,8d83b97,2026-10-06T08:03:12.522638+00:00,True,0.049606912549541464,-0.18428699089039285,0.17795145775013022,1.9040185609534677,False,nan,366.7755126953125,FN
MAT_0151,304,8d83b97,2026-10-06T08:03:12.890224+00:00,True,-0.05839624782716086,0.0013538279462861668,0.3196909115237423,-0.929710482200071,False,nan,367.5575256347656,FN
MAT_0152,304,8d83b97,2026-10-06T08:03:13.261629+00:00,True,0.056996986175744314,-0.24362429373465944,0.13863540765835394,-0.23230390215411822,False,nan,371.37627601623535,FN
MAT_0153,304,8d83b97,2026-10-06T08:03:13.289248+00:00,True,0.04828562405487447,0.037723352100282506,0.30337973409571634,1.1722442549742493,True,0.00012235743604223026,27.56476402282715,TP
MAT_0154,304,8d83b97,2026-10-06T08:03:13.292141+00:00,True,0.10293161307960433,-0.07041234767399393,0.27512776522044846,1.6283259657327898,True,0.000258685451566247,2.8429031372070312,TP
MAT_0155,304,8d83b97,2026-10-06T08:03:13.319631+00:00,True,-0.016313744756826454,0.004460638333271424,0.27393784070215055,1.9387361842474748,True,0.0010577328354038202,27.45962142944336,TP
MAT_0156,304,8d83b97,2026-10-06T08:03:13.321011+00:00,True,0.017834831573200517,-0.05351599367473594,0.30845852091579024,1.0788994932303533,True,0.00044412757944066824,1.3477802276611328,TP
MAT_0157,304,8d83b97,2026-10-06T08:03:13.690660+00:00,True,0.12549180040602945,0.16476233469070278,0.1610131040518165,-0.9339011322337568,False,nan,369.63701248168945,FN
MAT_0158,304,8d83b97,2026-10-06T08:03:14.060039+00:00,True,0.08513910142785452,0.03718137885307479,0.2453442966920512,-2.164066661293269,False,nan,369.34590339660645,FN
MAT_0159,304,8d83b97,2026-10-06T08:03:14.427810+00:00,True,0.16778529091805766,0.09921587314960714,0.24068159955640434,0.22634422943754395,False,nan,367.74277687072754,FN
MAT_0160,304,8d83b97,2026-10-06T08:03:14.429313+00:00,True,0.05754582166245472,-0.03417581345257046,0.29311364339214824,2.1692619056065237,True,0.0002586658772565373,1.4541149139404297,TP
MAT_0161,304,8d83b97,2026-10-06T08:03:14.457610+00:00,True,-0.011404190151846082,0.06878421898805165,0.30035249509926853,2.1609882627035173,True,0.00023776032181735713,28.26380729675293,TP
MAT_0162,304,8d83b97,2026-10-06T08:03:14.826484+00:00,True,0.045470269822859545,-0.22642456513769132,0.1745488736406609,-0.725422007109416,False,nan,368.8547611236572,FN
MAT_0163,304,8d83b97,2026-10-06T08:03:15.296761+00:00,True,-0.1976066351541226,-0.02884965521867086,0.19539457761772822,1.941761586392195,False,nan,470.2472686767578,FN
MAT_0164,304,8d83b97,2026-10-06T08:03:15.665737+00:00,True,-0.009192312885957208,-0.008140306058563477,0.32013935778845193,-0.5090828984326463,False,nan,368.945837020874,FN
MAT_0165,304,8d83b97,2026-10-06T08:03:16.036863+00:00,True,-0.16341336062609718,0.020975093218760843,0.21164286630482523,-4.031472787917944,False,nan,371.09827995300293,FN
MAT_0166,304,8d83b97,2026-10-06T08:03:16.407845+00:00,True,-0.11779711672196726,-0.16724465971757158,0.1891450413450269,0.6011605453470235,False,nan,370.95046043395996,FN
MAT_0167,304,8d83b97,2026-10-06T08:03:16.778904+00:00,True,-0.1882260744873585,-0.15855457868936818,0.13608730214830583,-2.7187412975568046,False,nan,371.02317810058594,FN
MAT_0168,304,8d83b97,2026-10-06T08:03:17.150028+00:00,True,0.16916832399971204,-0.08746923030015952,0.24425320568575581,-1.3882118720561012,False,nan,371.10161781311035,FN
MAT_0169,304,8d83b97,2026-10-06T08:03:17.520179+00:00,True,0.1388132833495961,0.18653128893705334,0.17230065225714816,-1.8055906389026046,False,nan,370.1283931732178,FN
MAT_0170,304,8d83b97,2026-10-06T08:03:17.888955+00:00,True,-0.08486899500019346,-0.17386222257996412,0.19448724002350257,-2.923083338522858,False,nan,368.7474727630615,FN
MAT_0171,304,8d83b97,2026-10-06T08:03:18.257686+00:00,True,0.22950516929685588,-0.026377885798548537,0.13377868171717627,0.33129624648838407,False,nan,368.6947822570801,FN
MAT_0172,304,8d83b97,2026-10-06T08:03:18.625200+00:00,True,-0.05756230965449059,-0.02213071363384039,0.31259003968640475,-1.086630741060527,False,nan,367.48695373535156,FN
MAT_0173,304,8d83b97,2026-10-06T08:03:18.993420+00:00,True,-0.08490772025177296,0.14057807480585904,0.21396782035016318,3.2137293502829136,False,nan,368.1964874267578,FN
MAT_0174,304,8d83b97,2026-10-06T08:03:19.361505+00:00,True,-0.13211963989792685,0.06138888975695363,0.20566105401371895,1.9288081584186767,False,nan,368.0610656738281,FN
MAT_0175,304,8d83b97,2026-10-06T08:03:19.363833+00:00,True,0.0596734393542044,-0.0460122104054973,0.3059435005476905,0.6768793998762939,True,0.0009640777149327897,2.273082733154297,TP
MAT_0176,304,8d83b97,2026-10-06T08:03:19.732489+00:00,True,-0.16616125098814555,0.003145572504092079,-0.027704726790134845,0.5460935030447933,False,nan,368.6366081237793,FN
MAT_0177,304,8d83b97,2026-10-06T08:03:20.100296+00:00,True,-0.05023373876613305,-0.04780170787121721,0.3025388750622979,-0.5381518322502126,False,nan,367.7797317504883,FN
MAT_0178,304,8d83b97,2026-10-06T08:03:20.101669+00:00,True,0.10207287793458349,0.026304542192799586,0.26333205536206505,1.5895057090022293,True,0.0010476422052485175,1.3263225555419922,TP
MAT_0179,304,8d83b97,2026-10-06T08:03:20.470147+00:00,True,-0.025664844510547888,0.02273953479563926,0.2592949112039914,-1.5305401900719688,False,nan,368.4582710266113,FN
MAT_0180,304,8d83b97,2026-10-06T08:03:20.838724+00:00,True,0.06048155134375581,-0.03314116990666059,0.24741438083056788,-3.1482308840911366,False,nan,368.55101585388184,FN
MAT_0181,304,8d83b97,2026-10-06T08:03:21.207722+00:00,True,0.017948406115829527,0.2066860587948789,0.18589643214526808,0.031741883890513245,False,nan,368.9751625061035,FN
MAT_0182,304,8d83b97,2026-10-06T08:03:21.575627+00:00,True,-0.13399611018779395,0.09712756079561827,0.035135345061209244,-1.1895581732442952,False,nan,367.88249015808105,FN
MAT_0183,304,8d83b97,2026-10-06T08:03:21.943879+00:00,True,-0.12980786098813768,0.13961210729571244,0.1426463366381392,-0.27062688205727725,False,nan,368.2272434234619,FN
MAT_0184,304,8d83b97,2026-10-06T08:03:22.312646+00:00,True,-0.054683760814303595,0.15354375943959603,0.23599176425864465,1.1171565764894835,False,nan,368.73531341552734,FN
MAT_0185,304,8d83b97,2026-10-06T08:03:22.680448+00:00,True,0.1640741504864236,-0.1522043352374229,0.12672647917482396,2.2029509707505586,False,nan,367.77496337890625,FN
MAT_0186,304,8d83b97,2026-10-06T08:03:23.052341+00:00,True,0.03050275942571176,-0.06386082619273441,0.22900244153117827,3.80500914850227,False,nan,371.868371963501,FN
MAT_0187,304,8d83b97,2026-10-06T08:03:23.425089+00:00,True,0.1891852897013881,-0.03256957419200202,0.020787273347168414,-0.1986823058497571,False,nan,372.71714210510254,FN
MAT_0188,304,8d83b97,2026-10-06T08:03:23.796299+00:00,True,-0.07386555813535961,0.1772597603907351,0.200725897586577,2.0951264922458157,False,nan,371.1814880371094,FN
MAT_0189,304,8d83b97,2026-10-06T08:03:24.168320+00:00,True,-0.05745884126397678,0.04645973144052658,0.3032496355336184,0.10292566115652002,False,nan,371.997594833374,FN
MAT_0190,304,8d83b97,2026-10-06T08:03:24.196376+00:00,True,-0.04258373036239565,0.02273469766925171,0.28797118875821104,1.0591674577183694,True,0.0008184152960142374,28.00726890563965,TP
MAT_0191,304,8d83b97,2026-10-06T08:03:24.566090+00:00,True,-0.0188364062113143,-0.0784877096396375,0.2716310529031579,-2.5055210930121627,False,nan,369.6880340576172,FN
MAT_0192,304,8d83b97,2026-10-06T08:03:24.934896+00:00,True,0.05585801526743224,-0.10551970462742455,0.28307266284481525,-0.6660322299156758,False,nan,368.78037452697754,FN
MAT_0193,304,8d83b97,2026-10-06T08:03:24.937645+00:00,True,0.048738757891300236,0.12570893686806905,0.27283499277760925,1.2776810245607348,True,0.0001724943057180336,2.6879310607910156,TP
MAT_0194,304,8d83b97,2026-10-06T08:03:25.306035+00:00,True,-0.03766739055736845,-0.18821660300415127,0.148313773423097,-0.18916803632054613,False,nan,368.3764934539795,FN
MAT_0195,304,8d83b97,2026-10-06T08:03:25.333782+00:00,True,-0.0962144503646292,0.1291296821737716,0.25299941483107335,1.4155764587591975,True,0.001115526268866508,27.698516845703125,TP
MAT_0196,304,8d83b97,2026-10-06T08:03:25.702532+00:00,True,0.06214361305865124,-0.058327735079511986,0.23904498789754647,-1.2959142129505026,False,nan,368.7310218811035,FN
MAT_0197,304,8d83b97,2026-10-06T08:03:26.076407+00:00,True,-0.0743204080240539,0.06435671427183862,0.22154541281426415,-1.0650722665034658,False,nan,373.85034561157227,FN
MAT_0198,304,8d83b97,2026-10-06T08:03:26.445485+00:00,True,0.15268869804116741,-0.12605449241983113,0.04200977933152804,0.9127488399247604,False,nan,369.04096603393555,FN
MAT_0199,304,8d83b97,2026-10-06T08:03:26.813774+00:00,True,0.22048638310122703,-0.05366430479972706,0.15810654126023968,-0.13344143085785998,False,nan,368.2413101196289,FN
MAT_0200,304,8d83b97,2026-10-06T08:03:27.182022+00:00,True,-0.182805776395381,0.13878718644492116,-0.0079160880443217,-0.9393839828381809,False,nan,368.1976795196533,FN
MAT_0201,304,8d83b97,2026-10-06T08:03:27.549398+00:00,True,-0.11041160213059328,0.08156642170447947,0.2391765240407609,0.32842317789080866,False,nan,367.3436641693115,FN
MAT_0202,304,8d83b97,2026-10-06T08:03:27.916604+00:00,True,0.17401508602772411,0.015957699182027975,0.18518841490879343,-0.2540795512948132,False,nan,367.18297004699707,FN
MAT_0203,304,8d83b97,2026-10-06T08:03:27.925947+00:00,True,-0.004863193407845592,-0.000436198140395104,0.25733418236090666,2.2992534962765907,True,0.0008146547610561884,9.299516677856445,TP
MAT_0204,304,8d83b97,2026-10-06T08:03:28.293116+00:00,True,-0.13369475434411265,0.18180195720836423,0.13601223538260895,1.460216859610108,False,nan,367.1526908874512,FN
MAT_0205,304,8d83b97,2026-10-06T08:03:28.660971+00:00,True,-0.09710003775716665,-0.17517773769834943,0.10398281389581186,-0.48927668405904723,False,nan,367.83409118652344,FN
MAT_0206,304,8d83b97,2026-10-06T08:03:29.029542+00:00,True,0.006070476355665005,-0.11870332587527602,0.28492937425623677,0.021422355470352317,False,nan,368.5498237609863,FN
MAT_0207,304,8d83b97,2026-10-06T08:03:29.398637+00:00,True,0.01623890788472976,0.005323802401060498,0.3241777378298518,1.1822494839496605,False,nan,369.07482147216797,FN
MAT_0208,304,8d83b97,2026-10-06T08:03:29.766458+00:00,True,-0.11079174567327682,-0.06325529138970262,0.22338528380511807,-1.3279106668756082,False,nan,367.7971363067627,FN
MAT_0209,304,8d83b97,2026-10-06T08:03:30.135437+00:00,True,-0.157220229919404,-0.006793069500404946,0.20039405635320928,0.059632115942437114,False,nan,368.94798278808594,FN
MAT_0210,304,8d83b97,2026-10-06T08:03:30.503868+00:00,True,0.024595870299943208,0.004260609287893867,0.282558618991674,-3.105504453944004,False,nan,368.40152740478516,FN
MAT_0211,304,8d83b97,2026-10-06T08:03:30.506445+00:00,True,0.07006162818224862,-0.0928750813316139,0.2790360785107584,1.9238910495246564,True,0.00022909897623229317,2.531766891479492,TP
MAT_0212,304,8d83b97,2026-10-06T08:03:30.874315+00:00,True,-0.16291703937146618,-0.08677277026768983,0.18096510839124436,0.9334540877614479,False,nan,367.85340309143066,FN
MAT_0213,304,8d83b97,2026-10-06T08:03:31.241284+00:00,True,0.19474514859577113,0.0592739793187895,0.11371672864078711,1.1519740343188327,False,nan,366.9416904449463,FN
MAT_0214,304,8d83b97,2026-10-06T08:03:31.609951+00:00,True,0.05206335200449479,0.07374779532255953,0.27807824202948295,0.6202726783809527,False,nan,368.64566802978516,FN
MAT_0215,304,8d83b97,2026-10-06T08:03:31.977389+00:00,True,-0.028337825973797526,-0.11632702642065977,0.22878041358689466,2.998430809340279,False,nan,367.4130439758301,FN
MAT_0216,304,8d83b97,2026-10-06T08:03:32.344150+00:00,True,0.05803723242245807,0.007526911561288245,0.24324059635232329,3.4521001404155554,False,nan,366.73593521118164,FN
MAT_0217,304,8d83b97,2026-10-06T08:03:32.346595+00:00,True,-0.004297986064948089,-0.020123068852948733,0.3216368753945995,0.3976220542399713,True,0.0005892059592510175,2.4025440216064453,TP
MAT_0218,304,8d83b97,2026-10-06T08:03:32.714246+00:00,True,-0.08198557493381636,-0.15926360791862593,0.07706622787738837,-0.6423242019701798,False,nan,367.6340579986572,FN
MAT_0219,304,8d83b97,2026-10-06T08:03:33.081333+00:00,True,0.009156772021591479,-0.1700885917764168,0.19989876957381172,0.43253066845400046,False,nan,367.0670986175537,FN
MAT_0220,304,8d83b97,2026-10-06T08:03:33.449016+00:00,True,0.052608702610994734,-0.008607490443357606,0.28334643382554936,-3.0330241317921063,False,nan,367.659330368042,FN
MAT_0221,304,8d83b97,2026-10-06T08:03:33.476924+00:00,True,-0.06919826148405218,-0.06303751529655732,0.27349227835262774,1.0402810146517778,True,0.0010187643161106569,27.857542037963867,TP
MAT_0222,304,8d83b97,2026-10-06T08:03:33.844206+00:00,True,0.08596483697138654,0.023568601347721395,0.23992810763932904,-1.0657722207206588,False,nan,367.262601852417,FN
MAT_0223,304,8d83b97,2026-10-06T08:03:34.211097+00:00,True,-0.16338452757247096,0.17854947066650725,0.06080605029393074,-1.833261625629253,False,nan,366.8639659881592,FN
MAT_0224,304,8d83b97,2026-10-06T08:03:34.579858+00:00,True,-0.08634122683865003,0.0732669767466524,0.21353277253704966,-1.3489694088411452,False,nan,368.73650550842285,FN
MAT_0225,304,8d83b97,2026-10-06T08:03:34.946754+00:00,True,0.013516639543265555,-0.001713876114629486,0.25024371634693227,3.095580216574713,False,nan,366.8637275695801,FN
MAT_0226,304,8d83b97,2026-10-06T08:03:35.314340+00:00,True,0.05975081209002331,-0.2300382436193889,0.1720110778799941,-1.6227267176003424,False,nan,367.55847930908203,FN
MAT_0227,304,8d83b97,2026-10-06T08:03:35.680693+00:00,True,-0.14719898936205011,-0.17963664903635648,0.09336558268122533,1.5616789984597694,False,nan,366.32323265075684,FN
MAT_0228,304,8d83b97,2026-10-06T08:03:36.047757+00:00,True,0.06558118713547273,0.1889093433684575,0.21036276674875104,-1.745696391798639,False,nan,367.02942848205566,FN
MAT_0229,304,8d83b97,2026-10-06T08:03:36.414987+00:00,True,-0.05252272975381958,-0.06196776338041482,0.3124290401684646,-0.05537318025984228,False,0.016524413564435143,367.18010902404785,FN
MAT_0230,304,8d83b97,2026-10-06T08:03:36.782569+00:00,True,0.017050267455547018,0.0805281651757064,0.2552810606186206,-1.0816388614344647,False,nan,367.5565719604492,FN
MAT_0231,304,8d83b97,2026-10-06T08:03:37.149477+00:00,True,0.16367118346015444,0.038554518416510496,0.18996453718018821,2.206007462118334,False,nan,366.8780326843262,FN
MAT_0232,304,8d83b97,2026-10-06T08:03:37.177314+00:00,True,0.020456502382351638,0.12764190493016633,0.2771219417994232,1.9272037025002213,True,0.0011111270447592982,27.77886390686035,TP
MAT_0233,304,8d83b97,2026-10-06T08:03:37.546984+00:00,True,-0.0021448318335778533,0.0014515521901724057,0.32288898714940056,-0.7286346495804354,False,nan,369.6417808532715,FN
MAT_0234,304,8d83b97,2026-10-06T08:03:37.920240+00:00,True,0.14990797803864594,-0.10039702340116854,0.23426417929988533,-0.4661889138694362,False,nan,373.2264041900635,FN
MAT_0235,304,8d83b97,2026-10-06T08:03:37.921723+00:00,True,0.04091385095008485,-0.02147934702901078,0.28850700926121586,2.201267417445051,True,0.0006088834749806687,1.4395713806152344,TP
MAT_0236,304,8d83b97,2026-10-06T08:03:37.975021+00:00,True,0.12358292411052353,0.0921303402342096,0.2781024153682482,0.6624928740064798,False,0.017416818055412904,53.263187408447266,FN
MAT_0237,304,8d83b97,2026-10-06T08:03:38.341404+00:00,True,-0.03489036936534101,0.027692296094618582,0.30914928130557673,-2.348294799647819,False,nan,366.3606643676758,FN
MAT_0238,304,8d83b97,2026-10-06T08:03:38.708450+00:00,True,-0.13518119056670697,-0.14605274302472704,0.13731930210229557,1.208187860880259,False,nan,367.0003414154053,FN
MAT_0239,304,8d83b97,2026-10-06T08:03:39.074674+00:00,True,0.06590600969005184,-0.024947259563613045,0.25552019789825947,-3.0412311672661865,False,nan,366.1940097808838,FN
MAT_0240,304,8d83b97,2026-10-06T08:03:39.101987+00:00,True,-0.0016863175793136991,0.04985183263446813,0.3082990651003596,1.5824503775690852,True,0.0012610924825325347,27.26602554321289,TP
MAT_0241,304,8d83b97,2026-10-06T08:03:39.468312+00:00,True,-0.04122809725054193,-0.2262155149079758,0.03013870067383266,0.21590936683357986,False,nan,366.3058280944824,FN
MAT_0242,304,8d83b97,2026-10-06T08:03:39.834623+00:00,True,0.1627917403322286,-0.010558671141485433,0.03417474228320344,-1.7135287192021014,False,nan,366.2838935852051,FN
MAT_0243,304,8d83b97,2026-10-06T08:03:40.201073+00:00,True,-0.1983235385018055,0.04662203995675347,0.23058847520542808,-1.3920948607173038,False,nan,366.4250373840332,FN
MAT_0244,304,8d83b97,2026-10-06T08:03:40.567653+00:00,True,0.0837748192589583,-0.005862656388628421,0.2490535823179702,3.6304001480431634,False,nan,366.55521392822266,FN
MAT_0245,304,8d83b97,2026-10-06T08:03:40.934205+00:00,True,0.033402264029961326,-0.0689186534059008,0.2915785305860708,-3.123408497494696,False,nan,366.5299415588379,FN
MAT_0246,304,8d83b97,2026-10-06T08:03:41.300188+00:00,True,0.16896409151770916,0.10915903909126495,0.2298776552629392,-0.02806602845919315,False,nan,365.95940589904785,FN
MAT_0247,304,8d83b97,2026-10-06T08:03:41.666181+00:00,True,0.21798540438240702,0.1056130522549895,0.10232393020967187,0.22724221909742548,False,nan,365.97156524658203,FN
MAT_0248,304,8d83b97,2026-10-06T08:03:42.032464+00:00,True,0.17428505897030072,0.12756147143514027,0.15605398273946905,2.5589758036980705,False,nan,366.26148223876953,FN
MAT_0249,304,8d83b97,2026-10-06T08:03:42.399112+00:00,True,-0.018810785196860007,-0.1159040389220514,0.30146565289158134,-0.6446980607153783,False,nan,366.6231632232666,FN
MAT_0250,304,8d83b97,2026-10-06T08:03:42.766089+00:00,True,0.0787741609435291,0.07357552894648829,0.283930729514321,-0.8007858028747684,False,nan,366.95218086242676,FN
MAT_0251,304,8d83b97,2026-10-06T08:03:43.132676+00:00,True,-0.181534999413843,-0.03239076591844554,0.18960666279093488,0.18556238705222505,False,nan,366.5621280670166,FN
MAT_0252,304,8d83b97,2026-10-06T08:03:43.498942+00:00,True,-0.04449099712931445,0.03178233431932223,0.29340241184403393,-0.6548295006898603,False,nan,366.2407398223877,FN
MAT_0253,304,8d83b97,2026-10-06T08:03:43.865712+00:00,True,0.014929376623074763,-0.1576879663260229,0.12640642923780868,-0.28662628453170313,False,nan,366.7473793029785,FN
MAT_0254,304,8d83b97,2026-10-06T08:03:44.232253+00:00,True,0.15566096581776392,-0.0022942958963668666,0.1354709063280461,-1.6524049470878501,False,nan,366.52088165283203,FN
MAT_0255,304,8d83b97,2026-10-06T08:03:44.599042+00:00,True,0.19113316075369577,0.1596583814294423,0.134008325615993,-1.5421537394998277,False,nan,366.7609691619873,FN
MAT_0256,304,8d83b97,2026-10-06T08:03:44.966555+00:00,True,-0.13646863966020545,0.12708225860306158,0.1747794584351335,-0.6845643249778982,False,nan,367.4733638763428,FN
MAT_0257,304,8d83b97,2026-10-06T08:03:45.334120+00:00,True,0.16729123287816974,-0.1306523972356422,0.20312893405397825,-1.853093716595104,False,nan,367.54417419433594,FN
MAT_0258,304,8d83b97,2026-10-06T08:03:45.701140+00:00,True,-0.07025351769488697,0.10654681330398216,0.24547511633113683,2.2633395581201707,False,nan,366.99628829956055,FN
MAT_0259,304,8d83b97,2026-10-06T08:03:46.068295+00:00,True,-0.04862976717540542,0.24719797271193458,0.12692181441118708,-0.3204339047664,False,nan,367.1307563781738,FN
MAT_0260,304,8d83b97,2026-10-06T08:03:46.069787+00:00,True,-0.001947646695629135,-0.0005094472417542344,0.2597874479210019,3.532152049476985,True,0.0005500172983384264,1.4414787292480469,TP
MAT_0261,304,8d83b97,2026-10-06T08:03:46.072125+00:00,True,0.0705810488259591,0.02978485703683307,0.2751882289268005,2.567950324502382,True,0.00015272936396845606,2.307415008544922,TP
MAT_0262,304,8d83b97,2026-10-06T08:03:46.439714+00:00,True,-0.09391231563746424,0.19405213672692417,0.20154062542686427,-0.3276726238100911,False,nan,367.57707595825195,FN
MAT_0263,304,8d83b97,2026-10-06T08:03:46.806398+00:00,True,-0.12936958331135257,-0.021701595277118367,-0.047439913142226564,0.2769188022102691,False,nan,366.66274070739746,FN
MAT_0264,304,8d83b97,2026-10-06T08:03:46.807983+00:00,True,0.020407050286750203,-0.04559273823434913,0.2928004321954953,1.9282633152722166,True,0.00011246478353377653,1.546621322631836,TP
MAT_0265,304,8d83b97,2026-10-06T08:03:47.174954+00:00,True,0.005051154620894548,-0.1993696399711255,0.0524717034988061,0.4609441626902828,False,nan,366.94908142089844,FN
MAT_0266,304,8d83b97,2026-10-06T08:03:47.540945+00:00,True,0.014425866787019572,0.029102205278712278,0.31804562489805865,-1.3272466393967557,False,0.01695902682713006,365.9224510192871,FN
MAT_0267,304,8d83b97,2026-10-06T08:03:47.908252+00:00,True,-0.18086315710586945,-0.053477135951777985,0.17215056191374373,0.7840961035337344,False,nan,367.28525161743164,FN
MAT_0268,304,8d83b97,2026-10-06T08:03:48.275219+00:00,True,-0.18543338837086143,0.048742680361091195,0.14688015556885403,-0.3655098799570944,False,nan,366.943359375,FN
MAT_0269,304,8d83b97,2026-10-06T08:03:48.643492+00:00,True,0.09710018689938407,0.1448738796149578,0.10463061628012796,0.2812422148949749,False,nan,368.24703216552734,FN
MAT_0270,304,8d83b97,2026-10-06T08:03:48.672053+00:00,True,0.13968784994033273,-0.03903124673902891,0.2553394221425569,2.2142958705066826,True,0.0009048694636640325,28.5186767578125,TP
MAT_0271,304,8d83b97,2026-10-06T08:03:49.039465+00:00,True,0.079719633006103,0.17234847067713321,0.07839392479910484,-1.3778628545881335,False,nan,367.39182472229004,FN
MAT_0272,304,8d83b97,2026-10-06T08:03:49.406858+00:00,True,0.06743847251245892,0.14056220786308482,0.24787781113923524,1.7258925540957044,False,nan,367.36440658569336,FN
MAT_0273,304,8d83b97,2026-10-06T08:03:49.775760+00:00,True,-0.02674111864619966,0.06964922331417547,0.309288700451139,-2.373487596848023,False,nan,368.87216567993164,FN
MAT_0274,304,8d83b97,2026-10-06T08:03:50.143556+00:00,True,0.07249899152281855,0.17505654529298492,0.19653760206656853,-3.578249684330637,False,nan,367.7635192871094,FN
MAT_0275,304,8d83b97,2026-10-06T08:03:50.511376+00:00,True,-0.13283466750746428,0.10127787661990215,0.22541003243494467,0.9048089486371154,False,nan,367.79117584228516,FN
MAT_0276,304,8d83b97,2026-10-06T08:03:50.880666+00:00,True,0.15573739301337527,0.13227648266396658,0.16758961740989772,0.4634146049015613,False,nan,369.2624568939209,FN
MAT_0277,304,8d83b97,2026-10-06T08:03:51.248577+00:00,True,0.05172769434809874,-0.05126519057368547,0.29565576362455176,-0.8720619270852594,False,nan,367.88010597229004,FN
MAT_0278,304,8d83b97,2026-10-06T08:03:51.618560+00:00,True,-0.04068304698928697,-0.029223575815032526,0.30805690985759293,-1.9742703173186038,False,nan,369.9524402618408,FN
MAT_0279,304,8d83b97,2026-10-06T08:03:51.987097+00:00,True,-0.010703749262927872,0.03687929254267518,0.313674838829448,-0.520307038360335,False,nan,368.50738525390625,FN
MAT_0280,304,8d83b97,2026-10-06T08:03:52.354825+00:00,True,0.04476470297360277,-0.07908937246175934,0.2950670385939662,-0.6044536756832581,False,nan,367.70057678222656,FN
MAT_0281,304,8d83b97,2026-10-06T08:03:52.722753+00:00,True,-0.19812110650301834,0.05792629358847669,0.21966345980300267,-0.7001917221894727,False,nan,367.89917945861816,FN
MAT_0282,304,8d83b97,2026-10-06T08:03:53.092428+00:00,True,-0.04120492537004156,0.0012784005755131808,0.3086140051730763,-0.2463582210940337,False,nan,369.6463108062744,FN
MAT_0283,304,8d83b97,2026-10-06T08:03:53.459146+00:00,True,-0.10338367690315763,0.21424353074721542,0.12114861143829429,0.3019101427234364,False,nan,366.68896675109863,FN
MAT_0284,304,8d83b97,2026-10-06T08:03:53.486794+00:00,True,-0.03850108592910282,0.04868378733577833,0.29802049142024273,1.1447589932261923,True,0.0001766609676249458,27.60028839111328,TP
MAT_0285,304,8d83b97,2026-10-06T08:03:53.851889+00:00,True,-0.0699452294144405,0.16056017772716108,-0.033115419207730035,0.0777359984742303,False,nan,365.07725715637207,FN
MAT_0286,304,8d83b97,2026-10-06T08:03:54.218418+00:00,True,0.1281136177541969,-0.001283767437775139,0.1917197184807906,-0.33398092296720305,False,nan,366.5039539337158,FN
MAT_0287,304,8d83b97,2026-10-06T08:03:54.593040+00:00,True,-0.08436446675525422,0.025218008002524054,0.2786105910766494,0.21514762713158797,False,nan,374.59516525268555,FN
MAT_0288,304,8d83b97,2026-10-06T08:03:54.960387+00:00,True,-0.014701475440167906,-0.25485060667912496,0.11445300306720664,-1.0026887380824905,False,nan,367.31433868408203,FN
MAT_0289,304,8d83b97,2026-10-06T08:03:54.963076+00:00,True,-0.030134169372972763,0.04747595638078783,0.31101584517381886,0.825314177750154,True,0.00020832854146516952,2.643585205078125,TP
MAT_0290,304,8d83b97,2026-10-06T08:03:55.331362+00:00,True,-0.10450873856979713,-0.09507749611885685,0.2140135893333397,-2.569177562295748,False,nan,368.2570457458496,FN
MAT_0291,304,8d83b97,2026-10-06T08:03:55.698810+00:00,True,-0.10213952247542815,-7.359610706088315e-05,0.29391245521615517,0.2963104196263563,False,nan,367.42424964904785,FN
MAT_0292,304,8d83b97,2026-10-06T08:03:56.067833+00:00,True,0.08598978236578272,-0.06428468223792239,0.2428097369633706,-3.5426151733565177,False,nan,368.99662017822266,FN
MAT_0293,304,8d83b97,2026-10-06T08:03:56.435909+00:00,True,-0.1519894897394399,0.1422829564506326,0.11121403134914373,2.0166351372774045,False,nan,368.05248260498047,FN
MAT_0294,304,8d83b97,2026-10-06T08:03:56.803876+00:00,True,-0.04588211852640385,0.053631836498070844,0.30999379973591135,-0.011834588941977087,False,nan,367.94567108154297,FN
MAT_0295,304,8d83b97,2026-10-06T08:03:57.170972+00:00,True,-0.018326109998095228,0.01555913993580195,0.3218004436025787,-0.5521936036142202,False,nan,367.07377433776855,FN
MAT_0296,304,8d83b97,2026-10-06T08:03:57.539532+00:00,True,-0.00946472602840416,-0.19000342894732186,0.19498817200315202,-1.3360127952013787,False,nan,368.53718757629395,FN
MAT_0297,304,8d83b97,2026-10-06T08:03:57.907623+00:00,True,-0.023631183071869507,0.03037426416165779,0.3043574724482096,-0.34096254132422943,False,nan,368.060827255249,FN
MAT_0298,304,8d83b97,2026-10-06T08:03:58.276375+00:00,True,-0.14064316127912385,-0.14037270195544957,0.23264346059229227,1.1270801340410779,False,nan,368.7267303466797,FN
MAT_0299,304,8d83b97,2026-10-06T08:03:58.645970+00:00,True,-0.013008783904563483,-0.005017544136280569,0.3046921932684188,-2.2050878634547324,False,nan,369.56119537353516,FN
MAT_0300,304,8d83b97,2026-10-06T08:03:58.673912+00:00,True,-0.0079970930941314,0.00957226047742439,0.2964516354783062,1.7250554082604457,True,0.0013223957975291368,27.826547622680664,TP
MAT_0301,304,8d83b97,2026-10-06T08:03:59.041879+00:00,True,-0.21264424935398737,-0.035704396397386,0.03450060331312496,1.910837342556694,False,nan,367.94042587280273,FN
MAT_0302,304,8d83b97,2026-10-06T08:03:59.044179+00:00,True,0.0010699926270264365,0.004520133785641003,0.30230265121818334,0.899175903788948,True,0.0018639791055959612,2.245664596557617,TP
MAT_0303,304,8d83b97,2026-10-06T08:03:59.413518+00:00,True,0.10660209414485924,0.1274287925979792,0.2203736555378849,-3.380315319639291,False,nan,369.3251609802246,FN
MAT_0304,304,8d83b97,2026-10-06T08:03:59.782724+00:00,True,-0.10527840552574382,0.1889637967390681,0.1973282309777944,-2.9498346368788013,False,nan,369.17734146118164,FN
MAT_0305,304,8d83b97,2026-10-06T08:04:00.151805+00:00,True,-0.08768346149414777,-0.1415676617472833,0.17028910616616125,-0.7293327024935696,False,nan,369.05503273010254,FN
MAT_0306,304,8d83b97,2026-10-06T08:04:00.521004+00:00,True,-0.06328066259315474,0.14991245538568548,0.2533424079479769,0.158781197272859,False,nan,369.16637420654297,FN
MAT_0307,304,8d83b97,2026-10-06T08:04:00.522506+00:00,True,0.04578968305191598,-0.021128376449707057,0.26608625901220173,1.7671307149563389,True,0.0003158910933135718,1.4522075653076172,TP
MAT_0308,304,8d83b97,2026-10-06T08:04:00.891663+00:00,True,0.07683801975215124,-0.20981385865567972,0.134474555122733,0.4458043402644185,False,nan,369.1396713256836,FN
MAT_0309,304,8d83b97,2026-10-06T08:04:01.259433+00:00,True,-0.03136279523721975,-0.13337061482320442,0.1925540087622509,0.09240085400681886,False,nan,367.74134635925293,FN
MAT_0310,304,8d83b97,2026-10-06T08:04:01.261869+00:00,True,-0.013087957201665605,-0.015183132215155107,0.3173455401962842,0.5294377107775181,True,0.0005303808162815438,2.390146255493164,TP
MAT_0311,304,8d83b97,2026-10-06T08:04:01.289404+00:00,True,0.015101131869513866,0.10039962661641277,0.279231345579837,1.488360258173838,True,0.0001785745606024933,27.500152587890625,TP
MAT_0312,304,8d83b97,2026-10-06T08:04:01.657204+00:00,True,-0.08314557172111292,-0.17750751210100407,0.20583889154393165,-0.05116125118699277,False,nan,367.7835464477539,FN
MAT_0313,304,8d83b97,2026-10-06T08:04:02.024660+00:00,True,-0.19664992637334047,0.047337094894271535,0.03560172254961205,1.2330223490146457,False,nan,367.4302101135254,FN
MAT_0314,304,8d83b97,2026-10-06T08:04:02.052541+00:00,True,-0.06464539455468067,-0.11570915165960546,0.27658766699035936,0.7955759835480158,True,0.00014960840004121383,27.831554412841797,TP
MAT_0315,304,8d83b97,2026-10-06T08:04:02.421588+00:00,True,-0.10197950836222192,0.16761463020675682,0.1468480068621149,1.3812400337361286,False,nan,369.02689933776855,FN
MAT_0316,304,8d83b97,2026-10-06T08:04:02.789419+00:00,True,-0.08669921242476927,-0.09645614606684041,0.2925317779812688,-2.2557535715946226,False,nan,367.80357360839844,FN
MAT_0317,304,8d83b97,2026-10-06T08:04:02.817144+00:00,True,-0.09504223690005534,0.12339357074766719,0.25777481324838347,1.3696620113050215,True,0.0009958160359482093,27.674198150634766,TP
MAT_0318,304,8d83b97,2026-10-06T08:04:03.185316+00:00,True,0.015775760101726204,-0.02665619845094741,0.3198939970839565,0.13765112410813396,False,nan,368.1473731994629,FN
MAT_0319,304,8d83b97,2026-10-06T08:04:03.238810+00:00,True,-0.13122862753120856,0.07313386561136577,0.27297850616792985,1.24621258484552,False,0.007664657360051149,53.446292877197266,FN
MAT_0320,304,8d83b97,2026-10-06T08:04:03.606827+00:00,True,-0.16911565554875557,-0.08734923559131189,0.07932414329498333,-0.011502501204040172,False,nan,367.9935932159424,FN
MAT_0321,304,8d83b97,2026-10-06T08:04:03.975066+00:00,True,0.24047683012906987,-0.07425344990808952,0.11618324942432219,-2.4169982221522464,False,nan,368.206262588501,FN
MAT_0322,304,8d83b97,2026-10-06T08:04:04.343595+00:00,True,0.05306696850499047,0.01449063710469908,0.3067432965564799,-1.4752040215184135,False,nan,368.5009479522705,FN
MAT_0323,304,8d83b97,2026-10-06T08:04:04.711884+00:00,True,-0.06690937978719819,-0.026252168370381697,0.29411941535837804,-2.773618105407591,False,nan,368.2575225830078,FN
MAT_0324,304,8d83b97,2026-10-06T08:04:05.080496+00:00,True,-0.01961857173687304,-0.12223662860956032,0.1957404886325901,-2.400245889578602,False,nan,368.58415603637695,FN
MAT_0325,304,8d83b97,2026-10-06T08:04:05.448548+00:00,True,-0.1323809624678102,0.10197298547555242,0.2630411748212448,-0.30117741639003426,False,nan,368.0276870727539,FN
MAT_0326,304,8d83b97,2026-10-06T08:04:05.817631+00:00,True,-0.0046180859264542025,-0.020359744346428767,0.29734417803189583,0.3341536110117176,False,nan,369.05956268310547,FN
MAT_0327,304,8d83b97,2026-10-06T08:04:05.845588+00:00,True,-0.019744602889174748,0.009447158329540448,0.29797479288653994,2.712726548146197,True,0.00026154842019503595,27.90665626525879,TP
MAT_0328,304,8d83b97,2026-10-06T08:04:06.214620+00:00,True,0.11260758234191523,-0.13233059369992733,0.09215719856405699,0.014510116984214116,False,nan,369.01354789733887,FN
MAT_0329,304,8d83b97,2026-10-06T08:04:06.582620+00:00,True,0.04202149934064872,-0.2527747781441927,0.10740053375060513,-2.104480819400165,False,nan,367.97308921813965,FN
MAT_0330,304,8d83b97,2026-10-06T08:04:06.951405+00:00,True,0.03567925478561987,-0.14209178061853056,0.21959417679986315,-2.251782814248093,False,nan,368.7601089477539,FN
MAT_0331,304,8d83b97,2026-10-06T08:04:07.319339+00:00,True,0.17206284277042108,0.15015576557413474,0.18973635225218424,-1.5863571155972795,False,nan,367.9084777832031,FN
MAT_0332,304,8d83b97,2026-10-06T08:04:07.320970+00:00,True,0.04159430133447038,-0.041350387070471506,0.3070462583286284,1.683919225574435,True,0.0010850015806122806,1.5919208526611328,TP
MAT_0333,304,8d83b97,2026-10-06T08:04:07.690319+00:00,True,0.17648880015427668,0.1308179443405823,0.1417204758261559,1.0402988361926448,False,nan,369.3358898162842,FN
MAT_0334,304,8d83b97,2026-10-06T08:04:08.058251+00:00,True,-0.030505398883681586,0.01912983297823322,0.31466680471226915,0.0573768642116792,False,nan,367.9080009460449,FN
MAT_0335,304,8d83b97,2026-10-06T08:04:08.426345+00:00,True,-0.006571238201328697,-0.13126377538394202,0.2728720592907167,0.6443064376149801,False,nan,368.0696487426758,FN
MAT_0336,304,8d83b97,2026-10-06T08:04:08.794671+00:00,True,-0.14083024197127594,0.03864910238989552,0.26692232158776386,-0.09234843398268966,False,nan,368.3037757873535,FN
MAT_0337,304,8d83b97,2026-10-06T08:04:09.163691+00:00,True,-0.01468043142280943,0.19479074758179563,0.22832757667303488,-0.7980460265665232,False,nan,368.9842224121094,FN
MAT_0338,304,8d83b97,2026-10-06T08:04:09.532738+00:00,True,0.14412045263066442,-0.005161380037629374,0.2724901446474259,0.09731850064543623,False,nan,369.0211772918701,FN
MAT_0339,304,8d83b97,2026-10-06T08:04:09.901559+00:00,True,-0.08275463709270035,-0.23101894754642116,0.05187614861342461,-1.2823353267919018,False,nan,368.7937259674072,FN
MAT_0340,304,8d83b97,2026-10-06T08:04:10.322773+00:00,True,0.0037391039930580517,-0.031872676306536306,0.3129505194824451,2.1787019200262003,False,nan,421.1742877960205,FN
MAT_0341,304,8d83b97,2026-10-06T08:04:10.350710+00:00,True,0.04080830748899608,0.12990661226641065,0.2602687843714121,1.5651892389650837,True,0.00025502679697298874,27.883291244506836,TP
MAT_0342,304,8d83b97,2026-10-06T08:04:10.721656+00:00,True,0.08007580385890832,-0.06791817821102039,0.3056473657232889,0.3602574010867481,False,nan,370.9235191345215,FN
MAT_0343,304,8d83b97,2026-10-06T08:04:11.090270+00:00,True,-0.15118903407864748,-0.13981445370874895,-0.003376261392916066,1.2080327271775824,False,nan,368.5779571533203,FN
MAT_0344,304,8d83b97,2026-10-06T08:04:11.457957+00:00,True,-0.010910820143327733,0.17031253514715097,0.18355566735743598,-0.447774533438992,False,nan,367.65575408935547,FN
MAT_0345,304,8d83b97,2026-10-06T08:04:11.459620+00:00,True,0.0629344933635056,-0.055934667244932144,0.3018254846488188,2.232296722038136,True,0.000780668994390039,1.6062259674072266,TP
MAT_0346,304,8d83b97,2026-10-06T08:04:11.828791+00:00,True,0.15408547146655832,-0.009820181428972771,0.2755771600757754,-0.9612509500128777,False,nan,369.1527843475342,FN
MAT_0347,304,8d83b97,2026-10-06T08:04:11.856452+00:00,True,0.0027568745687873743,0.05964365235421274,0.27846571641622186,3.1416697979176806,True,0.0009141241625036069,27.606487274169922,TP
MAT_0348,304,8d83b97,2026-10-06T08:04:12.226783+00:00,True,0.0891103363657211,-0.17032802519860313,0.05066736452753082,0.946094358755794,False,nan,370.30744552612305,FN
MAT_0349,304,8d83b97,2026-10-06T08:04:12.596506+00:00,True,0.11012896870108811,-0.15623180397663797,0.14040148206518793,0.8020485600444509,False,nan,369.6937561035156,FN
MAT_0350,304,8d83b97,2026-10-06T08:04:12.962581+00:00,True,-0.12200673811547703,0.07639811338865057,0.250343403504628,1.5076367555091807,False,nan,366.0421371459961,FN
MAT_0351,304,8d83b97,2026-10-06T08:04:13.329535+00:00,True,0.15846880718768122,0.026179834694867933,0.24373985885730054,-0.7930388559581425,False,nan,366.92357063293457,FN
MAT_0352,304,8d83b97,2026-10-06T08:04:13.697389+00:00,True,-0.12293868812946865,0.19087139595200353,0.15257164360356143,1.514446347773497,False,nan,367.8250312805176,FN
MAT_0353,304,8d83b97,2026-10-06T08:04:14.066105+00:00,True,-0.12324175705173679,-0.13962084103291084,0.21907857176629505,2.0165378226486927,False,nan,368.6859607696533,FN
MAT_0354,304,8d83b97,2026-10-06T08:04:14.068419+00:00,True,-0.0035306661506393847,0.011884831608965217,0.30335196751354754,2.6355982967511515,True,0.0009488179831416852,2.2656917572021484,TP
MAT_0355,304,8d83b97,2026-10-06T08:04:14.435862+00:00,True,-0.140913076576614,-0.020872623993477484,0.1846058905136624,-2.4543691985493767,False,nan,367.42544174194336,FN
MAT_0356,304,8d83b97,2026-10-06T08:04:14.803271+00:00,True,0.03671536224079758,0.16146760006670297,0.035947931313604506,0.3857124392702991,False,nan,367.37990379333496,FN
MAT_0357,304,8d83b97,2026-10-06T08:04:15.171049+00:00,True,-0.2084509046038956,0.09777410745449201,0.1135425589397852,0.44408830724548787,False,nan,367.74659156799316,FN
MAT_0358,304,8d83b97,2026-10-06T08:04:15.539538+00:00,True,0.15266645059427447,0.04868356302974204,0.03878951632790162,-1.7888639746432953,False,nan,368.4568405151367,FN
MAT_0359,304,8d83b97,2026-10-06T08:04:15.908414+00:00,True,0.122762749104872,-0.09670877870985925,0.19717767224828597,-1.7349543072044316,False,nan,368.8385486602783,FN
MAT_0360,304,8d83b97,2026-10-06T08:04:16.276861+00:00,True,0.05959971161399891,-0.12488179683445724,-0.01900136770244837,-0.18410937315820441,False,nan,368.41869354248047,FN
MAT_0361,304,8d83b97,2026-10-06T08:04:16.650303+00:00,True,0.16567403839912945,-0.14796646046382964,0.12274695070900106,0.22614689958099332,False,nan,373.4121322631836,FN
MAT_0362,304,8d83b97,2026-10-06T08:04:17.019608+00:00,True,0.08193755102719064,-0.23337125579237938,0.13305768220230327,-1.0435485033263805,False,nan,369.27342414855957,FN
MAT_0363,304,8d83b97,2026-10-06T08:04:17.389276+00:00,True,0.14002764760970904,0.1036344217084277,0.2204110130629522,2.819626951711321,False,nan,369.63534355163574,FN
MAT_0364,304,8d83b97,2026-10-06T08:04:17.759827+00:00,True,-0.05458106300350412,0.06439416302452057,0.2992866905234315,-1.681351451690662,False,nan,370.51963806152344,FN
MAT_0365,304,8d83b97,2026-10-06T08:04:18.129744+00:00,True,0.07008935387804215,-0.00642643191955454,0.31631786969497533,-0.49665721580787525,False,nan,369.8856830596924,FN
MAT_0366,304,8d83b97,2026-10-06T08:04:18.498899+00:00,True,-0.1980647642555251,-0.03296425675935872,0.016465613463493567,0.7670500826356286,False,nan,369.124174118042,FN
MAT_0367,304,8d83b97,2026-10-06T08:04:18.500569+00:00,True,0.03898655816463966,-0.07172235645292599,0.2990605796730987,0.7501390502057328,True,0.0007436339270562286,1.6219615936279297,TP
MAT_0368,304,8d83b97,2026-10-06T08:04:18.502371+00:00,True,-0.014415867373749648,0.009513901891499206,0.2627491974389845,2.779522816586926,True,0.0007962730094592198,1.7704963684082031,TP
MAT_0369,304,8d83b97,2026-10-06T08:04:18.872322+00:00,True,-0.18504125263814133,-0.056619261490724576,0.10850055910123632,-0.6517404749628588,False,nan,369.9357509613037,FN
MAT_0370,304,8d83b97,2026-10-06T08:04:19.241696+00:00,True,0.0002403535386692494,0.13249682691175615,0.24118993448123893,1.332334788589049,False,nan,369.342565536499,FN
MAT_0371,304,8d83b97,2026-10-06T08:04:19.612022+00:00,True,-0.10472594546852426,0.12907666080629726,0.0006447266058465795,-0.8765691137786527,False,nan,370.2967166900635,FN
MAT_0372,304,8d83b97,2026-10-06T08:04:19.981471+00:00,True,-0.1345975361402184,-0.09864092636279476,-0.037117706726109714,-0.36160289877629603,False,nan,369.42100524902344,FN
MAT_0373,304,8d83b97,2026-10-06T08:04:20.350994+00:00,True,0.007660359842213305,-0.0006858223459044648,0.2723322887363452,-1.6555842274322967,False,nan,369.49896812438965,FN
MAT_0374,304,8d83b97,2026-10-06T08:04:20.719934+00:00,True,0.14981504342559931,0.20752027216205973,0.09325742809740119,-1.1623771097630293,False,nan,368.915319442749,FN
MAT_0375,304,8d83b97,2026-10-06T08:04:21.088800+00:00,True,0.07778076841978054,0.20265253376114278,0.20440992879234596,-0.21054435941660432,False,nan,368.84355545043945,FN
MAT_0376,304,8d83b97,2026-10-06T08:04:21.456870+00:00,True,-0.0028902381282828486,-0.06132095492622626,0.2861749722645993,0.24732726402257987,False,nan,368.0460453033447,FN
MAT_0377,304,8d83b97,2026-10-06T08:04:21.825839+00:00,True,0.12119355433166322,-0.0388273384142296,0.2283484788719817,-0.24322850479142177,False,nan,368.9439296722412,FN
MAT_0378,304,8d83b97,2026-10-06T08:04:22.195669+00:00,True,-0.030931573029070503,0.11072306261770377,0.2869912126770509,-0.379542271100092,False,nan,369.80557441711426,FN
MAT_0379,304,8d83b97,2026-10-06T08:04:22.564887+00:00,True,-0.09336446928358372,-0.13289949228187672,0.20135291870213368,-2.205207770627145,False,nan,369.19617652893066,FN
MAT_0380,304,8d83b97,2026-10-06T08:04:22.933860+00:00,True,0.20080293806127614,-0.08412823384049682,0.18448719176102296,-2.201845496434352,False,nan,368.95036697387695,FN
MAT_0381,304,8d83b97,2026-10-06T08:04:23.302712+00:00,True,-0.006230250109772182,-0.056078039857590425,0.3133855126076975,-0.797180769922659,False,nan,368.82805824279785,FN
MAT_0382,304,8d83b97,2026-10-06T08:04:23.330553+00:00,True,0.0023056055979937505,0.022797872988292577,0.32165769025755264,0.4360271537506113,True,0.0007932528455428837,27.79245376586914,TP
MAT_0383,304,8d83b97,2026-10-06T08:04:23.698417+00:00,True,0.2034766998290694,-0.033540275496052735,0.220551657799888,-2.1376980211433563,False,nan,367.8457736968994,FN
MAT_0384,304,8d83b97,2026-10-06T08:04:24.065855+00:00,True,0.11142106759527964,-0.19227342656159152,0.1820114528537376,-2.328179307495733,False,nan,367.4142360687256,FN
MAT_0385,304,8d83b97,2026-10-06T08:04:24.434257+00:00,True,0.0011926339892056187,0.002191639024350517,0.2805232709485067,-3.282730193222057,False,nan,368.3657646179199,FN
MAT_0386,304,8d83b97,2026-10-06T08:04:24.436095+00:00,True,-0.0039576118962257965,0.029139456079258875,0.306571922469705,1.9383714698987748,True,0.00015480148138736927,1.771688461303711,TP
MAT_0387,304,8d83b97,2026-10-06T08:04:24.804380+00:00,True,0.17650582040260898,-0.006262202295741293,0.17114830612967985,-0.37483647225216354,False,nan,368.2687282562256,FN
MAT_0388,304,8d83b97,2026-10-06T08:04:24.805727+00:00,True,-0.0538154647054072,-0.07251567828806102,0.28450226338123663,2.898867374160317,True,0.00026324766566631177,1.2955665588378906,TP
MAT_0389,304,8d83b97,2026-10-06T08:04:24.807389+00:00,True,0.008502928559975746,-0.01063526020438569,0.28301390899446727,2.38126319123345,True,0.0006491106490688893,1.631021499633789,TP
MAT_0390,304,8d83b97,2026-10-06T08:04:25.175135+00:00,True,-0.10646916577303757,0.1125655643924053,-0.03863209813172039,0.07962185364348251,False,nan,367.7337169647217,FN
MAT_0391,304,8d83b97,2026-10-06T08:04:25.180709+00:00,True,-0.006429881679148295,-0.0013778220450607445,0.3210228135577037,1.5463429402820956,True,0.001970555776950936,5.526542663574219,TP
MAT_0392,304,8d83b97,2026-10-06T08:04:25.549098+00:00,True,-0.019811144577471903,0.12015704764082688,0.28488524981426155,-2.9988056116608446,False,nan,368.3619499206543,FN
MAT_0393,304,8d83b97,2026-10-06T08:04:25.919050+00:00,True,0.012266355395812237,-0.021453550740390404,0.27211540800207495,-2.7968334264197354,False,nan,369.9026107788086,FN
MAT_0394,304,8d83b97,2026-10-06T08:04:26.287181+00:00,True,0.015087007228864222,0.22177938068945235,0.13900081654089513,1.0577876350411637,False,nan,368.09611320495605,FN
MAT_0395,304,8d83b97,2026-10-06T08:04:26.655054+00:00,True,0.013110539042390056,0.1192018883250588,0.25638839205487335,-2.7748462176098165,False,nan,367.8319454193115,FN
MAT_0396,304,8d83b97,2026-10-06T08:04:27.022567+00:00,True,-0.11444265214438035,0.04673454981159947,0.2805393262574666,-0.6432301585587887,False,nan,367.48290061950684,FN
MAT_0397,304,8d83b97,2026-10-06T08:04:27.390353+00:00,True,-0.1717532350992818,-0.11891640531319524,0.15668302238139112,-0.1327819752050422,False,nan,367.76041984558105,FN
MAT_0398,304,8d83b97,2026-10-06T08:04:27.758032+00:00,True,0.001620267661414764,0.19530315095127154,0.0683058136599021,-0.0007537688905385753,False,nan,367.65193939208984,FN
MAT_0399,304,8d83b97,2026-10-06T08:04:28.126960+00:00,True,0.11521051914460194,-0.028950929952583575,0.2423054565581635,-3.331189087584166,False,nan,368.8993453979492,FN
MAT_0400,304,8d83b97,2026-10-06T08:04:28.497108+00:00,True,-0.155370043643417,-0.12823412436986575,0.2392603036836089,-0.2856761420242401,False,nan,370.09358406066895,FN
MAT_0401,304,8d83b97,2026-10-06T08:04:28.865487+00:00,True,-0.11497352076200615,-0.10160055860916334,0.2511963873672802,1.3469201970637263,False,nan,368.3485984802246,FN
MAT_0402,304,8d83b97,2026-10-06T08:04:28.918757+00:00,True,0.10505628832803279,-0.06929919961346681,0.29376156242494356,0.6755311807762272,False,0.013246695484996329,53.217411041259766,FN
MAT_0403,304,8d83b97,2026-10-06T08:04:29.288682+00:00,True,-0.09483600131107482,0.05242089298301687,0.30298473893692646,-2.1734614487619686,False,nan,369.89831924438477,FN
MAT_0404,304,8d83b97,2026-10-06T08:04:29.657085+00:00,True,0.07283237103115403,0.17911862395248182,0.035546673570107046,1.6422385339404553,False,nan,368.375301361084,FN
MAT_0405,304,8d83b97,2026-10-06T08:04:30.025555+00:00,True,-0.20652884910678138,-0.02485787723821263,0.10425883085549556,-0.9331701453868833,False,nan,368.44444274902344,FN
MAT_0406,304,8d83b97,2026-10-06T08:04:30.396393+00:00,True,-0.005249425034722701,-0.0015896053831566254,0.31377886313466086,-0.3598735624069165,False,nan,370.81241607666016,FN
MAT_0407,304,8d83b97,2026-10-06T08:04:30.765456+00:00,True,0.1176361147845498,-0.0152235977324708,0.2991136632810977,0.23045739009023292,False,nan,369.0333366394043,FN
MAT_0408,304,8d83b97,2026-10-06T08:04:31.133410+00:00,True,-0.00794334592759767,0.0030305270611676732,0.26365540558514755,-1.1501389297324784,False,nan,367.9239749908447,FN
MAT_0409,304,8d83b97,2026-10-06T08:04:31.503239+00:00,True,0.0010190229398356343,0.00683169761315533,0.2953731607344703,-0.8283636249258,False,0.012284616385656286,369.77624893188477,FN
MAT_0410,304,8d83b97,2026-10-06T08:04:31.871473+00:00,True,0.01458459437666134,-0.04706202796743919,0.31039971259593563,-0.1819523746069336,False,nan,368.20244789123535,FN
MAT_0411,304,8d83b97,2026-10-06T08:04:32.238542+00:00,True,-0.14102524146511008,-0.13309357472188926,-0.018215963073880986,-0.5995336957518893,False,nan,367.04039573669434,FN
MAT_0412,304,8d83b97,2026-10-06T08:04:32.266519+00:00,True,-0.11885764899505159,0.05543648473782439,0.2790177611483442,1.6190991674960107,True,0.0015081162756579395,27.899742126464844,TP
MAT_0413,304,8d83b97,2026-10-06T08:04:32.634324+00:00,True,0.06756269258088626,-0.15209399333707058,0.2334424484799711,2.0340221143705812,False,nan,367.77782440185547,FN
MAT_0414,304,8d83b97,2026-10-06T08:04:33.002890+00:00,True,0.09516661512659741,-0.23836105571231142,0.09444283366898305,-1.3875047657156527,False,nan,368.53480339050293,FN
MAT_0415,304,8d83b97,2026-10-06T08:04:33.371332+00:00,True,0.07454219579751839,0.03545089844097357,0.23700551527532654,-2.1487788283933966,False,nan,368.4120178222656,FN
MAT_0416,304,8d83b97,2026-10-06T08:04:33.739101+00:00,True,-0.03137768514231261,-0.05034406055314622,0.2788374975159813,-2.7479101711477796,False,nan,367.7401542663574,FN
MAT_0417,304,8d83b97,2026-10-06T08:04:33.740711+00:00,True,-0.06626189311828594,-0.012450214715179757,0.31027775699421434,1.7050461778161055,True,0.001484103934103262,1.562356948852539,TP
MAT_0418,304,8d83b97,2026-10-06T08:04:34.110239+00:00,True,-0.12633220723761088,0.0032836189068067324,0.29645350772288226,-1.9596249219819217,False,nan,369.5087432861328,FN
MAT_0419,304,8d83b97,2026-10-06T08:04:34.478232+00:00,True,-0.028654460792640862,-0.18960034024121952,-0.010160036890619464,-0.6152765788106811,False,nan,367.96045303344727,FN
MAT_0420,304,8d83b97,2026-10-06T08:04:34.846715+00:00,True,-0.155417950406912,0.15616347722257978,0.14770011087441842,2.08789397399223,False,nan,368.4520721435547,FN
MAT_0421,304,8d83b97,2026-10-06T08:04:35.214520+00:00,True,0.2360679229189459,0.0711081928654816,0.07407025964889108,-1.7934691999057462,False,nan,367.77615547180176,FN
MAT_0422,304,8d83b97,2026-10-06T08:04:35.582095+00:00,True,-0.08248409261955209,0.16046960389861345,0.22136550503322616,2.075268509981877,False,nan,367.54798889160156,FN
MAT_0423,304,8d83b97,2026-10-06T08:04:35.950566+00:00,True,-0.11603920823405325,-0.2024382563586728,0.05730391876384326,-0.5749080037018481,False,nan,368.44444274902344,FN
MAT_0424,304,8d83b97,2026-10-06T08:04:36.320266+00:00,True,-0.17720236427836206,-0.1259557350455851,0.19555415900775214,0.0731789966711116,False,nan,369.6718215942383,FN
MAT_0425,304,8d83b97,2026-10-06T08:04:36.688734+00:00,True,-0.01957392456900132,0.15786278397340636,0.23034528274377028,0.16694185980867837,False,nan,368.4382438659668,FN
MAT_0426,304,8d83b97,2026-10-06T08:04:36.690085+00:00,True,0.07524184885520105,-0.008291173677781993,0.2975954072532657,2.3530347681686514,True,0.0006813802748114797,1.3060569763183594,TP
MAT_0427,304,8d83b97,2026-10-06T08:04:36.692668+00:00,True,-0.005431392246415395,0.0029534955086094328,0.2739566202983468,3.227596332079754,True,0.0018709384861434553,2.552509307861328,TP
MAT_0428,304,8d83b97,2026-10-06T08:04:37.061657+00:00,True,0.08522168869544791,-0.07638882551842961,0.29449741557022024,-1.4152886267816958,False,nan,368.9746856689453,FN
MAT_0429,304,8d83b97,2026-10-06T08:04:37.429347+00:00,True,0.09907732165582173,0.17202700118270314,0.17811112180737368,1.36922995785765,False,nan,367.6474094390869,FN
MAT_0430,304,8d83b97,2026-10-06T08:04:37.795733+00:00,True,0.052441529873071234,0.15234322506678494,0.24257550915216897,-0.9575140511866598,False,nan,366.35446548461914,FN
MAT_0431,304,8d83b97,2026-10-06T08:04:37.824206+00:00,True,-0.00691718372999379,0.011361260715124683,0.31277425965734457,1.8046232847957826,True,0.0013815879001838644,28.423070907592773,TP
MAT_0432,304,8d83b97,2026-10-06T08:04:38.191761+00:00,True,-0.17003225000927685,0.14119914835743957,0.20711320381289336,0.18794106067551308,False,nan,367.53320693969727,FN
MAT_0433,304,8d83b97,2026-10-06T08:04:38.558853+00:00,True,0.002555914690194061,-0.018955130117345675,0.2523608915990192,3.1581200452501976,False,nan,367.0675754547119,FN
MAT_0434,304,8d83b97,2026-10-06T08:04:38.560989+00:00,True,-0.016737133515078963,0.0005153119360463108,0.3045310545321637,2.0270748114719472,True,0.0009061280842358622,2.095937728881836,TP
MAT_0435,304,8d83b97,2026-10-06T08:04:38.930008+00:00,True,-0.07608589100636529,-0.2152147794639439,0.19843856760497036,-1.67420169749815,False,nan,369.0042495727539,FN
MAT_0436,304,8d83b97,2026-10-06T08:04:39.310202+00:00,True,-4.452222146276649e-05,-0.05644793058628447,0.26287376887682384,-0.5126032949869319,False,nan,380.16438484191895,FN
MAT_0437,304,8d83b97,2026-10-06T08:04:39.682019+00:00,True,0.047395108373686684,-0.08668476128875627,0.22919557677012775,-2.7033910204357,False,nan,371.7761039733887,FN
MAT_0438,304,8d83b97,2026-10-06T08:04:40.051260+00:00,True,-0.0005179940534695152,-0.1620760692938834,0.15188252487602102,-1.4548889512954335,False,nan,369.21024322509766,FN
MAT_0439,304,8d83b97,2026-10-06T08:04:40.418837+00:00,True,0.06694850689409156,-0.18844006339873245,0.1408486625654166,-1.5529058293102627,False,nan,367.54775047302246,FN
MAT_0440,304,8d83b97,2026-10-06T08:04:40.785960+00:00,True,-0.05998491707812758,-0.11737206430060701,0.22776063442733757,2.363367560090583,False,nan,367.09117889404297,FN
MAT_0441,304,8d83b97,2026-10-06T08:04:41.152613+00:00,True,0.014138652071890634,0.214262216035575,0.14719637565338484,0.8077107991619272,False,nan,366.6222095489502,FN
MAT_0442,304,8d83b97,2026-10-06T08:04:41.519147+00:00,True,-0.01713214548340182,-0.228876202750043,0.10858652540986868,0.6521013715857832,False,nan,366.5037155151367,FN
MAT_0443,304,8d83b97,2026-10-06T08:04:41.546564+00:00,True,0.003084619021461746,0.08289459840365813,0.28321411649801426,1.374954052296495,True,0.000154968555615911,27.367591857910156,TP
MAT_0444,304,8d83b97,2026-10-06T08:04:41.914704+00:00,True,-0.10939294417879143,0.12063629078058768,0.19302156920172656,2.5833396606274057,False,nan,368.1190013885498,FN
MAT_0445,304,8d83b97,2026-10-06T08:04:41.916293+00:00,True,0.07284056019109716,-0.06653549364842973,0.29477768625294726,1.0258578904641213,True,0.0008059835080158514,1.5437602996826172,TP
MAT_0446,304,8d83b97,2026-10-06T08:04:41.918475+00:00,True,-0.021526044473686112,-0.014122242261008403,0.31002367168325984,0.770415724078229,True,0.0002529868548972083,2.1483898162841797,TP
MAT_0447,304,8d83b97,2026-10-06T08:04:42.297910+00:00,True,-0.04667071232838921,0.1324856526841276,0.28723554498725895,-1.0897951420414242,False,nan,379.41908836364746,FN
MAT_0448,304,8d83b97,2026-10-06T08:04:42.666278+00:00,True,0.11738387792430927,0.015468395633334303,0.20566058073813764,-2.678371303580156,False,nan,368.33763122558594,FN
MAT_0449,304,8d83b97,2026-10-06T08:04:43.034574+00:00,True,0.06448370619028518,-0.1552271831010617,0.035476603908583634,-0.9119583083525824,False,nan,368.26634407043457,FN
MAT_0450,304,8d83b97,2026-10-06T08:04:43.403740+00:00,True,-0.025311344869399212,0.17018374087038857,0.22354267903878244,2.6209302673788137,False,nan,369.1365718841553,FN
MAT_0451,304,8d83b97,2026-10-06T08:04:43.771930+00:00,True,0.13635691453793636,-0.1612211460047468,0.09057188642153267,-0.23609518446103495,False,nan,368.15905570983887,FN
MAT_0452,304,8d83b97,2026-10-06T08:04:44.140027+00:00,True,0.10282885711638848,0.058866851744870496,0.28487801977674454,-0.1194283398605368,False,nan,368.06607246398926,FN
MAT_0453,304,8d83b97,2026-10-06T08:04:44.507359+00:00,True,-0.15433415088993313,-0.026578798215442036,0.18756949788606134,-1.6496006579444187,False,nan,367.30098724365234,FN
MAT_0454,304,8d83b97,2026-10-06T08:04:44.510075+00:00,True,0.0093084932839477,-0.001918064633771547,0.3195392739082137,0.3859533257450576,True,0.0007076543648614743,2.666950225830078,TP
MAT_0455,304,8d83b97,2026-10-06T08:04:44.878763+00:00,True,-0.1668467411094476,-0.005688224399292279,0.22182180069177465,-3.0544309191938828,False,nan,368.6699867248535,FN
MAT_0456,304,8d83b97,2026-10-06T08:04:45.245919+00:00,True,-0.1573077652630011,0.026946229376198078,0.23095018739693268,-2.3326685793480215,False,nan,367.12646484375,FN
MAT_0457,304,8d83b97,2026-10-06T08:04:45.614963+00:00,True,0.10925706454003742,-0.0744748707135059,0.24883992172032074,2.2838927060940235,False,nan,369.0142631530762,FN
MAT_0458,304,8d83b97,2026-10-06T08:04:45.982649+00:00,True,-0.03203568956062437,0.015071893072951703,0.28179395356761267,-1.5200553750116648,False,nan,367.6567077636719,FN
MAT_0459,304,8d83b97,2026-10-06T08:04:46.352054+00:00,True,-0.03591627990219004,-0.04662097228376666,0.30987112888828394,-0.39036528321966424,False,nan,369.37475204467773,FN
MAT_0460,304,8d83b97,2026-10-06T08:04:46.719160+00:00,True,0.15982241940433278,-0.10861783337222845,-0.003541407359519924,1.1919648460052885,False,nan,367.0768737792969,FN
MAT_0461,304,8d83b97,2026-10-06T08:04:47.085390+00:00,True,-0.002673470295192856,-0.050661940717415824,0.2864748319416747,-1.1127983976770857,False,nan,366.1990165710449,FN
MAT_0462,304,8d83b97,2026-10-06T08:04:47.451439+00:00,True,-0.1774880568476097,0.08026818392729429,0.1321532832102296,-1.6731730515957601,False,nan,366.0151958465576,FN
MAT_0463,304,8d83b97,2026-10-06T08:04:47.818054+00:00,True,0.06684828262592782,-0.18930333029154883,0.1333255598805236,-0.5543410738270629,False,nan,366.5885925292969,FN
MAT_0464,304,8d83b97,2026-10-06T08:04:48.186137+00:00,True,0.18539866649694448,-0.022419010947786238,0.14759316234953357,1.4063437954748488,False,nan,368.053674697876,FN
MAT_0465,304,8d83b97,2026-10-06T08:04:48.555152+00:00,True,0.03293149468906792,-0.031979791248079474,0.2574009507067899,-0.8936627405392217,False,0.016380675388585272,368.9441680908203,FN
MAT_0466,304,8d83b97,2026-10-06T08:04:48.923991+00:00,True,-0.024886090609597684,0.20520746304598753,0.23054305509429637,-0.7044505607048045,False,nan,368.79920959472656,FN
MAT_0467,304,8d83b97,2026-10-06T08:04:49.292558+00:00,True,0.0791053082607473,0.10320438211175172,0.21270701898032138,2.412976283385638,False,nan,368.50786209106445,FN
MAT_0468,304,8d83b97,2026-10-06T08:04:49.661047+00:00,True,0.12699477328999112,0.16348651560278132,0.18025505275829107,2.201906390654343,False,nan,368.450403213501,FN
MAT_0469,304,8d83b97,2026-10-06T08:04:50.029211+00:00,True,0.006413078410488757,0.22063560466183346,0.11386952107184727,-0.28779200704985497,False,nan,368.131160736084,FN
MAT_0470,304,8d83b97,2026-10-06T08:04:50.398967+00:00,True,-0.18700278610424967,0.1064893935524509,0.17723134484398548,1.1706991986360784,False,nan,369.72594261169434,FN
MAT_0471,304,8d83b97,2026-10-06T08:04:50.767102+00:00,True,0.17587577622724582,0.17064207277767907,0.027832738840202258,0.20842435601923448,False,nan,368.1025505065918,FN
MAT_0472,304,8d83b97,2026-10-06T08:04:51.135177+00:00,True,0.06591314004310281,-0.11109125719312128,0.29339498860194946,-1.4676110937862685,False,nan,368.0434226989746,FN
MAT_0473,304,8d83b97,2026-10-06T08:04:51.504200+00:00,True,-0.1392364116808025,0.13142793594456176,0.22891545214762563,-3.13482322183632,False,nan,368.99304389953613,FN
MAT_0474,304,8d83b97,2026-10-06T08:04:51.505982+00:00,True,0.036144793045030696,0.029552099759342778,0.28852195717933693,1.9058575972318201,True,0.0009989050051326194,1.7328262329101562,TP
MAT_0475,304,8d83b97,2026-10-06T08:04:51.874945+00:00,True,0.09363627007185793,0.17297948769725655,0.21620837801782827,-3.5306446365844537,False,nan,368.9405918121338,FN
MAT_0476,304,8d83b97,2026-10-06T08:04:52.243959+00:00,True,-0.02089407904928451,0.219186528920333,0.1913778003018176,-2.9556628655569783,False,nan,368.9737319946289,FN
MAT_0477,304,8d83b97,2026-10-06T08:04:52.613234+00:00,True,0.04580087202031892,-0.07665424157124673,0.2990004060727087,-1.080196175286983,False,nan,369.246244430542,FN
MAT_0478,304,8d83b97,2026-10-06T08:04:52.614887+00:00,True,-0.04121044393796211,-0.012097881039901991,0.28459520943907035,1.0310052243325347,True,0.00015148510099012366,1.6071796417236328,TP
MAT_0479,304,8d83b97,2026-10-06T08:04:52.984018+00:00,True,0.1515093502937369,0.2045148655995472,0.10587233660410815,-2.819963952642464,False,nan,369.11702156066895,FN
MAT_0480,304,8d83b97,2026-10-06T08:04:53.353655+00:00,True,-0.03827598419287784,0.16532303870796544,-0.020426312170662847,1.8304086101528823,False,nan,369.6115016937256,FN
MAT_0481,304,8d83b97,2026-10-06T08:04:53.721822+00:00,True,-0.014071307567416945,0.04765391699148868,0.25239385879377163,-1.521368863299416,False,nan,368.14117431640625,FN
MAT_0482,304,8d83b97,2026-10-06T08:04:54.090546+00:00,True,0.10860851637604266,0.02168987108998567,0.30039334309847565,-0.8462381757580046,False,nan,368.6966896057129,FN
MAT_0483,304,8d83b97,2026-10-06T08:04:54.458495+00:00,True,0.04632157927175244,0.001191013452319951,0.3215277550200103,-1.207890269661952,False,nan,367.9215908050537,FN
MAT_0484,304,8d83b97,2026-10-06T08:04:54.826513+00:00,True,0.04187684097484291,0.2524720575684051,0.10805993273409076,-2.073981502871052,False,nan,367.99025535583496,FN
MAT_0485,304,8d83b97,2026-10-06T08:04:55.193760+00:00,True,0.1513520415983619,-0.14552862510781228,0.10128306281810093,-0.7805015365880634,False,nan,367.2213554382324,FN
MAT_0486,304,8d83b97,2026-10-06T08:04:55.221484+00:00,True,0.0035012784602639208,-0.002008884156215418,0.26015445267426796,1.7810515166168295,True,0.0017309056532293613,27.674198150634766,TP
MAT_0487,304,8d83b97,2026-10-06T08:04:55.223971+00:00,True,0.09352263626103673,-0.07762654765940644,0.2694906678100181,1.1746822922476092,True,0.00013008328972365598,2.4509429931640625,TP
MAT_0488,304,8d83b97,2026-10-06T08:04:55.592678+00:00,True,0.0003914513608104563,0.18100302050042189,0.2571269654507023,-0.1535643621402415,False,nan,368.69215965270996,FN
MAT_0489,304,8d83b97,2026-10-06T08:04:55.961174+00:00,True,-0.16369751544255595,0.05066860822178852,0.099292370501619,-1.8892521167452,False,nan,368.4706687927246,FN
MAT_0490,304,8d83b97,2026-10-06T08:04:55.963166+00:00,True,-0.004037361452484709,-0.0039751497989644405,0.2906871332611824,0.6964699227894224,True,0.0018502798133841762,1.9457340240478516,TP
MAT_0491,304,8d83b97,2026-10-06T08:04:56.332254+00:00,True,-0.1984277564942524,-0.06138215786706386,0.03183098347795983,1.3592140191134172,False,nan,369.07219886779785,FN
MAT_0492,304,8d83b97,2026-10-06T08:04:56.700945+00:00,True,-0.01803295906393066,0.0026994176816809642,0.3122752757390211,-0.6400972709533033,False,nan,368.6637878417969,FN
MAT_0493,304,8d83b97,2026-10-06T08:04:57.069453+00:00,True,-0.13234162595201449,-0.006556184098569251,0.2944371321505987,-1.6199459136019017,False,nan,368.47853660583496,FN
MAT_0494,304,8d83b97,2026-10-06T08:04:57.438408+00:00,True,-0.0402677572570308,-0.0022526429406044303,0.3180804509727587,-2.107177787253921,False,nan,368.9281940460205,FN
MAT_0495,304,8d83b97,2026-10-06T08:04:57.807124+00:00,True,-0.00987741318769653,-0.08904395940385144,0.23584401136126298,-2.1837861855662526,False,nan,368.6869144439697,FN
MAT_0496,304,8d83b97,2026-10-06T08:04:57.834798+00:00,True,-0.06070579286116254,0.05633238538407705,0.2677663071721933,1.2548451784476977,True,0.000328157539683286,27.623414993286133,TP
MAT_0497,304,8d83b97,2026-10-06T08:04:58.206216+00:00,True,0.06148674553773914,0.04177849011226903,0.31273558800640716,-0.9859817217626103,False,nan,371.39415740966797,FN
MAT_0498,304,8d83b97,2026-10-06T08:04:58.575215+00:00,True,0.18419612197378893,0.11195237498070387,0.030113556408274206,1.187379395278882,False,nan,368.96753311157227,FN
MAT_0499,304,8d83b97,2026-10-06T08:04:58.945436+00:00,True,-0.16740369924379775,0.041298785438522445,0.2675912282128446,-1.2641239792551116,False,nan,370.189905166626,FN
MAT_0500,304,8d83b97,2026-10-06T08:04:59.315054+00:00,False,0.13964861037264498,-0.2918335966795862,0.350245033899341,0.0,False,nan,369.5700168609619,TN
MAT_0501,304,8d83b97,2026-10-06T08:04:59.685054+00:00,False,0.22764767451929996,0.19689748251224287,0.20596529052333723,0.0,False,nan,369.97199058532715,TN
MAT_0502,304,8d83b97,2026-10-06T08:05:00.054711+00:00,False,0.1846645006412675,0.21989006471550693,0.31642461592281446,0.0,False,nan,369.62413787841797,TN
MAT_0503,304,8d83b97,2026-10-06T08:05:00.424867+00:00,False,-0.27080588603855527,-0.24457982580540905,-0.011171511866442635,0.0,False,nan,370.12743949890137,TN
MAT_0504,304,8d83b97,2026-10-06T08:05:00.794010+00:00,False,0.21793634513207222,-0.2929756840946122,-0.03838421074546543,0.0,False,nan,369.1141605377197,TN
MAT_0505,304,8d83b97,2026-10-06T08:05:01.164180+00:00,False,-0.29562896214708917,0.09524578932547889,-0.04739771282008469,0.0,False,nan,370.14245986938477,TN
MAT_0506,304,8d83b97,2026-10-06T08:05:01.532851+00:00,False,0.1374621239475795,-0.016561875283271743,0.3683084564056804,0.0,False,nan,368.64399909973145,TN
MAT_0507,304,8d83b97,2026-10-06T08:05:01.902123+00:00,False,0.2669278382543981,0.11068745160740762,0.11822115783067577,0.0,False,nan,369.2433834075928,TN
MAT_0508,304,8d83b97,2026-10-06T08:05:02.271642+00:00,False,0.08602378892698509,-0.28300670977428116,0.10042149503633285,0.0,False,nan,369.4899082183838,TN
MAT_0509,304,8d83b97,2026-10-06T08:05:02.640604+00:00,False,-0.30302968803606,-0.3059336578845112,0.2207616239825958,0.0,False,nan,368.93415451049805,TN
MAT_0510,304,8d83b97,2026-10-06T08:05:03.010757+00:00,False,0.06367878406596061,0.2714213715867945,0.32337766382122946,0.0,False,nan,370.12243270874023,TN
MAT_0511,304,8d83b97,2026-10-06T08:05:03.381164+00:00,False,0.24230159699349324,0.19483485979097598,0.1014800702370669,0.0,False,nan,370.3751564025879,TN
MAT_0512,304,8d83b97,2026-10-06T08:05:03.750606+00:00,False,-0.3034836375575598,0.01853148947926392,0.31412330813088507,0.0,False,nan,369.40979957580566,TN
MAT_0513,304,8d83b97,2026-10-06T08:05:04.119821+00:00,False,-0.07152888855012193,-0.30088851495975527,-0.0190579312646771,0.0,False,nan,369.189977645874,TN
MAT_0514,304,8d83b97,2026-10-06T08:05:04.491411+00:00,False,0.26717693788524827,-0.26227135060963264,0.06926816631893853,0.0,False,nan,371.5627193450928,TN
MAT_0515,304,8d83b97,2026-10-06T08:05:04.861806+00:00,False,-0.25343341166081157,0.12432628871122908,0.036038254257044516,0.0,False,nan,370.36681175231934,TN
MAT_0516,304,8d83b97,2026-10-06T08:05:05.231141+00:00,False,-0.17298823449255094,0.2788412274965965,0.08298389937661924,0.0,False,nan,369.3065643310547,TN
MAT_0517,304,8d83b97,2026-10-06T08:05:05.602001+00:00,False,-0.06860809368114343,-0.26817461396019215,0.25359322758572533,0.0,False,nan,370.8209991455078,TN
MAT_0518,304,8d83b97,2026-10-06T08:05:05.970996+00:00,False,-0.0406821239037225,0.0708415280016691,0.3361395477383723,0.0,False,nan,368.96467208862305,TN
MAT_0519,304,8d83b97,2026-10-06T08:05:06.340422+00:00,False,0.22943230292681943,0.15432730912420062,-0.08805367170625872,0.0,False,nan,369.4007396697998,TN
MAT_0520,304,8d83b97,2026-10-06T08:05:06.710344+00:00,False,0.1553371767820838,-0.25307283667521036,0.3516405322717334,0.0,False,nan,369.89688873291016,TN
MAT_0521,304,8d83b97,2026-10-06T08:05:07.079103+00:00,False,0.2356261297143451,0.28056871742210626,0.1583998356590835,0.0,False,nan,368.73340606689453,TN
MAT_0522,304,8d83b97,2026-10-06T08:05:07.448716+00:00,False,-0.13349985153352634,-0.2984699926308361,0.017026956031131094,0.0,False,nan,369.59171295166016,TN
MAT_0523,304,8d83b97,2026-10-06T08:05:07.818896+00:00,False,-0.3054531105141152,-0.04326840372034296,0.13019531377097762,0.0,False,nan,370.15652656555176,TN
MAT_0524,304,8d83b97,2026-10-06T08:05:08.188836+00:00,False,-0.20314901352190795,-0.3063477482793607,0.05215353510848911,0.0,False,nan,369.9154853820801,TN
MAT_0525,304,8d83b97,2026-10-06T08:05:08.558391+00:00,False,0.26647936474647543,-0.28205767406833737,0.026946982900465766,0.0,False,nan,369.53091621398926,TN
MAT_0526,304,8d83b97,2026-10-06T08:05:08.928616+00:00,False,0.13073932446243708,0.10336013003389449,0.3714579173477316,0.0,False,nan,370.1913356781006,TN
MAT_0527,304,8d83b97,2026-10-06T08:05:09.297819+00:00,False,0.3017873749699304,0.08026789843907933,0.05117266737621265,0.0,False,nan,369.16160583496094,TN
MAT_0528,304,8d83b97,2026-10-06T08:05:09.666923+00:00,False,-0.31155196937715435,0.04034296727482917,0.251325985813626,0.0,False,nan,369.0516948699951,TN
MAT_0529,304,8d83b97,2026-10-06T08:05:10.036721+00:00,False,-0.14888305987789122,0.23568718162160635,0.17171003449396643,0.0,False,nan,369.7667121887207,TN
MAT_0530,304,8d83b97,2026-10-06T08:05:10.405768+00:00,False,0.20621500433520662,-0.25381316832278317,0.2733098371679889,0.0,False,nan,369.0207004547119,TN
MAT_0531,304,8d83b97,2026-10-06T08:05:10.775139+00:00,False,-0.2978571243151158,-0.14622343232567592,0.08273551692650818,0.0,False,nan,369.34351921081543,TN
MAT_0532,304,8d83b97,2026-10-06T08:05:11.144047+00:00,False,0.24949744264176393,0.018371584104498906,0.37371417080920355,0.0,False,nan,368.8795566558838,TN
MAT_0533,304,8d83b97,2026-10-06T08:05:11.513447+00:00,False,0.2431017407010822,0.035515388919089064,-0.08251205871515123,0.0,False,nan,369.373083114624,TN
MAT_0534,304,8d83b97,2026-10-06T08:05:11.882591+00:00,False,-0.2989044959843911,-0.06980623341253792,0.23506628556465609,0.0,False,nan,369.11845207214355,TN
MAT_0535,304,8d83b97,2026-10-06T08:05:12.252729+00:00,False,-0.07654513482553674,0.2920238602428697,0.29097375200961084,0.0,False,nan,370.11051177978516,TN
MAT_0536,304,8d83b97,2026-10-06T08:05:12.619917+00:00,False,0.28837445471145157,0.14151910630333053,-0.04942015425998048,0.0,False,nan,367.1596050262451,TN
MAT_0537,304,8d83b97,2026-10-06T08:05:12.988871+00:00,False,-0.1632000855451524,0.30162704933605294,0.17627892757513358,0.0,False,nan,368.929386138916,TN
MAT_0538,304,8d83b97,2026-10-06T08:05:13.358425+00:00,False,0.26441872770262304,-0.2382443741640195,0.02069355824550903,0.0,False,nan,369.53139305114746,TN
MAT_0539,304,8d83b97,2026-10-06T08:05:13.726006+00:00,False,-0.21555420579313117,-0.28996193872403087,-0.06643274003580629,0.0,False,nan,367.5580024719238,TN
MAT_0540,304,8d83b97,2026-10-06T08:05:14.094598+00:00,False,-0.29734268073664905,-0.2568294188991043,-0.015601279832574422,0.0,False,nan,368.56889724731445,TN
MAT_0541,304,8d83b97,2026-10-06T08:05:14.464242+00:00,False,-0.21493211851286595,0.2949933226296511,0.013055574307798218,0.0,False,nan,369.62080001831055,TN
MAT_0542,304,8d83b97,2026-10-06T08:05:14.832917+00:00,False,0.273302552380629,0.06434029767388266,0.15009919440641023,0.0,False,nan,368.6516284942627,TN
MAT_0543,304,8d83b97,2026-10-06T08:05:15.201777+00:00,False,0.28867889691115395,-0.26764603526119585,0.03380986887769852,0.0,False,nan,368.84069442749023,TN
MAT_0544,304,8d83b97,2026-10-06T08:05:15.570260+00:00,False,0.26627425204965555,-0.18410236347886183,0.09222068550966162,0.0,False,nan,368.46041679382324,TN
MAT_0545,304,8d83b97,2026-10-06T08:05:15.938651+00:00,False,-0.30978670327434,0.006911894307002786,0.1596825700406339,0.0,False,nan,368.36838722229004,TN
MAT_0546,304,8d83b97,2026-10-06T08:05:16.307494+00:00,False,0.2715632881079518,-0.12363073092175644,0.031109996660631467,0.0,False,nan,368.81518363952637,TN
MAT_0547,304,8d83b97,2026-10-06T08:05:16.677350+00:00,False,-0.12695094487934833,0.23244143212978535,0.3622227299779644,0.0,False,nan,369.8315620422363,TN
MAT_0548,304,8d83b97,2026-10-06T08:05:17.047078+00:00,False,0.013687246299323219,0.3076397041296967,0.2523412133337973,0.0,False,nan,369.7035312652588,TN
MAT_0549,304,8d83b97,2026-10-06T08:05:17.416270+00:00,False,-0.19053737308445112,0.22634161673691394,0.08924097380485735,0.0,False,nan,369.16399002075195,TN
MAT_0550,304,8d83b97,2026-10-06T08:05:17.786280+00:00,False,0.13808427985810412,-0.2970616823309824,0.19578375484374266,0.0,False,nan,369.9836730957031,TN
MAT_0551,304,8d83b97,2026-10-06T08:05:18.156046+00:00,False,0.013606803983652771,0.27669955823636855,0.1580285773970393,0.0,False,nan,369.74120140075684,TN
MAT_0552,304,8d83b97,2026-10-06T08:05:18.525527+00:00,False,-0.26217250185449914,-0.1846755803169388,0.23414376771559087,0.0,False,nan,369.4570064544678,TN
MAT_0553,304,8d83b97,2026-10-06T08:05:18.895315+00:00,False,-0.14368503028277962,-0.02905177702352829,0.33805534699272843,0.0,False,nan,369.7638511657715,TN
MAT_0554,304,8d83b97,2026-10-06T08:05:19.264474+00:00,False,-0.15816762026855904,-0.24828482532316754,0.11708355829145448,0.0,False,nan,369.13561820983887,TN
MAT_0555,304,8d83b97,2026-10-06T08:05:19.633525+00:00,False,0.013475725371635328,0.0062037635663338975,0.3480924934884671,0.0,False,nan,369.02523040771484,TN
MAT_0556,304,8d83b97,2026-10-06T08:05:20.002922+00:00,False,0.2294027824112435,0.2259026809091112,0.3001667145199245,0.0,False,nan,369.3656921386719,TN
MAT_0557,304,8d83b97,2026-10-06T08:05:20.371606+00:00,False,0.2885377730169239,0.253767546252095,-0.07891322141551244,0.0,False,nan,368.66164207458496,TN
MAT_0558,304,8d83b97,2026-10-06T08:05:20.740509+00:00,False,0.2840114191188365,0.19115617598552997,-0.05771086395631846,0.0,False,nan,368.8657283782959,TN
MAT_0559,304,8d83b97,2026-10-06T08:05:21.109829+00:00,False,-0.1603505790870948,0.07322210428967807,-0.08005710311802777,0.0,False,nan,369.2910671234131,TN
MAT_0560,304,8d83b97,2026-10-06T08:05:21.478607+00:00,False,-0.21320381604218366,0.29730237533369125,-0.03931238672199594,0.0,False,nan,368.7429428100586,TN
MAT_0561,304,8d83b97,2026-10-06T08:05:21.846273+00:00,False,0.2636392949319298,-0.08851458083830241,0.13237777328931705,0.0,False,nan,367.63954162597656,TN
MAT_0562,304,8d83b97,2026-10-06T08:05:22.214707+00:00,False,0.1732930478119023,0.27712771565455047,0.15112066783015798,0.0,False,nan,368.408203125,TN
MAT_0563,304,8d83b97,2026-10-06T08:05:22.583724+00:00,False,0.25130838674954686,0.2777771522314377,0.057541139582954565,0.0,False,nan,368.9916133880615,TN
MAT_0564,304,8d83b97,2026-10-06T08:05:22.951801+00:00,False,0.18179289457353776,0.3082278245188044,0.0017112396551329512,0.0,False,nan,368.04914474487305,TN
MAT_0565,304,8d83b97,2026-10-06T08:05:23.320143+00:00,False,-0.22091053409012218,0.25507422571603705,0.16019581223669765,0.0,False,nan,368.3161735534668,TN
MAT_0566,304,8d83b97,2026-10-06T08:05:23.687634+00:00,False,0.2803439088020498,-0.10237325621540241,-0.010167986508232724,0.0,False,nan,367.4657344818115,TN
MAT_0567,304,8d83b97,2026-10-06T08:05:24.055237+00:00,False,0.2530765445702003,-0.2709434375506547,0.011745418359945942,0.0,False,nan,367.57802963256836,TN
MAT_0568,304,8d83b97,2026-10-06T08:05:24.423096+00:00,False,0.1026087216272259,-0.12022040115315571,0.3504612018854707,0.0,False,nan,367.83576011657715,TN
MAT_0569,304,8d83b97,2026-10-06T08:05:24.790175+00:00,False,0.04040697620251549,0.2879990872114873,-0.030128918189611692,0.0,False,nan,367.05470085144043,TN
MAT_0570,304,8d83b97,2026-10-06T08:05:25.157770+00:00,False,-0.22151726581411596,0.0853282304300027,-0.06733200489544972,0.0,False,nan,367.5720691680908,TN
MAT_0571,304,8d83b97,2026-10-06T08:05:25.526238+00:00,False,-0.3066223757905665,0.008359180273944333,0.14698071474425226,0.0,False,nan,368.44444274902344,TN
MAT_0572,304,8d83b97,2026-10-06T08:05:25.893862+00:00,False,0.2533869613991541,-0.1581963360828464,0.10624255808991723,0.0,False,nan,367.59495735168457,TN
MAT_0573,304,8d83b97,2026-10-06T08:05:26.261839+00:00,False,0.28287545851588186,0.20546166919997372,0.02328534479341668,0.0,False,nan,367.9540157318115,TN
MAT_0574,304,8d83b97,2026-10-06T08:05:26.630215+00:00,False,-0.2833620714753901,-0.12349748340348504,-0.00668147601064166,0.0,False,nan,368.35169792175293,TN
MAT_0575,304,8d83b97,2026-10-06T08:05:26.997783+00:00,False,0.2944942048385129,0.17826091582109616,0.11177617749076582,0.0,False,nan,367.54345893859863,TN
MAT_0576,304,8d83b97,2026-10-06T08:05:27.366057+00:00,False,-0.28465161422295854,0.09260223213278285,-0.06119875025570858,0.0,False,nan,368.24965476989746,TN
MAT_0577,304,8d83b97,2026-10-06T08:05:27.734406+00:00,False,0.2991689613072975,-0.15164345375866892,0.2464463904225202,0.0,False,nan,368.32737922668457,TN
MAT_0578,304,8d83b97,2026-10-06T08:05:28.102049+00:00,False,0.29885669480290317,0.193015444848118,0.12365739722124666,0.0,False,nan,367.62118339538574,TN
MAT_0579,304,8d83b97,2026-10-06T08:05:28.470067+00:00,False,0.19374278101345438,-0.23161994985535364,0.060001878641085415,0.0,False,nan,367.997407913208,TN
MAT_0580,304,8d83b97,2026-10-06T08:05:28.838593+00:00,False,-0.26114439321478383,0.26465815155237854,0.2755044595382333,0.0,False,nan,368.5026168823242,TN
MAT_0581,304,8d83b97,2026-10-06T08:05:29.207053+00:00,False,0.18786812939743164,0.3048789251435265,0.34478386068748,0.0,False,nan,368.4356212615967,TN
MAT_0582,304,8d83b97,2026-10-06T08:05:29.577668+00:00,False,-0.17278188830877933,-0.2436819232918751,0.08777777480003793,0.0,False,nan,370.5873489379883,TN
MAT_0583,304,8d83b97,2026-10-06T08:05:29.946740+00:00,False,0.300393605942801,-0.03046053562886275,-0.07781097907561688,0.0,False,nan,369.04263496398926,TN
MAT_0584,304,8d83b97,2026-10-06T08:05:30.316088+00:00,False,0.050290977860192654,0.27709348493250535,0.19721833990177945,0.0,False,nan,369.3225383758545,TN
MAT_0585,304,8d83b97,2026-10-06T08:05:30.685184+00:00,False,0.17673424895923817,0.23412550936492033,0.2219563407719033,0.0,False,nan,369.06933784484863,TN
MAT_0586,304,8d83b97,2026-10-06T08:05:31.054187+00:00,False,0.2896104634832694,-0.2586026721585039,0.2091827555900077,0.0,False,nan,368.9754009246826,TN
MAT_0587,304,8d83b97,2026-10-06T08:05:31.422984+00:00,False,0.13866123528633661,0.24346269241269575,0.3410683008713414,0.0,False,nan,368.76940727233887,TN
MAT_0588,304,8d83b97,2026-10-06T08:05:31.792059+00:00,False,-0.14729461341622568,0.27585313197034794,0.29676265529145884,0.0,False,nan,369.0481185913086,TN
MAT_0589,304,8d83b97,2026-10-06T08:05:32.160745+00:00,False,-0.2453580164230495,0.29131470666820586,-0.06881174872467671,0.0,False,nan,368.65735054016113,TN
MAT_0590,304,8d83b97,2026-10-06T08:05:32.528632+00:00,False,0.27305639809594345,-0.06042484083066202,0.3456912191026527,0.0,False,nan,367.8631782531738,TN
MAT_0591,304,8d83b97,2026-10-06T08:05:32.897865+00:00,False,-0.2537062674240789,0.21553739599143223,0.3743731752005975,0.0,False,nan,369.20762062072754,TN
MAT_0592,304,8d83b97,2026-10-06T08:05:33.268038+00:00,False,-0.2740928795040726,0.07533119528604304,0.28714634424534924,0.0,False,nan,370.1326847076416,TN
MAT_0593,304,8d83b97,2026-10-06T08:05:33.636958+00:00,False,-0.2810108666533975,-0.09836172568189785,0.21146354562279984,0.0,False,nan,368.88861656188965,TN
MAT_0594,304,8d83b97,2026-10-06T08:05:34.003882+00:00,False,0.26236899328585533,0.15725772959440754,0.010876553650359028,0.0,False,nan,366.8954372406006,TN
MAT_0595,304,8d83b97,2026-10-06T08:05:34.371493+00:00,False,-0.28045534703564,0.26860750999089394,0.12241368316167436,0.0,False,nan,367.5858974456787,TN
MAT_0596,304,8d83b97,2026-10-06T08:05:34.738404+00:00,False,-0.3000963733602622,0.06679618371530016,0.20432035307971746,0.0,False,nan,366.8851852416992,TN
MAT_0597,304,8d83b97,2026-10-06T08:05:35.105837+00:00,False,-0.287719898607759,-0.11334877399059679,0.16832407043530812,0.0,False,nan,367.41161346435547,TN
MAT_0598,304,8d83b97,2026-10-06T08:05:35.474377+00:00,False,0.1851900141443814,0.28949881848987197,-0.005223533706323058,0.0,False,nan,368.5157299041748,TN
MAT_0599,304,8d83b97,2026-10-06T08:05:35.842800+00:00,False,0.03887114892559024,0.27536530160777123,0.18190447595065323,0.0,False,nan,368.39985847473145,TN
MAT_0600,304,8d83b97,2026-10-06T08:05:36.213169+00:00,False,0.27278789631947803,-0.005077743366515064,-0.07555763834996654,0.0,False,nan,370.32294273376465,TN
MAT_0601,304,8d83b97,2026-10-06T08:05:36.583564+00:00,False,-0.21894017433676938,0.16272223116569395,0.3609494099882525,0.0,False,nan,370.3653812408447,TN
MAT_0602,304,8d83b97,2026-10-06T08:05:36.952038+00:00,False,-0.2009772231367163,-0.01604478802051501,-0.09441421216408143,0.0,False,nan,368.44444274902344,TN
MAT_0603,304,8d83b97,2026-10-06T08:05:37.319926+00:00,False,0.270496374008155,0.2619861569094793,0.2925085435253157,0.0,False,nan,367.83599853515625,TN
MAT_0604,304,8d83b97,2026-10-06T08:05:37.688803+00:00,False,0.2818041656799745,-0.23752824266566658,0.2762373708544186,0.0,False,nan,368.8545227050781,TN
MAT_0605,304,8d83b97,2026-10-06T08:05:38.063677+00:00,False,0.2924268952481153,-0.21848928346170254,0.17412852336734863,0.0,False,nan,374.8471736907959,TN
MAT_0606,304,8d83b97,2026-10-06T08:05:38.436869+00:00,False,0.2734898712979859,0.06894823970292435,0.06608274132887346,0.0,False,nan,373.16298484802246,TN
MAT_0607,304,8d83b97,2026-10-06T08:05:38.807615+00:00,False,0.10577173066875079,-0.2572159540114888,0.24623852042681177,0.0,False,nan,370.7160949707031,TN
MAT_0608,304,8d83b97,2026-10-06T08:05:39.178034+00:00,False,0.20762066405616247,0.09175227752214993,0.35928539412946725,0.0,False,nan,370.3882694244385,TN
MAT_0609,304,8d83b97,2026-10-06T08:05:39.549474+00:00,False,-0.1611457452687856,0.20804659358348615,-0.0789182325552878,0.0,False,nan,371.40870094299316,TN
MAT_0610,304,8d83b97,2026-10-06T08:05:39.917945+00:00,False,0.19435818295973856,0.24558891616488981,0.37194386189312606,0.0,False,nan,368.4353828430176,TN
MAT_0611,304,8d83b97,2026-10-06T08:05:40.285957+00:00,False,0.1420069820183334,-0.26176999875232887,0.10763459277952189,0.0,False,nan,367.9766654968262,TN
MAT_0612,304,8d83b97,2026-10-06T08:05:40.654214+00:00,False,0.2846296820793834,0.09030416506306838,0.29858028567450134,0.0,False,nan,368.2291507720947,TN
MAT_0613,304,8d83b97,2026-10-06T08:05:41.022537+00:00,False,0.29180953435467055,-0.2202226688905382,-0.06907891232868002,0.0,False,nan,368.29543113708496,TN
MAT_0614,304,8d83b97,2026-10-06T08:05:41.390002+00:00,False,-0.26416565203708203,-0.16985585904948694,0.32297211566144096,0.0,False,nan,367.43688583374023,TN
MAT_0615,304,8d83b97,2026-10-06T08:05:41.757301+00:00,False,-0.18076720072338848,-0.25498166110786485,0.007623622820279341,0.0,False,nan,367.2752380371094,TN
MAT_0616,304,8d83b97,2026-10-06T08:05:42.125333+00:00,False,0.21665098860537207,0.1327783899928654,0.35531257819689743,0.0,False,nan,368.00456047058105,TN
MAT_0617,304,8d83b97,2026-10-06T08:05:42.494392+00:00,False,-0.20123205345650688,-0.21949324885564375,-0.0024349189189110526,0.0,False,nan,369.02809143066406,TN
MAT_0618,304,8d83b97,2026-10-06T08:05:42.863716+00:00,False,0.06209311676106277,0.18979849022746115,0.3518690195756011,0.0,False,nan,369.2939281463623,TN
MAT_0619,304,8d83b97,2026-10-06T08:05:43.232282+00:00,False,-0.010983178745330724,0.2762231399109693,0.21817728890538007,0.0,False,nan,368.54028701782227,TN
MAT_0620,304,8d83b97,2026-10-06T08:05:43.600196+00:00,False,-0.1574889909724262,0.22702549526995447,0.26527724373138184,0.0,False,nan,367.8755760192871,TN
MAT_0621,304,8d83b97,2026-10-06T08:05:43.968054+00:00,False,0.11876794237390409,0.05117212678641181,0.3514872445424577,0.0,False,nan,367.83361434936523,TN
MAT_0622,304,8d83b97,2026-10-06T08:05:44.336054+00:00,False,-0.29847993882691354,0.02806425923084821,0.22954360087221692,0.0,False,nan,367.97332763671875,TN
MAT_0623,304,8d83b97,2026-10-06T08:05:44.704568+00:00,False,-0.15495363138258467,-0.007668933103209485,-0.08466548413206264,0.0,False,nan,368.4885501861572,TN
MAT_0624,304,8d83b97,2026-10-06T08:05:45.073073+00:00,False,0.00048825604271612866,-0.15249836120031693,0.3575137700801091,0.0,False,nan,368.47877502441406,TN
MAT_0625,304,8d83b97,2026-10-06T08:05:45.441800+00:00,False,0.15776431239458033,-0.14430729799602454,-0.0932293911479856,0.0,False,nan,368.7007427215576,TN
MAT_0626,304,8d83b97,2026-10-06T08:05:45.809909+00:00,False,0.24097202290080094,0.25484147568666754,0.229811701832709,0.0,False,nan,368.08228492736816,TN
MAT_0627,304,8d83b97,2026-10-06T08:05:46.179736+00:00,False,-0.2729596469892486,0.25913168656117386,0.017660219977306116,0.0,False,nan,369.8008060455322,TN
MAT_0628,304,8d83b97,2026-10-06T08:05:46.549829+00:00,False,-0.31086102960087403,0.2823436555217346,0.35957721173204926,0.0,False,nan,370.06330490112305,TN
MAT_0629,304,8d83b97,2026-10-06T08:05:46.918396+00:00,False,-0.25320403165540517,0.12243022769726403,-0.03634558745433271,0.0,False,nan,368.53837966918945,TN
MAT_0630,304,8d83b97,2026-10-06T08:05:47.287092+00:00,False,0.2652662074639521,-0.14425159271313112,0.20172403299833036,0.0,False,nan,368.6661720275879,TN
MAT_0631,304,8d83b97,2026-10-06T08:05:47.655532+00:00,False,0.21335231614116573,-0.3007379744602928,0.23531588111795587,0.0,False,nan,368.4108257293701,TN
MAT_0632,304,8d83b97,2026-10-06T08:05:48.028080+00:00,False,0.09882873497340294,-0.26982535627025533,0.05400554695066534,0.0,False,nan,372.51782417297363,TN
MAT_0633,304,8d83b97,2026-10-06T08:05:48.395918+00:00,False,0.1976057739722587,-0.2940548180304315,0.11671852598407884,0.0,False,nan,367.80643463134766,TN
MAT_0634,304,8d83b97,2026-10-06T08:05:48.764254+00:00,False,-0.26585694036789637,0.24130693726293312,0.10669985609665039,0.0,False,nan,368.3054447174072,TN
MAT_0635,304,8d83b97,2026-10-06T08:05:49.131670+00:00,False,-0.03837428540352544,0.19463448647726095,-0.08084422529563297,0.0,False,nan,367.3872947692871,TN
MAT_0636,304,8d83b97,2026-10-06T08:05:49.499604+00:00,False,0.2432355272106161,0.24589200165738395,0.3556952184497715,0.0,False,nan,367.9077625274658,TN
MAT_0637,304,8d83b97,2026-10-06T08:05:49.868334+00:00,False,-0.030097821490634225,-0.30026394030981746,0.3376370543998704,0.0,False,nan,368.7024116516113,TN
MAT_0638,304,8d83b97,2026-10-06T08:05:50.236162+00:00,False,0.17405747855614662,0.23508810131720242,0.13278729115326918,0.0,False,nan,367.80238151550293,TN
MAT_0639,304,8d83b97,2026-10-06T08:05:50.604451+00:00,False,-0.14017453443272246,0.3036791157855386,-0.06537610803207236,0.0,False,nan,368.26181411743164,TN
MAT_0640,304,8d83b97,2026-10-06T08:05:50.973393+00:00,False,0.1767910197671942,0.24965375432655385,-0.08854520503774532,0.0,False,nan,368.9110279083252,TN
MAT_0641,304,8d83b97,2026-10-06T08:05:51.342050+00:00,False,0.2674078628819339,0.05475811167105926,0.3604795906166813,0.0,False,nan,368.63183975219727,TN
MAT_0642,304,8d83b97,2026-10-06T08:05:51.710581+00:00,False,-0.02871637937532645,0.2908498068830449,0.11299718281972204,0.0,False,nan,368.497371673584,TN
MAT_0643,304,8d83b97,2026-10-06T08:05:52.079354+00:00,False,-0.2512395965820199,-0.20294415044864875,0.17918001578396003,0.0,False,nan,368.7276840209961,TN
MAT_0644,304,8d83b97,2026-10-06T08:05:52.447972+00:00,False,0.08374679227382231,0.27979977335558864,0.12498308195286828,0.0,False,nan,368.58487129211426,TN
MAT_0645,304,8d83b97,2026-10-06T08:05:52.816218+00:00,False,-0.21017740375259722,0.04292904584977414,-0.07553362862657795,0.0,False,nan,368.21675300598145,TN
MAT_0646,304,8d83b97,2026-10-06T08:05:53.185083+00:00,False,0.13446752449975286,-0.009315799345981646,-0.06966478020245478,0.0,False,nan,368.8380718231201,TN
MAT_0647,304,8d83b97,2026-10-06T08:05:53.553142+00:00,False,-0.25424916947224874,0.19684414946160106,0.21986374505589695,0.0,False,nan,368.03579330444336,TN
MAT_0648,304,8d83b97,2026-10-06T08:05:53.920915+00:00,False,0.2840434439394815,-0.29684998931912426,0.04038965017348442,0.0,False,nan,367.74468421936035,TN
MAT_0649,304,8d83b97,2026-10-06T08:05:54.289614+00:00,False,0.13685032485973342,-0.29216399281448674,0.1124429409896481,0.0,False,nan,368.67356300354004,TN
MAT_0650,304,8d83b97,2026-10-06T08:05:54.659785+00:00,False,-0.28548356829497246,0.10639258194024953,0.28613601825849333,0.0,False,nan,370.1450824737549,TN
MAT_0651,304,8d83b97,2026-10-06T08:05:55.027886+00:00,False,-0.11271819312989387,0.049592183150667546,-0.09694944663477884,0.0,False,nan,368.072509765625,TN
MAT_0652,304,8d83b97,2026-10-06T08:05:55.396630+00:00,False,0.27042891880680847,-0.09810489832621624,0.1085255829972259,0.0,False,nan,368.715763092041,TN
MAT_0653,304,8d83b97,2026-10-06T08:05:55.765114+00:00,False,-0.22944081831548235,-0.15585352200871927,0.33028180483004327,0.0,False,nan,368.457555770874,TN
MAT_0654,304,8d83b97,2026-10-06T08:05:56.133388+00:00,False,-0.2238548712965526,-0.07218764564051963,0.37432897061356535,0.0,False,nan,368.24846267700195,TN
MAT_0655,304,8d83b97,2026-10-06T08:05:56.501485+00:00,False,-0.17567036530469038,-0.22269175049159395,0.15299627879099936,0.0,False,nan,368.0717945098877,TN
MAT_0656,304,8d83b97,2026-10-06T08:05:56.869126+00:00,False,-0.2884038504741967,-0.15350809797137016,0.09029629758829971,0.0,False,nan,367.6164150238037,TN
MAT_0657,304,8d83b97,2026-10-06T08:05:57.236722+00:00,False,-0.1256973500410391,0.0894250299612811,-0.07266828971500763,0.0,False,nan,367.5711154937744,TN
MAT_0658,304,8d83b97,2026-10-06T08:05:57.606452+00:00,False,0.19013986694615242,-0.1207824882297941,0.35608905892161014,0.0,False,nan,369.7021007537842,TN
MAT_0659,304,8d83b97,2026-10-06T08:05:57.975578+00:00,False,0.18432221931312281,-0.2880462048415503,-0.043555162059048344,0.0,False,nan,369.0974712371826,TN
MAT_0660,304,8d83b97,2026-10-06T08:05:58.343777+00:00,False,0.016333274826531685,-0.2325596681339605,0.3439223602607865,0.0,False,nan,368.1683540344238,TN
MAT_0661,304,8d83b97,2026-10-06T08:05:58.712813+00:00,False,0.2758515510537704,0.17755070323073274,0.3044987190233813,0.0,False,nan,369.0037727355957,TN
MAT_0662,304,8d83b97,2026-10-06T08:05:59.080670+00:00,False,-0.26582245264446624,-0.11276532750848897,0.3395254138992797,0.0,False,nan,367.81907081604004,TN
MAT_0663,304,8d83b97,2026-10-06T08:05:59.448577+00:00,False,0.035692847600612976,-0.09517300538659915,0.361922853229461,0.0,False,nan,367.88010597229004,TN
MAT_0664,304,8d83b97,2026-10-06T08:05:59.818980+00:00,False,-0.29411648716685485,0.07859463247138437,0.12278537087135427,0.0,False,nan,370.3787326812744,TN
MAT_0665,304,8d83b97,2026-10-06T08:06:00.188131+00:00,False,0.040231352136449794,0.024957308404002287,-0.0828322120758549,0.0,False,nan,369.1234588623047,TN
MAT_0666,304,8d83b97,2026-10-06T08:06:00.559409+00:00,False,0.021553112243990202,0.28604238927361986,0.1697514974386511,0.0,False,nan,371.2453842163086,TN
MAT_0667,304,8d83b97,2026-10-06T08:06:00.928632+00:00,False,-0.2775391891554239,0.17856968542980367,-0.06128834053850019,0.0,False,nan,369.19379234313965,TN
MAT_0668,304,8d83b97,2026-10-06T08:06:01.298534+00:00,False,0.251436237705943,0.12244190678699296,0.14606072146225993,0.0,False,nan,369.8756694793701,TN
MAT_0669,304,8d83b97,2026-10-06T08:06:01.667282+00:00,False,0.2431210922950196,-0.2923078552354068,0.023895830414596253,0.0,False,nan,368.72053146362305,TN
MAT_0670,304,8d83b97,2026-10-06T08:06:02.036198+00:00,False,0.21380532185298634,0.25447237708803055,0.10747493873313607,0.0,False,nan,368.88813972473145,TN
MAT_0671,304,8d83b97,2026-10-06T08:06:02.405012+00:00,False,0.2572131647045553,0.18683114101180076,0.3176288028762478,0.0,False,nan,368.7896728515625,TN
MAT_0672,304,8d83b97,2026-10-06T08:06:02.773891+00:00,False,-0.0761736368444032,-0.18538559010918582,-0.08909144161971733,0.0,False,nan,368.8530921936035,TN
MAT_0673,304,8d83b97,2026-10-06T08:06:03.140965+00:00,False,0.14979930270808667,-0.2536269636823822,0.22643408195114284,0.0,False,nan,367.0458793640137,TN
MAT_0674,304,8d83b97,2026-10-06T08:06:03.509369+00:00,False,0.2602790590116239,-0.2834553598213087,-0.09364463098128885,0.0,False,nan,368.37267875671387,TN
MAT_0675,304,8d83b97,2026-10-06T08:06:03.877214+00:00,False,-0.1715985485683286,0.24261336124516225,0.3701077903007043,0.0,False,nan,367.7999973297119,TN
MAT_0676,304,8d83b97,2026-10-06T08:06:04.245456+00:00,False,0.29205440396148946,0.24724402024857056,0.22929910109438334,0.0,False,nan,368.1972026824951,TN
MAT_0677,304,8d83b97,2026-10-06T08:06:04.613652+00:00,False,0.1541555860935086,0.0946924270838595,0.3368903091437362,0.0,False,nan,368.1652545928955,TN
MAT_0678,304,8d83b97,2026-10-06T08:06:04.981851+00:00,False,0.2246459446723607,0.21256279152618957,0.15011216654002996,0.0,False,nan,368.17169189453125,TN
MAT_0679,304,8d83b97,2026-10-06T08:06:05.350917+00:00,False,0.18590927872787671,0.3031308213425367,0.24416695174571335,0.0,False,nan,369.04096603393555,TN
MAT_0680,304,8d83b97,2026-10-06T08:06:05.719114+00:00,False,0.2828513963679236,0.03373256471791902,0.307918674221771,0.0,False,nan,368.17169189453125,TN
MAT_0681,304,8d83b97,2026-10-06T08:06:06.086856+00:00,False,0.15130204540477799,-0.2537946403320698,0.2892468169936862,0.0,False,nan,367.7182197570801,TN
MAT_0682,304,8d83b97,2026-10-06T08:06:06.455253+00:00,False,0.22380089405645925,-0.23412385387289247,0.16491692656690315,0.0,False,nan,368.3733940124512,TN
MAT_0683,304,8d83b97,2026-10-06T08:06:06.827669+00:00,False,0.26044908855706667,-0.25252376440974533,-0.05368835453325451,0.0,False,nan,372.3878860473633,TN
MAT_0684,304,8d83b97,2026-10-06T08:06:07.194332+00:00,False,0.21852282523386252,0.01785918210482801,0.364179058019355,0.0,False,nan,366.63007736206055,TN
MAT_0685,304,8d83b97,2026-10-06T08:06:07.562831+00:00,False,-0.12675317208615391,0.2580362781275541,0.18252392359525388,0.0,False,nan,368.4720993041992,TN
MAT_0686,304,8d83b97,2026-10-06T08:06:07.933494+00:00,False,0.08511077429794989,0.18417310148338534,-0.1016300796294669,0.0,False,nan,370.6326484680176,TN
MAT_0687,304,8d83b97,2026-10-06T08:06:08.300825+00:00,False,-0.03310859344517941,0.05320105549174725,0.35534944162124993,0.0,False,nan,367.30027198791504,TN
MAT_0688,304,8d83b97,2026-10-06T08:06:08.668571+00:00,False,0.27415028584432005,-0.07895866391447792,-0.06719779060728659,0.0,False,nan,367.7186965942383,TN
MAT_0689,304,8d83b97,2026-10-06T08:06:09.039837+00:00,False,-0.2779633511161845,-0.11455635381928811,0.0953518944713902,0.0,False,nan,371.23870849609375,TN
MAT_0690,304,8d83b97,2026-10-06T08:06:09.409045+00:00,False,0.21401527750353538,0.126529031860094,-0.0743597354109971,0.0,False,nan,369.18044090270996,TN
MAT_0691,304,8d83b97,2026-10-06T08:06:09.778217+00:00,False,0.04618420124458161,0.28047419739577756,-0.093723972713713,0.0,False,nan,369.1411018371582,TN
MAT_0692,304,8d83b97,2026-10-06T08:06:10.146190+00:00,False,-0.281427390102854,-0.07068656299950388,-0.05268065018653706,0.0,False,nan,367.94495582580566,TN
MAT_0693,304,8d83b97,2026-10-06T08:06:10.514653+00:00,False,0.19941876350487725,-0.2080132150688619,0.07213967965402052,0.0,False,nan,368.4380054473877,TN
MAT_0694,304,8d83b97,2026-10-06T08:06:10.883284+00:00,False,-0.11618987821039609,0.07200141166411622,0.3591621596094806,0.0,False,nan,368.607759475708,TN
MAT_0695,304,8d83b97,2026-10-06T08:06:11.252248+00:00,False,0.29011885681496136,-0.2924232626096354,-0.0751983282076244,0.0,False,nan,368.9424991607666,TN
MAT_0696,304,8d83b97,2026-10-06T08:06:11.620764+00:00,False,-0.15659775984163748,-0.2634726592114707,0.020629175744369482,0.0,False,nan,368.4887886047363,TN
MAT_0697,304,8d83b97,2026-10-06T08:06:11.990070+00:00,False,-0.10671850045601697,-0.27415625569227303,0.05190414114291006,0.0,False,nan,369.2820072174072,TN
MAT_0698,304,8d83b97,2026-10-06T08:06:12.359014+00:00,False,0.011082177768736323,0.12695395513842522,-0.07409323628550601,0.0,False,nan,368.92104148864746,TN
MAT_0699,304,8d83b97,2026-10-06T08:06:12.727476+00:00,False,0.11605294179209158,0.2661211431010974,0.3641569931998463,0.0,False,nan,368.4399127960205,TN
MAT_0700,304,8d83b97,2026-10-06T08:06:13.096587+00:00,False,0.1472916601766429,0.29688800784747577,0.2969060394120938,0.0,False,nan,369.07029151916504,TN
MAT_0701,304,8d83b97,2026-10-06T08:06:13.465658+00:00,False,0.20888931038291475,-0.23997579933476615,-0.04141269382485801,0.0,False,nan,369.04430389404297,TN
MAT_0702,304,8d83b97,2026-10-06T08:06:13.834224+00:00,False,0.11415898847279843,0.30378669726005997,0.04254155502306478,0.0,False,nan,368.53718757629395,TN
MAT_0703,304,8d83b97,2026-10-06T08:06:14.203333+00:00,False,0.16810241799941522,0.3056105886871619,0.26065310139128395,0.0,False,nan,369.08555030822754,TN
MAT_0704,304,8d83b97,2026-10-06T08:06:14.571948+00:00,False,0.23659590248900414,0.23244638371890686,-0.09424609605513191,0.0,False,nan,368.5920238494873,TN
MAT_0705,304,8d83b97,2026-10-06T08:06:14.939979+00:00,False,-0.2912523437999636,0.2775956612471265,0.31294985508413975,0.0,False,nan,368.0076599121094,TN
MAT_0706,304,8d83b97,2026-10-06T08:06:15.309428+00:00,False,0.2796056008885343,-0.17781299834826061,0.03283263222556276,0.0,False,nan,369.42338943481445,TN
MAT_0707,304,8d83b97,2026-10-06T08:06:15.679523+00:00,False,-0.1672914521236396,-0.22816654900699193,-0.07779403532552395,0.0,False,nan,370.06497383117676,TN
MAT_0708,304,8d83b97,2026-10-06T08:06:16.049522+00:00,False,0.10502940224069468,0.24342483707792267,0.34230229233426535,0.0,False,nan,369.97127532958984,TN
MAT_0709,304,8d83b97,2026-10-06T08:06:16.419381+00:00,False,0.1360168294803853,0.2888091047490006,0.34009545730235824,0.0,False,nan,369.8294162750244,TN
MAT_0710,304,8d83b97,2026-10-06T08:06:16.788411+00:00,False,-0.2436009406349498,0.19366325169013482,0.35508187772347294,0.0,False,nan,369.0006732940674,TN
MAT_0711,304,8d83b97,2026-10-06T08:06:17.158004+00:00,False,0.13294467079197403,-0.2510668525991352,-0.05344578421569098,0.0,False,nan,369.56310272216797,TN
MAT_0712,304,8d83b97,2026-10-06T08:06:17.528179+00:00,False,-0.28198832625132914,-0.05997199091838909,0.17949319117545198,0.0,False,nan,370.1460361480713,TN
MAT_0713,304,8d83b97,2026-10-06T08:06:17.897634+00:00,False,0.24078752466078218,0.08897872978485477,-0.08439664956110816,0.0,False,nan,369.4279193878174,TN
MAT_0714,304,8d83b97,2026-10-06T08:06:18.265804+00:00,False,-0.2503790853127795,-0.1728415604128175,0.06409514168922384,0.0,False,nan,368.14141273498535,TN
MAT_0715,304,8d83b97,2026-10-06T08:06:18.634838+00:00,False,-0.18763526181553786,0.2058077117241906,0.257575578496182,0.0,False,nan,369.0013885498047,TN
MAT_0716,304,8d83b97,2026-10-06T08:06:19.003691+00:00,False,0.3010503604340206,-0.2502684209666101,-0.07612444549142516,0.0,False,nan,368.81113052368164,TN
MAT_0717,304,8d83b97,2026-10-06T08:06:19.373041+00:00,False,-0.27606061505165824,-0.2686446620674139,0.35597821109003935,0.0,False,nan,369.28296089172363,TN
MAT_0718,304,8d83b97,2026-10-06T08:06:19.741267+00:00,False,0.24252362465974947,-0.16607308941923854,0.10750264656820233,0.0,False,nan,368.1778907775879,TN
MAT_0719,304,8d83b97,2026-10-06T08:06:20.110307+00:00,False,-0.16260774551240342,-0.0994059685754696,0.3682725437803128,0.0,False,nan,369.01044845581055,TN
MAT_0720,304,8d83b97,2026-10-06T08:06:20.479425+00:00,False,-0.26300007156102423,0.20659077743772153,0.2900451663721132,0.0,False,nan,369.08817291259766,TN
MAT_0721,304,8d83b97,2026-10-06T08:06:20.848826+00:00,False,0.1853356354547746,0.29981762944421325,0.2708979563748542,0.0,False,nan,369.37689781188965,TN
MAT_0722,304,8d83b97,2026-10-06T08:06:21.217942+00:00,False,-0.23653949799670781,0.2815426231686647,0.316632377013525,0.0,False,nan,369.08769607543945,TN
MAT_0723,304,8d83b97,2026-10-06T08:06:21.587176+00:00,False,-0.08990201524352506,-0.19846141235327824,-0.08278682170550822,0.0,False,nan,369.21167373657227,TN
MAT_0724,304,8d83b97,2026-10-06T08:06:21.956712+00:00,False,0.2553361674838444,-0.30628626930626895,0.13007088672719988,0.0,False,nan,369.51231956481934,TN
MAT_0725,304,8d83b97,2026-10-06T08:06:22.324912+00:00,False,0.2591460575943963,0.03714771161123959,-0.0980148505053872,0.0,False,nan,368.1764602661133,TN
MAT_0726,304,8d83b97,2026-10-06T08:06:22.693274+00:00,False,-0.3009399402270811,-0.06050666273311864,0.3626558555863043,0.0,False,nan,368.335485458374,TN
MAT_0727,304,8d83b97,2026-10-06T08:06:23.062557+00:00,False,0.30044915471264405,0.27133659535963645,0.17664322550358502,0.0,False,nan,369.25768852233887,TN
MAT_0728,304,8d83b97,2026-10-06T08:06:23.431859+00:00,False,-0.20370489577256817,0.15819790166817127,-0.0700801977624376,0.0,False,nan,369.2746162414551,TN
MAT_0729,304,8d83b97,2026-10-06T08:06:23.803101+00:00,False,-0.2765079329091976,0.14499656709809855,0.1038564286403153,0.0,False,nan,371.2177276611328,TN
MAT_0730,304,8d83b97,2026-10-06T08:06:24.171136+00:00,False,0.28106754311896615,-0.11970337514638649,0.2984449685284086,0.0,False,nan,367.9995536804199,TN
MAT_0731,304,8d83b97,2026-10-06T08:06:24.539336+00:00,False,0.15386871397347407,-0.10608807351011779,-0.07611415101854388,0.0,False,nan,368.1771755218506,TN
MAT_0732,304,8d83b97,2026-10-06T08:06:24.906794+00:00,False,-0.23400999819706592,0.23828092539364326,0.3679726501728467,0.0,False,nan,367.4349784851074,TN
MAT_0733,304,8d83b97,2026-10-06T08:06:25.274978+00:00,False,0.2697834749358717,0.1856921991699365,0.35602630363020416,0.0,False,nan,368.15547943115234,TN
MAT_0734,304,8d83b97,2026-10-06T08:06:25.642065+00:00,False,0.234546353178744,-0.09201610694775622,-0.10175911042814173,0.0,False,nan,367.06066131591797,TN
MAT_0735,304,8d83b97,2026-10-06T08:06:26.009852+00:00,False,0.22727454156801025,0.28296707210299193,-0.08973993076285547,0.0,False,nan,367.7630424499512,TN
MAT_0736,304,8d83b97,2026-10-06T08:06:26.378307+00:00,False,0.24394715495370584,-0.18069540149760782,0.029087725783059015,0.0,False,nan,368.43276023864746,TN
MAT_0737,304,8d83b97,2026-10-06T08:06:26.746316+00:00,False,0.09053356046602073,-0.2291623420890562,-0.07669996425681168,0.0,False,nan,367.98739433288574,TN
MAT_0738,304,8d83b97,2026-10-06T08:06:27.114134+00:00,False,0.11366272546538853,-0.2846854497144154,0.020624570146017707,0.0,False,nan,367.7976131439209,TN
MAT_0739,304,8d83b97,2026-10-06T08:06:27.482418+00:00,False,-0.2347829455814829,-0.24382896974740792,0.250074654116983,0.0,False,nan,368.26157569885254,TN
MAT_0740,304,8d83b97,2026-10-06T08:06:27.849756+00:00,False,-0.30190522460219893,-0.11874701168996929,0.3021346721809846,0.0,False,nan,367.3114776611328,TN
MAT_0741,304,8d83b97,2026-10-06T08:06:28.218005+00:00,False,0.2808542184505523,0.02707021897238987,-0.06430146606020659,0.0,False,nan,368.2277202606201,TN
MAT_0742,304,8d83b97,2026-10-06T08:06:28.586243+00:00,False,0.19960707133606143,-0.2515536253449357,0.20024050509175007,0.0,False,nan,368.21627616882324,TN
MAT_0743,304,8d83b97,2026-10-06T08:06:28.954901+00:00,False,-0.23511012229458728,-0.25159614356197896,0.24001337771772485,0.0,False,nan,368.6361312866211,TN
MAT_0744,304,8d83b97,2026-10-06T08:06:29.329518+00:00,False,0.28018603574025275,0.17327830114961956,0.15542629748267262,0.0,False,nan,374.5906352996826,TN
MAT_0745,304,8d83b97,2026-10-06T08:06:29.700424+00:00,False,0.17813231461763668,-0.13253988292805394,0.35818920947448474,0.0,False,nan,370.8779811859131,TN
MAT_0746,304,8d83b97,2026-10-06T08:06:30.069292+00:00,False,0.2075764827037448,-0.2020219636004928,0.24655296741421473,0.0,False,nan,368.8361644744873,TN
MAT_0747,304,8d83b97,2026-10-06T08:06:30.438497+00:00,False,0.018323529217140477,-0.21293475414552437,0.36217447657038404,0.0,False,nan,369.17924880981445,TN
MAT_0748,304,8d83b97,2026-10-06T08:06:30.808584+00:00,False,-0.24962468186985493,0.07157944022869561,0.3661583387950672,0.0,False,nan,370.0542449951172,TN
MAT_0749,304,8d83b97,2026-10-06T08:06:31.177389+00:00,False,-0.07558752734660534,0.27038673063454693,0.17304803677499303,0.0,False,nan,368.7744140625,TN
MAT_0750,304,8d83b97,2026-10-06T08:06:31.546435+00:00,False,0.07257594531921702,-0.2695863272746305,0.3151447256448518,0.0,False,nan,369.0180778503418,TN
MAT_0751,304,8d83b97,2026-10-06T08:06:31.915593+00:00,False,-0.13946646072080157,0.035420451758019555,-0.08879002961914627,0.0,False,nan,369.12989616394043,TN
MAT_0752,304,8d83b97,2026-10-06T08:06:32.284266+00:00,False,-0.2853925310229683,-0.18431773317617267,0.09595273649208089,0.0,False,nan,368.6482906341553,TN
MAT_0753,304,8d83b97,2026-10-06T08:06:32.650649+00:00,False,-0.27394679025652685,0.24965470788922645,-0.09640220851067956,0.0,False,nan,366.35518074035645,TN
MAT_0754,304,8d83b97,2026-10-06T08:06:33.018042+00:00,False,0.2277378704967637,-0.28211912743687395,-0.03898824426020457,0.0,False,nan,367.3672676086426,TN
MAT_0755,304,8d83b97,2026-10-06T08:06:33.385490+00:00,False,-0.26935744398972483,0.19646443670196884,0.2211257200309441,0.0,False,nan,367.42496490478516,TN
MAT_0756,304,8d83b97,2026-10-06T08:06:33.753049+00:00,False,-0.2657633807338942,0.2869730946504851,0.07956842252017593,0.0,False,nan,367.5370216369629,TN
MAT_0757,304,8d83b97,2026-10-06T08:06:34.123809+00:00,False,-0.12768469570473726,0.25179938876558167,0.3297011301618921,0.0,False,nan,370.73516845703125,TN
MAT_0758,304,8d83b97,2026-10-06T08:06:34.492985+00:00,False,0.24799407870200035,0.2853606139344865,0.009488069023472476,0.0,False,nan,369.14539337158203,TN
MAT_0759,304,8d83b97,2026-10-06T08:06:34.861215+00:00,False,-0.29765775596218125,0.25671985692469906,-0.08811119637537608,0.0,False,nan,368.20411682128906,TN
MAT_0760,304,8d83b97,2026-10-06T08:06:35.230783+00:00,False,0.2771244048655564,-0.0756103261380362,-0.052565234663215575,0.0,False,nan,369.54355239868164,TN
MAT_0761,304,8d83b97,2026-10-06T08:06:35.597655+00:00,False,0.1301064686386153,0.2562867808982143,-0.033195543698221,0.0,False,nan,366.84370040893555,TN
MAT_0762,304,8d83b97,2026-10-06T08:06:35.964497+00:00,False,-0.06608660765726868,0.07575441746033895,-0.07033712821484633,0.0,False,nan,366.807222366333,TN
MAT_0763,304,8d83b97,2026-10-06T08:06:36.333033+00:00,False,-0.11441355868330061,0.1408527752990748,-0.09951153195109583,0.0,False,nan,368.50786209106445,TN
MAT_0764,304,8d83b97,2026-10-06T08:06:36.701307+00:00,False,0.24945240295679477,-0.3081504657275737,0.13423752486668555,0.0,False,nan,368.2444095611572,TN
MAT_0765,304,8d83b97,2026-10-06T08:06:37.069589+00:00,False,-0.270186151499508,-0.24501561923574142,0.015655352171870363,0.0,False,nan,368.2539463043213,TN
MAT_0766,304,8d83b97,2026-10-06T08:06:37.437766+00:00,False,-0.16534335893308783,0.10086120913594299,-0.06269549694960348,0.0,False,nan,368.1516647338867,TN
MAT_0767,304,8d83b97,2026-10-06T08:06:37.806784+00:00,False,-0.08166451254779716,0.2930635772155286,0.2668095832201048,0.0,False,nan,368.99471282958984,TN
MAT_0768,304,8d83b97,2026-10-06T08:06:38.175782+00:00,False,-0.14361833926405457,-0.206141768832933,0.3705670291060531,0.0,False,nan,368.9694404602051,TN
MAT_0769,304,8d83b97,2026-10-06T08:06:38.545106+00:00,False,-0.06795164958172933,0.2689981180416375,-0.05877173205143105,0.0,False,nan,369.30084228515625,TN
MAT_0770,304,8d83b97,2026-10-06T08:06:38.913273+00:00,False,0.2221399371524279,-0.052862831047144676,0.34037349359944646,0.0,False,nan,368.14332008361816,TN
MAT_0771,304,8d83b97,2026-10-06T08:06:39.281953+00:00,False,0.21761945728979087,-0.17380198271443428,-0.06787870514569795,0.0,False,nan,368.65687370300293,TN
MAT_0772,304,8d83b97,2026-10-06T08:06:39.651116+00:00,False,0.08659469895963401,-0.24477382374446455,0.36528571682751193,0.0,False,nan,369.1375255584717,TN
MAT_0773,304,8d83b97,2026-10-06T08:06:40.020178+00:00,False,-0.27055339873645307,0.1831007694270354,0.21135730141968057,0.0,False,nan,369.0338134765625,TN
MAT_0774,304,8d83b97,2026-10-06T08:06:40.391368+00:00,False,-0.29299810353869943,-0.2536050868477501,0.030653469278696915,0.0,False,nan,371.16193771362305,TN
MAT_0775,304,8d83b97,2026-10-06T08:06:40.760151+00:00,False,-0.24794630261306005,-0.29451107382985725,0.334646040101165,0.0,False,nan,368.75414848327637,TN
MAT_0776,304,8d83b97,2026-10-06T08:06:41.128472+00:00,False,0.30222758042767245,-0.06248670496658956,0.2690406311867417,0.0,False,nan,368.29495429992676,TN
MAT_0777,304,8d83b97,2026-10-06T08:06:41.496854+00:00,False,0.29001314034695086,-0.0011452643803841478,0.13844816941892688,0.0,False,nan,368.35670471191406,TN
MAT_0778,304,8d83b97,2026-10-06T08:06:41.865177+00:00,False,0.006028116673307271,-0.022644522649507115,0.3356950463591629,0.0,False,nan,368.29662322998047,TN
MAT_0779,304,8d83b97,2026-10-06T08:06:42.233984+00:00,False,-0.03932118658255368,0.01062859674623362,-0.06916207795222093,0.0,False,nan,368.78156661987305,TN
MAT_0780,304,8d83b97,2026-10-06T08:06:42.602580+00:00,False,-0.2239963951849346,0.22745743405157187,0.17664359820757042,0.0,False,nan,368.5746192932129,TN
MAT_0781,304,8d83b97,2026-10-06T08:06:42.971207+00:00,False,-0.19952721925792122,0.2592121092596839,0.09282770698691661,0.0,False,nan,368.6022758483887,TN
MAT_0782,304,8d83b97,2026-10-06T08:06:43.339398+00:00,False,0.14134721414228313,0.24202035994562682,0.34122561465974127,0.0,False,nan,368.1669235229492,TN
MAT_0783,304,8d83b97,2026-10-06T08:06:43.708331+00:00,False,-0.27925523781215345,-0.28868691255964773,0.1409889024261879,0.0,False,nan,368.90363693237305,TN
MAT_0784,304,8d83b97,2026-10-06T08:06:44.079168+00:00,False,-0.21834716081765793,-0.19049136240346226,0.1541609124515952,0.0,False,nan,370.8076477050781,TN
MAT_0785,304,8d83b97,2026-10-06T08:06:44.448461+00:00,False,-0.02509785330750608,-0.2949401847594236,0.227583930389824,0.0,False,nan,369.2641258239746,TN
MAT_0786,304,8d83b97,2026-10-06T08:06:44.817345+00:00,False,-0.25472727400879036,-0.25031013463000656,-0.05195022770781084,0.0,False,nan,368.85714530944824,TN
MAT_0787,304,8d83b97,2026-10-06T08:06:45.188449+00:00,False,-0.24073752890812566,-0.28236222024712526,0.26152203109541555,0.0,False,nan,371.077299118042,TN
MAT_0788,304,8d83b97,2026-10-06T08:06:45.558377+00:00,False,-0.0480518749976136,-0.20648861398385243,-0.07763122509843454,0.0,False,nan,369.8992729187012,TN
MAT_0789,304,8d83b97,2026-10-06T08:06:45.926759+00:00,False,-0.0511611140265516,-0.3029108080728785,0.12044776639585128,0.0,False,nan,368.3493137359619,TN
MAT_0790,304,8d83b97,2026-10-06T08:06:46.296362+00:00,False,0.29455956017839463,0.30594611666139,0.10844796010255248,0.0,False,nan,369.5497512817383,TN
MAT_0791,304,8d83b97,2026-10-06T08:06:46.664716+00:00,False,0.3041315265374211,0.06342590475039889,0.3466354641398809,0.0,False,nan,368.32523345947266,TN
MAT_0792,304,8d83b97,2026-10-06T08:06:47.033757+00:00,False,-0.2507708088293052,-0.1297866181579028,-0.06846007578797511,0.0,False,nan,369.01402473449707,TN
MAT_0793,304,8d83b97,2026-10-06T08:06:47.402516+00:00,False,0.06507850973701829,0.14406731913607806,0.35207094774407044,0.0,False,nan,368.7307834625244,TN
MAT_0794,304,8d83b97,2026-10-06T08:06:47.771386+00:00,False,-0.03878276795802821,0.2856669974761959,0.04560256497043397,0.0,False,nan,368.8356876373291,TN
MAT_0795,304,8d83b97,2026-10-06T08:06:48.146208+00:00,False,0.15483458429555336,0.27074327934140036,0.24749450441854925,0.0,False,nan,374.7727870941162,TN
MAT_0796,304,8d83b97,2026-10-06T08:06:48.518708+00:00,False,-0.30118418720235,0.03403187698990351,0.08755676378067453,0.0,False,nan,372.4691867828369,TN
MAT_0797,304,8d83b97,2026-10-06T08:06:48.887152+00:00,False,0.1933187944925689,0.2601970737559964,0.04578468531134486,0.0,False,nan,368.41368675231934,TN
MAT_0798,304,8d83b97,2026-10-06T08:06:49.255523+00:00,False,-0.24847052368388867,0.2593215298287738,0.33020356474714163,0.0,False,nan,368.34168434143066,TN
MAT_0799,304,8d83b97,2026-10-06T08:06:49.624665+00:00,False,0.27691109664939867,-0.2611436537053056,0.23479361104886232,0.0,False,nan,369.10438537597656,TN
MAT_0800,304,8d83b97,2026-10-06T08:06:49.993971+00:00,False,0.28013160169800383,0.09234899245447348,-0.07486388484961606,0.0,False,nan,369.25339698791504,TN
MAT_0801,304,8d83b97,2026-10-06T08:06:50.362872+00:00,False,-0.21582720902043034,-0.19405541843264543,0.10435774198267991,0.0,False,nan,368.87478828430176,TN
MAT_0802,304,8d83b97,2026-10-06T08:06:50.731630+00:00,False,-0.2748465838702141,-0.23805285604961873,0.1810889144491999,0.0,False,nan,368.7326908111572,TN
MAT_0803,304,8d83b97,2026-10-06T08:06:51.100327+00:00,False,0.14358681585601807,0.07251803583664096,-0.07272846993128804,0.0,False,nan,368.67451667785645,TN
MAT_0804,304,8d83b97,2026-10-06T08:06:51.469659+00:00,False,0.22315125365698046,-0.24537105571482504,0.25664944446722976,0.0,False,nan,369.3070411682129,TN
MAT_0805,304,8d83b97,2026-10-06T08:06:51.839547+00:00,False,-0.268886889548428,-0.20694012150130903,0.23186668950394945,0.0,False,nan,369.8570728302002,TN
MAT_0806,304,8d83b97,2026-10-06T08:06:52.208818+00:00,False,0.2835015830243058,-0.20175527592385542,0.3336736831817127,0.0,False,nan,369.24290657043457,TN
MAT_0807,304,8d83b97,2026-10-06T08:06:52.576778+00:00,False,-0.2930495517706179,0.28387919466356276,-0.050641108634164836,0.0,False,nan,367.9308891296387,TN
MAT_0808,304,8d83b97,2026-10-06T08:06:52.946083+00:00,False,-0.1740929837645467,0.04154141557114188,0.36958173753650686,0.0,False,nan,369.2808151245117,TN
MAT_0809,304,8d83b97,2026-10-06T08:06:53.314981+00:00,False,-0.29287011744057984,-0.1792991697396887,0.2766260685937005,0.0,False,nan,368.87359619140625,TN
MAT_0810,304,8d83b97,2026-10-06T08:06:53.684144+00:00,False,-0.2128680125519899,0.2900467557973258,0.23943047453668992,0.0,False,nan,369.1408634185791,TN
MAT_0811,304,8d83b97,2026-10-06T08:06:54.053938+00:00,False,-0.18255064690006706,-0.24644758162516162,0.35976409469347115,0.0,False,nan,369.77195739746094,TN
MAT_0812,304,8d83b97,2026-10-06T08:06:54.422162+00:00,False,0.2654635435656692,0.2271348250686797,0.35571509236799737,0.0,False,nan,368.19958686828613,TN
MAT_0813,304,8d83b97,2026-10-06T08:06:54.791150+00:00,False,-0.30995604719153413,0.19656386070260928,0.23567644471322874,0.0,False,nan,368.96467208862305,TN
MAT_0814,304,8d83b97,2026-10-06T08:06:55.160634+00:00,False,0.22957906057930594,-0.23325509369351785,0.3640053049750117,0.0,False,nan,369.45509910583496,TN
MAT_0815,304,8d83b97,2026-10-06T08:06:55.529683+00:00,False,0.28812747658677235,0.03140130373126809,0.19732692539559665,0.0,False,nan,369.0197467803955,TN
MAT_0816,304,8d83b97,2026-10-06T08:06:55.898713+00:00,False,-0.21940061837711122,-0.24870427245010016,0.22348802970380277,0.0,False,nan,369.0037727355957,TN
MAT_0817,304,8d83b97,2026-10-06T08:06:56.267750+00:00,False,-0.2427810966485148,0.14476576381855732,0.07388655307813569,0.0,False,nan,369.01283264160156,TN
MAT_0818,304,8d83b97,2026-10-06T08:06:56.636039+00:00,False,-0.290092171178384,-0.03187146449618683,-0.07263979695125178,0.0,False,nan,368.26419830322266,TN
MAT_0819,304,8d83b97,2026-10-06T08:06:57.004002+00:00,False,0.2808015283278453,0.20879818959503677,0.33748905998641304,0.0,False,nan,367.9378032684326,TN
MAT_0820,304,8d83b97,2026-10-06T08:06:57.372846+00:00,False,-0.019070190552298638,-0.024295504888055652,-0.0870644564651214,0.0,False,nan,368.8175678253174,TN
MAT_0821,304,8d83b97,2026-10-06T08:06:57.742054+00:00,False,-0.13855708368657518,0.2628228093818013,0.0890224332447351,0.0,False,nan,369.18044090270996,TN
MAT_0822,304,8d83b97,2026-10-06T08:06:58.114005+00:00,False,-0.20703670850250122,0.23959735496979512,-0.06308671393998824,0.0,False,nan,371.92511558532715,TN
MAT_0823,304,8d83b97,2026-10-06T08:06:58.485090+00:00,False,0.28848184914722935,0.2246065020863654,0.34277675600362734,0.0,False,nan,371.0448741912842,TN
MAT_0824,304,8d83b97,2026-10-06T08:06:58.858240+00:00,False,0.30054334955744283,-0.2858042474529565,0.18196363674018373,0.0,False,nan,373.11291694641113,TN
MAT_0825,304,8d83b97,2026-10-06T08:06:59.232051+00:00,False,-0.25270201180661006,0.23044728272966625,0.007412355984321051,0.0,False,nan,373.78406524658203,TN
MAT_0826,304,8d83b97,2026-10-06T08:06:59.601210+00:00,False,0.16436175627205818,-0.14261761541337795,0.3544607299427155,0.0,False,nan,369.13084983825684,TN
MAT_0827,304,8d83b97,2026-10-06T08:06:59.970442+00:00,False,0.10467679390465096,0.24921764155691767,0.37237701678484464,0.0,False,nan,369.2033290863037,TN
MAT_0828,304,8d83b97,2026-10-06T08:07:00.340403+00:00,False,-0.10681264867177331,-0.26587389334096184,0.20081177944989376,0.0,False,nan,369.9312210083008,TN
MAT_0829,304,8d83b97,2026-10-06T08:07:00.708888+00:00,False,-0.16943758392466077,-0.2715715390723188,0.28456555489293806,0.0,False,nan,368.4577941894531,TN
MAT_0830,304,8d83b97,2026-10-06T08:07:01.077979+00:00,False,0.056024992756362524,-0.020758822989518977,0.36921765524089506,0.0,False,nan,369.065523147583,TN
MAT_0831,304,8d83b97,2026-10-06T08:07:01.447440+00:00,False,-0.1376068715277649,0.25128362099844087,-0.07678538215231305,0.0,False,nan,369.4322109222412,TN
MAT_0832,304,8d83b97,2026-10-06T08:07:01.817157+00:00,False,0.2766362114784637,-0.2638715241264217,0.12033217073396382,0.0,False,nan,369.6897029876709,TN
MAT_0833,304,8d83b97,2026-10-06T08:07:02.185839+00:00,False,0.3008206260201162,0.0009356799785641967,0.2612388345699802,0.0,False,nan,368.65830421447754,TN
MAT_0834,304,8d83b97,2026-10-06T08:07:02.557659+00:00,False,-0.2863553080909379,-0.07582401086961907,0.15283987439466223,0.0,False,nan,371.78897857666016,TN
MAT_0835,304,8d83b97,2026-10-06T08:07:02.934743+00:00,False,-0.24386869378872997,0.10331133955154881,0.33646109838698446,0.0,False,nan,377.0320415496826,TN
MAT_0836,304,8d83b97,2026-10-06T08:07:03.303865+00:00,False,-0.16207723574761232,-0.3058742479548535,0.13861675522874087,0.0,False,nan,369.0934181213379,TN
MAT_0837,304,8d83b97,2026-10-06T08:07:03.672561+00:00,False,0.2596698634818499,-0.11535457898698048,0.37078497593248555,0.0,False,nan,368.6692714691162,TN
MAT_0838,304,8d83b97,2026-10-06T08:07:04.041681+00:00,False,0.28693755539220006,-0.290654501917915,0.05870237222298608,0.0,False,nan,369.091272354126,TN
MAT_0839,304,8d83b97,2026-10-06T08:07:04.411016+00:00,False,0.2549075767002113,-0.11421994467844804,0.025589796965074157,0.0,False,nan,369.3087100982666,TN
MAT_0840,304,8d83b97,2026-10-06T08:07:04.779497+00:00,False,-0.30569072195143016,0.145226665852021,-0.08647678158666482,0.0,False,nan,368.4542179107666,TN
MAT_0841,304,8d83b97,2026-10-06T08:07:05.148885+00:00,False,0.19893266377119717,0.19629399982955048,0.2683390525869128,0.0,False,nan,369.36354637145996,TN
MAT_0842,304,8d83b97,2026-10-06T08:07:05.517865+00:00,False,0.2994090671704102,0.08563391345313198,0.3148362793615322,0.0,False,nan,368.9558506011963,TN
MAT_0843,304,8d83b97,2026-10-06T08:07:05.886409+00:00,False,-0.051538620046781725,0.2540207488204355,0.35742439535339116,0.0,False,nan,368.52049827575684,TN
MAT_0844,304,8d83b97,2026-10-06T08:07:06.255201+00:00,False,-0.09154564647539676,0.27126456988905673,0.31583890085529714,0.0,False,nan,368.7713146209717,TN
MAT_0845,304,8d83b97,2026-10-06T08:07:06.623250+00:00,False,-0.24852211180903644,0.16699389237919432,0.22917192268015912,0.0,False,nan,368.0076599121094,TN
MAT_0846,304,8d83b97,2026-10-06T08:07:06.992494+00:00,False,0.25532974329244035,-0.1334075651006412,0.04705603287266802,0.0,False,nan,369.2152500152588,TN
MAT_0847,304,8d83b97,2026-10-06T08:07:07.361519+00:00,False,0.02734528638786976,0.3018584657223112,0.034045672552729445,0.0,False,nan,368.97802352905273,TN
MAT_0848,304,8d83b97,2026-10-06T08:07:07.730650+00:00,False,-0.2211953808648468,-0.17239602307994972,-0.07225480826907585,0.0,False,nan,369.10510063171387,TN
MAT_0849,304,8d83b97,2026-10-06T08:07:08.099008+00:00,False,0.2975000392765342,0.14440984515066857,0.15430199085486207,0.0,False,nan,368.3316707611084,TN
MAT_0850,304,8d83b97,2026-10-06T08:07:08.468664+00:00,False,0.23886710209203693,-0.27310351483197787,0.2729284326950929,0.0,False,nan,369.6267604827881,TN
MAT_0851,304,8d83b97,2026-10-06T08:07:08.838577+00:00,False,-0.2974918965812938,0.024174800924708084,0.322191292454432,0.0,False,nan,369.88282203674316,TN
MAT_0852,304,8d83b97,2026-10-06T08:07:09.208395+00:00,False,0.28742294455821077,0.2180955497723152,0.03614797631174299,0.0,False,nan,369.78888511657715,TN
MAT_0853,304,8d83b97,2026-10-06T08:07:09.578513+00:00,False,0.2849272394414319,0.07246440107385671,-0.059787976671091675,0.0,False,nan,370.0881004333496,TN
MAT_0854,304,8d83b97,2026-10-06T08:07:09.947633+00:00,False,0.040371088587787374,-0.28971397116688763,0.030874988501237405,0.0,False,nan,369.08912658691406,TN
MAT_0855,304,8d83b97,2026-10-06T08:07:10.317044+00:00,False,0.2669701321127274,0.1629335733590207,-0.0760055531688969,0.0,False,nan,369.37928199768066,TN
MAT_0856,304,8d83b97,2026-10-06T08:07:10.686620+00:00,False,0.27792341379835167,0.30447003413022483,0.12158994934836831,0.0,False,nan,369.54331398010254,TN
MAT_0857,304,8d83b97,2026-10-06T08:07:11.055511+00:00,False,0.1906276947067515,-0.29082746556380706,0.12914148450249177,0.0,False,nan,368.8626289367676,TN
MAT_0858,304,8d83b97,2026-10-06T08:07:11.424251+00:00,False,0.1658536021999384,-0.3068783316972788,0.317579211261097,0.0,False,nan,368.7095642089844,TN
MAT_0859,304,8d83b97,2026-10-06T08:07:11.793740+00:00,False,-0.24412590000497056,-0.21077488226131635,-0.09868575888813452,0.0,False,nan,369.45128440856934,TN
MAT_0860,304,8d83b97,2026-10-06T08:07:12.162161+00:00,False,-0.04278742017915904,-0.1340362143092149,-0.08626934670243461,0.0,False,nan,368.3915138244629,TN
MAT_0861,304,8d83b97,2026-10-06T08:07:12.528862+00:00,False,-0.22496187977947651,0.2784232207767066,0.3056793986145697,0.0,False,nan,366.6563034057617,TN
MAT_0862,304,8d83b97,2026-10-06T08:07:12.895912+00:00,False,0.2939296050252645,-0.1761399514830074,0.3218107479755985,0.0,False,nan,367.0229911804199,TN
MAT_0863,304,8d83b97,2026-10-06T08:07:13.262536+00:00,False,-0.003963647209793142,0.14760804357944418,0.37407642527046875,0.0,False,nan,366.59979820251465,TN
MAT_0864,304,8d83b97,2026-10-06T08:07:13.630473+00:00,False,0.19427076383476488,-0.21860753593398818,0.34997865438826603,0.0,False,nan,367.908239364624,TN
MAT_0865,304,8d83b97,2026-10-06T08:07:13.998965+00:00,False,-0.16561777789014517,-0.3035344087007672,0.11273695882471668,0.0,False,nan,368.4673309326172,TN
MAT_0866,304,8d83b97,2026-10-06T08:07:14.366677+00:00,False,0.24958973121454414,0.25457995413325735,0.2846508367221965,0.0,False,nan,367.68627166748047,TN
MAT_0867,304,8d83b97,2026-10-06T08:07:14.733777+00:00,False,0.2975195476223134,-0.1359795736497646,0.003883034523624998,0.0,False,nan,367.0785427093506,TN
MAT_0868,304,8d83b97,2026-10-06T08:07:15.102910+00:00,False,0.18960281305836751,-0.28826570445657224,0.3348846293804614,0.0,False,nan,369.1105842590332,TN
MAT_0869,304,8d83b97,2026-10-06T08:07:15.471739+00:00,False,-0.2886433447653723,0.20298918941427996,-0.09636203088628204,0.0,False,nan,368.80040168762207,TN
MAT_0870,304,8d83b97,2026-10-06T08:07:15.840875+00:00,False,-0.2410272830508745,-0.3011516485579575,-0.020797715846410256,0.0,False,nan,369.10557746887207,TN
MAT_0871,304,8d83b97,2026-10-06T08:07:16.211096+00:00,False,0.2940408050534726,0.0067749438712984555,0.2935348646519372,0.0,False,nan,370.1930046081543,TN
MAT_0872,304,8d83b97,2026-10-06T08:07:16.581500+00:00,False,-0.13711399834259624,-0.25624502638469043,0.3097900014996465,0.0,False,nan,370.3751564025879,TN
MAT_0873,304,8d83b97,2026-10-06T08:07:16.950555+00:00,False,-0.2964515367355307,-0.017726276362728388,0.11899573371959765,0.0,False,nan,369.02379989624023,TN
MAT_0874,304,8d83b97,2026-10-06T08:07:17.320276+00:00,False,0.17540662558430714,-0.2652889124336847,0.31419163455610793,0.0,False,nan,369.6925640106201,TN
MAT_0875,304,8d83b97,2026-10-06T08:07:17.687014+00:00,False,-0.10182665736781188,0.3056624334532085,0.19969192171404332,0.0,False,nan,366.70923233032227,TN
MAT_0876,304,8d83b97,2026-10-06T08:07:18.056588+00:00,False,0.19736552550482905,-0.19892440771513656,0.3116476008288214,0.0,False,nan,369.54784393310547,TN
MAT_0877,304,8d83b97,2026-10-06T08:07:18.466576+00:00,False,0.21732576138457788,-0.20898939831838825,0.3260873451665485,0.0,False,nan,409.9581241607666,TN
MAT_0878,304,8d83b97,2026-10-06T08:07:18.843329+00:00,False,0.20205042730892603,0.2481750754798711,0.2085836560081909,0.0,False,nan,376.7204284667969,TN
MAT_0879,304,8d83b97,2026-10-06T08:07:19.211809+00:00,False,0.1857602538320463,0.2612109477740185,0.16823316697673635,0.0,False,nan,368.4539794921875,TN
MAT_0880,304,8d83b97,2026-10-06T08:07:19.581088+00:00,False,0.24773686156189972,0.23567928616461092,-0.031200650018424078,0.0,False,nan,369.2500591278076,TN
MAT_0881,304,8d83b97,2026-10-06T08:07:19.951324+00:00,False,0.27903808744100295,-0.12264367718098856,0.24345675147737128,0.0,False,nan,370.2092170715332,TN
MAT_0882,304,8d83b97,2026-10-06T08:07:20.321436+00:00,False,-0.2910270685383421,0.18879232198763696,0.08828380029552912,0.0,False,nan,370.0823783874512,TN
MAT_0883,304,8d83b97,2026-10-06T08:07:20.692124+00:00,False,0.06622610712058513,-0.29809107898692544,0.09552843079502438,0.0,False,nan,370.6626892089844,TN
MAT_0884,304,8d83b97,2026-10-06T08:07:21.061256+00:00,False,0.05449286984712376,-0.28463328296397666,0.20152373985176364,0.0,False,nan,369.10533905029297,TN
MAT_0885,304,8d83b97,2026-10-06T08:07:21.430612+00:00,False,0.3018431418200284,-0.025433891398212782,-0.03433873353087692,0.0,False,nan,369.32873725891113,TN
MAT_0886,304,8d83b97,2026-10-06T08:07:21.800273+00:00,False,0.24478601384044746,-0.0807537313172644,0.34035241199018035,0.0,False,nan,369.63391304016113,TN
MAT_0887,304,8d83b97,2026-10-06T08:07:22.171543+00:00,False,0.23707738468580458,0.24015769230047118,0.0029300364031021597,0.0,False,nan,371.2465763092041,TN
MAT_0888,304,8d83b97,2026-10-06T08:07:22.541735+00:00,False,-0.2577828778051833,-0.20078181507996878,0.35903094744012504,0.0,False,nan,370.1670169830322,TN
MAT_0889,304,8d83b97,2026-10-06T08:07:22.912485+00:00,False,-0.17825193731002176,-0.2683823311691877,0.014104168999183708,0.0,False,nan,370.72014808654785,TN
MAT_0890,304,8d83b97,2026-10-06T08:07:23.283845+00:00,False,0.23553194520447357,-0.0976890969326751,-0.08715849672045661,0.0,False,nan,371.33312225341797,TN
MAT_0891,304,8d83b97,2026-10-06T08:07:23.653208+00:00,False,0.0314978664248568,-0.28965711775849673,0.3659842893301434,0.0,False,nan,369.3351745605469,TN
MAT_0892,304,8d83b97,2026-10-06T08:07:24.023197+00:00,False,0.25106542346086397,0.1344433646783324,0.08509475046349638,0.0,False,nan,369.95577812194824,TN
MAT_0893,304,8d83b97,2026-10-06T08:07:24.392718+00:00,False,-0.22362256229187844,-0.28307888936336467,0.2912997346341055,0.0,False,nan,369.48323249816895,TN
MAT_0894,304,8d83b97,2026-10-06T08:07:24.762950+00:00,False,-0.259745752777806,-0.21815961230678554,0.256284311033372,0.0,False,nan,370.2058792114258,TN
MAT_0895,304,8d83b97,2026-10-06T08:07:25.132794+00:00,False,0.1977902221793309,0.293837032437878,0.00225174671351136,0.0,False,nan,369.82274055480957,TN
MAT_0896,304,8d83b97,2026-10-06T08:07:25.501316+00:00,False,0.02648875744739515,0.03444446363564185,-0.081468852014317,0.0,False,nan,368.4959411621094,TN
MAT_0897,304,8d83b97,2026-10-06T08:07:25.870576+00:00,False,0.12513866730221124,-0.16878690381672562,-0.08869396979478619,0.0,False,nan,369.2324161529541,TN
MAT_0898,304,8d83b97,2026-10-06T08:07:26.240200+00:00,False,-0.14289431208557282,-0.24054118172740152,0.22210504721134894,0.0,False,nan,369.59362030029297,TN
MAT_0899,304,8d83b97,2026-10-06T08:07:26.609149+00:00,False,0.09479645479186205,0.2993897239752897,0.05500115373938472,0.0,False,nan,368.9231872558594,TN
MAT_0900,304,8d83b97,2026-10-06T08:07:26.977969+00:00,False,0.013406731621304013,-0.2755615858222862,-0.08447706125424476,0.0,False,nan,368.76440048217773,TN
MAT_0901,304,8d83b97,2026-10-06T08:07:27.347337+00:00,False,0.25666127573281433,0.12605649091622406,-0.015909236498790655,0.0,False,nan,369.3404197692871,TN
MAT_0902,304,8d83b97,2026-10-06T08:07:27.716067+00:00,False,-0.298903567976222,-0.1131456344502137,-0.028590531441991224,0.0,False,nan,368.70455741882324,TN
MAT_0903,304,8d83b97,2026-10-06T08:07:28.084715+00:00,False,-0.3055740778540011,-0.19894979246205668,0.3608907163017415,0.0,False,nan,368.6251640319824,TN
MAT_0904,304,8d83b97,2026-10-06T08:07:28.453467+00:00,False,0.02700667858791095,-0.29151903166093984,0.043072448503637784,0.0,False,nan,368.7264919281006,TN
MAT_0905,304,8d83b97,2026-10-06T08:07:28.822355+00:00,False,-0.20957514133965016,0.24817485571469527,-0.008722411236701824,0.0,False,nan,368.8654899597168,TN
MAT_0906,304,8d83b97,2026-10-06T08:07:29.190701+00:00,False,-0.30675203443608356,0.21117797105005082,0.08890819501541278,0.0,False,nan,368.3209419250488,TN
MAT_0907,304,8d83b97,2026-10-06T08:07:29.559408+00:00,False,0.18854358214092665,-0.2527818843293604,0.2684187713939397,0.0,False,nan,368.6830997467041,TN
MAT_0908,304,8d83b97,2026-10-06T08:07:29.927849+00:00,False,-0.27890945419214225,-0.17130126300672172,0.2298845837922195,0.0,False,nan,368.41654777526855,TN
MAT_0909,304,8d83b97,2026-10-06T08:07:30.296562+00:00,False,-0.03886159338149198,0.17308778916388096,-0.091411888384393,0.0,False,nan,368.68906021118164,TN
MAT_0910,304,8d83b97,2026-10-06T08:07:30.665290+00:00,False,-0.2951811629057564,-0.044608994750745534,0.30626117685886783,0.0,False,nan,368.7021732330322,TN
MAT_0911,304,8d83b97,2026-10-06T08:07:31.033317+00:00,False,0.17151247927888702,-0.26518711493419417,-0.018962420246848327,0.0,False,nan,368.00551414489746,TN
MAT_0912,304,8d83b97,2026-10-06T08:07:31.401813+00:00,False,-0.21972933549381884,-0.1645179908289073,0.3497675912315717,0.0,False,nan,368.4685230255127,TN
MAT_0913,304,8d83b97,2026-10-06T08:07:31.772021+00:00,False,-0.19068975360408208,-0.21286428480158737,0.1664877556077088,0.0,False,nan,370.1670169830322,TN
MAT_0914,304,8d83b97,2026-10-06T08:07:32.141410+00:00,False,-0.30999412349708594,0.01695602479831826,-0.000356106148707902,0.0,False,nan,369.3578243255615,TN
MAT_0915,304,8d83b97,2026-10-06T08:07:32.510181+00:00,False,0.12767005140091547,0.1471039762278344,-0.07608900794052546,0.0,False,nan,368.7434196472168,TN
MAT_0916,304,8d83b97,2026-10-06T08:07:32.878562+00:00,False,0.2362556192502449,0.007854089634133754,0.3595890306106077,0.0,False,nan,368.3509826660156,TN
MAT_0917,304,8d83b97,2026-10-06T08:07:33.246822+00:00,False,0.2974753279245704,-0.051744026028067214,0.3600774000172482,0.0,False,nan,368.2246208190918,TN
MAT_0918,304,8d83b97,2026-10-06T08:07:33.615306+00:00,False,-0.022373825774051337,0.30306808930575796,-0.03422782150420699,0.0,False,nan,368.4501647949219,TN
MAT_0919,304,8d83b97,2026-10-06T08:07:33.983466+00:00,False,-0.14267396839393343,0.27883185373048663,0.35144992311886536,0.0,False,nan,368.1294918060303,TN
MAT_0920,304,8d83b97,2026-10-06T08:07:34.350981+00:00,False,0.08028720801153072,0.1686988635654474,0.3355739421415516,0.0,False,nan,367.48671531677246,TN
MAT_0921,304,8d83b97,2026-10-06T08:07:34.719396+00:00,False,0.007789923734325244,-0.301707678278068,0.1277182980962659,0.0,False,nan,368.38769912719727,TN
MAT_0922,304,8d83b97,2026-10-06T08:07:35.087950+00:00,False,0.17634779700289915,0.303457531542307,0.36253263540119207,0.0,False,nan,368.5259819030762,TN
MAT_0923,304,8d83b97,2026-10-06T08:07:35.456463+00:00,False,-0.18018788406957723,-0.13222119381450353,0.3606139605771806,0.0,False,nan,368.485689163208,TN
MAT_0924,304,8d83b97,2026-10-06T08:07:35.825727+00:00,False,-0.10700116833111895,0.17731576030794816,0.3353976339797053,0.0,False,nan,369.2352771759033,TN
MAT_0925,304,8d83b97,2026-10-06T08:07:36.194852+00:00,False,-0.23026014652771026,0.28719509370592194,0.09909423758805955,0.0,False,nan,369.0972328186035,TN
MAT_0926,304,8d83b97,2026-10-06T08:07:36.563673+00:00,False,0.2818294304349484,-0.2527476164330665,0.13190631337568304,0.0,False,nan,368.78442764282227,TN
MAT_0927,304,8d83b97,2026-10-06T08:07:36.933374+00:00,False,0.24413577590380592,-0.16116763182171548,0.06505939208707157,0.0,False,nan,369.671106338501,TN
MAT_0928,304,8d83b97,2026-10-06T08:07:37.302374+00:00,False,0.2614590792436699,-0.20810557567076066,-0.06094922975005727,0.0,False,nan,368.9706325531006,TN
MAT_0929,304,8d83b97,2026-10-06T08:07:37.671762+00:00,False,0.24621370410511517,-0.253433726239691,0.044308266322934386,0.0,False,nan,369.36068534851074,TN
MAT_0930,304,8d83b97,2026-10-06T08:07:38.040566+00:00,False,-0.21295650431569074,0.20600141111501175,-0.002577820870098488,0.0,False,nan,368.7765598297119,TN
MAT_0931,304,8d83b97,2026-10-06T08:07:38.411189+00:00,False,-0.002672953907365938,-0.28513041746084,-0.058813554711564735,0.0,False,nan,370.5945014953613,TN
MAT_0932,304,8d83b97,2026-10-06T08:07:38.781416+00:00,False,0.1888364832076233,-0.30767369286946966,0.2323696199708462,0.0,False,nan,370.1941967010498,TN
MAT_0933,304,8d83b97,2026-10-06T08:07:39.151124+00:00,False,0.28530100237969186,0.18977868471657017,0.31223378736113666,0.0,False,nan,369.675874710083,TN
MAT_0934,304,8d83b97,2026-10-06T08:07:39.521770+00:00,False,-0.14508264323957581,0.2495815369671059,0.1948442943007666,0.0,False,nan,370.6181049346924,TN
MAT_0935,304,8d83b97,2026-10-06T08:07:39.893651+00:00,False,0.13361527648640692,0.27232816198536175,0.34321210103024624,0.0,False,nan,371.85120582580566,TN
MAT_0936,304,8d83b97,2026-10-06T08:07:40.264183+00:00,False,0.13652765597854494,-0.2617769744034222,0.2668721003798044,0.0,False,nan,370.4969882965088,TN
MAT_0937,304,8d83b97,2026-10-06T08:07:40.634253+00:00,False,0.20978434994746148,-0.2871546799935203,0.1315296924475925,0.0,False,nan,370.03421783447266,TN
MAT_0938,304,8d83b97,2026-10-06T08:07:41.003349+00:00,False,-0.29094298062581797,-0.033690783351767284,0.24321031448208508,0.0,False,nan,369.07362937927246,TN
MAT_0939,304,8d83b97,2026-10-06T08:07:41.372147+00:00,False,0.2825622117361036,-0.0061112995260309,0.04885581358844629,0.0,False,nan,368.7725067138672,TN
MAT_0940,304,8d83b97,2026-10-06T08:07:41.741320+00:00,False,-0.16452490005251827,0.004527630140331029,-0.08933818788527696,0.0,False,nan,369.14992332458496,TN
MAT_0941,304,8d83b97,2026-10-06T08:07:42.110190+00:00,False,0.15427910288304553,-0.27034132841297204,-0.06444924039421208,0.0,False,nan,368.84403228759766,TN
MAT_0942,304,8d83b97,2026-10-06T08:07:42.479541+00:00,False,0.2148627680864143,-0.23219374544906352,0.05982080238780263,0.0,False,nan,369.3265914916992,TN
MAT_0943,304,8d83b97,2026-10-06T08:07:42.849141+00:00,False,-0.08656826358699166,0.2854748405439234,-0.06881654920460234,0.0,False,nan,369.5788383483887,TN
MAT_0944,304,8d83b97,2026-10-06T08:07:43.217579+00:00,False,-0.29532571954528153,-0.028938466104071248,0.2550573937973623,0.0,False,nan,368.41297149658203,TN
MAT_0945,304,8d83b97,2026-10-06T08:07:43.586500+00:00,False,0.23831626818877866,-0.0475688745940982,0.3584615153194792,0.0,False,nan,368.8971996307373,TN
MAT_0946,304,8d83b97,2026-10-06T08:07:43.956070+00:00,False,0.13850175606943715,0.29456980076221556,0.19564868725928586,0.0,False,nan,369.54426765441895,TN
MAT_0947,304,8d83b97,2026-10-06T08:07:44.324758+00:00,False,0.04292633267757978,0.024999233394425557,0.34623600706421825,0.0,False,nan,368.66092681884766,TN
MAT_0948,304,8d83b97,2026-10-06T08:07:44.693375+00:00,False,-0.1730675724976284,0.23869611066095825,0.027684943034381265,0.0,False,nan,368.5932159423828,TN
MAT_0949,304,8d83b97,2026-10-06T08:07:45.062965+00:00,False,-0.24967171920344747,0.13094440719849948,0.005296476959888052,0.0,False,nan,369.5662021636963,TN
MAT_0950,304,8d83b97,2026-10-06T08:07:45.431461+00:00,False,-0.28688938959053345,-0.021081733213335896,0.03423004170424393,0.0,False,nan,368.47519874572754,TN
MAT_0951,304,8d83b97,2026-10-06T08:07:45.800251+00:00,False,0.29933256853927254,0.2111075181447944,0.25689249979203355,0.0,False,nan,368.7701225280762,TN
MAT_0952,304,8d83b97,2026-10-06T08:07:46.169722+00:00,False,0.046866288737291206,-0.28524634096240387,0.15859194820617445,0.0,False,nan,369.45033073425293,TN
MAT_0953,304,8d83b97,2026-10-06T08:07:46.538548+00:00,False,-0.05553784152393498,0.23597861015963123,0.37109589296512246,0.0,False,nan,368.8056468963623,TN
MAT_0954,304,8d83b97,2026-10-06T08:07:46.909004+00:00,False,-0.2974329248657338,0.017690747971700616,0.3544025376639261,0.0,False,nan,370.43285369873047,TN
MAT_0955,304,8d83b97,2026-10-06T08:07:47.279157+00:00,False,0.2226686498859673,0.23280521366316093,0.08154398819357689,0.0,False,nan,370.12338638305664,TN
MAT_0956,304,8d83b97,2026-10-06T08:07:47.648028+00:00,False,0.027325629004797625,-0.03351114014886997,0.35989526414248,0.0,False,nan,368.84331703186035,TN
MAT_0957,304,8d83b97,2026-10-06T08:07:48.016525+00:00,False,0.016070258907260937,0.006949155339209867,0.3401813029676707,0.0,False,nan,368.471622467041,TN
MAT_0958,304,8d83b97,2026-10-06T08:07:48.385339+00:00,False,0.28961912124215755,0.28440909061267455,0.3741406725722466,0.0,False,nan,368.7891960144043,TN
MAT_0959,304,8d83b97,2026-10-06T08:07:48.754353+00:00,False,-0.09466351827529748,0.004588631964312917,-0.07582103222730407,0.0,False,nan,368.9920902252197,TN
MAT_0960,304,8d83b97,2026-10-06T08:07:49.123073+00:00,False,-0.1408688772467132,0.26805353984567687,0.29006018569960734,0.0,False,nan,368.6952590942383,TN
MAT_0961,304,8d83b97,2026-10-06T08:07:49.492126+00:00,False,-0.31161842087683655,0.25867650212714594,-0.051329213454839775,0.0,False,nan,369.0299987792969,TN
MAT_0962,304,8d83b97,2026-10-06T08:07:49.861175+00:00,False,-0.26512972232244125,0.15750628682207196,0.022684989159560437,0.0,False,nan,369.02332305908203,TN
MAT_0963,304,8d83b97,2026-10-06T08:07:50.229614+00:00,False,-0.16861898326962005,-0.22326184400143406,0.22451579292362717,0.0,False,nan,368.41559410095215,TN
MAT_0964,304,8d83b97,2026-10-06T08:07:50.598615+00:00,False,0.21544445259594153,-0.08968935802246394,-0.06795828011347008,0.0,False,nan,368.97897720336914,TN
MAT_0965,304,8d83b97,2026-10-06T08:07:50.967479+00:00,False,-0.22586560870315053,-0.2740365821121328,0.34626102529041425,0.0,False,nan,368.84236335754395,TN
MAT_0966,304,8d83b97,2026-10-06T08:07:51.336400+00:00,False,0.07651139271224633,-0.2744240707038812,-0.0253490764247528,0.0,False,nan,368.8981533050537,TN
MAT_0967,304,8d83b97,2026-10-06T08:07:51.705980+00:00,False,0.2465362759196002,0.24050676691992384,0.048128467791755725,0.0,False,nan,369.5569038391113,TN
MAT_0968,304,8d83b97,2026-10-06T08:07:52.074220+00:00,False,0.03746680877517683,-0.05767282631383236,-0.089172624962548,0.0,False,nan,368.21508407592773,TN
MAT_0969,304,8d83b97,2026-10-06T08:07:52.442259+00:00,False,0.2619541224239709,0.21489785262197797,-0.0701559972513364,0.0,False,nan,368.01767349243164,TN
MAT_0970,304,8d83b97,2026-10-06T08:07:52.811702+00:00,False,-0.29492365339761434,0.09576946668517,-0.06612123239018983,0.0,False,nan,369.4195747375488,TN
MAT_0971,304,8d83b97,2026-10-06T08:07:53.180297+00:00,False,0.23957280380993223,0.2845350681843735,0.06594893210811092,0.0,False,nan,368.56794357299805,TN
MAT_0972,304,8d83b97,2026-10-06T08:07:53.549044+00:00,False,-0.2643681923843351,0.1941270112489562,0.21811953535802997,0.0,False,nan,368.72148513793945,TN
MAT_0973,304,8d83b97,2026-10-06T08:07:53.915888+00:00,False,0.25405273182462,-0.11033795234337707,0.07218557798369996,0.0,False,nan,366.81628227233887,TN
MAT_0974,304,8d83b97,2026-10-06T08:07:54.282837+00:00,False,0.25112794090488005,-0.21535756546291346,0.05532638664412662,0.0,False,nan,366.9257164001465,TN
MAT_0975,304,8d83b97,2026-10-06T08:07:54.650329+00:00,False,-0.07136828895196529,0.28384181295817895,-0.031154272725378213,0.0,False,nan,367.4485683441162,TN
MAT_0976,304,8d83b97,2026-10-06T08:07:55.017539+00:00,False,0.28601122830878406,0.27618536832701795,-0.03965944908037325,0.0,False,nan,367.18177795410156,TN
MAT_0977,304,8d83b97,2026-10-06T08:07:55.384301+00:00,False,-0.17068621765802214,0.21899053479084857,-0.05490467157656255,0.0,False,nan,366.73903465270996,TN
MAT_0978,304,8d83b97,2026-10-06T08:07:55.753064+00:00,False,-0.11150211692525477,0.038615535385919164,-0.09379780827322974,0.0,False,nan,368.7400817871094,TN
MAT_0979,304,8d83b97,2026-10-06T08:07:56.121840+00:00,False,-0.28800065596487046,0.2993323279433259,0.23677785781572713,0.0,False,nan,368.7560558319092,TN
MAT_0980,304,8d83b97,2026-10-06T08:07:56.489524+00:00,False,0.1575569500774205,-0.23436198327428825,-0.05764767938171677,0.0,False,nan,367.6605224609375,TN
MAT_0981,304,8d83b97,2026-10-06T08:07:56.859479+00:00,False,0.10463317125847249,-0.10129180034771765,0.35907579216234,0.0,False,nan,369.9324131011963,TN
MAT_0982,304,8d83b97,2026-10-06T08:07:57.230243+00:00,False,0.27499197610304454,0.043627113220795544,0.19797700871461343,0.0,False,nan,370.73469161987305,TN
MAT_0983,304,8d83b97,2026-10-06T08:07:57.599653+00:00,False,0.27835129328470637,0.21480606643868888,-0.04477183264914027,0.0,False,nan,369.3833351135254,TN
MAT_0984,304,8d83b97,2026-10-06T08:07:57.968863+00:00,False,0.18485962348997298,-0.30030351934809985,0.37318183260075366,0.0,False,nan,369.1830635070801,TN
MAT_0985,304,8d83b97,2026-10-06T08:07:58.338552+00:00,False,-0.2197550834255496,-0.29306800705035324,0.3456495247294834,0.0,False,nan,369.6610927581787,TN
MAT_0986,304,8d83b97,2026-10-06T08:07:58.707709+00:00,False,0.2001122372436574,-0.276482099888355,0.15982336373563455,0.0,False,nan,369.1294193267822,TN
MAT_0987,304,8d83b97,2026-10-06T08:07:59.076937+00:00,False,0.2858964526345456,-0.04822074771225732,0.1959430052560993,0.0,False,nan,369.2042827606201,TN
MAT_0988,304,8d83b97,2026-10-06T08:07:59.446199+00:00,False,0.28328312789962934,-0.050931999107661274,0.35411151117980333,0.0,False,nan,369.24004554748535,TN
MAT_0989,304,8d83b97,2026-10-06T08:07:59.818433+00:00,False,-0.22419269282179152,0.24728893231463128,0.19983934724608426,0.0,False,nan,372.208833694458,TN
MAT_0990,304,8d83b97,2026-10-06T08:08:00.189262+00:00,False,-0.08581264837442029,-0.25353070386907484,0.3678502300003075,0.0,False,nan,370.8004951477051,TN
MAT_0991,304,8d83b97,2026-10-06T08:08:00.559004+00:00,False,-0.009560457363335662,-0.19855885075808682,-0.10221684363802978,0.0,False,nan,369.71068382263184,TN
MAT_0992,304,8d83b97,2026-10-06T08:08:00.927235+00:00,False,-0.2601223394210942,-0.28438781159466686,-0.10158050153564352,0.0,False,nan,368.20173263549805,TN
MAT_0993,304,8d83b97,2026-10-06T08:08:01.296087+00:00,False,-0.20666037466016438,0.20867027389426046,-0.033500285837683386,0.0,False,nan,368.82543563842773,TN
MAT_0994,304,8d83b97,2026-10-06T08:08:01.665216+00:00,False,-0.3063180489170951,0.10116367316376135,0.14710620002164165,0.0,False,nan,369.10247802734375,TN
MAT_0995,304,8d83b97,2026-10-06T08:08:02.034102+00:00,False,-0.31055005147203396,0.19427240076590163,0.24647740894862902,0.0,False,nan,368.8619136810303,TN
MAT_0996,304,8d83b97,2026-10-06T08:08:02.402975+00:00,False,0.20400870349714478,-0.2341352100214164,0.3668245922226361,0.0,False,nan,368.8478469848633,TN
MAT_0997,304,8d83b97,2026-10-06T08:08:02.772272+00:00,False,0.15789474693332184,0.2023993063827984,0.35927450046947845,0.0,False,nan,369.27199363708496,TN
MAT_0998,304,8d83b97,2026-10-06T08:08:03.141108+00:00,False,-0.2906994625005399,0.19021613178839514,-0.012191585974710789,0.0,False,nan,368.81184577941895,TN
MAT_0999,304,8d83b97,2026-10-06T08:08:03.510077+00:00,False,0.14014005604376178,-0.2689044883706917,0.009854584898092739,0.0,False,nan,368.9420223236084,TN
