trial_id,seed,commit_hash,timestamp,is_reachable,target_x_m,target_y_m,target_z_m,target_pitch,ik_success,ik_err_m,ik_dt_ms,outcome
MAT_0000,304,8d83b97,2026-10-07T14:44:47.258365+00:00,True,0.042495695970054204,-0.01824992632185274,0.26884058737147964,-2.9087555878106754,True,0.00036170558405246186,0.8678436279296875,TP
MAT_0001,304,8d83b97,2026-10-07T14:44:47.258704+00:00,True,0.048598773077450405,-0.10885959889309013,0.29948006133281174,-1.331091001435989,True,0.00037942501419599775,0.3075599670410156,TP
MAT_0002,304,8d83b97,2026-10-07T14:44:47.259026+00:00,True,-0.0833267777257096,-0.19379188619040716,0.1996266563625253,-0.9984087972637361,True,0.0003638457310177093,0.301361083984375,TP
MAT_0003,304,8d83b97,2026-10-07T14:44:47.299875+00:00,True,-0.09110429328993147,0.11415685431195768,0.26967155830112643,-1.7905144450200339,True,0.00036983004079084415,40.82465171813965,TP
MAT_0004,304,8d83b97,2026-10-07T14:44:47.300211+00:00,True,-0.15963922003174041,-0.0007836979408517662,0.27825219752567454,-1.0335296540019328,True,0.0003739476921945308,0.3070831298828125,TP
MAT_0005,304,8d83b97,2026-10-07T14:44:47.300531+00:00,True,-0.06729158020017915,0.1879262118534566,0.23403399782025,-1.155375783704059,True,0.00037664671815582703,0.29659271240234375,TP
MAT_0006,304,8d83b97,2026-10-07T14:44:47.301181+00:00,True,0.03741058120346587,0.08886209160909223,0.2688260853483274,-2.210308279652728,True,0.00035029472753920197,0.6277561187744141,TP
MAT_0007,304,8d83b97,2026-10-07T14:44:47.301499+00:00,True,0.08948078185036812,-0.21163150642829537,0.18181414904054322,-0.6061812270658324,True,0.00037458792626493895,0.29778480529785156,TP
MAT_0008,304,8d83b97,2026-10-07T14:44:47.302101+00:00,True,-0.03504295611658358,0.1469890928024975,0.22543174549142,-1.846291604588684,True,0.00033343669522370846,0.5800724029541016,TP
MAT_0009,304,8d83b97,2026-10-07T14:44:47.302709+00:00,True,0.1119935621900981,-0.10182695666639083,0.22400783811945713,-0.21045367593334774,True,0.00033472626904904106,0.5877017974853516,TP
MAT_0010,304,8d83b97,2026-10-07T14:44:47.302898+00:00,True,0.0591613471422899,-0.13240576974151658,0.16492628153981317,0.1669859732295924,True,0.0003119203896711943,0.1671314239501953,TP
MAT_0011,304,8d83b97,2026-10-07T14:44:47.303578+00:00,True,0.0003885443684213388,0.05761576919559987,0.3048464558263382,-1.2278671250672266,True,0.00040496569939567264,0.6573200225830078,TP
MAT_0012,304,8d83b97,2026-10-07T14:44:47.303926+00:00,True,-0.2104073354221194,-0.000712757575906232,0.2275415033441745,-0.2869447975465259,True,0.00037617928440968973,0.32639503479003906,TP
MAT_0013,304,8d83b97,2026-10-07T14:44:47.304253+00:00,True,-0.07684885919784054,-0.18463404040349812,0.025657030443757944,0.00935375169544228,True,0.0003513415793870352,0.3066062927246094,TP
MAT_0014,304,8d83b97,2026-10-07T14:44:47.304868+00:00,True,-0.06469311277527867,0.14477897054645827,0.22850861042956203,-1.7291922541144849,True,0.0003406546159229271,0.5929470062255859,TP
MAT_0015,304,8d83b97,2026-10-07T14:44:47.305222+00:00,True,-0.11332016921791636,0.013812778917994931,0.299903516296254,-1.7261155622921556,True,0.0003881207101340402,0.3333091735839844,TP
MAT_0016,304,8d83b97,2026-10-07T14:44:47.305826+00:00,True,0.0427139882642661,0.06148751941941211,0.28739769670748117,-1.6853044282568659,True,0.0003715373286883205,0.5824565887451172,TP
MAT_0017,304,8d83b97,2026-10-07T14:44:47.306009+00:00,True,0.12232453241965445,0.057294505914980046,-0.046368204901714186,0.009783551296773219,True,0.0003372934215924077,0.16069412231445312,TP
MAT_0018,304,8d83b97,2026-10-07T14:44:47.306625+00:00,True,0.11844855924728301,-0.11305839932886996,0.2421149971623199,-2.4160452658289278,True,0.0003585267683762846,0.5958080291748047,TP
MAT_0019,304,8d83b97,2026-10-07T14:44:47.306940+00:00,True,-0.07725677760632116,-0.09264573217505492,0.2996390970784333,0.8505713610097028,True,0.0003859541773976312,0.29468536376953125,TP
MAT_0020,304,8d83b97,2026-10-07T14:44:47.307546+00:00,True,0.10156047670626744,-0.07715644994194408,0.22516346356473704,-2.6304827968717657,True,0.00032079423442353164,0.5853176116943359,TP
MAT_0021,304,8d83b97,2026-10-07T14:44:47.308156+00:00,True,0.03284129340858488,-0.01184608652880982,0.31179432930609063,-2.3299664597978307,True,0.00044970805781540855,0.5879402160644531,TP
MAT_0022,304,8d83b97,2026-10-07T14:44:47.308474+00:00,True,-0.2356794856961249,-0.04315944195949623,0.15435433696665934,0.6070351542916314,True,0.00036852076967495463,0.293731689453125,TP
MAT_0023,304,8d83b97,2026-10-07T14:44:47.308801+00:00,True,0.13697343970744258,-0.1618773563387756,0.21383246431748962,-0.04948698622893566,True,0.00037615528311644265,0.3063678741455078,TP
MAT_0024,304,8d83b97,2026-10-07T14:44:47.351286+00:00,True,-0.08443934324168967,-0.16648026114179335,0.22592622291154857,-3.526708867329469,True,0.0003600813971647688,42.458534240722656,TP
MAT_0025,304,8d83b97,2026-10-07T14:44:47.351932+00:00,True,0.13489400699100335,-0.0594988599696728,0.2579017888509114,-2.9530505235895443,True,0.00036226850594452413,0.6093978881835938,TP
MAT_0026,304,8d83b97,2026-10-07T14:44:47.352560+00:00,True,-0.07158395004919679,-0.0591889364697781,0.24426000345063864,-0.018296011280302782,True,0.00032253645717789917,0.6046295166015625,TP
MAT_0027,304,8d83b97,2026-10-07T14:44:47.353031+00:00,True,-0.2076774450882332,-0.09135791225818896,0.13625688554793958,2.6502632279803695,True,0.0003719710124015424,0.4487037658691406,TP
MAT_0028,304,8d83b97,2026-10-07T14:44:47.353222+00:00,True,-0.154728162144118,0.08374338332426567,0.05866353652051726,-1.1123281647244365,True,0.0003177476597365315,0.16880035400390625,TP
MAT_0029,304,8d83b97,2026-10-07T14:44:47.353847+00:00,True,-0.08156640896802882,0.05019678425369699,0.2568341223106644,0.7373110033944932,True,0.00033622927470417706,0.6031990051269531,TP
MAT_0030,304,8d83b97,2026-10-07T14:44:47.354199+00:00,True,0.12127094818043255,0.11808863348649712,0.15977974863767896,-0.8905450350917086,True,0.0003328315285798266,0.3306865692138672,TP
MAT_0031,304,8d83b97,2026-10-07T14:44:47.354537+00:00,True,0.19545592935604028,0.0239220892298829,0.002016629048441604,2.1454433598826643,True,0.00036128799633438003,0.316619873046875,TP
MAT_0032,304,8d83b97,2026-10-07T14:44:47.395604+00:00,True,0.0478262881610089,0.044318275341331245,0.31495935423491256,0.039378133336070986,True,0.0004109169500130989,41.02802276611328,TP
MAT_0033,304,8d83b97,2026-10-07T14:44:47.395956+00:00,True,-0.01932569196168358,-0.09489931434634709,0.23036471607936215,2.8646697676911956,True,0.00032549075771021093,0.32019615173339844,TP
MAT_0034,304,8d83b97,2026-10-07T14:44:47.396820+00:00,True,-0.010258688223805736,-0.017607558806983906,0.32406815840853326,0.5522643659427027,True,0.0005793202191509686,0.8428096771240234,TP
MAT_0035,304,8d83b97,2026-10-07T14:44:47.397164+00:00,True,0.06931710255524337,-0.05840554638242946,0.31085440859062363,1.104289490398326,True,0.00038743877032548145,0.3218650817871094,TP
MAT_0036,304,8d83b97,2026-10-07T14:44:47.397761+00:00,True,0.11676675603160167,0.04467144347543169,0.2385449978105523,-1.3492349882596935,True,0.0003314247550011663,0.5753040313720703,TP
MAT_0037,304,8d83b97,2026-10-07T14:44:47.398085+00:00,True,-0.10011026743200768,0.039443148991173224,0.3037655421278581,-0.9658226036697,True,0.00039081763111444993,0.30303001403808594,TP
MAT_0038,304,8d83b97,2026-10-07T14:44:47.398402+00:00,True,-0.04038951113155276,-0.13843651320325645,0.2869397470897944,-0.8056092388167725,True,0.0003753509588371252,0.2963542938232422,TP
MAT_0039,304,8d83b97,2026-10-07T14:44:47.399000+00:00,True,-0.15228837868645742,0.10320797284204902,0.20581286761981837,-1.489572971897842,True,0.0003421818394884078,0.5784034729003906,TP
MAT_0040,304,8d83b97,2026-10-07T14:44:47.399598+00:00,True,-0.00522020458776031,0.0004782458843453005,0.32283341412942645,-1.0125040601758046,True,0.001019552936933364,0.5769729614257812,TP
MAT_0041,304,8d83b97,2026-10-07T14:44:47.400199+00:00,True,0.03050572096992944,-0.021389107233335466,0.2969304614702276,0.05307273761111153,True,0.00041913109166496365,0.5805492401123047,TP
MAT_0042,304,8d83b97,2026-10-07T14:44:47.440306+00:00,True,0.12356334651450895,0.0442551958414432,0.2819275924826925,0.1326915934363413,True,0.00037750877103505447,40.0850772857666,TP
MAT_0043,304,8d83b97,2026-10-07T14:44:47.440907+00:00,True,-0.07348042892776585,-0.009103985505882983,0.2676516484271301,-1.04044588455233,True,0.00034827934522465724,0.5769729614257812,TP
MAT_0044,304,8d83b97,2026-10-07T14:44:47.441227+00:00,True,-0.12917280359407105,0.20085868846347907,0.16120251481301906,-1.2417379652973426,True,0.0003718412617634248,0.29969215393066406,TP
MAT_0045,304,8d83b97,2026-10-07T14:44:47.441403+00:00,True,-0.2567545782971607,0.038307264657695045,0.10037975797677237,-1.6360279989093087,True,0.0003892068870668893,0.15544891357421875,TP
MAT_0046,304,8d83b97,2026-10-07T14:44:47.442004+00:00,True,-0.11774110680983808,-0.11796570511146609,0.24573806372011037,-0.3446295595104957,True,0.00036023834381573085,0.5810260772705078,TP
MAT_0047,304,8d83b97,2026-10-07T14:44:47.463127+00:00,True,-0.17975461646056445,0.07491049269173763,0.17261779118555232,-1.5003064997978053,True,0.0003586406083979389,21.10004425048828,TP
MAT_0048,304,8d83b97,2026-10-07T14:44:47.463320+00:00,True,-0.0003794896548629822,-0.2205594683440439,0.023700850886258215,-0.5347320706825331,True,0.0003652848214444156,0.1633167266845703,TP
MAT_0049,304,8d83b97,2026-10-07T14:44:47.463497+00:00,True,-0.08562261143007513,-0.13428763977727226,0.019453692513775586,0.9537984705497304,True,0.00031214772339893345,0.15735626220703125,TP
MAT_0050,304,8d83b97,2026-10-07T14:44:47.464107+00:00,True,0.016355500877963888,0.007874988002967178,0.3223271805972969,0.44255430201146284,True,0.0005570471771898414,0.5862712860107422,TP
MAT_0051,304,8d83b97,2026-10-07T14:44:47.464429+00:00,True,-0.14871825945333136,-0.13999888398374855,0.003752837123371322,-0.5162217496693102,True,0.0003620789743004158,0.3018379211425781,TP
MAT_0052,304,8d83b97,2026-10-07T14:44:47.464609+00:00,True,-0.2180897262853684,-0.06005477562552311,0.00732225129791042,0.7465441734989149,True,0.00037163872985161977,0.1595020294189453,TP
MAT_0053,304,8d83b97,2026-10-07T14:44:47.465241+00:00,True,-0.11417911634222407,0.09903086973561637,0.20651902841791384,2.6847838709056475,True,0.00031760612910537977,0.6105899810791016,TP
MAT_0054,304,8d83b97,2026-10-07T14:44:47.465843+00:00,True,0.00631013048796706,-0.06859128033903665,0.2742541972980059,-0.6866685708498077,True,0.00035673276390422364,0.5810260772705078,TP
MAT_0055,304,8d83b97,2026-10-07T14:44:47.466025+00:00,True,-0.2188625743587238,0.13821061475741475,0.10528753077910318,-0.8390561475172327,True,0.00038931754924628856,0.16069412231445312,TP
MAT_0056,304,8d83b97,2026-10-07T14:44:47.466638+00:00,True,0.022795898335816765,0.05771134301141788,0.2483936783215994,-1.2532350042268772,True,0.00034596765274129556,0.5908012390136719,TP
MAT_0057,304,8d83b97,2026-10-07T14:44:47.466976+00:00,True,-0.1950687707917419,0.11317925698246832,0.1932971122287228,-0.5783189718769787,True,0.00037250806891375406,0.31495094299316406,TP
MAT_0058,304,8d83b97,2026-10-07T14:44:47.467583+00:00,True,-0.021211288230391468,0.09236301898911503,0.23666099313290168,1.5191999683815411,True,0.0003158064355378319,0.5860328674316406,TP
MAT_0059,304,8d83b97,2026-10-07T14:44:47.467760+00:00,True,-0.22569690409379156,-0.01260793727183375,0.1682334315653774,-1.5571008579237355,True,0.00037621129187560083,0.1556873321533203,TP
MAT_0060,304,8d83b97,2026-10-07T14:44:47.468223+00:00,True,0.17285487014204987,0.12482509577469661,0.1511588183622379,1.256925272834678,True,0.000374899853055438,0.44274330139160156,TP
MAT_0061,304,8d83b97,2026-10-07T14:44:47.468821+00:00,True,0.08749330213430684,0.05375342359440119,0.286129042167079,0.6737620551139321,True,0.00037167853177443613,0.5769729614257812,TP
MAT_0062,304,8d83b97,2026-10-07T14:44:47.469142+00:00,True,-0.07538624054824422,-0.19528455615612067,0.12833812990334556,-1.1753378034832864,True,0.0003599465730718064,0.3018379211425781,TP
MAT_0063,304,8d83b97,2026-10-07T14:44:47.509996+00:00,True,-0.0285043548406735,0.01710668670360309,0.32314211239154716,0.48626347928067415,True,0.000495441680901895,40.83085060119629,TP
MAT_0064,304,8d83b97,2026-10-07T14:44:47.510613+00:00,True,-0.08802729005725692,0.05623406134077133,0.24173372298666249,-2.259692900228356,True,0.00032297678983720523,0.5898475646972656,TP
MAT_0065,304,8d83b97,2026-10-07T14:44:47.511473+00:00,True,0.0051533605984785055,-0.0003685534890212187,0.30650299588018504,2.5387713063543087,True,0.0004606037560935421,0.8370876312255859,TP
MAT_0066,304,8d83b97,2026-10-07T14:44:47.511798+00:00,True,-0.05728470235101531,-0.17805470841602639,0.11185536889076764,-0.15359599181040529,True,0.000332555589134722,0.3020763397216797,TP
MAT_0067,304,8d83b97,2026-10-07T14:44:47.512403+00:00,True,-0.012855735019261514,0.04086812280590991,0.3148931710370508,0.25858516416186483,True,0.0004451897778106577,0.5841255187988281,TP
MAT_0068,304,8d83b97,2026-10-07T14:44:47.512724+00:00,True,-0.17122971977938123,-0.050470362401464665,0.26277956999404434,-1.475782148194691,True,0.00037496901106763103,0.2982616424560547,TP
MAT_0069,304,8d83b97,2026-10-07T14:44:47.513381+00:00,True,0.04253929346942298,0.10934363503848843,0.2814451864440784,-1.7537466832273167,True,0.00037036835253695545,0.6313323974609375,TP
MAT_0070,304,8d83b97,2026-10-07T14:44:47.513566+00:00,True,-0.12831288656017867,-0.08844462301981747,0.158898725794322,-1.1045151393873154,True,0.00031486343578062434,0.16355514526367188,TP
MAT_0071,304,8d83b97,2026-10-07T14:44:47.514170+00:00,True,-0.09069934613771383,0.1547753599535015,0.23220463557278037,-0.5253881519591048,True,0.00035895882902897523,0.5834102630615234,TP
MAT_0072,304,8d83b97,2026-10-07T14:44:47.514487+00:00,True,-0.1066840288129578,0.08475857301696679,0.28557055951781285,0.0228070267503242,True,0.00038075274174372985,0.29540061950683594,TP
MAT_0073,304,8d83b97,2026-10-07T14:44:47.514803+00:00,True,-0.1710873511407497,-0.14292396180462869,0.17324237741523885,1.1638309286273734,True,0.00035993485336601166,0.2961158752441406,TP
MAT_0074,304,8d83b97,2026-10-07T14:44:47.514982+00:00,True,0.2407256904896597,0.054049671820847536,0.12381473365194741,-1.8247767532398045,True,0.00038723971946666956,0.15735626220703125,TP
MAT_0075,304,8d83b97,2026-10-07T14:44:47.515303+00:00,True,-0.11860012195120825,-0.1476985990328883,0.07199386097526697,0.8577631272243644,True,0.0003313868205999105,0.3008842468261719,TP
MAT_0076,304,8d83b97,2026-10-07T14:44:47.515619+00:00,True,0.06600734809896225,0.22114569112585533,0.16719884517031522,-2.055739270542089,True,0.0003690487394820699,0.2949237823486328,TP
MAT_0077,304,8d83b97,2026-10-07T14:44:47.516219+00:00,True,-0.010557642119246877,0.035577550367941926,0.2618384101386053,2.2954942409324293,True,0.00037193813590952716,0.5800724029541016,TP
MAT_0078,304,8d83b97,2026-10-07T14:44:47.516822+00:00,True,-0.0817703294501139,0.02423259060328171,0.24406175576304787,2.0090026147506217,True,0.00032109654581007535,0.5812644958496094,TP
MAT_0079,304,8d83b97,2026-10-07T14:44:47.517321+00:00,True,-0.1509652228674808,-0.14377392717176993,0.16961712148998645,-0.41294182105727806,True,0.0003721498193985565,0.4782676696777344,TP
MAT_0080,304,8d83b97,2026-10-07T14:44:47.517497+00:00,True,-0.17084236997240135,0.18784468318313247,0.062209326834659295,-0.8678586107092152,True,0.00038569673314005077,0.15497207641601562,TP
MAT_0081,304,8d83b97,2026-10-07T14:44:47.517954+00:00,True,-0.20794140167427244,-0.057654485965633606,0.17257631251327216,0.20654649165180072,True,0.00036741958489059105,0.4363059997558594,TP
MAT_0082,304,8d83b97,2026-10-07T14:44:47.518270+00:00,True,-0.10667454854020923,-0.007556606018072735,0.2272569681692695,3.8387521471226957,True,0.00032573514906274436,0.2949237823486328,TP
MAT_0083,304,8d83b97,2026-10-07T14:44:47.518872+00:00,True,-0.03472584065593997,-0.16686154623979885,0.20634635581415509,1.4072535337207404,True,0.00033325578867380814,0.5800724029541016,TP
MAT_0084,304,8d83b97,2026-10-07T14:44:47.519194+00:00,True,0.2268236591322637,0.10087850107494992,0.126370812727459,-1.296154395878529,True,0.00037497847171822073,0.3025531768798828,TP
MAT_0085,304,8d83b97,2026-10-07T14:44:47.519782+00:00,True,-0.10279661228183991,0.01827360945446476,0.28437977021183586,-0.4572400696708232,True,0.00036863183930813315,0.568389892578125,TP
MAT_0086,304,8d83b97,2026-10-07T14:44:47.560513+00:00,True,-0.02913118227892543,-0.03887666573281246,0.32106179143393565,1.0395628842869218,True,0.000441723642773791,40.70925712585449,TP
MAT_0087,304,8d83b97,2026-10-07T14:44:47.560842+00:00,True,-0.1217199157933495,0.15315128904777117,0.24098022762251137,-1.5573272710328867,True,0.00037746371285404253,0.3044605255126953,TP
MAT_0088,304,8d83b97,2026-10-07T14:44:47.561179+00:00,True,-0.1777046999411112,0.020278928227962116,0.01597884295555639,1.3521945047477364,True,0.00033053340162155593,0.3135204315185547,TP
MAT_0089,304,8d83b97,2026-10-07T14:44:47.561506+00:00,True,0.16762681488891257,-0.10336311708518774,0.013189391202753642,-0.49931222283410237,True,0.0003565876211338097,0.3063678741455078,TP
MAT_0090,304,8d83b97,2026-10-07T14:44:47.905828+00:00,True,-0.07940419818290857,-0.10379331790139804,-0.05032549028468876,-1.310444048085963,False,nan,344.3129062652588,FN
MAT_0091,304,8d83b97,2026-10-07T14:44:47.906719+00:00,True,0.01155371698378862,0.07344082742069014,0.2931582055103924,-0.7154696293906393,True,0.00037936023733109995,0.8418560028076172,TP
MAT_0092,304,8d83b97,2026-10-07T14:44:47.959353+00:00,True,0.07851633518119727,-0.01593833847360458,0.3083772385947605,-1.4856775316966921,True,0.0003971616830012676,52.60157585144043,TP
MAT_0093,304,8d83b97,2026-10-07T14:44:47.960161+00:00,True,0.05484369145995246,0.045993915550078014,0.27905365742069876,1.935257100834087,True,0.00036153423327826107,0.7739067077636719,TP
MAT_0094,304,8d83b97,2026-10-07T14:44:47.987116+00:00,True,0.17628069509102878,-0.0415858368764652,0.18103772163078605,-0.4195173255594886,True,0.0003558025918979646,26.92437171936035,TP
MAT_0095,304,8d83b97,2026-10-07T14:44:47.987545+00:00,True,-0.03188889173094003,-0.20051018635216433,0.11426698915743624,-0.2739014308988701,True,0.00035070838362830325,0.3986358642578125,TP
MAT_0096,304,8d83b97,2026-10-07T14:44:47.987967+00:00,True,-0.0463220535609756,0.11204430700567745,0.29844935429566616,-0.8778052851808946,True,0.0003863945492108128,0.3902912139892578,TP
MAT_0097,304,8d83b97,2026-10-07T14:44:47.988757+00:00,True,-0.1472600893971009,-0.02638119420248665,0.2137307998828998,-3.2168946666681006,True,0.00032140281573494334,0.7627010345458984,TP
MAT_0098,304,8d83b97,2026-10-07T14:44:47.989551+00:00,True,0.03447591412926818,-0.06657798888263232,0.303476003311879,1.755262043829962,True,0.00039252735776211474,0.7648468017578125,TP
MAT_0099,304,8d83b97,2026-10-07T14:44:47.990342+00:00,True,0.032639014072638355,-0.03542299008694198,0.2755869500808873,-2.701176181588894,True,0.00036989556713437036,0.7634162902832031,TP
MAT_0100,304,8d83b97,2026-10-07T14:44:48.017290+00:00,True,-0.15259660104674697,0.15996812014172423,0.13690068217914025,1.2476786747218944,True,0.0003736446321489743,26.9012451171875,TP
MAT_0101,304,8d83b97,2026-10-07T14:44:48.017911+00:00,True,0.18837098276556977,-0.08942896323969693,0.17277490657046712,2.296524765308889,True,0.00037407776550838975,0.5879402160644531,TP
MAT_0102,304,8d83b97,2026-10-07T14:44:48.018711+00:00,True,0.015487855115717174,0.012163014328825194,0.3172407808955989,-1.5068715187171262,True,0.0005369043648958083,0.7722377777099609,TP
MAT_0103,304,8d83b97,2026-10-07T14:44:48.019503+00:00,True,0.04440498567939803,0.05954442227886135,0.27870701019294586,-1.3848983818467921,True,0.00036074606977308266,0.7638931274414062,TP
MAT_0104,304,8d83b97,2026-10-07T14:44:48.019918+00:00,True,0.10020172780193352,0.22351691828252881,0.15459951725380658,-0.616193834379271,True,0.00036692574073527833,0.38814544677734375,TP
MAT_0105,304,8d83b97,2026-10-07T14:44:48.020154+00:00,True,0.2506956898820524,-0.026054539570171564,0.09855842644107532,-1.8899272130624942,True,0.00038868491243105864,0.20933151245117188,TP
MAT_0106,304,8d83b97,2026-10-07T14:44:48.020945+00:00,True,0.07047098670378965,-0.06486207956143965,0.2329630116425464,1.0196054460063575,True,0.0003289440939937918,0.7641315460205078,TP
MAT_0107,304,8d83b97,2026-10-07T14:44:48.021368+00:00,True,0.16823602489349998,-0.1070684614635604,0.020864485107569636,1.0455311558623834,True,0.0003566978524061598,0.39505958557128906,TP
MAT_0108,304,8d83b97,2026-10-07T14:44:48.022152+00:00,True,0.11953587960508863,-0.021689640664490976,0.27375566436730187,-0.8010268639323288,True,0.00036454927653134435,0.7572174072265625,TP
MAT_0109,304,8d83b97,2026-10-07T14:44:48.022394+00:00,True,0.12849702331044416,0.14240585084274382,-0.024552354057136808,0.05412598433321625,True,0.00036128712317258147,0.21696090698242188,TP
MAT_0110,304,8d83b97,2026-10-07T14:44:48.023196+00:00,True,0.14476387652284575,0.08306352608301829,0.22296249542534985,0.7190137028427195,True,0.00034560172310162633,0.7739067077636719,TP
MAT_0111,304,8d83b97,2026-10-07T14:44:48.023979+00:00,True,0.1302791323011555,-0.06265256393042773,0.2562077650373967,-0.3800872317101658,True,0.00035886700516385466,0.7531642913818359,TP
MAT_0112,304,8d83b97,2026-10-07T14:44:48.024764+00:00,True,-0.0653222533832314,-0.11686308811982218,0.2628257344901377,0.3828593589984086,True,0.0003567063490608539,0.7574558258056641,TP
MAT_0113,304,8d83b97,2026-10-07T14:44:48.025554+00:00,True,0.018612299756929372,-0.007710223758012721,0.2946936339399143,0.3167487635244468,True,0.0004821859565208404,0.7634162902832031,TP
MAT_0114,304,8d83b97,2026-10-07T14:44:48.025790+00:00,True,-0.15086644083764109,0.0027906433468308845,0.007892979020560117,0.4608453773327694,True,0.0003077060313043371,0.20742416381835938,TP
MAT_0115,304,8d83b97,2026-10-07T14:44:48.026574+00:00,True,-0.07423213583844997,0.03408436335037357,0.2799690135996732,2.059393024734489,True,0.00036202568978427395,0.7581710815429688,TP
MAT_0116,304,8d83b97,2026-10-07T14:44:48.079507+00:00,True,-0.009476139443705013,-0.048857604794171,0.3196389385809395,-0.9838411325924665,True,0.0004367277048466526,52.9022216796875,TP
MAT_0117,304,8d83b97,2026-10-07T14:44:48.079755+00:00,True,0.13380237316095317,0.006039076965649908,-0.01974914830053634,1.007624347318015,True,0.00031334793719093993,0.2105236053466797,TP
MAT_0118,304,8d83b97,2026-10-07T14:44:48.080546+00:00,True,-0.05724287076440715,0.1213517105450007,0.24569738456398726,1.9649458042486556,True,0.0003404027450008547,0.7638931274414062,TP
MAT_0119,304,8d83b97,2026-10-07T14:44:48.080779+00:00,True,0.16990114020173053,0.1803096266754433,0.10285316726673582,-0.16750930550672227,True,0.0003848378461533477,0.20551681518554688,TP
MAT_0120,304,8d83b97,2026-10-07T14:44:48.081385+00:00,True,0.18859396094204053,-0.037214011115508136,0.18754964581414185,-1.5919090496524222,True,0.00037055076977503916,0.5791187286376953,TP
MAT_0121,304,8d83b97,2026-10-07T14:44:48.082174+00:00,True,-0.16198982906846573,-0.0645304337021357,0.2398529799298285,0.5078287719096546,True,0.00036022664278454424,0.7624626159667969,TP
MAT_0122,304,8d83b97,2026-10-07T14:44:48.082967+00:00,True,0.019989831609708394,0.053760531557116825,0.2762715833804923,-1.1189223915320585,True,0.00036410458671518633,0.762939453125,TP
MAT_0123,304,8d83b97,2026-10-07T14:44:48.083749+00:00,True,-0.008810308212158023,-0.003347447647621673,0.32286713458643224,-1.1117170500506808,True,0.0008233417550152248,0.7557868957519531,TP
MAT_0124,304,8d83b97,2026-10-07T14:44:48.084534+00:00,True,-0.06986390034650168,0.049842168662642086,0.2627778835928447,-0.02480990702096353,True,0.00034160944944345775,0.7569789886474609,TP
MAT_0125,304,8d83b97,2026-10-07T14:44:48.084950+00:00,True,0.04126843212360875,-0.09543092195242064,0.3050734140063558,-0.3176280474620603,True,0.0003902189193324594,0.38909912109375,TP
MAT_0126,304,8d83b97,2026-10-07T14:44:48.085745+00:00,True,0.0731331568037372,-0.048756467351732176,0.27219781175075386,2.668589989297259,True,0.0003529443875840063,0.7672309875488281,TP
MAT_0127,304,8d83b97,2026-10-07T14:44:48.086535+00:00,True,0.020653784843977348,0.08165698655002954,0.2951511935335514,-2.3443757298649874,True,0.00038041482575994386,0.7631778717041016,TP
MAT_0128,304,8d83b97,2026-10-07T14:44:48.087329+00:00,True,0.00029150241825354195,0.05252828763786847,0.2726226661345645,0.7130673196016635,True,0.0003637558209530965,0.7669925689697266,TP
MAT_0129,304,8d83b97,2026-10-07T14:44:48.088120+00:00,True,0.07367796636957986,-0.00929639494286786,0.27099130248529146,-1.503427214921369,True,0.00035125114649950926,0.7634162902832031,TP
MAT_0130,304,8d83b97,2026-10-07T14:44:48.088355+00:00,True,0.11479152702259501,0.10169493547725622,0.173470167788517,-1.3592654765700463,True,0.00032472163070745044,0.2071857452392578,TP
MAT_0131,304,8d83b97,2026-10-07T14:44:48.088960+00:00,True,-0.08020818642781616,0.15621285911445124,0.19497883894454887,1.2004725848394942,True,0.00035380901878628244,0.5774497985839844,TP
MAT_0132,304,8d83b97,2026-10-07T14:44:48.089748+00:00,True,-0.16358962050726486,-0.04525239669924587,0.24493113723830706,-0.3560653418328348,True,0.00036107997354831005,0.7581710815429688,TP
MAT_0133,304,8d83b97,2026-10-07T14:44:48.090158+00:00,True,0.12813503591430347,0.10248420393665497,0.269734771846575,-0.02290388695201595,True,0.00037654335509972075,0.3833770751953125,TP
MAT_0134,304,8d83b97,2026-10-07T14:44:48.090577+00:00,True,0.14821150797939903,0.1334847239839111,0.04216899508461741,-0.5879163282087653,True,0.00035095532101871174,0.3921985626220703,TP
MAT_0135,304,8d83b97,2026-10-07T14:44:48.091367+00:00,True,0.08504636559835577,-0.023924583629185217,0.2916220280281896,1.5218995712854626,True,0.00037604881592659764,0.7634162902832031,TP
MAT_0136,304,8d83b97,2026-10-07T14:44:48.092158+00:00,True,-0.03777809437819454,-0.09227940428017364,0.2718652549705169,1.986854874618075,True,0.0003538133672293823,0.7636547088623047,TP
MAT_0137,304,8d83b97,2026-10-07T14:44:48.092947+00:00,True,0.05575064042660707,0.012532517801463687,0.2663208069870796,1.4926294836020741,True,0.0003501312693749365,0.7617473602294922,TP
MAT_0138,304,8d83b97,2026-10-07T14:44:48.093180+00:00,True,0.17537022175492484,-0.14301019624938843,0.009957223120879433,-0.44378749982777177,True,0.0003758472101275777,0.20623207092285156,TP
MAT_0139,304,8d83b97,2026-10-07T14:44:48.093966+00:00,True,0.013750043802319308,-0.10756839605934697,0.2855774586922902,1.6413945493432291,True,0.0003718874645171481,0.7569789886474609,TP
MAT_0140,304,8d83b97,2026-10-07T14:44:48.094381+00:00,True,0.19882707822758522,0.11837081452227152,0.18304793542769388,-1.5047620899167518,True,0.00037399386556538356,0.38743019104003906,TP
MAT_0141,304,8d83b97,2026-10-07T14:44:48.095188+00:00,True,0.13054639396898193,0.015016566608420797,0.2587438461075146,-2.71413538959034,True,0.0003540040433989778,0.7812976837158203,TP
MAT_0142,304,8d83b97,2026-10-07T14:44:48.096243+00:00,True,-0.014219639180725156,0.004219769479002981,0.31664198605750016,-1.3189689795355453,True,0.00028284015810266477,1.0268688201904297,TP
MAT_0143,304,8d83b97,2026-10-07T14:44:48.096655+00:00,True,0.09236725517296912,-0.05426218918589615,0.3012522327783162,-1.190336137184888,True,0.00038903562361496753,0.3845691680908203,TP
MAT_0144,304,8d83b97,2026-10-07T14:44:48.097442+00:00,True,0.040116465935643594,0.15304353604236282,0.2437156172869015,2.769196137085252,True,0.00035488744552161333,0.7598400115966797,TP
MAT_0145,304,8d83b97,2026-10-07T14:44:48.098233+00:00,True,-0.10142438022657195,0.01150957586345319,0.24814058252433277,2.573723335720233,True,0.00032850625611513133,0.7643699645996094,TP
MAT_0146,304,8d83b97,2026-10-07T14:44:48.098651+00:00,True,0.2445879870322668,0.0459356710621852,0.12022892368715793,-2.8912744975278333,True,0.00037490444017293295,0.3910064697265625,TP
MAT_0147,304,8d83b97,2026-10-07T14:44:48.098886+00:00,True,-0.12035569307639332,-0.0869137495565214,-0.013484932131891864,-0.9067528215810321,True,0.0003165396407107849,0.20766258239746094,TP
MAT_0148,304,8d83b97,2026-10-07T14:44:48.099305+00:00,True,0.17147774338585953,-0.08230706331069018,0.0695575788537758,-1.2709811997254168,True,0.0003379437215260952,0.3921985626220703,TP
MAT_0149,304,8d83b97,2026-10-07T14:44:48.100088+00:00,True,-0.11799571203337801,0.08780768677964057,0.22490199287803578,-2.1074045703551523,True,0.0003290453838097427,0.7555484771728516,TP
MAT_0150,304,8d83b97,2026-10-07T14:44:48.100700+00:00,True,0.049606912549541464,-0.18428699089039285,0.17795145775013022,1.9040185609534677,True,0.0003615352404181714,0.5838871002197266,TP
MAT_0151,304,8d83b97,2026-10-07T14:44:48.153413+00:00,True,-0.05839624782716086,0.0013538279462861668,0.3196909115237423,-0.929710482200071,True,0.0004264827753295856,52.684783935546875,TP
MAT_0152,304,8d83b97,2026-10-07T14:44:48.153837+00:00,True,0.056996986175744314,-0.24362429373465944,0.13863540765835394,-0.23230390215411822,True,0.000365451143833002,0.3921985626220703,TP
MAT_0153,304,8d83b97,2026-10-07T14:44:48.154634+00:00,True,0.04828562405487447,0.037723352100282506,0.30337973409571634,1.1722442549742493,True,0.00039794821202182606,0.7696151733398438,TP
MAT_0154,304,8d83b97,2026-10-07T14:44:48.155429+00:00,True,0.10293161307960433,-0.07041234767399393,0.27512776522044846,1.6283259657327898,True,0.0003671882027929324,0.7672309875488281,TP
MAT_0155,304,8d83b97,2026-10-07T14:44:48.156221+00:00,True,-0.016313744756826454,0.004460638333271424,0.27393784070215055,1.9387361842474748,True,0.0005305410142528367,0.7631778717041016,TP
MAT_0156,304,8d83b97,2026-10-07T14:44:48.157008+00:00,True,0.017834831573200517,-0.05351599367473594,0.30845852091579024,1.0788994932303533,True,0.00041046448525053114,0.7605552673339844,TP
MAT_0157,304,8d83b97,2026-10-07T14:44:48.157611+00:00,True,0.12549180040602945,0.16476233469070278,0.1610131040518165,-0.9339011322337568,True,0.0003718921303605976,0.5750656127929688,TP
MAT_0158,304,8d83b97,2026-10-07T14:44:48.158401+00:00,True,0.08513910142785452,0.03718137885307479,0.2453442966920512,-2.164066661293269,True,0.000324980684771037,0.7634162902832031,TP
MAT_0159,304,8d83b97,2026-10-07T14:44:48.158820+00:00,True,0.16778529091805766,0.09921587314960714,0.24068159955640434,0.22634422943754395,True,0.0003645074870553192,0.3914833068847656,TP
MAT_0160,304,8d83b97,2026-10-07T14:44:48.159611+00:00,True,0.05754582166245472,-0.03417581345257046,0.29311364339214824,2.1692619056065237,True,0.000380876103295018,0.7646083831787109,TP
MAT_0161,304,8d83b97,2026-10-07T14:44:48.160396+00:00,True,-0.011404190151846082,0.06878421898805165,0.30035249509926853,2.1609882627035173,True,0.0003909254219750563,0.7584095001220703,TP
MAT_0162,304,8d83b97,2026-10-07T14:44:48.160811+00:00,True,0.045470269822859545,-0.22642456513769132,0.1745488736406609,-0.725422007109416,True,0.0003720560783498496,0.3876686096191406,TP
MAT_0163,304,8d83b97,2026-10-07T14:44:48.161597+00:00,True,-0.1976066351541226,-0.02884965521867086,0.19539457761772822,1.941761586392195,True,0.0003487715587724016,0.7593631744384766,TP
MAT_0164,304,8d83b97,2026-10-07T14:44:48.162657+00:00,True,-0.009192312885957208,-0.008140306058563477,0.32013935778845193,-0.5090828984326463,True,0.0004734831527604885,1.0335445404052734,TP
MAT_0165,304,8d83b97,2026-10-07T14:44:48.163445+00:00,True,-0.16341336062609718,0.020975093218760843,0.21164286630482523,-4.031472787917944,True,0.000330563678957437,0.7607936859130859,TP
MAT_0166,304,8d83b97,2026-10-07T14:44:48.164238+00:00,True,-0.11779711672196726,-0.16724465971757158,0.1891450413450269,0.6011605453470235,True,0.00035091843727973475,0.7653236389160156,TP
MAT_0167,304,8d83b97,2026-10-07T14:44:48.164470+00:00,True,-0.1882260744873585,-0.15855457868936818,0.13608730214830583,-2.7187412975568046,True,0.0003841629667367453,0.20456314086914062,TP
MAT_0168,304,8d83b97,2026-10-07T14:44:48.164883+00:00,True,0.16916832399971204,-0.08746923030015952,0.24425320568575581,-1.3882118720561012,True,0.00037586346370199194,0.3859996795654297,TP
MAT_0169,304,8d83b97,2026-10-07T14:44:48.165297+00:00,True,0.1388132833495961,0.18653128893705334,0.17230065225714816,-1.8055906389026046,True,0.000373822524424709,0.3871917724609375,TP
MAT_0170,304,8d83b97,2026-10-07T14:44:48.166088+00:00,True,-0.08486899500019346,-0.17386222257996412,0.19448724002350257,-2.923083338522858,True,0.0003442979010898195,0.7638931274414062,TP
MAT_0171,304,8d83b97,2026-10-07T14:44:48.166320+00:00,True,0.22950516929685588,-0.026377885798548537,0.13377868171717627,0.33129624648838407,True,0.0003762160332936182,0.20623207092285156,TP
MAT_0172,304,8d83b97,2026-10-07T14:44:48.167113+00:00,True,-0.05756230965449059,-0.02213071363384039,0.31259003968640475,-1.086630741060527,True,0.0004156366194498756,0.7658004760742188,TP
MAT_0173,304,8d83b97,2026-10-07T14:44:48.167907+00:00,True,-0.08490772025177296,0.14057807480585904,0.21396782035016318,3.2137293502829136,True,0.0003331400802112141,0.7669925689697266,TP
MAT_0174,304,8d83b97,2026-10-07T14:44:48.168524+00:00,True,-0.13211963989792685,0.06138888975695363,0.20566105401371895,1.9288081584186767,True,0.00033357666022691245,0.5896091461181641,TP
MAT_0175,304,8d83b97,2026-10-07T14:44:48.169316+00:00,True,0.0596734393542044,-0.0460122104054973,0.3059435005476905,0.6768793998762939,True,0.00039536598700884716,0.7650852203369141,TP
MAT_0176,304,8d83b97,2026-10-07T14:44:48.169741+00:00,True,-0.16616125098814555,0.003145572504092079,-0.027704726790134845,0.5460935030447933,True,0.0003392768149448513,0.3974437713623047,TP
MAT_0177,304,8d83b97,2026-10-07T14:44:48.170536+00:00,True,-0.05023373876613305,-0.04780170787121721,0.3025388750622979,-0.5381518322502126,True,0.0003950983342614441,0.7684230804443359,TP
MAT_0178,304,8d83b97,2026-10-07T14:44:48.171333+00:00,True,0.10207287793458349,0.026304542192799586,0.26333205536206505,1.5895057090022293,True,0.0003473236677710751,0.7693767547607422,TP
MAT_0179,304,8d83b97,2026-10-07T14:44:48.172129+00:00,True,-0.025664844510547888,0.02273953479563926,0.2592949112039914,-1.5305401900719688,True,0.0003794236165900333,0.7665157318115234,TP
MAT_0180,304,8d83b97,2026-10-07T14:44:48.172919+00:00,True,0.06048155134375581,-0.03314116990666059,0.24741438083056788,-3.1482308840911366,True,0.0003246049926658141,0.7624626159667969,TP
MAT_0181,304,8d83b97,2026-10-07T14:44:48.173713+00:00,True,0.017948406115829527,0.2066860587948789,0.18589643214526808,0.031741883890513245,True,0.00035406772861712563,0.7674694061279297,TP
MAT_0182,304,8d83b97,2026-10-07T14:44:48.173950+00:00,True,-0.13399611018779395,0.09712756079561827,0.035135345061209244,-1.1895581732442952,True,0.00031229757156118023,0.20837783813476562,TP
MAT_0183,304,8d83b97,2026-10-07T14:44:48.174372+00:00,True,-0.12980786098813768,0.13961210729571244,0.1426463366381392,-0.27062688205727725,True,0.0003428257457895722,0.3952980041503906,TP
MAT_0184,304,8d83b97,2026-10-07T14:44:48.175166+00:00,True,-0.054683760814303595,0.15354375943959603,0.23599176425864465,1.1171565764894835,True,0.0003501636675923975,0.7674694061279297,TP
MAT_0185,304,8d83b97,2026-10-07T14:44:48.175773+00:00,True,0.1640741504864236,-0.1522043352374229,0.12672647917482396,2.2029509707505586,True,0.00036406947997829004,0.5795955657958984,TP
MAT_0186,304,8d83b97,2026-10-07T14:44:48.543632+00:00,True,0.03050275942571176,-0.06386082619273441,0.22900244153117827,3.80500914850227,False,nan,367.84839630126953,FN
MAT_0187,304,8d83b97,2026-10-07T14:44:48.544176+00:00,True,0.1891852897013881,-0.03256957419200202,0.020787273347168414,-0.1986823058497571,True,0.00034928152843266184,0.5016326904296875,TP
MAT_0188,304,8d83b97,2026-10-07T14:44:48.544993+00:00,True,-0.07386555813535961,0.1772597603907351,0.200725897586577,2.0951264922458157,True,0.00034712879349870136,0.78582763671875,TP
MAT_0189,304,8d83b97,2026-10-07T14:44:48.545782+00:00,True,-0.05745884126397678,0.04645973144052658,0.3032496355336184,0.10292566115652002,True,0.0003940285519245,0.7600784301757812,TP
MAT_0190,304,8d83b97,2026-10-07T14:44:48.546597+00:00,True,-0.04258373036239565,0.02273469766925171,0.28797118875821104,1.0591674577183694,True,0.0003949454670594518,0.7846355438232422,TP
MAT_0191,304,8d83b97,2026-10-07T14:44:48.547630+00:00,True,-0.0188364062113143,-0.0784877096396375,0.2716310529031579,-2.5055210930121627,True,0.0003518641624976099,0.9999275207519531,TP
MAT_0192,304,8d83b97,2026-10-07T14:44:48.548432+00:00,True,0.05585801526743224,-0.10551970462742455,0.28307266284481525,-0.6660322299156758,True,0.00037305868209998305,0.7691383361816406,TP
MAT_0193,304,8d83b97,2026-10-07T14:44:48.549225+00:00,True,0.048738757891300236,0.12570893686806905,0.27283499277760925,1.2776810245607348,True,0.0003688808376377601,0.7646083831787109,TP
MAT_0194,304,8d83b97,2026-10-07T14:44:48.549646+00:00,True,-0.03766739055736845,-0.18821660300415127,0.148313773423097,-0.18916803632054613,True,0.0003479343908582318,0.39458274841308594,TP
MAT_0195,304,8d83b97,2026-10-07T14:44:48.550442+00:00,True,-0.0962144503646292,0.1291296821737716,0.25299941483107335,1.4155764587591975,True,0.0003631329686258177,0.7688999176025391,TP
MAT_0196,304,8d83b97,2026-10-07T14:44:48.551230+00:00,True,0.06214361305865124,-0.058327735079511986,0.23904498789754647,-1.2959142129505026,True,0.00033180669141782737,0.7605552673339844,TP
MAT_0197,304,8d83b97,2026-10-07T14:44:48.551652+00:00,True,-0.0743204080240539,0.06435671427183862,0.22154541281426415,-1.0650722665034658,True,0.00031676226664074334,0.3924369812011719,TP
MAT_0198,304,8d83b97,2026-10-07T14:44:48.552087+00:00,True,0.15268869804116741,-0.12605449241983113,0.04200977933152804,0.9127488399247604,True,0.0003494843961830456,0.40841102600097656,TP
MAT_0199,304,8d83b97,2026-10-07T14:44:48.552320+00:00,True,0.22048638310122703,-0.05366430479972706,0.15810654126023968,-0.13344143085785998,True,0.00037905397789946054,0.20647048950195312,TP
MAT_0200,304,8d83b97,2026-10-07T14:44:48.922423+00:00,True,-0.182805776395381,0.13878718644492116,-0.0079160880443217,-0.9393839828381809,False,nan,370.0728416442871,FN
MAT_0201,304,8d83b97,2026-10-07T14:44:48.923323+00:00,True,-0.11041160213059328,0.08156642170447947,0.2391765240407609,0.32842317789080866,True,0.0003354078440504139,0.850677490234375,TP
MAT_0202,304,8d83b97,2026-10-07T14:44:48.950035+00:00,True,0.17401508602772411,0.015957699182027975,0.18518841490879343,-0.2540795512948132,True,0.00035191262444864667,26.680946350097656,TP
MAT_0203,304,8d83b97,2026-10-07T14:44:48.950845+00:00,True,-0.004863193407845592,-0.000436198140395104,0.25733418236090666,2.2992534962765907,True,0.000859026646230764,0.7777214050292969,TP
MAT_0204,304,8d83b97,2026-10-07T14:44:48.951456+00:00,True,-0.13369475434411265,0.18180195720836423,0.13601223538260895,1.460216859610108,True,0.0003727998066238399,0.5819797515869141,TP
MAT_0205,304,8d83b97,2026-10-07T14:44:48.951881+00:00,True,-0.09710003775716665,-0.17517773769834943,0.10398281389581186,-0.48927668405904723,True,0.0003448793554265485,0.3974437713623047,TP
MAT_0206,304,8d83b97,2026-10-07T14:44:48.952669+00:00,True,0.006070476355665005,-0.11870332587527602,0.28492937425623677,0.021422355470352317,True,0.0003743827465877828,0.7593631744384766,TP
MAT_0207,304,8d83b97,2026-10-07T14:44:49.005494+00:00,True,0.01623890788472976,0.005323802401060498,0.3241777378298518,1.1822494839496605,True,0.0005617986776447765,52.7956485748291,TP
MAT_0208,304,8d83b97,2026-10-07T14:44:49.006294+00:00,True,-0.11079174567327682,-0.06325529138970262,0.22338528380511807,-1.3279106668756082,True,0.00031615582603831364,0.7679462432861328,TP
MAT_0209,304,8d83b97,2026-10-07T14:44:49.007034+00:00,True,-0.157220229919404,-0.006793069500404946,0.20039405635320928,0.059632115942437114,True,0.00033922637834932066,0.7116794586181641,TP
MAT_0210,304,8d83b97,2026-10-07T14:44:49.007824+00:00,True,0.024595870299943208,0.004260609287893867,0.282558618991674,-3.105504453944004,True,0.00043152367336142685,0.7638931274414062,TP
MAT_0211,304,8d83b97,2026-10-07T14:44:49.008619+00:00,True,0.07006162818224862,-0.0928750813316139,0.2790360785107584,1.9238910495246564,True,0.0003676486551620009,0.7672309875488281,TP
MAT_0212,304,8d83b97,2026-10-07T14:44:49.009051+00:00,True,-0.16291703937146618,-0.08677277026768983,0.18096510839124436,0.9334540877614479,True,0.0003528510035709133,0.4048347473144531,TP
MAT_0213,304,8d83b97,2026-10-07T14:44:49.009470+00:00,True,0.19474514859577113,0.0592739793187895,0.11371672864078711,1.1519740343188327,True,0.0003554435922505834,0.3921985626220703,TP
MAT_0214,304,8d83b97,2026-10-07T14:44:49.010260+00:00,True,0.05206335200449479,0.07374779532255953,0.27807824202948295,0.6202726783809527,True,0.00035991690929279563,0.7627010345458984,TP
MAT_0215,304,8d83b97,2026-10-07T14:44:49.011060+00:00,True,-0.028337825973797526,-0.11632702642065977,0.22878041358689466,2.998430809340279,True,0.00031796562796325455,0.7729530334472656,TP
MAT_0216,304,8d83b97,2026-10-07T14:44:49.011482+00:00,True,0.05803723242245807,0.007526911561288245,0.24324059635232329,3.4521001404155554,True,0.0003395278084973065,0.3941059112548828,TP
MAT_0217,304,8d83b97,2026-10-07T14:44:49.012277+00:00,True,-0.004297986064948089,-0.020123068852948733,0.3216368753945995,0.3976220542399713,True,0.0005669999080151601,0.7674694061279297,TP
MAT_0218,304,8d83b97,2026-10-07T14:44:49.012513+00:00,True,-0.08198557493381636,-0.15926360791862593,0.07706622787738837,-0.6423242019701798,True,0.00032113389739821984,0.20813941955566406,TP
MAT_0219,304,8d83b97,2026-10-07T14:44:49.013121+00:00,True,0.009156772021591479,-0.1700885917764168,0.19989876957381172,0.43253066845400046,True,0.0003536681322027052,0.5805492401123047,TP
MAT_0220,304,8d83b97,2026-10-07T14:44:49.013915+00:00,True,0.052608702610994734,-0.008607490443357606,0.28334643382554936,-3.0330241317921063,True,0.00037508490179393345,0.7658004760742188,TP
MAT_0221,304,8d83b97,2026-10-07T14:44:49.014712+00:00,True,-0.06919826148405218,-0.06303751529655732,0.27349227835262774,1.0402810146517778,True,0.00035446437979873903,0.7686614990234375,TP
MAT_0222,304,8d83b97,2026-10-07T14:44:49.015507+00:00,True,0.08596483697138654,0.023568601347721395,0.23992810763932904,-1.0657722207206588,True,0.0003186394750561603,0.7684230804443359,TP
MAT_0223,304,8d83b97,2026-10-07T14:44:49.015742+00:00,True,-0.16338452757247096,0.17854947066650725,0.06080605029393074,-1.833261625629253,True,0.00037579417915531015,0.2067089080810547,TP
MAT_0224,304,8d83b97,2026-10-07T14:44:49.016162+00:00,True,-0.08634122683865003,0.0732669767466524,0.21353277253704966,-1.3489694088411452,True,0.0003173809137076159,0.392913818359375,TP
MAT_0225,304,8d83b97,2026-10-07T14:44:49.385025+00:00,True,0.013516639543265555,-0.001713876114629486,0.25024371634693227,3.095580216574713,False,nan,368.8507080078125,FN
MAT_0226,304,8d83b97,2026-10-07T14:44:49.385559+00:00,True,0.05975081209002331,-0.2300382436193889,0.1720110778799941,-1.6227267176003424,True,0.0003750963040644078,0.4878044128417969,TP
MAT_0227,304,8d83b97,2026-10-07T14:44:49.386004+00:00,True,-0.14719898936205011,-0.17963664903635648,0.09336558268122533,1.5616789984597694,True,0.0003710700803009987,0.4124641418457031,TP
MAT_0228,304,8d83b97,2026-10-07T14:44:49.386430+00:00,True,0.06558118713547273,0.1889093433684575,0.21036276674875104,-1.745696391798639,True,0.00036286075174298726,0.3962516784667969,TP
MAT_0229,304,8d83b97,2026-10-07T14:44:49.439833+00:00,True,-0.05252272975381958,-0.06196776338041482,0.3124290401684646,-0.05537318025984228,True,0.0004024603710115902,53.37333679199219,TP
MAT_0230,304,8d83b97,2026-10-07T14:44:49.440633+00:00,True,0.017050267455547018,0.0805281651757064,0.2552810606186206,-1.0816388614344647,True,0.00033325297066216005,0.7698535919189453,TP
MAT_0231,304,8d83b97,2026-10-07T14:44:49.467562+00:00,True,0.16367118346015444,0.038554518416510496,0.18996453718018821,2.206007462118334,True,0.00034833883910881044,26.897668838500977,TP
MAT_0232,304,8d83b97,2026-10-07T14:44:49.468371+00:00,True,0.020456502382351638,0.12764190493016633,0.2771219417994232,1.9272037025002213,True,0.0003703442772775703,0.7779598236083984,TP
MAT_0233,304,8d83b97,2026-10-07T14:44:49.469164+00:00,True,-0.0021448318335778533,0.0014515521901724057,0.32288898714940056,-0.7286346495804354,True,0.0010126747826032065,0.7641315460205078,TP
MAT_0234,304,8d83b97,2026-10-07T14:44:49.522205+00:00,True,0.14990797803864594,-0.10039702340116854,0.23426417929988533,-0.4661889138694362,True,0.00036509481355522227,53.01070213317871,TP
MAT_0235,304,8d83b97,2026-10-07T14:44:49.523020+00:00,True,0.04091385095008485,-0.02147934702901078,0.28850700926121586,2.201267417445051,True,0.00039000835426455547,0.782012939453125,TP
MAT_0236,304,8d83b97,2026-10-07T14:44:49.523440+00:00,True,0.12358292411052353,0.0921303402342096,0.2781024153682482,0.6624928740064798,True,0.0003658310590790146,0.3910064697265625,TP
MAT_0237,304,8d83b97,2026-10-07T14:44:49.524238+00:00,True,-0.03489036936534101,0.027692296094618582,0.30914928130557673,-2.348294799647819,True,0.00043559822522030924,0.7700920104980469,TP
MAT_0238,304,8d83b97,2026-10-07T14:44:49.524664+00:00,True,-0.13518119056670697,-0.14605274302472704,0.13731930210229557,1.208187860880259,True,0.0003499608458242414,0.3981590270996094,TP
MAT_0239,304,8d83b97,2026-10-07T14:44:49.525458+00:00,True,0.06590600969005184,-0.024947259563613045,0.25552019789825947,-3.0412311672661865,True,0.0003335701926423341,0.7662773132324219,TP
MAT_0240,304,8d83b97,2026-10-07T14:44:49.526250+00:00,True,-0.0016863175793136991,0.04985183263446813,0.3082990651003596,1.5824503775690852,True,0.00041950577368713387,0.7643699645996094,TP
MAT_0241,304,8d83b97,2026-10-07T14:44:49.526487+00:00,True,-0.04122809725054193,-0.2262155149079758,0.03013870067383266,0.21590936683357986,True,0.0003712420332674761,0.20933151245117188,TP
MAT_0242,304,8d83b97,2026-10-07T14:44:49.526725+00:00,True,0.1627917403322286,-0.010558671141485433,0.03417474228320344,-1.7135287192021014,True,0.0003162550131589323,0.2105236053466797,TP
MAT_0243,304,8d83b97,2026-10-07T14:44:49.527143+00:00,True,-0.1983235385018055,0.04662203995675347,0.23058847520542808,-1.3920948607173038,True,0.0003759306794495242,0.39124488830566406,TP
MAT_0244,304,8d83b97,2026-10-07T14:44:49.527937+00:00,True,0.0837748192589583,-0.005862656388628421,0.2490535823179702,3.6304001480431634,True,0.0003270271547833677,0.7662773132324219,TP
MAT_0245,304,8d83b97,2026-10-07T14:44:49.528724+00:00,True,0.033402264029961326,-0.0689186534059008,0.2915785305860708,-3.123408497494696,True,0.0003766534095377664,0.7596015930175781,TP
MAT_0246,304,8d83b97,2026-10-07T14:44:49.529142+00:00,True,0.16896409151770916,0.10915903909126495,0.2298776552629392,-0.02806602845919315,True,0.00037703586667902196,0.3905296325683594,TP
MAT_0247,304,8d83b97,2026-10-07T14:44:49.529375+00:00,True,0.21798540438240702,0.1056130522549895,0.10232393020967187,0.22724221909742548,True,0.00038080192587765466,0.20623207092285156,TP
MAT_0248,304,8d83b97,2026-10-07T14:44:49.529978+00:00,True,0.17428505897030072,0.12756147143514027,0.15605398273946905,2.5589758036980705,True,0.00036112926508419685,0.5731582641601562,TP
MAT_0249,304,8d83b97,2026-10-07T14:44:49.530389+00:00,True,-0.018810785196860007,-0.1159040389220514,0.30146565289158134,-0.6446980607153783,True,0.0003763180678649419,0.3840923309326172,TP
MAT_0250,304,8d83b97,2026-10-07T14:44:49.531184+00:00,True,0.0787741609435291,0.07357552894648829,0.283930729514321,-0.8007858028747684,True,0.0003704121434449509,0.7660388946533203,TP
MAT_0251,304,8d83b97,2026-10-07T14:44:49.531785+00:00,True,-0.181534999413843,-0.03239076591844554,0.18960666279093488,0.18556238705222505,True,0.0003572169289979385,0.5741119384765625,TP
MAT_0252,304,8d83b97,2026-10-07T14:44:49.532571+00:00,True,-0.04449099712931445,0.03178233431932223,0.29340241184403393,-0.6548295006898603,True,0.00039408338770285614,0.7584095001220703,TP
MAT_0253,304,8d83b97,2026-10-07T14:44:49.532803+00:00,True,0.014929376623074763,-0.1576879663260229,0.12640642923780868,-0.28662628453170313,True,0.0003084608648053415,0.2052783966064453,TP
MAT_0254,304,8d83b97,2026-10-07T14:44:49.533039+00:00,True,0.15566096581776392,-0.0022942958963668666,0.1354709063280461,-1.6524049470878501,True,0.0003114691711281586,0.2086162567138672,TP
MAT_0255,304,8d83b97,2026-10-07T14:44:49.533452+00:00,True,0.19113316075369577,0.1596583814294423,0.134008325615993,-1.5421537394998277,True,0.0003708549116657921,0.38695335388183594,TP
MAT_0256,304,8d83b97,2026-10-07T14:44:49.533873+00:00,True,-0.13646863966020545,0.12708225860306158,0.1747794584351335,-0.6845643249778982,True,0.0003520113622393284,0.3933906555175781,TP
MAT_0257,304,8d83b97,2026-10-07T14:44:49.534289+00:00,True,0.16729123287816974,-0.1306523972356422,0.20312893405397825,-1.853093716595104,True,0.00037105309266827544,0.3898143768310547,TP
MAT_0258,304,8d83b97,2026-10-07T14:44:49.535078+00:00,True,-0.07025351769488697,0.10654681330398216,0.24547511633113683,2.2633395581201707,True,0.000336573286996212,0.7615089416503906,TP
MAT_0259,304,8d83b97,2026-10-07T14:44:49.535498+00:00,True,-0.04862976717540542,0.24719797271193458,0.12692181441118708,-0.3204339047664,True,0.0003749823818342698,0.39315223693847656,TP
MAT_0260,304,8d83b97,2026-10-07T14:44:49.536289+00:00,True,-0.001947646695629135,-0.0005094472417542344,0.2597874479210019,3.532152049476985,True,0.0008583690912269679,0.7631778717041016,TP
MAT_0261,304,8d83b97,2026-10-07T14:44:49.537078+00:00,True,0.0705810488259591,0.02978485703683307,0.2751882289268005,2.567950324502382,True,0.00035611491798825517,0.7607936859130859,TP
MAT_0262,304,8d83b97,2026-10-07T14:44:49.537494+00:00,True,-0.09391231563746424,0.19405213672692417,0.20154062542686427,-0.3276726238100911,True,0.00036929244894001246,0.3883838653564453,TP
MAT_0263,304,8d83b97,2026-10-07T14:44:49.904666+00:00,True,-0.12936958331135257,-0.021701595277118367,-0.047439913142226564,0.2769188022102691,False,nan,367.1605587005615,FN
MAT_0264,304,8d83b97,2026-10-07T14:44:49.905567+00:00,True,0.020407050286750203,-0.04559273823434913,0.2928004321954953,1.9282633152722166,True,0.00039373272599379047,0.8568763732910156,TP
MAT_0265,304,8d83b97,2026-10-07T14:44:49.906002+00:00,True,0.005051154620894548,-0.1993696399711255,0.0524717034988061,0.4609441626902828,True,0.0003464323191152212,0.40602684020996094,TP
MAT_0266,304,8d83b97,2026-10-07T14:44:49.906801+00:00,True,0.014425866787019572,0.029102205278712278,0.31804562489805865,-1.3272466393967557,True,0.0004740440467736207,0.7708072662353516,TP
MAT_0267,304,8d83b97,2026-10-07T14:44:49.907229+00:00,True,-0.18086315710586945,-0.053477135951777985,0.17215056191374373,0.7840961035337344,True,0.0003520192143727595,0.39958953857421875,TP
MAT_0268,304,8d83b97,2026-10-07T14:44:49.907653+00:00,True,-0.18543338837086143,0.048742680361091195,0.14688015556885403,-0.3655098799570944,True,0.0003443965360414066,0.39696693420410156,TP
MAT_0269,304,8d83b97,2026-10-07T14:44:49.907891+00:00,True,0.09710018689938407,0.1448738796149578,0.10463061628012796,0.2812422148949749,True,0.00032147713699053754,0.20837783813476562,TP
MAT_0270,304,8d83b97,2026-10-07T14:44:49.908688+00:00,True,0.13968784994033273,-0.03903124673902891,0.2553394221425569,2.2142958705066826,True,0.00035846499533458934,0.7693767547607422,TP
MAT_0271,304,8d83b97,2026-10-07T14:44:49.909114+00:00,True,0.079719633006103,0.17234847067713321,0.07839392479910484,-1.3778628545881335,True,0.00033555516992339835,0.39839744567871094,TP
MAT_0272,304,8d83b97,2026-10-07T14:44:49.909902+00:00,True,0.06743847251245892,0.14056220786308482,0.24787781113923524,1.7258925540957044,True,0.0003574305356414764,0.7603168487548828,TP
MAT_0273,304,8d83b97,2026-10-07T14:44:49.910692+00:00,True,-0.02674111864619966,0.06964922331417547,0.309288700451139,-2.373487596848023,True,0.00040122995335296836,0.7619857788085938,TP
MAT_0274,304,8d83b97,2026-10-07T14:44:49.911477+00:00,True,0.07249899152281855,0.17505654529298492,0.19653760206656853,-3.578249684330637,True,0.0003445457512160714,0.7567405700683594,TP
MAT_0275,304,8d83b97,2026-10-07T14:44:49.912265+00:00,True,-0.13283466750746428,0.10127787661990215,0.22541003243494467,0.9048089486371154,True,0.0003432917998575376,0.7596015930175781,TP
MAT_0276,304,8d83b97,2026-10-07T14:44:49.912863+00:00,True,0.15573739301337527,0.13227648266396658,0.16758961740989772,0.4634146049015613,True,0.00037228149344546496,0.57220458984375,TP
MAT_0277,304,8d83b97,2026-10-07T14:44:49.913657+00:00,True,0.05172769434809874,-0.05126519057368547,0.29565576362455176,-0.8720619270852594,True,0.00038254268728737223,0.7665157318115234,TP
MAT_0278,304,8d83b97,2026-10-07T14:44:49.914441+00:00,True,-0.04068304698928697,-0.029223575815032526,0.30805690985759293,-1.9742703173186038,True,0.00042315804118203963,0.75531005859375,TP
MAT_0279,304,8d83b97,2026-10-07T14:44:49.915239+00:00,True,-0.010703749262927872,0.03687929254267518,0.313674838829448,-0.520307038360335,True,0.00045472313202640676,0.7708072662353516,TP
MAT_0280,304,8d83b97,2026-10-07T14:44:49.916026+00:00,True,0.04476470297360277,-0.07908937246175934,0.2950670385939662,-0.6044536756832581,True,0.00038032620266502496,0.7605552673339844,TP
MAT_0281,304,8d83b97,2026-10-07T14:44:49.916444+00:00,True,-0.19812110650301834,0.05792629358847669,0.21966345980300267,-0.7001917221894727,True,0.0003709718411883435,0.3914833068847656,TP
MAT_0282,304,8d83b97,2026-10-07T14:44:49.917227+00:00,True,-0.04120492537004156,0.0012784005755131808,0.3086140051730763,-0.2463582210940337,True,0.00044521940752784964,0.7567405700683594,TP
MAT_0283,304,8d83b97,2026-10-07T14:44:49.917457+00:00,True,-0.10338367690315763,0.21424353074721542,0.12114861143829429,0.3019101427234364,True,0.00037552054334251286,0.20313262939453125,TP
MAT_0284,304,8d83b97,2026-10-07T14:44:49.918246+00:00,True,-0.03850108592910282,0.04868378733577833,0.29802049142024273,1.1447589932261923,True,0.0003931603020898594,0.7624626159667969,TP
MAT_0285,304,8d83b97,2026-10-07T14:44:49.918483+00:00,True,-0.0699452294144405,0.16056017772716108,-0.033115419207730035,0.0777359984742303,True,0.0003510760118406575,0.2105236053466797,TP
MAT_0286,304,8d83b97,2026-10-07T14:44:49.918715+00:00,True,0.1281136177541969,-0.001283767437775139,0.1917197184807906,-0.33398092296720305,True,0.00031531064717964203,0.20575523376464844,TP
MAT_0287,304,8d83b97,2026-10-07T14:44:49.919501+00:00,True,-0.08436446675525422,0.025218008002524054,0.2786105910766494,0.21514762713158797,True,0.00036007548018084453,0.7596015930175781,TP
MAT_0288,304,8d83b97,2026-10-07T14:44:49.919915+00:00,True,-0.014701475440167906,-0.25485060667912496,0.11445300306720664,-1.0026887380824905,True,0.00037237523414119914,0.38814544677734375,TP
MAT_0289,304,8d83b97,2026-10-07T14:44:49.920716+00:00,True,-0.030134169372972763,0.04747595638078783,0.31101584517381886,0.825314177750154,True,0.00041764087950427436,0.7729530334472656,TP
MAT_0290,304,8d83b97,2026-10-07T14:44:49.921509+00:00,True,-0.10450873856979713,-0.09507749611885685,0.2140135893333397,-2.569177562295748,True,0.00031676592336752377,0.7636547088623047,TP
MAT_0291,304,8d83b97,2026-10-07T14:44:49.922291+00:00,True,-0.10213952247542815,-7.359610706088315e-05,0.29391245521615517,0.2963104196263563,True,0.00037952191324941686,0.7543563842773438,TP
MAT_0292,304,8d83b97,2026-10-07T14:44:49.923077+00:00,True,0.08598978236578272,-0.06428468223792239,0.2428097369633706,-3.5426151733565177,True,0.0003270773458148813,0.7588863372802734,TP
MAT_0293,304,8d83b97,2026-10-07T14:44:49.923496+00:00,True,-0.1519894897394399,0.1422829564506326,0.11121403134914373,2.0166351372774045,True,0.0003537110471428239,0.39267539978027344,TP
MAT_0294,304,8d83b97,2026-10-07T14:44:49.924284+00:00,True,-0.04588211852640385,0.053631836498070844,0.30999379973591135,-0.011834588941977087,True,0.00040456354512216153,0.7600784301757812,TP
MAT_0295,304,8d83b97,2026-10-07T14:44:49.925067+00:00,True,-0.018326109998095228,0.01555913993580195,0.3218004436025787,-0.5521936036142202,True,0.0005543731399265396,0.7572174072265625,TP
MAT_0296,304,8d83b97,2026-10-07T14:44:49.925849+00:00,True,-0.00946472602840416,-0.19000342894732186,0.19498817200315202,-1.3360127952013787,True,0.0003429187025144929,0.7548332214355469,TP
MAT_0297,304,8d83b97,2026-10-07T14:44:49.926631+00:00,True,-0.023631183071869507,0.03037426416165779,0.3043574724482096,-0.34096254132422943,True,0.00044148927753808186,0.7555484771728516,TP
MAT_0298,304,8d83b97,2026-10-07T14:44:49.927049+00:00,True,-0.14064316127912385,-0.14037270195544957,0.23264346059229227,1.1270801340410779,True,0.0003743256482621259,0.39124488830566406,TP
MAT_0299,304,8d83b97,2026-10-07T14:44:49.928106+00:00,True,-0.013008783904563483,-0.005017544136280569,0.3046921932684188,-2.2050878634547324,True,0.0002888405544700297,1.0294914245605469,TP
MAT_0300,304,8d83b97,2026-10-07T14:44:49.929057+00:00,True,-0.0079970930941314,0.00957226047742439,0.2964516354783062,1.7250554082604457,True,0.0006371754472893702,0.9067058563232422,TP
MAT_0301,304,8d83b97,2026-10-07T14:44:49.929480+00:00,True,-0.21264424935398737,-0.035704396397386,0.03450060331312496,1.910837342556694,True,0.0003638424189826407,0.3955364227294922,TP
MAT_0302,304,8d83b97,2026-10-07T14:44:49.930265+00:00,True,0.0010699926270264365,0.004520133785641003,0.30230265121818334,0.899175903788948,True,0.0007609325788827322,0.7579326629638672,TP
MAT_0303,304,8d83b97,2026-10-07T14:44:49.931056+00:00,True,0.10660209414485924,0.1274287925979792,0.2203736555378849,-3.380315319639291,True,0.00034243846439053257,0.7641315460205078,TP
MAT_0304,304,8d83b97,2026-10-07T14:44:49.931476+00:00,True,-0.10527840552574382,0.1889637967390681,0.1973282309777944,-2.9498346368788013,True,0.0003673100713785429,0.39196014404296875,TP
MAT_0305,304,8d83b97,2026-10-07T14:44:49.931901+00:00,True,-0.08768346149414777,-0.1415676617472833,0.17028910616616125,-0.7293327024935696,True,0.0003310953519177966,0.3979206085205078,TP
MAT_0306,304,8d83b97,2026-10-07T14:44:49.933516+00:00,True,-0.06328066259315474,0.14991245538568548,0.2533424079479769,0.158781197272859,True,0.0003650803235986161,1.5859603881835938,TP
MAT_0307,304,8d83b97,2026-10-07T14:44:49.934308+00:00,True,0.04578968305191598,-0.021128376449707057,0.26608625901220173,1.7671307149563389,True,0.0003542196730010576,0.7638931274414062,TP
MAT_0308,304,8d83b97,2026-10-07T14:44:49.934915+00:00,True,0.07683801975215124,-0.20981385865567972,0.134474555122733,0.4458043402644185,True,0.0003653016696589901,0.5805492401123047,TP
MAT_0309,304,8d83b97,2026-10-07T14:44:49.935156+00:00,True,-0.03136279523721975,-0.13337061482320442,0.1925540087622509,0.09240085400681886,True,0.00031949452120905,0.2129077911376953,TP
MAT_0310,304,8d83b97,2026-10-07T14:44:49.935941+00:00,True,-0.013087957201665605,-0.015183132215155107,0.3173455401962842,0.5294377107775181,True,0.0005799475381059564,0.7565021514892578,TP
MAT_0311,304,8d83b97,2026-10-07T14:44:49.936731+00:00,True,0.015101131869513866,0.10039962661641277,0.279231345579837,1.488360258173838,True,0.0003629304179705902,0.7631778717041016,TP
MAT_0312,304,8d83b97,2026-10-07T14:44:49.937520+00:00,True,-0.08314557172111292,-0.17750751210100407,0.20583889154393165,-0.05116125118699277,True,0.00035388939662087457,0.7619857788085938,TP
MAT_0313,304,8d83b97,2026-10-07T14:44:49.937939+00:00,True,-0.19664992637334047,0.047337094894271535,0.03560172254961205,1.2330223490146457,True,0.00034899451066395485,0.3921985626220703,TP
MAT_0314,304,8d83b97,2026-10-07T14:44:49.938725+00:00,True,-0.06464539455468067,-0.11570915165960546,0.27658766699035936,0.7955759835480158,True,0.0003702477858136918,0.7574558258056641,TP
MAT_0315,304,8d83b97,2026-10-07T14:44:49.939148+00:00,True,-0.10197950836222192,0.16761463020675682,0.1468480068621149,1.3812400337361286,True,0.0003507216020235774,0.3952980041503906,TP
MAT_0316,304,8d83b97,2026-10-07T14:44:49.939563+00:00,True,-0.08669921242476927,-0.09645614606684041,0.2925317779812688,-2.2557535715946226,True,0.00038479846821668645,0.3883838653564453,TP
MAT_0317,304,8d83b97,2026-10-07T14:44:49.940348+00:00,True,-0.09504223690005534,0.12339357074766719,0.25777481324838347,1.3696620113050215,True,0.00036408857310084937,0.7588863372802734,TP
MAT_0318,304,8d83b97,2026-10-07T14:44:49.941134+00:00,True,0.015775760101726204,-0.02665619845094741,0.3198939970839565,0.13765112410813396,True,0.00048230670350813765,0.7588863372802734,TP
MAT_0319,304,8d83b97,2026-10-07T14:44:49.941543+00:00,True,-0.13122862753120856,0.07313386561136577,0.27297850616792985,1.24621258484552,True,0.0003749415761119262,0.3826618194580078,TP
MAT_0320,304,8d83b97,2026-10-07T14:44:49.941966+00:00,True,-0.16911565554875557,-0.08734923559131189,0.07932414329498333,-0.011502501204040172,True,0.00033119811501188814,0.392913818359375,TP
MAT_0321,304,8d83b97,2026-10-07T14:44:49.942379+00:00,True,0.24047683012906987,-0.07425344990808952,0.11618324942432219,-2.4169982221522464,True,0.0003715537333907227,0.3867149353027344,TP
MAT_0322,304,8d83b97,2026-10-07T14:44:49.943161+00:00,True,0.05306696850499047,0.01449063710469908,0.3067432965564799,-1.4752040215184135,True,0.00040720939426695595,0.7557868957519531,TP
MAT_0323,304,8d83b97,2026-10-07T14:44:49.943938+00:00,True,-0.06690937978719819,-0.026252168370381697,0.29411941535837804,-2.773618105407591,True,0.00038271878437792626,0.7505416870117188,TP
MAT_0324,304,8d83b97,2026-10-07T14:44:49.944175+00:00,True,-0.01961857173687304,-0.12223662860956032,0.1957404886325901,-2.400245889578602,True,0.0003119478133751588,0.209808349609375,TP
MAT_0325,304,8d83b97,2026-10-07T14:44:49.944589+00:00,True,-0.1323809624678102,0.10197298547555242,0.2630411748212448,-0.30117741639003426,True,0.0003758371729727724,0.3867149353027344,TP
MAT_0326,304,8d83b97,2026-10-07T14:44:49.945378+00:00,True,-0.0046180859264542025,-0.020359744346428767,0.29734417803189583,0.3341536110117176,True,0.0005102650655861922,0.7615089416503906,TP
MAT_0327,304,8d83b97,2026-10-07T14:44:49.946165+00:00,True,-0.019744602889174748,0.009447158329540448,0.29797479288653994,2.712726548146197,True,0.000525581649325281,0.7588863372802734,TP
MAT_0328,304,8d83b97,2026-10-07T14:44:49.946400+00:00,True,0.11260758234191523,-0.13233059369992733,0.09215719856405699,0.014510116984214116,True,0.0003198758762726158,0.2067089080810547,TP
MAT_0329,304,8d83b97,2026-10-07T14:44:49.946818+00:00,True,0.04202149934064872,-0.2527747781441927,0.10740053375060513,-2.104480819400165,True,0.0003594955412267905,0.39124488830566406,TP
MAT_0330,304,8d83b97,2026-10-07T14:44:49.947614+00:00,True,0.03567925478561987,-0.14209178061853056,0.21959417679986315,-2.251782814248093,True,0.0003267525090846681,0.7691383361816406,TP
MAT_0331,304,8d83b97,2026-10-07T14:44:49.948033+00:00,True,0.17206284277042108,0.15015576557413474,0.18973635225218424,-1.5863571155972795,True,0.00037448858110859887,0.3917217254638672,TP
MAT_0332,304,8d83b97,2026-10-07T14:44:49.948813+00:00,True,0.04159430133447038,-0.041350387070471506,0.3070462583286284,1.683919225574435,True,0.00040526218003665576,0.7529258728027344,TP
MAT_0333,304,8d83b97,2026-10-07T14:44:49.949420+00:00,True,0.17648880015427668,0.1308179443405823,0.1417204758261559,1.0402988361926448,True,0.00037112763916790026,0.5800724029541016,TP
MAT_0334,304,8d83b97,2026-10-07T14:44:49.950207+00:00,True,-0.030505398883681586,0.01912983297823322,0.31466680471226915,0.0573768642116792,True,0.0004718108284465476,0.7605552673339844,TP
MAT_0335,304,8d83b97,2026-10-07T14:44:49.951015+00:00,True,-0.006571238201328697,-0.13126377538394202,0.2728720592907167,0.6443064376149801,True,0.00036653982237375973,0.7765293121337891,TP
MAT_0336,304,8d83b97,2026-10-07T14:44:49.951810+00:00,True,-0.14083024197127594,0.03864910238989552,0.26692232158776386,-0.09234843398268966,True,0.0003664030028517085,0.7650852203369141,TP
MAT_0337,304,8d83b97,2026-10-07T14:44:49.952229+00:00,True,-0.01468043142280943,0.19479074758179563,0.22832757667303488,-0.7980460265665232,True,0.00037030120709910877,0.3921985626220703,TP
MAT_0338,304,8d83b97,2026-10-07T14:44:49.952646+00:00,True,0.14412045263066442,-0.005161380037629374,0.2724901446474259,0.09731850064543623,True,0.00037470075763576044,0.38886070251464844,TP
MAT_0339,304,8d83b97,2026-10-07T14:44:49.952880+00:00,True,-0.08275463709270035,-0.23101894754642116,0.05187614861342461,-1.2823353267919018,True,0.0003804798777590884,0.2052783966064453,TP
MAT_0340,304,8d83b97,2026-10-07T14:44:49.953674+00:00,True,0.0037391039930580517,-0.031872676306536306,0.3129505194824451,2.1787019200262003,True,0.00047046708405003204,0.7641315460205078,TP
MAT_0341,304,8d83b97,2026-10-07T14:44:49.954465+00:00,True,0.04080830748899608,0.12990661226641065,0.2602687843714121,1.5651892389650837,True,0.00035679453199510635,0.7636547088623047,TP
MAT_0342,304,8d83b97,2026-10-07T14:44:49.954879+00:00,True,0.08007580385890832,-0.06791817821102039,0.3056473657232889,0.3602574010867481,True,0.00037575345648831963,0.3859996795654297,TP
MAT_0343,304,8d83b97,2026-10-07T14:44:49.955119+00:00,True,-0.15118903407864748,-0.13981445370874895,-0.003376261392916066,1.2080327271775824,True,0.0003595321126193379,0.21386146545410156,TP
MAT_0344,304,8d83b97,2026-10-07T14:44:49.955547+00:00,True,-0.010910820143327733,0.17031253514715097,0.18355566735743598,-0.447774533438992,True,0.00034362426018193215,0.40149688720703125,TP
MAT_0345,304,8d83b97,2026-10-07T14:44:49.956343+00:00,True,0.0629344933635056,-0.055934667244932144,0.3018254846488188,2.232296722038136,True,0.0003887432356803997,0.7681846618652344,TP
MAT_0346,304,8d83b97,2026-10-07T14:44:49.956759+00:00,True,0.15408547146655832,-0.009820181428972771,0.2755771600757754,-0.9612509500128777,True,0.00038026807585333616,0.3886222839355469,TP
MAT_0347,304,8d83b97,2026-10-07T14:44:49.957558+00:00,True,0.0027568745687873743,0.05964365235421274,0.27846571641622186,3.1416697979176806,True,0.00036619970242748244,0.7722377777099609,TP
MAT_0348,304,8d83b97,2026-10-07T14:44:49.957986+00:00,True,0.0891103363657211,-0.17032802519860313,0.05066736452753082,0.946094358755794,True,0.0003405661088910169,0.3986358642578125,TP
MAT_0349,304,8d83b97,2026-10-07T14:44:49.958410+00:00,True,0.11012896870108811,-0.15623180397663797,0.14040148206518793,0.8020485600444509,True,0.0003471646139131559,0.39768218994140625,TP
MAT_0350,304,8d83b97,2026-10-07T14:44:49.959210+00:00,True,-0.12200673811547703,0.07639811338865057,0.250343403504628,1.5076367555091807,True,0.0003493945433702195,0.7727146148681641,TP
MAT_0351,304,8d83b97,2026-10-07T14:44:49.960008+00:00,True,0.15846880718768122,0.026179834694867933,0.24373985885730054,-0.7930388559581425,True,0.0003583334754661193,0.7696151733398438,TP
MAT_0352,304,8d83b97,2026-10-07T14:44:50.013466+00:00,True,-0.12293868812946865,0.19087139595200353,0.15257164360356143,1.514446347773497,True,0.00037325854852811324,53.42459678649902,TP
MAT_0353,304,8d83b97,2026-10-07T14:44:50.014282+00:00,True,-0.12324175705173679,-0.13962084103291084,0.21907857176629505,2.0165378226486927,True,0.00035396737559534677,0.7770061492919922,TP
MAT_0354,304,8d83b97,2026-10-07T14:44:50.015083+00:00,True,-0.0035306661506393847,0.011884831608965217,0.30335196751354754,2.6355982967511515,True,0.0006308355632980831,0.7727146148681641,TP
MAT_0355,304,8d83b97,2026-10-07T14:44:50.015323+00:00,True,-0.140913076576614,-0.020872623993477484,0.1846058905136624,-2.4543691985493767,True,0.00031662936903206057,0.2105236053466797,TP
MAT_0356,304,8d83b97,2026-10-07T14:44:50.015562+00:00,True,0.03671536224079758,0.16146760006670297,0.035947931313604506,0.3857124392702991,True,0.00031562279073498416,0.20956993103027344,TP
MAT_0357,304,8d83b97,2026-10-07T14:44:50.042392+00:00,True,-0.2084509046038956,0.09777410745449201,0.1135425589397852,0.44408830724548787,True,0.0003748419995127444,26.801109313964844,TP
MAT_0358,304,8d83b97,2026-10-07T14:44:50.042634+00:00,True,0.15266645059427447,0.04868356302974204,0.03878951632790162,-1.7888639746432953,True,0.0003121580402755995,0.2117156982421875,TP
MAT_0359,304,8d83b97,2026-10-07T14:44:50.070261+00:00,True,0.122762749104872,-0.09670877870985925,0.19717767224828597,-1.7349543072044316,True,0.0003414810461520386,27.59408950805664,TP
MAT_0360,304,8d83b97,2026-10-07T14:44:50.070520+00:00,True,0.05959971161399891,-0.12488179683445724,-0.01900136770244837,-0.18410937315820441,True,0.0003148981786493089,0.2205371856689453,TP
MAT_0361,304,8d83b97,2026-10-07T14:44:50.071416+00:00,True,0.16567403839912945,-0.14796646046382964,0.12274695070900106,0.22614689958099332,True,0.00037540714544463373,0.865936279296875,TP
MAT_0362,304,8d83b97,2026-10-07T14:44:50.071839+00:00,True,0.08193755102719064,-0.23337125579237938,0.13305768220230327,-1.0435485033263805,True,0.00037438722315476496,0.39315223693847656,TP
MAT_0363,304,8d83b97,2026-10-07T14:44:50.072634+00:00,True,0.14002764760970904,0.1036344217084277,0.2204110130629522,2.819626951711321,True,0.0003492416654750157,0.7672309875488281,TP
MAT_0364,304,8d83b97,2026-10-07T14:44:50.073432+00:00,True,-0.05458106300350412,0.06439416302452057,0.2992866905234315,-1.681351451690662,True,0.0003859531400598495,0.7698535919189453,TP
MAT_0365,304,8d83b97,2026-10-07T14:44:50.073849+00:00,True,0.07008935387804215,-0.00642643191955454,0.31631786969497533,-0.49665721580787525,True,0.0004032129484746286,0.39005279541015625,TP
MAT_0366,304,8d83b97,2026-10-07T14:44:50.074277+00:00,True,-0.1980647642555251,-0.03296425675935872,0.016465613463493567,0.7670500826356286,True,0.00035282143573674477,0.39958953857421875,TP
MAT_0367,304,8d83b97,2026-10-07T14:44:50.075069+00:00,True,0.03898655816463966,-0.07172235645292599,0.2990605796730987,0.7501390502057328,True,0.0003855333035147138,0.7641315460205078,TP
MAT_0368,304,8d83b97,2026-10-07T14:44:50.075863+00:00,True,-0.014415867373749648,0.009513901891499206,0.2627491974389845,2.779522816586926,True,0.0004933421845465422,0.766754150390625,TP
MAT_0369,304,8d83b97,2026-10-07T14:44:50.076288+00:00,True,-0.18504125263814133,-0.056619261490724576,0.10850055910123632,-0.6517404749628588,True,0.0003364466823764895,0.3972053527832031,TP
MAT_0370,304,8d83b97,2026-10-07T14:44:50.077086+00:00,True,0.0002403535386692494,0.13249682691175615,0.24118993448123893,1.332334788589049,True,0.00033614390552303195,0.77056884765625,TP
MAT_0371,304,8d83b97,2026-10-07T14:44:50.077322+00:00,True,-0.10472594546852426,0.12907666080629726,0.0006447266058465795,-0.8765691137786527,True,0.00032580598817271366,0.2090930938720703,TP
MAT_0372,304,8d83b97,2026-10-07T14:44:50.077562+00:00,True,-0.1345975361402184,-0.09864092636279476,-0.037117706726109714,-0.36160289877629603,True,0.0003468557459562561,0.21195411682128906,TP
MAT_0373,304,8d83b97,2026-10-07T14:44:50.078358+00:00,True,0.007660359842213305,-0.0006858223459044648,0.2723322887363452,-1.6555842274322967,True,0.0003421532829230746,0.7688999176025391,TP
MAT_0374,304,8d83b97,2026-10-07T14:44:50.078594+00:00,True,0.14981504342559931,0.20752027216205973,0.09325742809740119,-1.1623771097630293,True,0.0003884734815100877,0.2086162567138672,TP
MAT_0375,304,8d83b97,2026-10-07T14:44:50.079026+00:00,True,0.07778076841978054,0.20265253376114278,0.20440992879234596,-0.21054435941660432,True,0.00037463394558039044,0.4050731658935547,TP
MAT_0376,304,8d83b97,2026-10-07T14:44:50.079815+00:00,True,-0.0028902381282828486,-0.06132095492622626,0.2861749722645993,0.24732726402257987,True,0.00037575033122473546,0.7607936859130859,TP
MAT_0377,304,8d83b97,2026-10-07T14:44:50.080607+00:00,True,0.12119355433166322,-0.0388273384142296,0.2283484788719817,-0.24322850479142177,True,0.0003236499734610071,0.7646083831787109,TP
MAT_0378,304,8d83b97,2026-10-07T14:44:50.081403+00:00,True,-0.030931573029070503,0.11072306261770377,0.2869912126770509,-0.379542271100092,True,0.0003750134383014629,0.7684230804443359,TP
MAT_0379,304,8d83b97,2026-10-07T14:44:50.082013+00:00,True,-0.09336446928358372,-0.13289949228187672,0.20135291870213368,-2.205207770627145,True,0.0003455295449510871,0.5810260772705078,TP
MAT_0380,304,8d83b97,2026-10-07T14:44:50.082431+00:00,True,0.20080293806127614,-0.08412823384049682,0.18448719176102296,-2.201845496434352,True,0.0003662427172342231,0.3898143768310547,TP
MAT_0381,304,8d83b97,2026-10-07T14:44:50.083222+00:00,True,-0.006230250109772182,-0.056078039857590425,0.3133855126076975,-0.797180769922659,True,0.0004192193583281253,0.7646083831787109,TP
MAT_0382,304,8d83b97,2026-10-07T14:44:50.084012+00:00,True,0.0023056055979937505,0.022797872988292577,0.32165769025755264,0.4360271537506113,True,0.0005379201897758463,0.7617473602294922,TP
MAT_0383,304,8d83b97,2026-10-07T14:44:50.084431+00:00,True,0.2034766998290694,-0.033540275496052735,0.220551657799888,-2.1376980211433563,True,0.0003763913775486223,0.3910064697265625,TP
MAT_0384,304,8d83b97,2026-10-07T14:44:50.084850+00:00,True,0.11142106759527964,-0.19227342656159152,0.1820114528537376,-2.328179307495733,True,0.0003680291121316401,0.3917217254638672,TP
MAT_0385,304,8d83b97,2026-10-07T14:44:50.085653+00:00,True,0.0011926339892056187,0.002191639024350517,0.2805232709485067,-3.282730193222057,True,0.0007428474802918398,0.7758140563964844,TP
MAT_0386,304,8d83b97,2026-10-07T14:44:50.086456+00:00,True,-0.0039576118962257965,0.029139456079258875,0.306571922469705,1.9383714698987748,True,0.00047345936641828804,0.7741451263427734,TP
MAT_0387,304,8d83b97,2026-10-07T14:44:50.086883+00:00,True,0.17650582040260898,-0.006262202295741293,0.17114830612967985,-0.37483647225216354,True,0.00034629313590735705,0.3986358642578125,TP
MAT_0388,304,8d83b97,2026-10-07T14:44:50.087691+00:00,True,-0.0538154647054072,-0.07251567828806102,0.28450226338123663,2.898867374160317,True,0.0003672307726398777,0.7793903350830078,TP
MAT_0389,304,8d83b97,2026-10-07T14:44:50.088505+00:00,True,0.008502928559975746,-0.01063526020438569,0.28301390899446727,2.38126319123345,True,0.0005214895270013951,0.7843971252441406,TP
MAT_0390,304,8d83b97,2026-10-07T14:44:50.088749+00:00,True,-0.10646916577303757,0.1125655643924053,-0.03863209813172039,0.07962185364348251,True,0.0003405712213356485,0.21457672119140625,TP
MAT_0391,304,8d83b97,2026-10-07T14:44:50.089560+00:00,True,-0.006429881679148295,-0.0013778220450607445,0.3210228135577037,1.5463429402820956,True,0.0009395911314505976,0.7832050323486328,TP
MAT_0392,304,8d83b97,2026-10-07T14:44:50.090378+00:00,True,-0.019811144577471903,0.12015704764082688,0.28488524981426155,-2.9988056116608446,True,0.000375140565276701,0.7874965667724609,TP
MAT_0393,304,8d83b97,2026-10-07T14:44:50.091188+00:00,True,0.012266355395812237,-0.021453550740390404,0.27211540800207495,-2.7968334264197354,True,0.000420531785446032,0.7810592651367188,TP
MAT_0394,304,8d83b97,2026-10-07T14:44:50.091803+00:00,True,0.015087007228864222,0.22177938068945235,0.13900081654089513,1.0577876350411637,True,0.0003742490431357859,0.5867481231689453,TP
MAT_0395,304,8d83b97,2026-10-07T14:44:50.092616+00:00,True,0.013110539042390056,0.1192018883250588,0.25638839205487335,-2.7748462176098165,True,0.0003446549167286342,0.7824897766113281,TP
MAT_0396,304,8d83b97,2026-10-07T14:44:50.093421+00:00,True,-0.11444265214438035,0.04673454981159947,0.2805393262574666,-0.6432301585587887,True,0.00037004972186408235,0.7762908935546875,TP
MAT_0397,304,8d83b97,2026-10-07T14:44:50.120333+00:00,True,-0.1717532350992818,-0.11891640531319524,0.15668302238139112,-0.1327819752050422,True,0.00036688784910237385,26.87692642211914,TP
MAT_0398,304,8d83b97,2026-10-07T14:44:50.120780+00:00,True,0.001620267661414764,0.19530315095127154,0.0683058136599021,-0.0007537688905385753,True,0.0003402367206086563,0.4086494445800781,TP
MAT_0399,304,8d83b97,2026-10-07T14:44:50.121582+00:00,True,0.11521051914460194,-0.028950929952583575,0.2423054565581635,-3.331189087584166,True,0.0003318243695496388,0.7736682891845703,TP
MAT_0400,304,8d83b97,2026-10-07T14:44:50.122030+00:00,True,-0.155370043643417,-0.12823412436986575,0.2392603036836089,-0.2856761420242401,True,0.0003703911981276597,0.4000663757324219,TP
MAT_0401,304,8d83b97,2026-10-07T14:44:50.122825+00:00,True,-0.11497352076200615,-0.10160055860916334,0.2511963873672802,1.3469201970637263,True,0.0003561535601597703,0.7662773132324219,TP
MAT_0402,304,8d83b97,2026-10-07T14:44:50.123247+00:00,True,0.10505628832803279,-0.06929919961346681,0.29376156242494356,0.6755311807762272,True,0.0003847483202404817,0.3948211669921875,TP
MAT_0403,304,8d83b97,2026-10-07T14:44:50.123667+00:00,True,-0.09483600131107482,0.05242089298301687,0.30298473893692646,-2.1734614487619686,True,0.00039028631062568153,0.39196014404296875,TP
MAT_0404,304,8d83b97,2026-10-07T14:44:50.124100+00:00,True,0.07283237103115403,0.17911862395248182,0.035546673570107046,1.6422385339404553,True,0.0003444844264651755,0.4050731658935547,TP
MAT_0405,304,8d83b97,2026-10-07T14:44:50.124527+00:00,True,-0.20652884910678138,-0.02485787723821263,0.10425883085549556,-0.9331701453868833,True,0.000351473839883761,0.4000663757324219,TP
MAT_0406,304,8d83b97,2026-10-07T14:44:50.125324+00:00,True,-0.005249425034722701,-0.0015896053831566254,0.31377886313466086,-0.3598735624069165,True,0.0009621657234869489,0.7696151733398438,TP
MAT_0407,304,8d83b97,2026-10-07T14:44:50.125750+00:00,True,0.1176361147845498,-0.0152235977324708,0.2991136632810977,0.23045739009023292,True,0.00037169627292673674,0.3998279571533203,TP
MAT_0408,304,8d83b97,2026-10-07T14:44:50.126547+00:00,True,-0.00794334592759767,0.0030305270611676732,0.26365540558514755,-1.1501389297324784,True,0.0006869821390290916,0.7703304290771484,TP
MAT_0409,304,8d83b97,2026-10-07T14:44:50.127621+00:00,True,0.0010190229398356343,0.00683169761315533,0.2953731607344703,-0.8283636249258,True,0.0004502351933374004,1.0461807250976562,TP
MAT_0410,304,8d83b97,2026-10-07T14:44:50.128417+00:00,True,0.01458459437666134,-0.04706202796743919,0.31039971259593563,-0.1819523746069336,True,0.0004220702509316771,0.7679462432861328,TP
MAT_0411,304,8d83b97,2026-10-07T14:44:50.128659+00:00,True,-0.14102524146511008,-0.13309357472188926,-0.018215963073880986,-0.5995336957518893,True,0.00035637135931997625,0.213623046875,TP
MAT_0412,304,8d83b97,2026-10-07T14:44:50.129458+00:00,True,-0.11885764899505159,0.05543648473782439,0.2790177611483442,1.6190991674960107,True,0.00037153727890232156,0.7729530334472656,TP
MAT_0413,304,8d83b97,2026-10-07T14:44:50.130253+00:00,True,0.06756269258088626,-0.15209399333707058,0.2334424484799711,2.0340221143705812,True,0.0003524008838948846,0.7658004760742188,TP
MAT_0414,304,8d83b97,2026-10-07T14:44:50.130674+00:00,True,0.09516661512659741,-0.23836105571231142,0.09444283366898305,-1.3875047657156527,True,0.0003596289533977372,0.3933906555175781,TP
MAT_0415,304,8d83b97,2026-10-07T14:44:50.131098+00:00,True,0.07454219579751839,0.03545089844097357,0.23700551527532654,-2.1487788283933966,True,0.00032909684623473845,0.39577484130859375,TP
MAT_0416,304,8d83b97,2026-10-07T14:44:50.131921+00:00,True,-0.03137768514231261,-0.05034406055314622,0.2788374975159813,-2.7479101711477796,True,0.0003682858023140619,0.7960796356201172,TP
MAT_0417,304,8d83b97,2026-10-07T14:44:50.132720+00:00,True,-0.06626189311828594,-0.012450214715179757,0.31027775699421434,1.7050461778161055,True,0.00040769346235532735,0.7691383361816406,TP
MAT_0418,304,8d83b97,2026-10-07T14:44:50.133140+00:00,True,-0.12633220723761088,0.0032836189068067324,0.29645350772288226,-1.9596249219819217,True,0.0003861028003475314,0.3936290740966797,TP
MAT_0419,304,8d83b97,2026-10-07T14:44:50.159688+00:00,True,-0.028654460792640862,-0.18960034024121952,-0.010160036890619464,-0.6152765788106811,True,0.0003527834366095908,26.51834487915039,TP
MAT_0420,304,8d83b97,2026-10-07T14:44:50.160317+00:00,True,-0.155417950406912,0.15616347722257978,0.14770011087441842,2.08789397399223,True,0.0003753873968845557,0.5967617034912109,TP
MAT_0421,304,8d83b97,2026-10-07T14:44:50.160552+00:00,True,0.2360679229189459,0.0711081928654816,0.07407025964889108,-1.7934691999057462,True,0.0003837455913097037,0.20813941955566406,TP
MAT_0422,304,8d83b97,2026-10-07T14:44:50.161343+00:00,True,-0.08248409261955209,0.16046960389861345,0.22136550503322616,2.075268509981877,True,0.00035148805467193273,0.7638931274414062,TP
MAT_0423,304,8d83b97,2026-10-07T14:44:50.161585+00:00,True,-0.11603920823405325,-0.2024382563586728,0.05730391876384326,-0.5749080037018481,True,0.00036910651229533957,0.21409988403320312,TP
MAT_0424,304,8d83b97,2026-10-07T14:44:50.162008+00:00,True,-0.17720236427836206,-0.1259557350455851,0.19555415900775214,0.0731789966711116,True,0.000366205774458852,0.39577484130859375,TP
MAT_0425,304,8d83b97,2026-10-07T14:44:50.162798+00:00,True,-0.01957392456900132,0.15786278397340636,0.23034528274377028,0.16694185980867837,True,0.00034320556996397035,0.762939453125,TP
MAT_0426,304,8d83b97,2026-10-07T14:44:50.163606+00:00,True,0.07524184885520105,-0.008291173677781993,0.2975954072532657,2.3530347681686514,True,0.00038424754315898664,0.7810592651367188,TP
MAT_0427,304,8d83b97,2026-10-07T14:44:50.164403+00:00,True,-0.005431392246415395,0.0029534955086094328,0.2739566202983468,3.227596332079754,True,0.0007894664157640782,0.7691383361816406,TP
MAT_0428,304,8d83b97,2026-10-07T14:44:50.164814+00:00,True,0.08522168869544791,-0.07638882551842961,0.29449741557022024,-1.4152886267816958,True,0.0003841644951953678,0.3848075866699219,TP
MAT_0429,304,8d83b97,2026-10-07T14:44:50.165434+00:00,True,0.09907732165582173,0.17202700118270314,0.17811112180737368,1.36922995785765,True,0.00037033160751619295,0.5917549133300781,TP
MAT_0430,304,8d83b97,2026-10-07T14:44:50.166230+00:00,True,0.052441529873071234,0.15234322506678494,0.24257550915216897,-0.9575140511866598,True,0.000356085820671799,0.7677078247070312,TP
MAT_0431,304,8d83b97,2026-10-07T14:44:50.167159+00:00,True,-0.00691718372999379,0.011361260715124683,0.31277425965734457,1.8046232847957826,True,0.0006560845693662713,0.9012222290039062,TP
MAT_0432,304,8d83b97,2026-10-07T14:44:50.167579+00:00,True,-0.17003225000927685,0.14119914835743957,0.20711320381289336,0.18794106067551308,True,0.0003758280322402541,0.3921985626220703,TP
MAT_0433,304,8d83b97,2026-10-07T14:44:50.168003+00:00,True,0.002555914690194061,-0.018955130117345675,0.2523608915990192,3.1581200452501976,True,0.0007964608476290319,0.39649009704589844,TP
MAT_0434,304,8d83b97,2026-10-07T14:44:50.168792+00:00,True,-0.016737133515078963,0.0005153119360463108,0.3045310545321637,2.0270748114719472,True,0.0006101807040818403,0.7617473602294922,TP
MAT_0435,304,8d83b97,2026-10-07T14:44:50.169212+00:00,True,-0.07608589100636529,-0.2152147794639439,0.19843856760497036,-1.67420169749815,True,0.0003707224375872616,0.3933906555175781,TP
MAT_0436,304,8d83b97,2026-10-07T14:44:50.170003+00:00,True,-4.452222146276649e-05,-0.05644793058628447,0.26287376887682384,-0.5126032949869319,True,0.00034796176181932907,0.7643699645996094,TP
MAT_0437,304,8d83b97,2026-10-07T14:44:50.170421+00:00,True,0.047395108373686684,-0.08668476128875627,0.22919557677012775,-2.7033910204357,True,0.0003261704771720365,0.3905296325683594,TP
MAT_0438,304,8d83b97,2026-10-07T14:44:50.170657+00:00,True,-0.0005179940534695152,-0.1620760692938834,0.15188252487602102,-1.4548889512954335,True,0.00032022537739554585,0.2067089080810547,TP
MAT_0439,304,8d83b97,2026-10-07T14:44:50.171085+00:00,True,0.06694850689409156,-0.18844006339873245,0.1408486625654166,-1.5529058293102627,True,0.00035589254245067754,0.4012584686279297,TP
MAT_0440,304,8d83b97,2026-10-07T14:44:50.171876+00:00,True,-0.05998491707812758,-0.11737206430060701,0.22776063442733757,2.363367560090583,True,0.000322989114306125,0.7622241973876953,TP
MAT_0441,304,8d83b97,2026-10-07T14:44:50.172484+00:00,True,0.014138652071890634,0.214262216035575,0.14719637565338484,0.8077107991619272,True,0.00037287596384308883,0.5805492401123047,TP
MAT_0442,304,8d83b97,2026-10-07T14:44:50.173095+00:00,True,-0.01713214548340182,-0.228876202750043,0.10858652540986868,0.6521013715857832,True,0.00036102927019963525,0.5829334259033203,TP
MAT_0443,304,8d83b97,2026-10-07T14:44:50.173887+00:00,True,0.003084619021461746,0.08289459840365813,0.28321411649801426,1.374954052296495,True,0.0003656673088122093,0.7641315460205078,TP
MAT_0444,304,8d83b97,2026-10-07T14:44:50.174316+00:00,True,-0.10939294417879143,0.12063629078058768,0.19302156920172656,2.5833396606274057,True,0.00034019503220543407,0.3998279571533203,TP
MAT_0445,304,8d83b97,2026-10-07T14:44:50.175106+00:00,True,0.07284056019109716,-0.06653549364842973,0.29477768625294726,1.0258578904641213,True,0.00038093328472705386,0.762939453125,TP
MAT_0446,304,8d83b97,2026-10-07T14:44:50.175890+00:00,True,-0.021526044473686112,-0.014122242261008403,0.31002367168325984,0.770415724078229,True,0.0005178254907240435,0.7562637329101562,TP
MAT_0447,304,8d83b97,2026-10-07T14:44:50.176305+00:00,True,-0.04667071232838921,0.1324856526841276,0.28723554498725895,-1.0897951420414242,True,0.00038313171122798426,0.38886070251464844,TP
MAT_0448,304,8d83b97,2026-10-07T14:44:50.176540+00:00,True,0.11738387792430927,0.015468395633334303,0.20566058073813764,-2.678371303580156,True,0.0003182265213146451,0.2079010009765625,TP
MAT_0449,304,8d83b97,2026-10-07T14:44:50.176775+00:00,True,0.06448370619028518,-0.1552271831010617,0.035476603908583634,-0.9119583083525824,True,0.0003186960095775606,0.20837783813476562,TP
MAT_0450,304,8d83b97,2026-10-07T14:44:50.177568+00:00,True,-0.025311344869399212,0.17018374087038857,0.22354267903878244,2.6209302673788137,True,0.0003473537890473772,0.7646083831787109,TP
MAT_0451,304,8d83b97,2026-10-07T14:44:50.177995+00:00,True,0.13635691453793636,-0.1612211460047468,0.09057188642153267,-0.23609518446103495,True,0.0003601088101486186,0.3986358642578125,TP
MAT_0452,304,8d83b97,2026-10-07T14:44:50.178788+00:00,True,0.10282885711638848,0.058866851744870496,0.28487801977674454,-0.1194283398605368,True,0.0003752157582741548,0.7662773132324219,TP
MAT_0453,304,8d83b97,2026-10-07T14:44:50.179215+00:00,True,-0.15433415088993313,-0.026578798215442036,0.18756949788606134,-1.6496006579444187,True,0.000330345516406479,0.3991127014160156,TP
MAT_0454,304,8d83b97,2026-10-07T14:44:50.180003+00:00,True,0.0093084932839477,-0.001918064633771547,0.3195392739082137,0.3859533257450576,True,0.0006560283163841031,0.7598400115966797,TP
MAT_0455,304,8d83b97,2026-10-07T14:44:50.180789+00:00,True,-0.1668467411094476,-0.005688224399292279,0.22182180069177465,-3.0544309191938828,True,0.0003398677121649115,0.759124755859375,TP
MAT_0456,304,8d83b97,2026-10-07T14:44:50.181574+00:00,True,-0.1573077652630011,0.026946229376198078,0.23095018739693268,-2.3326685793480215,True,0.0003419596748771371,0.7581710815429688,TP
MAT_0457,304,8d83b97,2026-10-07T14:44:50.182370+00:00,True,0.10925706454003742,-0.0744748707135059,0.24883992172032074,2.2838927060940235,True,0.0003446152952701873,0.7672309875488281,TP
MAT_0458,304,8d83b97,2026-10-07T14:44:50.183158+00:00,True,-0.03203568956062437,0.015071893072951703,0.28179395356761267,-1.5200553750116648,True,0.00041512313103384045,0.7607936859130859,TP
MAT_0459,304,8d83b97,2026-10-07T14:44:50.183948+00:00,True,-0.03591627990219004,-0.04662097228376666,0.30987112888828394,-0.39036528321966424,True,0.0004133422911411297,0.7631778717041016,TP
MAT_0460,304,8d83b97,2026-10-07T14:44:50.184373+00:00,True,0.15982241940433278,-0.10861783337222845,-0.003541407359519924,1.1919648460052885,True,0.0003591725302929837,0.3972053527832031,TP
MAT_0461,304,8d83b97,2026-10-07T14:44:50.185163+00:00,True,-0.002673470295192856,-0.050661940717415824,0.2864748319416747,-1.1127983976770857,True,0.0003853515769536746,0.7627010345458984,TP
MAT_0462,304,8d83b97,2026-10-07T14:44:50.185583+00:00,True,-0.1774880568476097,0.08026818392729429,0.1321532832102296,-1.6731730515957601,True,0.0003431061480907006,0.39267539978027344,TP
MAT_0463,304,8d83b97,2026-10-07T14:44:50.186019+00:00,True,0.06684828262592782,-0.18930333029154883,0.1333255598805236,-0.5543410738270629,True,0.0003544715084915778,0.4076957702636719,TP
MAT_0464,304,8d83b97,2026-10-07T14:44:50.186442+00:00,True,0.18539866649694448,-0.022419010947786238,0.14759316234953357,1.4063437954748488,True,0.0003465016620903309,0.39577484130859375,TP
MAT_0465,304,8d83b97,2026-10-07T14:44:50.187231+00:00,True,0.03293149468906792,-0.031979791248079474,0.2574009507067899,-0.8936627405392217,True,0.0003472576300647689,0.7612705230712891,TP
MAT_0466,304,8d83b97,2026-10-07T14:44:50.187648+00:00,True,-0.024886090609597684,0.20520746304598753,0.23054305509429637,-0.7044505607048045,True,0.0003629545920089256,0.3905296325683594,TP
MAT_0467,304,8d83b97,2026-10-07T14:44:50.188442+00:00,True,0.0791053082607473,0.10320438211175172,0.21270701898032138,2.412976283385638,True,0.0003117020152871183,0.7672309875488281,TP
MAT_0468,304,8d83b97,2026-10-07T14:44:50.189048+00:00,True,0.12699477328999112,0.16348651560278132,0.18025505275829107,2.201906390654343,True,0.0003675286274494183,0.5791187286376953,TP
MAT_0469,304,8d83b97,2026-10-07T14:44:50.189468+00:00,True,0.006413078410488757,0.22063560466183346,0.11386952107184727,-0.28779200704985497,True,0.0003710914795951801,0.392913818359375,TP
MAT_0470,304,8d83b97,2026-10-07T14:44:50.190080+00:00,True,-0.18700278610424967,0.1064893935524509,0.17723134484398548,1.1706991986360784,True,0.0016900761042476925,0.5848407745361328,TP
MAT_0471,304,8d83b97,2026-10-07T14:44:50.190316+00:00,True,0.17587577622724582,0.17064207277767907,0.027832738840202258,0.20842435601923448,True,0.0003867004956876149,0.20933151245117188,TP
MAT_0472,304,8d83b97,2026-10-07T14:44:50.190731+00:00,True,0.06591314004310281,-0.11109125719312128,0.29339498860194946,-1.4676110937862685,True,0.00038283666020500986,0.38814544677734375,TP
MAT_0473,304,8d83b97,2026-10-07T14:44:50.191153+00:00,True,-0.1392364116808025,0.13142793594456176,0.22891545214762563,-3.13482322183632,True,0.00036558678433720076,0.39649009704589844,TP
MAT_0474,304,8d83b97,2026-10-07T14:44:50.191943+00:00,True,0.036144793045030696,0.029552099759342778,0.28852195717933693,1.9058575972318201,True,0.00038986862330022266,0.7624626159667969,TP
MAT_0475,304,8d83b97,2026-10-07T14:44:50.192367+00:00,True,0.09363627007185793,0.17297948769725655,0.21620837801782827,-3.5306446365844537,True,0.00036438224582755857,0.396728515625,TP
MAT_0476,304,8d83b97,2026-10-07T14:44:50.192788+00:00,True,-0.02089407904928451,0.219186528920333,0.1913778003018176,-2.9556628655569783,True,0.00036896596178291396,0.3933906555175781,TP
MAT_0477,304,8d83b97,2026-10-07T14:44:50.193578+00:00,True,0.04580087202031892,-0.07665424157124673,0.2990004060727087,-1.080196175286983,True,0.0003851201508546061,0.762939453125,TP
MAT_0478,304,8d83b97,2026-10-07T14:44:50.194373+00:00,True,-0.04121044393796211,-0.012097881039901991,0.28459520943907035,1.0310052243325347,True,0.00040009232234400333,0.766754150390625,TP
MAT_0479,304,8d83b97,2026-10-07T14:44:50.194787+00:00,True,0.1515093502937369,0.2045148655995472,0.10587233660410815,-2.819963952642464,True,0.0003688034549056074,0.3867149353027344,TP
MAT_0480,304,8d83b97,2026-10-07T14:44:50.195212+00:00,True,-0.03827598419287784,0.16532303870796544,-0.020426312170662847,1.8304086101528823,True,0.0003407787217683631,0.39696693420410156,TP
MAT_0481,304,8d83b97,2026-10-07T14:44:50.195998+00:00,True,-0.014071307567416945,0.04765391699148868,0.25239385879377163,-1.521368863299416,True,0.00034031180279483954,0.7586479187011719,TP
MAT_0482,304,8d83b97,2026-10-07T14:44:50.196410+00:00,True,0.10860851637604266,0.02168987108998567,0.30039334309847565,-0.8462381757580046,True,0.0003882198656480532,0.38623809814453125,TP
MAT_0483,304,8d83b97,2026-10-07T14:44:50.249929+00:00,True,0.04632157927175244,0.001191013452319951,0.3215277550200103,-1.207890269661952,True,0.0004290637403896654,53.485870361328125,TP
MAT_0484,304,8d83b97,2026-10-07T14:44:50.250381+00:00,True,0.04187684097484291,0.2524720575684051,0.10805993273409076,-2.073981502871052,True,0.00036614928366228037,0.4112720489501953,TP
MAT_0485,304,8d83b97,2026-10-07T14:44:50.250812+00:00,True,0.1513520415983619,-0.14552862510781228,0.10128306281810093,-0.7805015365880634,True,0.0003599377711723696,0.4010200500488281,TP
MAT_0486,304,8d83b97,2026-10-07T14:44:50.251780+00:00,True,0.0035012784602639208,-0.002008884156215418,0.26015445267426796,1.7810515166168295,True,0.0006216528995605556,0.9393692016601562,TP
MAT_0487,304,8d83b97,2026-10-07T14:44:50.252589+00:00,True,0.09352263626103673,-0.07762654765940644,0.2694906678100181,1.1746822922476092,True,0.00035975903095458375,0.7805824279785156,TP
MAT_0488,304,8d83b97,2026-10-07T14:44:50.253082+00:00,True,0.0003914513608104563,0.18100302050042189,0.2571269654507023,-0.1535643621402415,True,0.0003760448703856878,0.4646778106689453,TP
MAT_0489,304,8d83b97,2026-10-07T14:44:50.253336+00:00,True,-0.16369751544255595,0.05066860822178852,0.099292370501619,-1.8892521167452,True,0.0003125007653348102,0.2231597900390625,TP
MAT_0490,304,8d83b97,2026-10-07T14:44:50.254198+00:00,True,-0.004037361452484709,-0.0039751497989644405,0.2906871332611824,0.6964699227894224,True,0.0008164732873408164,0.8304119110107422,TP
MAT_0491,304,8d83b97,2026-10-07T14:44:50.254627+00:00,True,-0.1984277564942524,-0.06138215786706386,0.03183098347795983,1.3592140191134172,True,0.0003558784091522793,0.3991127014160156,TP
MAT_0492,304,8d83b97,2026-10-07T14:44:50.255450+00:00,True,-0.01803295906393066,0.0026994176816809642,0.3122752757390211,-0.6400972709533033,True,0.0006069754794361742,0.7958412170410156,TP
MAT_0493,304,8d83b97,2026-10-07T14:44:50.255871+00:00,True,-0.13234162595201449,-0.006556184098569251,0.2944371321505987,-1.6199459136019017,True,0.0003831628610929432,0.39267539978027344,TP
MAT_0494,304,8d83b97,2026-10-07T14:44:50.256716+00:00,True,-0.0402677572570308,-0.0022526429406044303,0.3180804509727587,-2.107177787253921,True,0.000464582784159179,0.8151531219482422,TP
MAT_0495,304,8d83b97,2026-10-07T14:44:50.283966+00:00,True,-0.00987741318769653,-0.08904395940385144,0.23584401136126298,-2.1837861855662526,True,0.0003287387823713424,27.211427688598633,TP
MAT_0496,304,8d83b97,2026-10-07T14:44:50.284770+00:00,True,-0.06070579286116254,0.05633238538407705,0.2677663071721933,1.2548451784476977,True,0.00034731268414424664,0.7693767547607422,TP
MAT_0497,304,8d83b97,2026-10-07T14:44:50.339569+00:00,True,0.06148674553773914,0.04177849011226903,0.31273558800640716,-0.9859817217626103,True,0.00040352848731210425,54.7637939453125,TP
MAT_0498,304,8d83b97,2026-10-07T14:44:50.340023+00:00,True,0.18419612197378893,0.11195237498070387,0.030113556408274206,1.187379395278882,True,0.00037171375069006195,0.4131793975830078,TP
MAT_0499,304,8d83b97,2026-10-07T14:44:50.340447+00:00,True,-0.16740369924379775,0.041298785438522445,0.2675912282128446,-1.2641239792551116,True,0.000377502056063534,0.392913818359375,TP
MAT_0500,304,8d83b97,2026-10-07T14:44:50.713621+00:00,False,0.13964861037264498,-0.2918335966795862,0.350245033899341,0.0,False,nan,373.14581871032715,TN
MAT_0501,304,8d83b97,2026-10-07T14:44:51.083568+00:00,False,0.22764767451929996,0.19689748251224287,0.20596529052333723,0.0,False,nan,369.9204921722412,TN
MAT_0502,304,8d83b97,2026-10-07T14:44:51.453600+00:00,False,0.1846645006412675,0.21989006471550693,0.31642461592281446,0.0,False,nan,370.00322341918945,TN
MAT_0503,304,8d83b97,2026-10-07T14:44:51.823382+00:00,False,-0.27080588603855527,-0.24457982580540905,-0.011171511866442635,0.0,False,nan,369.7547912597656,TN
MAT_0504,304,8d83b97,2026-10-07T14:44:52.191842+00:00,False,0.21793634513207222,-0.2929756840946122,-0.03838421074546543,0.0,False,nan,368.43276023864746,TN
MAT_0505,304,8d83b97,2026-10-07T14:44:52.561143+00:00,False,-0.29562896214708917,0.09524578932547889,-0.04739771282008469,0.0,False,nan,369.2762851715088,TN
MAT_0506,304,8d83b97,2026-10-07T14:44:52.930611+00:00,False,0.1374621239475795,-0.016561875283271743,0.3683084564056804,0.0,False,nan,369.44007873535156,TN
MAT_0507,304,8d83b97,2026-10-07T14:44:53.301260+00:00,False,0.2669278382543981,0.11068745160740762,0.11822115783067577,0.0,False,nan,370.62621116638184,TN
MAT_0508,304,8d83b97,2026-10-07T14:44:53.671316+00:00,False,0.08602378892698509,-0.28300670977428116,0.10042149503633285,0.0,False,nan,370.025634765625,TN
MAT_0509,304,8d83b97,2026-10-07T14:44:54.040694+00:00,False,-0.30302968803606,-0.3059336578845112,0.2207616239825958,0.0,False,nan,369.3501949310303,TN
MAT_0510,304,8d83b97,2026-10-07T14:44:54.408914+00:00,False,0.06367878406596061,0.2714213715867945,0.32337766382122946,0.0,False,nan,368.1943416595459,TN
MAT_0511,304,8d83b97,2026-10-07T14:44:54.780341+00:00,False,0.24230159699349324,0.19483485979097598,0.1014800702370669,0.0,False,nan,371.4010715484619,TN
MAT_0512,304,8d83b97,2026-10-07T14:44:55.151651+00:00,False,-0.3034836375575598,0.01853148947926392,0.31412330813088507,0.0,False,nan,371.28305435180664,TN
MAT_0513,304,8d83b97,2026-10-07T14:44:55.522610+00:00,False,-0.07152888855012193,-0.30088851495975527,-0.0190579312646771,0.0,False,nan,370.9301948547363,TN
MAT_0514,304,8d83b97,2026-10-07T14:44:55.894303+00:00,False,0.26717693788524827,-0.26227135060963264,0.06926816631893853,0.0,False,nan,371.66452407836914,TN
MAT_0515,304,8d83b97,2026-10-07T14:44:56.268769+00:00,False,-0.25343341166081157,0.12432628871122908,0.036038254257044516,0.0,False,nan,374.4380474090576,TN
MAT_0516,304,8d83b97,2026-10-07T14:44:56.638002+00:00,False,-0.17298823449255094,0.2788412274965965,0.08298389937661924,0.0,False,nan,369.2054748535156,TN
MAT_0517,304,8d83b97,2026-10-07T14:44:57.007785+00:00,False,-0.06860809368114343,-0.26817461396019215,0.25359322758572533,0.0,False,nan,369.7526454925537,TN
MAT_0518,304,8d83b97,2026-10-07T14:44:57.388171+00:00,False,-0.0406821239037225,0.0708415280016691,0.3361395477383723,0.0,False,nan,380.3572654724121,TN
MAT_0519,304,8d83b97,2026-10-07T14:44:57.763269+00:00,False,0.22943230292681943,0.15432730912420062,-0.08805367170625872,0.0,False,nan,375.07057189941406,TN
MAT_0520,304,8d83b97,2026-10-07T14:44:58.134110+00:00,False,0.1553371767820838,-0.25307283667521036,0.3516405322717334,0.0,False,nan,370.8062171936035,TN
MAT_0521,304,8d83b97,2026-10-07T14:44:58.503720+00:00,False,0.2356261297143451,0.28056871742210626,0.1583998356590835,0.0,False,nan,369.5805072784424,TN
MAT_0522,304,8d83b97,2026-10-07T14:44:58.872357+00:00,False,-0.13349985153352634,-0.2984699926308361,0.017026956031131094,0.0,False,nan,368.6072826385498,TN
MAT_0523,304,8d83b97,2026-10-07T14:44:59.241577+00:00,False,-0.3054531105141152,-0.04326840372034296,0.13019531377097762,0.0,False,nan,369.19188499450684,TN
MAT_0524,304,8d83b97,2026-10-07T14:44:59.612349+00:00,False,-0.20314901352190795,-0.3063477482793607,0.05215353510848911,0.0,False,nan,370.746374130249,TN
MAT_0525,304,8d83b97,2026-10-07T14:44:59.983657+00:00,False,0.26647936474647543,-0.28205767406833737,0.026946982900465766,0.0,False,nan,371.279239654541,TN
MAT_0526,304,8d83b97,2026-10-07T14:45:00.355427+00:00,False,0.13073932446243708,0.10336013003389449,0.3714579173477316,0.0,False,nan,371.7317581176758,TN
MAT_0527,304,8d83b97,2026-10-07T14:45:00.727980+00:00,False,0.3017873749699304,0.08026789843907933,0.05117266737621265,0.0,False,nan,372.5244998931885,TN
MAT_0528,304,8d83b97,2026-10-07T14:45:01.099480+00:00,False,-0.31155196937715435,0.04034296727482917,0.251325985813626,0.0,False,nan,371.46568298339844,TN
MAT_0529,304,8d83b97,2026-10-07T14:45:01.477519+00:00,False,-0.14888305987789122,0.23568718162160635,0.17171003449396643,0.0,False,nan,377.9866695404053,TN
MAT_0530,304,8d83b97,2026-10-07T14:45:01.851195+00:00,False,0.20621500433520662,-0.25381316832278317,0.2733098371679889,0.0,False,nan,373.5995292663574,TN
MAT_0531,304,8d83b97,2026-10-07T14:45:02.222814+00:00,False,-0.2978571243151158,-0.14622343232567592,0.08273551692650818,0.0,False,nan,371.5860843658447,TN
MAT_0532,304,8d83b97,2026-10-07T14:45:02.598567+00:00,False,0.24949744264176393,0.018371584104498906,0.37371417080920355,0.0,False,nan,375.7190704345703,TN
MAT_0533,304,8d83b97,2026-10-07T14:45:02.970301+00:00,False,0.2431017407010822,0.035515388919089064,-0.08251205871515123,0.0,False,nan,371.7012405395508,TN
MAT_0534,304,8d83b97,2026-10-07T14:45:03.345381+00:00,False,-0.2989044959843911,-0.06980623341253792,0.23506628556465609,0.0,False,nan,375.0491142272949,TN
MAT_0535,304,8d83b97,2026-10-07T14:45:03.722374+00:00,False,-0.07654513482553674,0.2920238602428697,0.29097375200961084,0.0,False,nan,376.9645690917969,TN
MAT_0536,304,8d83b97,2026-10-07T14:45:04.093811+00:00,False,0.28837445471145157,0.14151910630333053,-0.04942015425998048,0.0,False,nan,371.40488624572754,TN
MAT_0537,304,8d83b97,2026-10-07T14:45:04.464718+00:00,False,-0.1632000855451524,0.30162704933605294,0.17627892757513358,0.0,False,nan,370.8782196044922,TN
MAT_0538,304,8d83b97,2026-10-07T14:45:04.848383+00:00,False,0.26441872770262304,-0.2382443741640195,0.02069355824550903,0.0,False,nan,383.6376667022705,TN
MAT_0539,304,8d83b97,2026-10-07T14:45:05.222104+00:00,False,-0.21555420579313117,-0.28996193872403087,-0.06643274003580629,0.0,False,nan,373.69465827941895,TN
MAT_0540,304,8d83b97,2026-10-07T14:45:05.593561+00:00,False,-0.29734268073664905,-0.2568294188991043,-0.015601279832574422,0.0,False,nan,371.4282512664795,TN
MAT_0541,304,8d83b97,2026-10-07T14:45:05.964890+00:00,False,-0.21493211851286595,0.2949933226296511,0.013055574307798218,0.0,False,nan,371.29998207092285,TN
MAT_0542,304,8d83b97,2026-10-07T14:45:06.335640+00:00,False,0.273302552380629,0.06434029767388266,0.15009919440641023,0.0,False,nan,370.7163333892822,TN
MAT_0543,304,8d83b97,2026-10-07T14:45:06.706204+00:00,False,0.28867889691115395,-0.26764603526119585,0.03380986887769852,0.0,False,nan,370.53847312927246,TN
MAT_0544,304,8d83b97,2026-10-07T14:45:07.077191+00:00,False,0.26627425204965555,-0.18410236347886183,0.09222068550966162,0.0,False,nan,370.9595203399658,TN
MAT_0545,304,8d83b97,2026-10-07T14:45:07.447366+00:00,False,-0.30978670327434,0.006911894307002786,0.1596825700406339,0.0,False,nan,370.1488971710205,TN
MAT_0546,304,8d83b97,2026-10-07T14:45:07.819626+00:00,False,0.2715632881079518,-0.12363073092175644,0.031109996660631467,0.0,False,nan,372.2338676452637,TN
MAT_0547,304,8d83b97,2026-10-07T14:45:08.192229+00:00,False,-0.12695094487934833,0.23244143212978535,0.3622227299779644,0.0,False,nan,372.5728988647461,TN
MAT_0548,304,8d83b97,2026-10-07T14:45:08.565632+00:00,False,0.013687246299323219,0.3076397041296967,0.2523412133337973,0.0,False,nan,373.37422370910645,TN
MAT_0549,304,8d83b97,2026-10-07T14:45:08.939229+00:00,False,-0.19053737308445112,0.22634161673691394,0.08924097380485735,0.0,False,nan,373.5659122467041,TN
MAT_0550,304,8d83b97,2026-10-07T14:45:09.316667+00:00,False,0.13808427985810412,-0.2970616823309824,0.19578375484374266,0.0,False,nan,377.40612030029297,TN
MAT_0551,304,8d83b97,2026-10-07T14:45:09.694251+00:00,False,0.013606803983652771,0.27669955823636855,0.1580285773970393,0.0,False,nan,377.55608558654785,TN
MAT_0552,304,8d83b97,2026-10-07T14:45:10.067228+00:00,False,-0.26217250185449914,-0.1846755803169388,0.23414376771559087,0.0,False,nan,372.94745445251465,TN
MAT_0553,304,8d83b97,2026-10-07T14:45:10.440749+00:00,False,-0.14368503028277962,-0.02905177702352829,0.33805534699272843,0.0,False,nan,373.48222732543945,TN
MAT_0554,304,8d83b97,2026-10-07T14:45:10.814249+00:00,False,-0.15816762026855904,-0.24828482532316754,0.11708355829145448,0.0,False,nan,373.4457492828369,TN
MAT_0555,304,8d83b97,2026-10-07T14:45:11.186038+00:00,False,0.013475725371635328,0.0062037635663338975,0.3480924934884671,0.0,False,nan,371.75989151000977,TN
MAT_0556,304,8d83b97,2026-10-07T14:45:11.559541+00:00,False,0.2294027824112435,0.2259026809091112,0.3001667145199245,0.0,False,nan,373.4734058380127,TN
MAT_0557,304,8d83b97,2026-10-07T14:45:11.935248+00:00,False,0.2885377730169239,0.253767546252095,-0.07891322141551244,0.0,False,nan,375.67615509033203,TN
MAT_0558,304,8d83b97,2026-10-07T14:45:12.312301+00:00,False,0.2840114191188365,0.19115617598552997,-0.05771086395631846,0.0,False,nan,377.02035903930664,TN
MAT_0559,304,8d83b97,2026-10-07T14:45:12.690367+00:00,False,-0.1603505790870948,0.07322210428967807,-0.08005710311802777,0.0,False,nan,378.0341148376465,TN
MAT_0560,304,8d83b97,2026-10-07T14:45:13.072565+00:00,False,-0.21320381604218366,0.29730237533369125,-0.03931238672199594,0.0,False,nan,382.16495513916016,TN
MAT_0561,304,8d83b97,2026-10-07T14:45:13.455091+00:00,False,0.2636392949319298,-0.08851458083830241,0.13237777328931705,0.0,False,nan,382.4944496154785,TN
MAT_0562,304,8d83b97,2026-10-07T14:45:13.826377+00:00,False,0.1732930478119023,0.27712771565455047,0.15112066783015798,0.0,False,nan,371.25492095947266,TN
MAT_0563,304,8d83b97,2026-10-07T14:45:14.198468+00:00,False,0.25130838674954686,0.2777771522314377,0.057541139582954565,0.0,False,nan,372.0591068267822,TN
MAT_0564,304,8d83b97,2026-10-07T14:45:14.571380+00:00,False,0.18179289457353776,0.3082278245188044,0.0017112396551329512,0.0,False,nan,372.88355827331543,TN
MAT_0565,304,8d83b97,2026-10-07T14:45:14.966028+00:00,False,-0.22091053409012218,0.25507422571603705,0.16019581223669765,0.0,False,nan,394.6185111999512,TN
MAT_0566,304,8d83b97,2026-10-07T14:45:15.352005+00:00,False,0.2803439088020498,-0.10237325621540241,-0.010167986508232724,0.0,False,nan,385.95056533813477,TN
MAT_0567,304,8d83b97,2026-10-07T14:45:15.732160+00:00,False,0.2530765445702003,-0.2709434375506547,0.011745418359945942,0.0,False,nan,380.1231384277344,TN
MAT_0568,304,8d83b97,2026-10-07T14:45:16.104685+00:00,False,0.1026087216272259,-0.12022040115315571,0.3504612018854707,0.0,False,nan,372.47467041015625,TN
MAT_0569,304,8d83b97,2026-10-07T14:45:16.478014+00:00,False,0.04040697620251549,0.2879990872114873,-0.030128918189611692,0.0,False,nan,373.2647895812988,TN
MAT_0570,304,8d83b97,2026-10-07T14:45:16.852064+00:00,False,-0.22151726581411596,0.0853282304300027,-0.06733200489544972,0.0,False,nan,374.01771545410156,TN
MAT_0571,304,8d83b97,2026-10-07T14:45:17.225493+00:00,False,-0.3066223757905665,0.008359180273944333,0.14698071474425226,0.0,False,nan,373.3999729156494,TN
MAT_0572,304,8d83b97,2026-10-07T14:45:17.598161+00:00,False,0.2533869613991541,-0.1581963360828464,0.10624255808991723,0.0,False,nan,372.6353645324707,TN
MAT_0573,304,8d83b97,2026-10-07T14:45:17.971092+00:00,False,0.28287545851588186,0.20546166919997372,0.02328534479341668,0.0,False,nan,372.90167808532715,TN
MAT_0574,304,8d83b97,2026-10-07T14:45:18.344377+00:00,False,-0.2833620714753901,-0.12349748340348504,-0.00668147601064166,0.0,False,nan,373.2438087463379,TN
MAT_0575,304,8d83b97,2026-10-07T14:45:18.722394+00:00,False,0.2944942048385129,0.17826091582109616,0.11177617749076582,0.0,False,nan,377.960205078125,TN
MAT_0576,304,8d83b97,2026-10-07T14:45:19.096486+00:00,False,-0.28465161422295854,0.09260223213278285,-0.06119875025570858,0.0,False,nan,374.0575313568115,TN
MAT_0577,304,8d83b97,2026-10-07T14:45:19.471723+00:00,False,0.2991689613072975,-0.15164345375866892,0.2464463904225202,0.0,False,nan,375.20432472229004,TN
MAT_0578,304,8d83b97,2026-10-07T14:45:19.848351+00:00,False,0.29885669480290317,0.193015444848118,0.12365739722124666,0.0,False,nan,376.59668922424316,TN
MAT_0579,304,8d83b97,2026-10-07T14:45:20.221169+00:00,False,0.19374278101345438,-0.23161994985535364,0.060001878641085415,0.0,False,nan,372.7731704711914,TN
MAT_0580,304,8d83b97,2026-10-07T14:45:20.592713+00:00,False,-0.26114439321478383,0.26465815155237854,0.2755044595382333,0.0,False,nan,371.50096893310547,TN
MAT_0581,304,8d83b97,2026-10-07T14:45:20.963803+00:00,False,0.18786812939743164,0.3048789251435265,0.34478386068748,0.0,False,nan,371.0365295410156,TN
MAT_0582,304,8d83b97,2026-10-07T14:45:21.335825+00:00,False,-0.17278188830877933,-0.2436819232918751,0.08777777480003793,0.0,False,nan,371.9909191131592,TN
MAT_0583,304,8d83b97,2026-10-07T14:45:21.709356+00:00,False,0.300393605942801,-0.03046053562886275,-0.07781097907561688,0.0,False,nan,373.5010623931885,TN
MAT_0584,304,8d83b97,2026-10-07T14:45:22.083676+00:00,False,0.050290977860192654,0.27709348493250535,0.19721833990177945,0.0,False,nan,374.2709159851074,TN
MAT_0585,304,8d83b97,2026-10-07T14:45:22.456063+00:00,False,0.17673424895923817,0.23412550936492033,0.2219563407719033,0.0,False,nan,372.3282814025879,TN
MAT_0586,304,8d83b97,2026-10-07T14:45:22.833285+00:00,False,0.2896104634832694,-0.2586026721585039,0.2091827555900077,0.0,False,nan,377.185583114624,TN
MAT_0587,304,8d83b97,2026-10-07T14:45:23.205035+00:00,False,0.13866123528633661,0.24346269241269575,0.3410683008713414,0.0,False,nan,371.7193603515625,TN
MAT_0588,304,8d83b97,2026-10-07T14:45:23.580169+00:00,False,-0.14729461341622568,0.27585313197034794,0.29676265529145884,0.0,False,nan,375.09965896606445,TN
MAT_0589,304,8d83b97,2026-10-07T14:45:23.960545+00:00,False,-0.2453580164230495,0.29131470666820586,-0.06881174872467671,0.0,False,nan,380.34510612487793,TN
MAT_0590,304,8d83b97,2026-10-07T14:45:24.335565+00:00,False,0.27305639809594345,-0.06042484083066202,0.3456912191026527,0.0,False,nan,374.9864101409912,TN
MAT_0591,304,8d83b97,2026-10-07T14:45:24.707752+00:00,False,-0.2537062674240789,0.21553739599143223,0.3743731752005975,0.0,False,nan,372.15423583984375,TN
MAT_0592,304,8d83b97,2026-10-07T14:45:25.080036+00:00,False,-0.2740928795040726,0.07533119528604304,0.28714634424534924,0.0,False,nan,372.2505569458008,TN
MAT_0593,304,8d83b97,2026-10-07T14:45:25.450667+00:00,False,-0.2810108666533975,-0.09836172568189785,0.21146354562279984,0.0,False,nan,370.5787658691406,TN
MAT_0594,304,8d83b97,2026-10-07T14:45:25.821651+00:00,False,0.26236899328585533,0.15725772959440754,0.010876553650359028,0.0,False,nan,370.913028717041,TN
MAT_0595,304,8d83b97,2026-10-07T14:45:26.192450+00:00,False,-0.28045534703564,0.26860750999089394,0.12241368316167436,0.0,False,nan,370.7602024078369,TN
MAT_0596,304,8d83b97,2026-10-07T14:45:26.564281+00:00,False,-0.3000963733602622,0.06679618371530016,0.20432035307971746,0.0,False,nan,371.7801570892334,TN
MAT_0597,304,8d83b97,2026-10-07T14:45:26.937496+00:00,False,-0.287719898607759,-0.11334877399059679,0.16832407043530812,0.0,False,nan,373.1880187988281,TN
MAT_0598,304,8d83b97,2026-10-07T14:45:27.311260+00:00,False,0.1851900141443814,0.28949881848987197,-0.005223533706323058,0.0,False,nan,373.72517585754395,TN
MAT_0599,304,8d83b97,2026-10-07T14:45:27.694443+00:00,False,0.03887114892559024,0.27536530160777123,0.18190447595065323,0.0,False,nan,383.12363624572754,TN
MAT_0600,304,8d83b97,2026-10-07T14:45:28.071046+00:00,False,0.27278789631947803,-0.005077743366515064,-0.07555763834996654,0.0,False,nan,376.54829025268555,TN
MAT_0601,304,8d83b97,2026-10-07T14:45:28.445213+00:00,False,-0.21894017433676938,0.16272223116569395,0.3609494099882525,0.0,False,nan,374.13716316223145,TN
MAT_0602,304,8d83b97,2026-10-07T14:45:28.829188+00:00,False,-0.2009772231367163,-0.01604478802051501,-0.09441421216408143,0.0,False,nan,383.9433193206787,TN
MAT_0603,304,8d83b97,2026-10-07T14:45:29.205567+00:00,False,0.270496374008155,0.2619861569094793,0.2925085435253157,0.0,False,nan,376.34873390197754,TN
MAT_0604,304,8d83b97,2026-10-07T14:45:29.579403+00:00,False,0.2818041656799745,-0.23752824266566658,0.2762373708544186,0.0,False,nan,373.80528450012207,TN
MAT_0605,304,8d83b97,2026-10-07T14:45:29.953185+00:00,False,0.2924268952481153,-0.21848928346170254,0.17412852336734863,0.0,False,nan,373.7483024597168,TN
MAT_0606,304,8d83b97,2026-10-07T14:45:30.330651+00:00,False,0.2734898712979859,0.06894823970292435,0.06608274132887346,0.0,False,nan,377.43210792541504,TN
MAT_0607,304,8d83b97,2026-10-07T14:45:30.703381+00:00,False,0.10577173066875079,-0.2572159540114888,0.24623852042681177,0.0,False,nan,372.694730758667,TN
MAT_0608,304,8d83b97,2026-10-07T14:45:31.076396+00:00,False,0.20762066405616247,0.09175227752214993,0.35928539412946725,0.0,False,nan,372.9867935180664,TN
MAT_0609,304,8d83b97,2026-10-07T14:45:31.449693+00:00,False,-0.1611457452687856,0.20804659358348615,-0.0789182325552878,0.0,False,nan,373.2643127441406,TN
MAT_0610,304,8d83b97,2026-10-07T14:45:31.823324+00:00,False,0.19435818295973856,0.24558891616488981,0.37194386189312606,0.0,False,nan,373.5966682434082,TN
MAT_0611,304,8d83b97,2026-10-07T14:45:32.195464+00:00,False,0.1420069820183334,-0.26176999875232887,0.10763459277952189,0.0,False,nan,372.1120357513428,TN
MAT_0612,304,8d83b97,2026-10-07T14:45:32.570777+00:00,False,0.2846296820793834,0.09030416506306838,0.29858028567450134,0.0,False,nan,375.28514862060547,TN
MAT_0613,304,8d83b97,2026-10-07T14:45:32.946375+00:00,False,0.29180953435467055,-0.2202226688905382,-0.06907891232868002,0.0,False,nan,375.568151473999,TN
MAT_0614,304,8d83b97,2026-10-07T14:45:33.323084+00:00,False,-0.26416565203708203,-0.16985585904948694,0.32297211566144096,0.0,False,nan,376.6777515411377,TN
MAT_0615,304,8d83b97,2026-10-07T14:45:33.694732+00:00,False,-0.18076720072338848,-0.25498166110786485,0.007623622820279341,0.0,False,nan,371.61779403686523,TN
MAT_0616,304,8d83b97,2026-10-07T14:45:34.066760+00:00,False,0.21665098860537207,0.1327783899928654,0.35531257819689743,0.0,False,nan,371.98567390441895,TN
MAT_0617,304,8d83b97,2026-10-07T14:45:34.439970+00:00,False,-0.20123205345650688,-0.21949324885564375,-0.0024349189189110526,0.0,False,nan,373.154878616333,TN
MAT_0618,304,8d83b97,2026-10-07T14:45:34.814105+00:00,False,0.06209311676106277,0.18979849022746115,0.3518690195756011,0.0,False,nan,374.1028308868408,TN
MAT_0619,304,8d83b97,2026-10-07T14:45:35.189783+00:00,False,-0.010983178745330724,0.2762231399109693,0.21817728890538007,0.0,False,nan,375.64659118652344,TN
MAT_0620,304,8d83b97,2026-10-07T14:45:35.564851+00:00,False,-0.1574889909724262,0.22702549526995447,0.26527724373138184,0.0,False,nan,375.03767013549805,TN
MAT_0621,304,8d83b97,2026-10-07T14:45:35.969681+00:00,False,0.11876794237390409,0.05117212678641181,0.3514872445424577,0.0,False,nan,404.8001766204834,TN
MAT_0622,304,8d83b97,2026-10-07T14:45:36.349926+00:00,False,-0.29847993882691354,0.02806425923084821,0.22954360087221692,0.0,False,nan,380.2056312561035,TN
MAT_0623,304,8d83b97,2026-10-07T14:45:36.721483+00:00,False,-0.15495363138258467,-0.007668933103209485,-0.08466548413206264,0.0,False,nan,371.5240955352783,TN
MAT_0624,304,8d83b97,2026-10-07T14:45:37.093334+00:00,False,0.00048825604271612866,-0.15249836120031693,0.3575137700801091,0.0,False,nan,371.81854248046875,TN
MAT_0625,304,8d83b97,2026-10-07T14:45:37.465517+00:00,False,0.15776431239458033,-0.14430729799602454,-0.0932293911479856,0.0,False,nan,372.15256690979004,TN
MAT_0626,304,8d83b97,2026-10-07T14:45:37.838067+00:00,False,0.24097202290080094,0.25484147568666754,0.229811701832709,0.0,False,nan,372.51877784729004,TN
MAT_0627,304,8d83b97,2026-10-07T14:45:38.211153+00:00,False,-0.2729596469892486,0.25913168656117386,0.017660219977306116,0.0,False,nan,373.05736541748047,TN
MAT_0628,304,8d83b97,2026-10-07T14:45:38.583222+00:00,False,-0.31086102960087403,0.2823436555217346,0.35957721173204926,0.0,False,nan,372.02930450439453,TN
MAT_0629,304,8d83b97,2026-10-07T14:45:38.954834+00:00,False,-0.25320403165540517,0.12243022769726403,-0.03634558745433271,0.0,False,nan,371.55818939208984,TN
MAT_0630,304,8d83b97,2026-10-07T14:45:39.325922+00:00,False,0.2652662074639521,-0.14425159271313112,0.20172403299833036,0.0,False,nan,371.04225158691406,TN
MAT_0631,304,8d83b97,2026-10-07T14:45:39.698789+00:00,False,0.21335231614116573,-0.3007379744602928,0.23531588111795587,0.0,False,nan,372.79653549194336,TN
MAT_0632,304,8d83b97,2026-10-07T14:45:40.070688+00:00,False,0.09882873497340294,-0.26982535627025533,0.05400554695066534,0.0,False,nan,371.86670303344727,TN
MAT_0633,304,8d83b97,2026-10-07T14:45:40.442057+00:00,False,0.1976057739722587,-0.2940548180304315,0.11671852598407884,0.0,False,nan,371.33216857910156,TN
MAT_0634,304,8d83b97,2026-10-07T14:45:40.814044+00:00,False,-0.26585694036789637,0.24130693726293312,0.10669985609665039,0.0,False,nan,371.95491790771484,TN
MAT_0635,304,8d83b97,2026-10-07T14:45:41.185620+00:00,False,-0.03837428540352544,0.19463448647726095,-0.08084422529563297,0.0,False,nan,371.5472221374512,TN
MAT_0636,304,8d83b97,2026-10-07T14:45:41.558864+00:00,False,0.2432355272106161,0.24589200165738395,0.3556952184497715,0.0,False,nan,373.2142448425293,TN
MAT_0637,304,8d83b97,2026-10-07T14:45:41.931175+00:00,False,-0.030097821490634225,-0.30026394030981746,0.3376370543998704,0.0,False,nan,372.2801208496094,TN
MAT_0638,304,8d83b97,2026-10-07T14:45:42.301948+00:00,False,0.17405747855614662,0.23508810131720242,0.13278729115326918,0.0,False,nan,370.7425594329834,TN
MAT_0639,304,8d83b97,2026-10-07T14:45:42.673430+00:00,False,-0.14017453443272246,0.3036791157855386,-0.06537610803207236,0.0,False,nan,371.4437484741211,TN
MAT_0640,304,8d83b97,2026-10-07T14:45:43.044996+00:00,False,0.1767910197671942,0.24965375432655385,-0.08854520503774532,0.0,False,nan,371.5322017669678,TN
MAT_0641,304,8d83b97,2026-10-07T14:45:43.418365+00:00,False,0.2674078628819339,0.05475811167105926,0.3604795906166813,0.0,False,nan,373.3339309692383,TN
MAT_0642,304,8d83b97,2026-10-07T14:45:43.791018+00:00,False,-0.02871637937532645,0.2908498068830449,0.11299718281972204,0.0,False,nan,372.6162910461426,TN
MAT_0643,304,8d83b97,2026-10-07T14:45:44.164678+00:00,False,-0.2512395965820199,-0.20294415044864875,0.17918001578396003,0.0,False,nan,373.6138343811035,TN
MAT_0644,304,8d83b97,2026-10-07T14:45:44.544543+00:00,False,0.08374679227382231,0.27979977335558864,0.12498308195286828,0.0,False,nan,379.82702255249023,TN
MAT_0645,304,8d83b97,2026-10-07T14:45:44.916274+00:00,False,-0.21017740375259722,0.04292904584977414,-0.07553362862657795,0.0,False,nan,371.6902732849121,TN
MAT_0646,304,8d83b97,2026-10-07T14:45:45.288736+00:00,False,0.13446752449975286,-0.009315799345981646,-0.06966478020245478,0.0,False,nan,372.43032455444336,TN
MAT_0647,304,8d83b97,2026-10-07T14:45:45.665165+00:00,False,-0.25424916947224874,0.19684414946160106,0.21986374505589695,0.0,False,nan,376.39880180358887,TN
MAT_0648,304,8d83b97,2026-10-07T14:45:46.053945+00:00,False,0.2840434439394815,-0.29684998931912426,0.04038965017348442,0.0,False,nan,388.7495994567871,TN
MAT_0649,304,8d83b97,2026-10-07T14:45:46.438944+00:00,False,0.13685032485973342,-0.29216399281448674,0.1124429409896481,0.0,False,nan,384.9656581878662,TN
MAT_0650,304,8d83b97,2026-10-07T14:45:46.811007+00:00,False,-0.28548356829497246,0.10639258194024953,0.28613601825849333,0.0,False,nan,372.0202445983887,TN
MAT_0651,304,8d83b97,2026-10-07T14:45:47.181339+00:00,False,-0.11271819312989387,0.049592183150667546,-0.09694944663477884,0.0,False,nan,370.30601501464844,TN
MAT_0652,304,8d83b97,2026-10-07T14:45:47.556660+00:00,False,0.27042891880680847,-0.09810489832621624,0.1085255829972259,0.0,False,nan,375.2913475036621,TN
MAT_0653,304,8d83b97,2026-10-07T14:45:47.931843+00:00,False,-0.22944081831548235,-0.15585352200871927,0.33028180483004327,0.0,False,nan,375.1485347747803,TN
MAT_0654,304,8d83b97,2026-10-07T14:45:48.304570+00:00,False,-0.2238548712965526,-0.07218764564051963,0.37432897061356535,0.0,False,nan,372.6818561553955,TN
MAT_0655,304,8d83b97,2026-10-07T14:45:48.681622+00:00,False,-0.17567036530469038,-0.22269175049159395,0.15299627879099936,0.0,False,nan,376.9798278808594,TN
MAT_0656,304,8d83b97,2026-10-07T14:45:49.053499+00:00,False,-0.2884038504741967,-0.15350809797137016,0.09029629758829971,0.0,False,nan,371.84715270996094,TN
MAT_0657,304,8d83b97,2026-10-07T14:45:49.424764+00:00,False,-0.1256973500410391,0.0894250299612811,-0.07266828971500763,0.0,False,nan,371.2353706359863,TN
MAT_0658,304,8d83b97,2026-10-07T14:45:49.797516+00:00,False,0.19013986694615242,-0.1207824882297941,0.35608905892161014,0.0,False,nan,372.7116584777832,TN
MAT_0659,304,8d83b97,2026-10-07T14:45:50.169494+00:00,False,0.18432221931312281,-0.2880462048415503,-0.043555162059048344,0.0,False,nan,371.9210624694824,TN
MAT_0660,304,8d83b97,2026-10-07T14:45:50.541161+00:00,False,0.016333274826531685,-0.2325596681339605,0.3439223602607865,0.0,False,nan,371.63567543029785,TN
MAT_0661,304,8d83b97,2026-10-07T14:45:50.912922+00:00,False,0.2758515510537704,0.17755070323073274,0.3044987190233813,0.0,False,nan,371.72865867614746,TN
MAT_0662,304,8d83b97,2026-10-07T14:45:51.285469+00:00,False,-0.26582245264446624,-0.11276532750848897,0.3395254138992797,0.0,False,nan,372.5111484527588,TN
MAT_0663,304,8d83b97,2026-10-07T14:45:51.664753+00:00,False,0.035692847600612976,-0.09517300538659915,0.361922853229461,0.0,False,nan,379.2424201965332,TN
MAT_0664,304,8d83b97,2026-10-07T14:45:52.037039+00:00,False,-0.29411648716685485,0.07859463247138437,0.12278537087135427,0.0,False,nan,372.2209930419922,TN
MAT_0665,304,8d83b97,2026-10-07T14:45:52.407458+00:00,False,0.040231352136449794,0.024957308404002287,-0.0828322120758549,0.0,False,nan,370.389461517334,TN
MAT_0666,304,8d83b97,2026-10-07T14:45:52.779149+00:00,False,0.021553112243990202,0.28604238927361986,0.1697514974386511,0.0,False,nan,371.66380882263184,TN
MAT_0667,304,8d83b97,2026-10-07T14:45:53.152593+00:00,False,-0.2775391891554239,0.17856968542980367,-0.06128834053850019,0.0,False,nan,373.41785430908203,TN
MAT_0668,304,8d83b97,2026-10-07T14:45:53.523395+00:00,False,0.251436237705943,0.12244190678699296,0.14606072146225993,0.0,False,nan,370.7714080810547,TN
MAT_0669,304,8d83b97,2026-10-07T14:45:53.896988+00:00,False,0.2431210922950196,-0.2923078552354068,0.023895830414596253,0.0,False,nan,373.5637664794922,TN
MAT_0670,304,8d83b97,2026-10-07T14:45:54.270711+00:00,False,0.21380532185298634,0.25447237708803055,0.10747493873313607,0.0,False,nan,373.6839294433594,TN
MAT_0671,304,8d83b97,2026-10-07T14:45:54.644158+00:00,False,0.2572131647045553,0.18683114101180076,0.3176288028762478,0.0,False,nan,373.41809272766113,TN
MAT_0672,304,8d83b97,2026-10-07T14:45:55.025858+00:00,False,-0.0761736368444032,-0.18538559010918582,-0.08909144161971733,0.0,False,nan,381.669282913208,TN
MAT_0673,304,8d83b97,2026-10-07T14:45:55.397166+00:00,False,0.14979930270808667,-0.2536269636823822,0.22643408195114284,0.0,False,nan,371.265172958374,TN
MAT_0674,304,8d83b97,2026-10-07T14:45:55.768945+00:00,False,0.2602790590116239,-0.2834553598213087,-0.09364463098128885,0.0,False,nan,371.72508239746094,TN
MAT_0675,304,8d83b97,2026-10-07T14:45:56.141528+00:00,False,-0.1715985485683286,0.24261336124516225,0.3701077903007043,0.0,False,nan,372.55048751831055,TN
MAT_0676,304,8d83b97,2026-10-07T14:45:56.513023+00:00,False,0.29205440396148946,0.24724402024857056,0.22929910109438334,0.0,False,nan,371.4632987976074,TN
MAT_0677,304,8d83b97,2026-10-07T14:45:56.888364+00:00,False,0.1541555860935086,0.0946924270838595,0.3368903091437362,0.0,False,nan,375.3054141998291,TN
MAT_0678,304,8d83b97,2026-10-07T14:45:57.261406+00:00,False,0.2246459446723607,0.21256279152618957,0.15011216654002996,0.0,False,nan,373.004674911499,TN
MAT_0679,304,8d83b97,2026-10-07T14:45:57.639597+00:00,False,0.18590927872787671,0.3031308213425367,0.24416695174571335,0.0,False,nan,378.1595230102539,TN
MAT_0680,304,8d83b97,2026-10-07T14:45:58.013672+00:00,False,0.2828513963679236,0.03373256471791902,0.307918674221771,0.0,False,nan,374.04489517211914,TN
MAT_0681,304,8d83b97,2026-10-07T14:45:58.385010+00:00,False,0.15130204540477799,-0.2537946403320698,0.2892468169936862,0.0,False,nan,371.307373046875,TN
MAT_0682,304,8d83b97,2026-10-07T14:45:58.757546+00:00,False,0.22380089405645925,-0.23412385387289247,0.16491692656690315,0.0,False,nan,372.50256538391113,TN
MAT_0683,304,8d83b97,2026-10-07T14:45:59.133310+00:00,False,0.26044908855706667,-0.25252376440974533,-0.05368835453325451,0.0,False,nan,375.72693824768066,TN
MAT_0684,304,8d83b97,2026-10-07T14:45:59.509198+00:00,False,0.21852282523386252,0.01785918210482801,0.364179058019355,0.0,False,nan,375.8351802825928,TN
MAT_0685,304,8d83b97,2026-10-07T14:45:59.887729+00:00,False,-0.12675317208615391,0.2580362781275541,0.18252392359525388,0.0,False,nan,378.50022315979004,TN
MAT_0686,304,8d83b97,2026-10-07T14:46:00.262516+00:00,False,0.08511077429794989,0.18417310148338534,-0.1016300796294669,0.0,False,nan,374.7560977935791,TN
MAT_0687,304,8d83b97,2026-10-07T14:46:00.638976+00:00,False,-0.03310859344517941,0.05320105549174725,0.35534944162124993,0.0,False,nan,376.42741203308105,TN
MAT_0688,304,8d83b97,2026-10-07T14:46:01.021306+00:00,False,0.27415028584432005,-0.07895866391447792,-0.06719779060728659,0.0,False,nan,382.29918479919434,TN
MAT_0689,304,8d83b97,2026-10-07T14:46:01.395759+00:00,False,-0.2779633511161845,-0.11455635381928811,0.0953518944713902,0.0,False,nan,374.4237422943115,TN
MAT_0690,304,8d83b97,2026-10-07T14:46:01.771805+00:00,False,0.21401527750353538,0.126529031860094,-0.0743597354109971,0.0,False,nan,376.01184844970703,TN
MAT_0691,304,8d83b97,2026-10-07T14:46:02.160357+00:00,False,0.04618420124458161,0.28047419739577756,-0.093723972713713,0.0,False,nan,388.5176181793213,TN
MAT_0692,304,8d83b97,2026-10-07T14:46:02.532140+00:00,False,-0.281427390102854,-0.07068656299950388,-0.05268065018653706,0.0,False,nan,371.74010276794434,TN
MAT_0693,304,8d83b97,2026-10-07T14:46:02.903519+00:00,False,0.19941876350487725,-0.2080132150688619,0.07213967965402052,0.0,False,nan,371.3250160217285,TN
MAT_0694,304,8d83b97,2026-10-07T14:46:03.277464+00:00,False,-0.11618987821039609,0.07200141166411622,0.3591621596094806,0.0,False,nan,373.90851974487305,TN
MAT_0695,304,8d83b97,2026-10-07T14:46:03.650892+00:00,False,0.29011885681496136,-0.2924232626096354,-0.0751983282076244,0.0,False,nan,373.37183952331543,TN
MAT_0696,304,8d83b97,2026-10-07T14:46:04.026521+00:00,False,-0.15659775984163748,-0.2634726592114707,0.020629175744369482,0.0,False,nan,375.5991458892822,TN
MAT_0697,304,8d83b97,2026-10-07T14:46:04.404343+00:00,False,-0.10671850045601697,-0.27415625569227303,0.05190414114291006,0.0,False,nan,377.7906894683838,TN
MAT_0698,304,8d83b97,2026-10-07T14:46:04.777806+00:00,False,0.011082177768736323,0.12695395513842522,-0.07409323628550601,0.0,False,nan,373.429536819458,TN
MAT_0699,304,8d83b97,2026-10-07T14:46:05.154256+00:00,False,0.11605294179209158,0.2661211431010974,0.3641569931998463,0.0,False,nan,376.4150142669678,TN
MAT_0700,304,8d83b97,2026-10-07T14:46:05.534748+00:00,False,0.1472916601766429,0.29688800784747577,0.2969060394120938,0.0,False,nan,380.4314136505127,TN
MAT_0701,304,8d83b97,2026-10-07T14:46:05.922496+00:00,False,0.20888931038291475,-0.23997579933476615,-0.04141269382485801,0.0,False,nan,387.70031929016113,TN
MAT_0702,304,8d83b97,2026-10-07T14:46:06.297703+00:00,False,0.11415898847279843,0.30378669726005997,0.04254155502306478,0.0,False,nan,375.1490116119385,TN
MAT_0703,304,8d83b97,2026-10-07T14:46:06.672590+00:00,False,0.16810241799941522,0.3056105886871619,0.26065310139128395,0.0,False,nan,374.84025955200195,TN
MAT_0704,304,8d83b97,2026-10-07T14:46:07.046166+00:00,False,0.23659590248900414,0.23244638371890686,-0.09424609605513191,0.0,False,nan,373.49843978881836,TN
MAT_0705,304,8d83b97,2026-10-07T14:46:07.419965+00:00,False,-0.2912523437999636,0.2775956612471265,0.31294985508413975,0.0,False,nan,373.74114990234375,TN
MAT_0706,304,8d83b97,2026-10-07T14:46:07.800294+00:00,False,0.2796056008885343,-0.17781299834826061,0.03283263222556276,0.0,False,nan,380.2964687347412,TN
MAT_0707,304,8d83b97,2026-10-07T14:46:08.181268+00:00,False,-0.1672914521236396,-0.22816654900699193,-0.07779403532552395,0.0,False,nan,380.94377517700195,TN
MAT_0708,304,8d83b97,2026-10-07T14:46:08.589658+00:00,False,0.10502940224069468,0.24342483707792267,0.34230229233426535,0.0,False,nan,408.3600044250488,TN
MAT_0709,304,8d83b97,2026-10-07T14:46:08.975472+00:00,False,0.1360168294803853,0.2888091047490006,0.34009545730235824,0.0,False,nan,385.7836723327637,TN
MAT_0710,304,8d83b97,2026-10-07T14:46:09.354285+00:00,False,-0.2436009406349498,0.19366325169013482,0.35508187772347294,0.0,False,nan,378.77726554870605,TN
MAT_0711,304,8d83b97,2026-10-07T14:46:09.738967+00:00,False,0.13294467079197403,-0.2510668525991352,-0.05344578421569098,0.0,False,nan,384.63473320007324,TN
MAT_0712,304,8d83b97,2026-10-07T14:46:10.117766+00:00,False,-0.28198832625132914,-0.05997199091838909,0.17949319117545198,0.0,False,nan,378.76248359680176,TN
MAT_0713,304,8d83b97,2026-10-07T14:46:10.493980+00:00,False,0.24078752466078218,0.08897872978485477,-0.08439664956110816,0.0,False,nan,376.1749267578125,TN
MAT_0714,304,8d83b97,2026-10-07T14:46:10.878408+00:00,False,-0.2503790853127795,-0.1728415604128175,0.06409514168922384,0.0,False,nan,384.39035415649414,TN
MAT_0715,304,8d83b97,2026-10-07T14:46:11.255302+00:00,False,-0.18763526181553786,0.2058077117241906,0.257575578496182,0.0,False,nan,376.861572265625,TN
MAT_0716,304,8d83b97,2026-10-07T14:46:11.630144+00:00,False,0.3010503604340206,-0.2502684209666101,-0.07612444549142516,0.0,False,nan,374.8059272766113,TN
MAT_0717,304,8d83b97,2026-10-07T14:46:12.008609+00:00,False,-0.27606061505165824,-0.2686446620674139,0.35597821109003935,0.0,False,nan,378.4337043762207,TN
MAT_0718,304,8d83b97,2026-10-07T14:46:12.396383+00:00,False,0.24252362465974947,-0.16607308941923854,0.10750264656820233,0.0,False,nan,387.7415657043457,TN
MAT_0719,304,8d83b97,2026-10-07T14:46:12.775722+00:00,False,-0.16260774551240342,-0.0994059685754696,0.3682725437803128,0.0,False,nan,379.3056011199951,TN
MAT_0720,304,8d83b97,2026-10-07T14:46:13.149979+00:00,False,-0.26300007156102423,0.20659077743772153,0.2900451663721132,0.0,False,nan,374.2237091064453,TN
MAT_0721,304,8d83b97,2026-10-07T14:46:13.526592+00:00,False,0.1853356354547746,0.29981762944421325,0.2708979563748542,0.0,False,nan,376.57761573791504,TN
MAT_0722,304,8d83b97,2026-10-07T14:46:13.903485+00:00,False,-0.23653949799670781,0.2815426231686647,0.316632377013525,0.0,False,nan,376.8606185913086,TN
MAT_0723,304,8d83b97,2026-10-07T14:46:14.293003+00:00,False,-0.08990201524352506,-0.19846141235327824,-0.08278682170550822,0.0,False,nan,389.48655128479004,TN
MAT_0724,304,8d83b97,2026-10-07T14:46:14.667118+00:00,False,0.2553361674838444,-0.30628626930626895,0.13007088672719988,0.0,False,nan,374.07779693603516,TN
MAT_0725,304,8d83b97,2026-10-07T14:46:15.040507+00:00,False,0.2591460575943963,0.03714771161123959,-0.0980148505053872,0.0,False,nan,373.35848808288574,TN
MAT_0726,304,8d83b97,2026-10-07T14:46:15.420406+00:00,False,-0.3009399402270811,-0.06050666273311864,0.3626558555863043,0.0,False,nan,379.8692226409912,TN
MAT_0727,304,8d83b97,2026-10-07T14:46:15.793291+00:00,False,0.30044915471264405,0.27133659535963645,0.17664322550358502,0.0,False,nan,372.852087020874,TN
MAT_0728,304,8d83b97,2026-10-07T14:46:16.167489+00:00,False,-0.20370489577256817,0.15819790166817127,-0.0700801977624376,0.0,False,nan,374.16815757751465,TN
MAT_0729,304,8d83b97,2026-10-07T14:46:16.542533+00:00,False,-0.2765079329091976,0.14499656709809855,0.1038564286403153,0.0,False,nan,375.0114440917969,TN
MAT_0730,304,8d83b97,2026-10-07T14:46:16.916336+00:00,False,0.28106754311896615,-0.11970337514638649,0.2984449685284086,0.0,False,nan,373.76880645751953,TN
MAT_0731,304,8d83b97,2026-10-07T14:46:17.294053+00:00,False,0.15386871397347407,-0.10608807351011779,-0.07611415101854388,0.0,False,nan,377.68101692199707,TN
MAT_0732,304,8d83b97,2026-10-07T14:46:17.668915+00:00,False,-0.23400999819706592,0.23828092539364326,0.3679726501728467,0.0,False,nan,374.8307228088379,TN
MAT_0733,304,8d83b97,2026-10-07T14:46:18.042643+00:00,False,0.2697834749358717,0.1856921991699365,0.35602630363020416,0.0,False,nan,373.69799613952637,TN
MAT_0734,304,8d83b97,2026-10-07T14:46:18.427269+00:00,False,0.234546353178744,-0.09201610694775622,-0.10175911042814173,0.0,False,nan,384.5963478088379,TN
MAT_0735,304,8d83b97,2026-10-07T14:46:18.825634+00:00,False,0.22727454156801025,0.28296707210299193,-0.08973993076285547,0.0,False,nan,398.334264755249,TN
MAT_0736,304,8d83b97,2026-10-07T14:46:19.200081+00:00,False,0.24394715495370584,-0.18069540149760782,0.029087725783059015,0.0,False,nan,374.41515922546387,TN
MAT_0737,304,8d83b97,2026-10-07T14:46:19.572702+00:00,False,0.09053356046602073,-0.2291623420890562,-0.07669996425681168,0.0,False,nan,372.591495513916,TN
MAT_0738,304,8d83b97,2026-10-07T14:46:19.945124+00:00,False,0.11366272546538853,-0.2846854497144154,0.020624570146017707,0.0,False,nan,372.38597869873047,TN
MAT_0739,304,8d83b97,2026-10-07T14:46:20.318145+00:00,False,-0.2347829455814829,-0.24382896974740792,0.250074654116983,0.0,False,nan,372.97844886779785,TN
MAT_0740,304,8d83b97,2026-10-07T14:46:20.692397+00:00,False,-0.30190522460219893,-0.11874701168996929,0.3021346721809846,0.0,False,nan,374.2227554321289,TN
MAT_0741,304,8d83b97,2026-10-07T14:46:21.066238+00:00,False,0.2808542184505523,0.02707021897238987,-0.06430146606020659,0.0,False,nan,373.8102912902832,TN
MAT_0742,304,8d83b97,2026-10-07T14:46:21.439170+00:00,False,0.19960707133606143,-0.2515536253449357,0.20024050509175007,0.0,False,nan,372.90143966674805,TN
MAT_0743,304,8d83b97,2026-10-07T14:46:21.813539+00:00,False,-0.23511012229458728,-0.25159614356197896,0.24001337771772485,0.0,False,nan,374.3419647216797,TN
MAT_0744,304,8d83b97,2026-10-07T14:46:22.188082+00:00,False,0.28018603574025275,0.17327830114961956,0.15542629748267262,0.0,False,nan,374.5119571685791,TN
MAT_0745,304,8d83b97,2026-10-07T14:46:22.571896+00:00,False,0.17813231461763668,-0.13253988292805394,0.35818920947448474,0.0,False,nan,383.78238677978516,TN
MAT_0746,304,8d83b97,2026-10-07T14:46:22.948016+00:00,False,0.2075764827037448,-0.2020219636004928,0.24655296741421473,0.0,False,nan,376.0852813720703,TN
MAT_0747,304,8d83b97,2026-10-07T14:46:23.320717+00:00,False,0.018323529217140477,-0.21293475414552437,0.36217447657038404,0.0,False,nan,372.6632595062256,TN
MAT_0748,304,8d83b97,2026-10-07T14:46:23.696887+00:00,False,-0.24962468186985493,0.07157944022869561,0.3661583387950672,0.0,False,nan,376.13677978515625,TN
MAT_0749,304,8d83b97,2026-10-07T14:46:24.078804+00:00,False,-0.07558752734660534,0.27038673063454693,0.17304803677499303,0.0,False,nan,381.8840980529785,TN
MAT_0750,304,8d83b97,2026-10-07T14:46:24.453457+00:00,False,0.07257594531921702,-0.2695863272746305,0.3151447256448518,0.0,False,nan,374.61018562316895,TN
MAT_0751,304,8d83b97,2026-10-07T14:46:24.827030+00:00,False,-0.13946646072080157,0.035420451758019555,-0.08879002961914627,0.0,False,nan,373.54183197021484,TN
MAT_0752,304,8d83b97,2026-10-07T14:46:25.201145+00:00,False,-0.2853925310229683,-0.18431773317617267,0.09595273649208089,0.0,False,nan,374.07732009887695,TN
MAT_0753,304,8d83b97,2026-10-07T14:46:25.573453+00:00,False,-0.27394679025652685,0.24965470788922645,-0.09640220851067956,0.0,False,nan,372.27821350097656,TN
MAT_0754,304,8d83b97,2026-10-07T14:46:25.950433+00:00,False,0.2277378704967637,-0.28211912743687395,-0.03898824426020457,0.0,False,nan,376.9497871398926,TN
MAT_0755,304,8d83b97,2026-10-07T14:46:26.344454+00:00,False,-0.26935744398972483,0.19646443670196884,0.2211257200309441,0.0,False,nan,393.9850330352783,TN
MAT_0756,304,8d83b97,2026-10-07T14:46:26.722505+00:00,False,-0.2657633807338942,0.2869730946504851,0.07956842252017593,0.0,False,nan,378.0186176300049,TN
MAT_0757,304,8d83b97,2026-10-07T14:46:27.094737+00:00,False,-0.12768469570473726,0.25179938876558167,0.3297011301618921,0.0,False,nan,372.19977378845215,TN
MAT_0758,304,8d83b97,2026-10-07T14:46:27.468292+00:00,False,0.24799407870200035,0.2853606139344865,0.009488069023472476,0.0,False,nan,373.5218048095703,TN
MAT_0759,304,8d83b97,2026-10-07T14:46:27.841479+00:00,False,-0.29765775596218125,0.25671985692469906,-0.08811119637537608,0.0,False,nan,373.1532096862793,TN
MAT_0760,304,8d83b97,2026-10-07T14:46:28.213460+00:00,False,0.2771244048655564,-0.0756103261380362,-0.052565234663215575,0.0,False,nan,371.9449043273926,TN
MAT_0761,304,8d83b97,2026-10-07T14:46:28.582901+00:00,False,0.1301064686386153,0.2562867808982143,-0.033195543698221,0.0,False,nan,369.3993091583252,TN
MAT_0762,304,8d83b97,2026-10-07T14:46:28.953664+00:00,False,-0.06608660765726868,0.07575441746033895,-0.07033712821484633,0.0,False,nan,370.7237243652344,TN
MAT_0763,304,8d83b97,2026-10-07T14:46:29.325122+00:00,False,-0.11441355868330061,0.1408527752990748,-0.09951153195109583,0.0,False,nan,371.4258670806885,TN
MAT_0764,304,8d83b97,2026-10-07T14:46:29.696170+00:00,False,0.24945240295679477,-0.3081504657275737,0.13423752486668555,0.0,False,nan,371.0188865661621,TN
MAT_0765,304,8d83b97,2026-10-07T14:46:30.067654+00:00,False,-0.270186151499508,-0.24501561923574142,0.015655352171870363,0.0,False,nan,371.45376205444336,TN
MAT_0766,304,8d83b97,2026-10-07T14:46:30.438166+00:00,False,-0.16534335893308783,0.10086120913594299,-0.06269549694960348,0.0,False,nan,370.4819679260254,TN
MAT_0767,304,8d83b97,2026-10-07T14:46:30.811859+00:00,False,-0.08166451254779716,0.2930635772155286,0.2668095832201048,0.0,False,nan,373.66366386413574,TN
MAT_0768,304,8d83b97,2026-10-07T14:46:31.181710+00:00,False,-0.14361833926405457,-0.206141768832933,0.3705670291060531,0.0,False,nan,369.8232173919678,TN
MAT_0769,304,8d83b97,2026-10-07T14:46:31.551829+00:00,False,-0.06795164958172933,0.2689981180416375,-0.05877173205143105,0.0,False,nan,370.09406089782715,TN
MAT_0770,304,8d83b97,2026-10-07T14:46:31.923158+00:00,False,0.2221399371524279,-0.052862831047144676,0.34037349359944646,0.0,False,nan,371.3054656982422,TN
MAT_0771,304,8d83b97,2026-10-07T14:46:32.296359+00:00,False,0.21761945728979087,-0.17380198271443428,-0.06787870514569795,0.0,False,nan,373.1696605682373,TN
MAT_0772,304,8d83b97,2026-10-07T14:46:32.669514+00:00,False,0.08659469895963401,-0.24477382374446455,0.36528571682751193,0.0,False,nan,373.1250762939453,TN
MAT_0773,304,8d83b97,2026-10-07T14:46:33.054650+00:00,False,-0.27055339873645307,0.1831007694270354,0.21135730141968057,0.0,False,nan,385.1046562194824,TN
MAT_0774,304,8d83b97,2026-10-07T14:46:33.432062+00:00,False,-0.29299810353869943,-0.2536050868477501,0.030653469278696915,0.0,False,nan,377.3791790008545,TN
MAT_0775,304,8d83b97,2026-10-07T14:46:33.808031+00:00,False,-0.24794630261306005,-0.29451107382985725,0.334646040101165,0.0,False,nan,375.9293556213379,TN
MAT_0776,304,8d83b97,2026-10-07T14:46:34.182815+00:00,False,0.30222758042767245,-0.06248670496658956,0.2690406311867417,0.0,False,nan,374.7422695159912,TN
MAT_0777,304,8d83b97,2026-10-07T14:46:34.557400+00:00,False,0.29001314034695086,-0.0011452643803841478,0.13844816941892688,0.0,False,nan,374.55201148986816,TN
MAT_0778,304,8d83b97,2026-10-07T14:46:34.930708+00:00,False,0.006028116673307271,-0.022644522649507115,0.3356950463591629,0.0,False,nan,373.26669692993164,TN
MAT_0779,304,8d83b97,2026-10-07T14:46:35.306960+00:00,False,-0.03932118658255368,0.01062859674623362,-0.06916207795222093,0.0,False,nan,376.21593475341797,TN
MAT_0780,304,8d83b97,2026-10-07T14:46:35.680923+00:00,False,-0.2239963951849346,0.22745743405157187,0.17664359820757042,0.0,False,nan,373.92425537109375,TN
MAT_0781,304,8d83b97,2026-10-07T14:46:36.054701+00:00,False,-0.19952721925792122,0.2592121092596839,0.09282770698691661,0.0,False,nan,373.720645904541,TN
MAT_0782,304,8d83b97,2026-10-07T14:46:36.427616+00:00,False,0.14134721414228313,0.24202035994562682,0.34122561465974127,0.0,False,nan,372.82514572143555,TN
MAT_0783,304,8d83b97,2026-10-07T14:46:36.807574+00:00,False,-0.27925523781215345,-0.28868691255964773,0.1409889024261879,0.0,False,nan,379.9288272857666,TN
MAT_0784,304,8d83b97,2026-10-07T14:46:37.184974+00:00,False,-0.21834716081765793,-0.19049136240346226,0.1541609124515952,0.0,False,nan,377.3689270019531,TN
MAT_0785,304,8d83b97,2026-10-07T14:46:37.558834+00:00,False,-0.02509785330750608,-0.2949401847594236,0.227583930389824,0.0,False,nan,373.8272190093994,TN
MAT_0786,304,8d83b97,2026-10-07T14:46:37.949564+00:00,False,-0.25472727400879036,-0.25031013463000656,-0.05195022770781084,0.0,False,nan,390.6979560852051,TN
MAT_0787,304,8d83b97,2026-10-07T14:46:38.344730+00:00,False,-0.24073752890812566,-0.28236222024712526,0.26152203109541555,0.0,False,nan,395.13611793518066,TN
MAT_0788,304,8d83b97,2026-10-07T14:46:38.725496+00:00,False,-0.0480518749976136,-0.20648861398385243,-0.07763122509843454,0.0,False,nan,380.7339668273926,TN
MAT_0789,304,8d83b97,2026-10-07T14:46:39.116814+00:00,False,-0.0511611140265516,-0.3029108080728785,0.12044776639585128,0.0,False,nan,391.28875732421875,TN
MAT_0790,304,8d83b97,2026-10-07T14:46:39.488822+00:00,False,0.29455956017839463,0.30594611666139,0.10844796010255248,0.0,False,nan,371.978759765625,TN
MAT_0791,304,8d83b97,2026-10-07T14:46:39.860924+00:00,False,0.3041315265374211,0.06342590475039889,0.3466354641398809,0.0,False,nan,372.0669746398926,TN
MAT_0792,304,8d83b97,2026-10-07T14:46:40.233477+00:00,False,-0.2507708088293052,-0.1297866181579028,-0.06846007578797511,0.0,False,nan,372.50709533691406,TN
MAT_0793,304,8d83b97,2026-10-07T14:46:40.608905+00:00,False,0.06507850973701829,0.14406731913607806,0.35207094774407044,0.0,False,nan,375.3840923309326,TN
MAT_0794,304,8d83b97,2026-10-07T14:46:40.983793+00:00,False,-0.03878276795802821,0.2856669974761959,0.04560256497043397,0.0,False,nan,374.8471736907959,TN
MAT_0795,304,8d83b97,2026-10-07T14:46:41.355905+00:00,False,0.15483458429555336,0.27074327934140036,0.24749450441854925,0.0,False,nan,372.06125259399414,TN
MAT_0796,304,8d83b97,2026-10-07T14:46:41.730688+00:00,False,-0.30118418720235,0.03403187698990351,0.08755676378067453,0.0,False,nan,374.7520446777344,TN
MAT_0797,304,8d83b97,2026-10-07T14:46:42.103772+00:00,False,0.1933187944925689,0.2601970737559964,0.04578468531134486,0.0,False,nan,373.0430603027344,TN
MAT_0798,304,8d83b97,2026-10-07T14:46:42.477849+00:00,False,-0.24847052368388867,0.2593215298287738,0.33020356474714163,0.0,False,nan,374.0384578704834,TN
MAT_0799,304,8d83b97,2026-10-07T14:46:42.853333+00:00,False,0.27691109664939867,-0.2611436537053056,0.23479361104886232,0.0,False,nan,375.43177604675293,TN
MAT_0800,304,8d83b97,2026-10-07T14:46:43.226947+00:00,False,0.28013160169800383,0.09234899245447348,-0.07486388484961606,0.0,False,nan,373.553991317749,TN
MAT_0801,304,8d83b97,2026-10-07T14:46:43.599156+00:00,False,-0.21582720902043034,-0.19405541843264543,0.10435774198267991,0.0,False,nan,372.1761703491211,TN
MAT_0802,304,8d83b97,2026-10-07T14:46:43.972496+00:00,False,-0.2748465838702141,-0.23805285604961873,0.1810889144491999,0.0,False,nan,373.3100891113281,TN
MAT_0803,304,8d83b97,2026-10-07T14:46:44.368525+00:00,False,0.14358681585601807,0.07251803583664096,-0.07272846993128804,0.0,False,nan,395.9989547729492,TN
MAT_0804,304,8d83b97,2026-10-07T14:46:44.748460+00:00,False,0.22315125365698046,-0.24537105571482504,0.25664944446722976,0.0,False,nan,379.90379333496094,TN
MAT_0805,304,8d83b97,2026-10-07T14:46:45.124008+00:00,False,-0.268886889548428,-0.20694012150130903,0.23186668950394945,0.0,False,nan,375.5185604095459,TN
MAT_0806,304,8d83b97,2026-10-07T14:46:45.504785+00:00,False,0.2835015830243058,-0.20175527592385542,0.3336736831817127,0.0,False,nan,380.74541091918945,TN
MAT_0807,304,8d83b97,2026-10-07T14:46:45.876996+00:00,False,-0.2930495517706179,0.28387919466356276,-0.050641108634164836,0.0,False,nan,372.1809387207031,TN
MAT_0808,304,8d83b97,2026-10-07T14:46:46.251421+00:00,False,-0.1740929837645467,0.04154141557114188,0.36958173753650686,0.0,False,nan,374.3929862976074,TN
MAT_0809,304,8d83b97,2026-10-07T14:46:46.624833+00:00,False,-0.29287011744057984,-0.1792991697396887,0.2766260685937005,0.0,False,nan,373.3811378479004,TN
MAT_0810,304,8d83b97,2026-10-07T14:46:46.998454+00:00,False,-0.2128680125519899,0.2900467557973258,0.23943047453668992,0.0,False,nan,373.59023094177246,TN
MAT_0811,304,8d83b97,2026-10-07T14:46:47.372224+00:00,False,-0.18255064690006706,-0.24644758162516162,0.35976409469347115,0.0,False,nan,373.73948097229004,TN
MAT_0812,304,8d83b97,2026-10-07T14:46:47.750238+00:00,False,0.2654635435656692,0.2271348250686797,0.35571509236799737,0.0,False,nan,377.98047065734863,TN
MAT_0813,304,8d83b97,2026-10-07T14:46:48.135729+00:00,False,-0.30995604719153413,0.19656386070260928,0.23567644471322874,0.0,False,nan,385.46109199523926,TN
MAT_0814,304,8d83b97,2026-10-07T14:46:48.518411+00:00,False,0.22957906057930594,-0.23325509369351785,0.3640053049750117,0.0,False,nan,382.65371322631836,TN
MAT_0815,304,8d83b97,2026-10-07T14:46:48.899997+00:00,False,0.28812747658677235,0.03140130373126809,0.19732692539559665,0.0,False,nan,381.55102729797363,TN
MAT_0816,304,8d83b97,2026-10-07T14:46:49.273369+00:00,False,-0.21940061837711122,-0.24870427245010016,0.22348802970380277,0.0,False,nan,373.32725524902344,TN
MAT_0817,304,8d83b97,2026-10-07T14:46:49.649508+00:00,False,-0.2427810966485148,0.14476576381855732,0.07388655307813569,0.0,False,nan,376.0972023010254,TN
MAT_0818,304,8d83b97,2026-10-07T14:46:50.040406+00:00,False,-0.290092171178384,-0.03187146449618683,-0.07263979695125178,0.0,False,nan,390.8672332763672,TN
MAT_0819,304,8d83b97,2026-10-07T14:46:50.423821+00:00,False,0.2808015283278453,0.20879818959503677,0.33748905998641304,0.0,False,nan,383.38351249694824,TN
MAT_0820,304,8d83b97,2026-10-07T14:46:50.806417+00:00,False,-0.019070190552298638,-0.024295504888055652,-0.0870644564651214,0.0,False,nan,382.5640678405762,TN
MAT_0821,304,8d83b97,2026-10-07T14:46:51.178500+00:00,False,-0.13855708368657518,0.2628228093818013,0.0890224332447351,0.0,False,nan,372.0529079437256,TN
MAT_0822,304,8d83b97,2026-10-07T14:46:51.522307+00:00,False,-0.20703670850250122,0.23959735496979512,-0.06308671393998824,0.0,False,nan,343.7783718109131,TN
MAT_0823,304,8d83b97,2026-10-07T14:46:51.880825+00:00,False,0.28848184914722935,0.2246065020863654,0.34277675600362734,0.0,False,nan,358.4883213043213,TN
MAT_0824,304,8d83b97,2026-10-07T14:46:52.256251+00:00,False,0.30054334955744283,-0.2858042474529565,0.18196363674018373,0.0,False,nan,375.3948211669922,TN
MAT_0825,304,8d83b97,2026-10-07T14:46:52.628568+00:00,False,-0.25270201180661006,0.23044728272966625,0.007412355984321051,0.0,False,nan,372.28941917419434,TN
MAT_0826,304,8d83b97,2026-10-07T14:46:53.001949+00:00,False,0.16436175627205818,-0.14261761541337795,0.3544607299427155,0.0,False,nan,373.3212947845459,TN
MAT_0827,304,8d83b97,2026-10-07T14:46:53.377262+00:00,False,0.10467679390465096,0.24921764155691767,0.37237701678484464,0.0,False,nan,375.28109550476074,TN
MAT_0828,304,8d83b97,2026-10-07T14:46:53.749417+00:00,False,-0.10681264867177331,-0.26587389334096184,0.20081177944989376,0.0,False,nan,372.1270561218262,TN
MAT_0829,304,8d83b97,2026-10-07T14:46:54.124463+00:00,False,-0.16943758392466077,-0.2715715390723188,0.28456555489293806,0.0,False,nan,375.0183582305908,TN
MAT_0830,304,8d83b97,2026-10-07T14:46:54.508031+00:00,False,0.056024992756362524,-0.020758822989518977,0.36921765524089506,0.0,False,nan,383.53705406188965,TN
MAT_0831,304,8d83b97,2026-10-07T14:46:54.886108+00:00,False,-0.1376068715277649,0.25128362099844087,-0.07678538215231305,0.0,False,nan,378.04269790649414,TN
MAT_0832,304,8d83b97,2026-10-07T14:46:55.267717+00:00,False,0.2766362114784637,-0.2638715241264217,0.12033217073396382,0.0,False,nan,381.5791606903076,TN
MAT_0833,304,8d83b97,2026-10-07T14:46:55.640920+00:00,False,0.3008206260201162,0.0009356799785641967,0.2612388345699802,0.0,False,nan,373.17395210266113,TN
MAT_0834,304,8d83b97,2026-10-07T14:46:56.014068+00:00,False,-0.2863553080909379,-0.07582401086961907,0.15283987439466223,0.0,False,nan,373.1203079223633,TN
MAT_0835,304,8d83b97,2026-10-07T14:46:56.389221+00:00,False,-0.24386869378872997,0.10331133955154881,0.33646109838698446,0.0,False,nan,375.1206398010254,TN
MAT_0836,304,8d83b97,2026-10-07T14:46:56.762437+00:00,False,-0.16207723574761232,-0.3058742479548535,0.13861675522874087,0.0,False,nan,373.183012008667,TN
MAT_0837,304,8d83b97,2026-10-07T14:46:57.166653+00:00,False,0.2596698634818499,-0.11535457898698048,0.37078497593248555,0.0,False,nan,404.18291091918945,TN
MAT_0838,304,8d83b97,2026-10-07T14:46:57.543393+00:00,False,0.28693755539220006,-0.290654501917915,0.05870237222298608,0.0,False,nan,376.7056465148926,TN
MAT_0839,304,8d83b97,2026-10-07T14:46:57.917597+00:00,False,0.2549075767002113,-0.11421994467844804,0.025589796965074157,0.0,False,nan,374.173641204834,TN
MAT_0840,304,8d83b97,2026-10-07T14:46:58.291338+00:00,False,-0.30569072195143016,0.145226665852021,-0.08647678158666482,0.0,False,nan,373.7051486968994,TN
MAT_0841,304,8d83b97,2026-10-07T14:46:58.673079+00:00,False,0.19893266377119717,0.19629399982955048,0.2683390525869128,0.0,False,nan,381.70361518859863,TN
MAT_0842,304,8d83b97,2026-10-07T14:46:59.053715+00:00,False,0.2994090671704102,0.08563391345313198,0.3148362793615322,0.0,False,nan,380.60545921325684,TN
MAT_0843,304,8d83b97,2026-10-07T14:46:59.426981+00:00,False,-0.051538620046781725,0.2540207488204355,0.35742439535339116,0.0,False,nan,373.23570251464844,TN
MAT_0844,304,8d83b97,2026-10-07T14:46:59.803035+00:00,False,-0.09154564647539676,0.27126456988905673,0.31583890085529714,0.0,False,nan,376.0230541229248,TN
MAT_0845,304,8d83b97,2026-10-07T14:47:00.177387+00:00,False,-0.24852211180903644,0.16699389237919432,0.22917192268015912,0.0,False,nan,374.31955337524414,TN
MAT_0846,304,8d83b97,2026-10-07T14:47:00.552245+00:00,False,0.25532974329244035,-0.1334075651006412,0.04705603287266802,0.0,False,nan,374.82547760009766,TN
MAT_0847,304,8d83b97,2026-10-07T14:47:00.925781+00:00,False,0.02734528638786976,0.3018584657223112,0.034045672552729445,0.0,False,nan,373.5060691833496,TN
MAT_0848,304,8d83b97,2026-10-07T14:47:01.299659+00:00,False,-0.2211953808648468,-0.17239602307994972,-0.07225480826907585,0.0,False,nan,373.84605407714844,TN
MAT_0849,304,8d83b97,2026-10-07T14:47:01.672896+00:00,False,0.2975000392765342,0.14440984515066857,0.15430199085486207,0.0,False,nan,373.2030391693115,TN
MAT_0850,304,8d83b97,2026-10-07T14:47:02.046979+00:00,False,0.23886710209203693,-0.27310351483197787,0.2729284326950929,0.0,False,nan,374.0513324737549,TN
MAT_0851,304,8d83b97,2026-10-07T14:47:02.419374+00:00,False,-0.2974918965812938,0.024174800924708084,0.322191292454432,0.0,False,nan,372.3483085632324,TN
MAT_0852,304,8d83b97,2026-10-07T14:47:02.792732+00:00,False,0.28742294455821077,0.2180955497723152,0.03614797631174299,0.0,False,nan,373.28505516052246,TN
MAT_0853,304,8d83b97,2026-10-07T14:47:03.173062+00:00,False,0.2849272394414319,0.07246440107385671,-0.059787976671091675,0.0,False,nan,380.2978992462158,TN
MAT_0854,304,8d83b97,2026-10-07T14:47:03.547341+00:00,False,0.040371088587787374,-0.28971397116688763,0.030874988501237405,0.0,False,nan,374.24635887145996,TN
MAT_0855,304,8d83b97,2026-10-07T14:47:03.922507+00:00,False,0.2669701321127274,0.1629335733590207,-0.0760055531688969,0.0,False,nan,375.1215934753418,TN
MAT_0856,304,8d83b97,2026-10-07T14:47:04.303185+00:00,False,0.27792341379835167,0.30447003413022483,0.12158994934836831,0.0,False,nan,380.6347846984863,TN
MAT_0857,304,8d83b97,2026-10-07T14:47:04.676867+00:00,False,0.1906276947067515,-0.29082746556380706,0.12914148450249177,0.0,False,nan,373.64983558654785,TN
MAT_0858,304,8d83b97,2026-10-07T14:47:05.052299+00:00,False,0.1658536021999384,-0.3068783316972788,0.317579211261097,0.0,False,nan,375.40149688720703,TN
MAT_0859,304,8d83b97,2026-10-07T14:47:05.426804+00:00,False,-0.24412590000497056,-0.21077488226131635,-0.09868575888813452,0.0,False,nan,374.47166442871094,TN
MAT_0860,304,8d83b97,2026-10-07T14:47:05.799994+00:00,False,-0.04278742017915904,-0.1340362143092149,-0.08626934670243461,0.0,False,nan,373.1575012207031,TN
MAT_0861,304,8d83b97,2026-10-07T14:47:06.172190+00:00,False,-0.22496187977947651,0.2784232207767066,0.3056793986145697,0.0,False,nan,372.1652030944824,TN
MAT_0862,304,8d83b97,2026-10-07T14:47:06.548346+00:00,False,0.2939296050252645,-0.1761399514830074,0.3218107479755985,0.0,False,nan,376.12032890319824,TN
MAT_0863,304,8d83b97,2026-10-07T14:47:06.919766+00:00,False,-0.003963647209793142,0.14760804357944418,0.37407642527046875,0.0,False,nan,371.384859085083,TN
MAT_0864,304,8d83b97,2026-10-07T14:47:07.293333+00:00,False,0.19427076383476488,-0.21860753593398818,0.34997865438826603,0.0,False,nan,373.5325336456299,TN
MAT_0865,304,8d83b97,2026-10-07T14:47:07.666686+00:00,False,-0.16561777789014517,-0.3035344087007672,0.11273695882471668,0.0,False,nan,373.3255863189697,TN
MAT_0866,304,8d83b97,2026-10-07T14:47:08.040755+00:00,False,0.24958973121454414,0.25457995413325735,0.2846508367221965,0.0,False,nan,374.0415573120117,TN
MAT_0867,304,8d83b97,2026-10-07T14:47:08.428370+00:00,False,0.2975195476223134,-0.1359795736497646,0.003883034523624998,0.0,False,nan,387.5868320465088,TN
MAT_0868,304,8d83b97,2026-10-07T14:47:08.802444+00:00,False,0.18960281305836751,-0.28826570445657224,0.3348846293804614,0.0,False,nan,374.039888381958,TN
MAT_0869,304,8d83b97,2026-10-07T14:47:09.175683+00:00,False,-0.2886433447653723,0.20298918941427996,-0.09636203088628204,0.0,False,nan,373.20876121520996,TN
MAT_0870,304,8d83b97,2026-10-07T14:47:09.549023+00:00,False,-0.2410272830508745,-0.3011516485579575,-0.020797715846410256,0.0,False,nan,373.3091354370117,TN
MAT_0871,304,8d83b97,2026-10-07T14:47:09.924880+00:00,False,0.2940408050534726,0.0067749438712984555,0.2935348646519372,0.0,False,nan,375.8273124694824,TN
MAT_0872,304,8d83b97,2026-10-07T14:47:10.298329+00:00,False,-0.13711399834259624,-0.25624502638469043,0.3097900014996465,0.0,False,nan,373.4147548675537,TN
MAT_0873,304,8d83b97,2026-10-07T14:47:10.673077+00:00,False,-0.2964515367355307,-0.017726276362728388,0.11899573371959765,0.0,False,nan,374.7124671936035,TN
MAT_0874,304,8d83b97,2026-10-07T14:47:11.046580+00:00,False,0.17540662558430714,-0.2652889124336847,0.31419163455610793,0.0,False,nan,373.4614849090576,TN
MAT_0875,304,8d83b97,2026-10-07T14:47:11.420109+00:00,False,-0.10182665736781188,0.3056624334532085,0.19969192171404332,0.0,False,nan,373.49581718444824,TN
MAT_0876,304,8d83b97,2026-10-07T14:47:11.794056+00:00,False,0.19736552550482905,-0.19892440771513656,0.3116476008288214,0.0,False,nan,373.9163875579834,TN
MAT_0877,304,8d83b97,2026-10-07T14:47:12.169214+00:00,False,0.21732576138457788,-0.20898939831838825,0.3260873451665485,0.0,False,nan,375.12731552124023,TN
MAT_0878,304,8d83b97,2026-10-07T14:47:12.544086+00:00,False,0.20205042730892603,0.2481750754798711,0.2085836560081909,0.0,False,nan,374.83859062194824,TN
MAT_0879,304,8d83b97,2026-10-07T14:47:12.918654+00:00,False,0.1857602538320463,0.2612109477740185,0.16823316697673635,0.0,False,nan,374.5312690734863,TN
MAT_0880,304,8d83b97,2026-10-07T14:47:13.292772+00:00,False,0.24773686156189972,0.23567928616461092,-0.031200650018424078,0.0,False,nan,374.0854263305664,TN
MAT_0881,304,8d83b97,2026-10-07T14:47:13.665533+00:00,False,0.27903808744100295,-0.12264367718098856,0.24345675147737128,0.0,False,nan,372.7269172668457,TN
MAT_0882,304,8d83b97,2026-10-07T14:47:14.058221+00:00,False,-0.2910270685383421,0.18879232198763696,0.08828380029552912,0.0,False,nan,392.655611038208,TN
MAT_0883,304,8d83b97,2026-10-07T14:47:14.432427+00:00,False,0.06622610712058513,-0.29809107898692544,0.09552843079502438,0.0,False,nan,374.173641204834,TN
MAT_0884,304,8d83b97,2026-10-07T14:47:14.806292+00:00,False,0.05449286984712376,-0.28463328296397666,0.20152373985176364,0.0,False,nan,373.8279342651367,TN
MAT_0885,304,8d83b97,2026-10-07T14:47:15.179282+00:00,False,0.3018431418200284,-0.025433891398212782,-0.03433873353087692,0.0,False,nan,372.9588985443115,TN
MAT_0886,304,8d83b97,2026-10-07T14:47:15.552090+00:00,False,0.24478601384044746,-0.0807537313172644,0.34035241199018035,0.0,False,nan,372.7748394012451,TN
MAT_0887,304,8d83b97,2026-10-07T14:47:15.925286+00:00,False,0.23707738468580458,0.24015769230047118,0.0029300364031021597,0.0,False,nan,373.1670379638672,TN
MAT_0888,304,8d83b97,2026-10-07T14:47:16.298982+00:00,False,-0.2577828778051833,-0.20078181507996878,0.35903094744012504,0.0,False,nan,373.66795539855957,TN
MAT_0889,304,8d83b97,2026-10-07T14:47:16.679181+00:00,False,-0.17825193731002176,-0.2683823311691877,0.014104168999183708,0.0,False,nan,380.1708221435547,TN
MAT_0890,304,8d83b97,2026-10-07T14:47:17.053606+00:00,False,0.23553194520447357,-0.0976890969326751,-0.08715849672045661,0.0,False,nan,374.39465522766113,TN
MAT_0891,304,8d83b97,2026-10-07T14:47:17.426425+00:00,False,0.0314978664248568,-0.28965711775849673,0.3659842893301434,0.0,False,nan,372.7867603302002,TN
MAT_0892,304,8d83b97,2026-10-07T14:47:17.799063+00:00,False,0.25106542346086397,0.1344433646783324,0.08509475046349638,0.0,False,nan,372.6067543029785,TN
MAT_0893,304,8d83b97,2026-10-07T14:47:18.174202+00:00,False,-0.22362256229187844,-0.28307888936336467,0.2912997346341055,0.0,False,nan,375.1087188720703,TN
MAT_0894,304,8d83b97,2026-10-07T14:47:18.548374+00:00,False,-0.259745752777806,-0.21815961230678554,0.256284311033372,0.0,False,nan,374.13907051086426,TN
MAT_0895,304,8d83b97,2026-10-07T14:47:18.926735+00:00,False,0.1977902221793309,0.293837032437878,0.00225174671351136,0.0,False,nan,378.33213806152344,TN
MAT_0896,304,8d83b97,2026-10-07T14:47:19.305179+00:00,False,0.02648875744739515,0.03444446363564185,-0.081468852014317,0.0,False,nan,378.41224670410156,TN
MAT_0897,304,8d83b97,2026-10-07T14:47:19.678357+00:00,False,0.12513866730221124,-0.16878690381672562,-0.08869396979478619,0.0,False,nan,373.1520175933838,TN
MAT_0898,304,8d83b97,2026-10-07T14:47:20.054711+00:00,False,-0.14289431208557282,-0.24054118172740152,0.22210504721134894,0.0,False,nan,376.32226943969727,TN
MAT_0899,304,8d83b97,2026-10-07T14:47:20.429674+00:00,False,0.09479645479186205,0.2993897239752897,0.05500115373938472,0.0,False,nan,374.93157386779785,TN
MAT_0900,304,8d83b97,2026-10-07T14:47:20.803104+00:00,False,0.013406731621304013,-0.2755615858222862,-0.08447706125424476,0.0,False,nan,373.37684631347656,TN
MAT_0901,304,8d83b97,2026-10-07T14:47:21.177589+00:00,False,0.25666127573281433,0.12605649091622406,-0.015909236498790655,0.0,False,nan,374.45712089538574,TN
MAT_0902,304,8d83b97,2026-10-07T14:47:21.551544+00:00,False,-0.298903567976222,-0.1131456344502137,-0.028590531441991224,0.0,False,nan,373.9182949066162,TN
MAT_0903,304,8d83b97,2026-10-07T14:47:21.925868+00:00,False,-0.3055740778540011,-0.19894979246205668,0.3608907163017415,0.0,False,nan,374.29285049438477,TN
MAT_0904,304,8d83b97,2026-10-07T14:47:22.298985+00:00,False,0.02700667858791095,-0.29151903166093984,0.043072448503637784,0.0,False,nan,373.08526039123535,TN
MAT_0905,304,8d83b97,2026-10-07T14:47:22.673590+00:00,False,-0.20957514133965016,0.24817485571469527,-0.008722411236701824,0.0,False,nan,374.5715618133545,TN
MAT_0906,304,8d83b97,2026-10-07T14:47:23.047991+00:00,False,-0.30675203443608356,0.21117797105005082,0.08890819501541278,0.0,False,nan,374.3712902069092,TN
MAT_0907,304,8d83b97,2026-10-07T14:47:23.420454+00:00,False,0.18854358214092665,-0.2527818843293604,0.2684187713939397,0.0,False,nan,372.4331855773926,TN
MAT_0908,304,8d83b97,2026-10-07T14:47:23.794052+00:00,False,-0.27890945419214225,-0.17130126300672172,0.2298845837922195,0.0,False,nan,373.5668659210205,TN
MAT_0909,304,8d83b97,2026-10-07T14:47:24.167897+00:00,False,-0.03886159338149198,0.17308778916388096,-0.091411888384393,0.0,False,nan,373.80123138427734,TN
MAT_0910,304,8d83b97,2026-10-07T14:47:24.543628+00:00,False,-0.2951811629057564,-0.044608994750745534,0.30626117685886783,0.0,False,nan,375.6756782531738,TN
MAT_0911,304,8d83b97,2026-10-07T14:47:24.917911+00:00,False,0.17151247927888702,-0.26518711493419417,-0.018962420246848327,0.0,False,nan,374.24397468566895,TN
MAT_0912,304,8d83b97,2026-10-07T14:47:25.292881+00:00,False,-0.21972933549381884,-0.1645179908289073,0.3497675912315717,0.0,False,nan,374.9375343322754,TN
MAT_0913,304,8d83b97,2026-10-07T14:47:25.666950+00:00,False,-0.19068975360408208,-0.21286428480158737,0.1664877556077088,0.0,False,nan,374.0367889404297,TN
MAT_0914,304,8d83b97,2026-10-07T14:47:26.040092+00:00,False,-0.30999412349708594,0.01695602479831826,-0.000356106148707902,0.0,False,nan,373.10290336608887,TN
MAT_0915,304,8d83b97,2026-10-07T14:47:26.413023+00:00,False,0.12767005140091547,0.1471039762278344,-0.07608900794052546,0.0,False,nan,372.90024757385254,TN
MAT_0916,304,8d83b97,2026-10-07T14:47:26.786373+00:00,False,0.2362556192502449,0.007854089634133754,0.3595890306106077,0.0,False,nan,373.3196258544922,TN
MAT_0917,304,8d83b97,2026-10-07T14:47:27.159622+00:00,False,0.2974753279245704,-0.051744026028067214,0.3600774000172482,0.0,False,nan,373.21925163269043,TN
MAT_0918,304,8d83b97,2026-10-07T14:47:27.533439+00:00,False,-0.022373825774051337,0.30306808930575796,-0.03422782150420699,0.0,False,nan,373.78525733947754,TN
MAT_0919,304,8d83b97,2026-10-07T14:47:27.907370+00:00,False,-0.14267396839393343,0.27883185373048663,0.35144992311886536,0.0,False,nan,373.8844394683838,TN
MAT_0920,304,8d83b97,2026-10-07T14:47:28.281679+00:00,False,0.08028720801153072,0.1686988635654474,0.3355739421415516,0.0,False,nan,374.2337226867676,TN
MAT_0921,304,8d83b97,2026-10-07T14:47:28.661171+00:00,False,0.007789923734325244,-0.301707678278068,0.1277182980962659,0.0,False,nan,379.4586658477783,TN
MAT_0922,304,8d83b97,2026-10-07T14:47:29.044198+00:00,False,0.17634779700289915,0.303457531542307,0.36253263540119207,0.0,False,nan,382.98773765563965,TN
MAT_0923,304,8d83b97,2026-10-07T14:47:29.433326+00:00,False,-0.18018788406957723,-0.13222119381450353,0.3606139605771806,0.0,False,nan,389.0993595123291,TN
MAT_0924,304,8d83b97,2026-10-07T14:47:29.806466+00:00,False,-0.10700116833111895,0.17731576030794816,0.3353976339797053,0.0,False,nan,373.1067180633545,TN
MAT_0925,304,8d83b97,2026-10-07T14:47:30.187948+00:00,False,-0.23026014652771026,0.28719509370592194,0.09909423758805955,0.0,False,nan,381.44755363464355,TN
MAT_0926,304,8d83b97,2026-10-07T14:47:30.562190+00:00,False,0.2818294304349484,-0.2527476164330665,0.13190631337568304,0.0,False,nan,374.2079734802246,TN
MAT_0927,304,8d83b97,2026-10-07T14:47:30.946078+00:00,False,0.24413577590380592,-0.16116763182171548,0.06505939208707157,0.0,False,nan,383.85558128356934,TN
MAT_0928,304,8d83b97,2026-10-07T14:47:31.328293+00:00,False,0.2614590792436699,-0.20810557567076066,-0.06094922975005727,0.0,False,nan,382.1737766265869,TN
MAT_0929,304,8d83b97,2026-10-07T14:47:31.726243+00:00,False,0.24621370410511517,-0.253433726239691,0.044308266322934386,0.0,False,nan,397.9194164276123,TN
MAT_0930,304,8d83b97,2026-10-07T14:47:32.097940+00:00,False,-0.21295650431569074,0.20600141111501175,-0.002577820870098488,0.0,False,nan,371.6692924499512,TN
MAT_0931,304,8d83b97,2026-10-07T14:47:32.470092+00:00,False,-0.002672953907365938,-0.28513041746084,-0.058813554711564735,0.0,False,nan,372.12228775024414,TN
MAT_0932,304,8d83b97,2026-10-07T14:47:32.844476+00:00,False,0.1888364832076233,-0.30767369286946966,0.2323696199708462,0.0,False,nan,374.34935569763184,TN
MAT_0933,304,8d83b97,2026-10-07T14:47:33.220092+00:00,False,0.28530100237969186,0.18977868471657017,0.31223378736113666,0.0,False,nan,375.58507919311523,TN
MAT_0934,304,8d83b97,2026-10-07T14:47:33.593928+00:00,False,-0.14508264323957581,0.2495815369671059,0.1948442943007666,0.0,False,nan,373.7926483154297,TN
MAT_0935,304,8d83b97,2026-10-07T14:47:33.967248+00:00,False,0.13361527648640692,0.27232816198536175,0.34321210103024624,0.0,False,nan,373.25525283813477,TN
MAT_0936,304,8d83b97,2026-10-07T14:47:34.341012+00:00,False,0.13652765597854494,-0.2617769744034222,0.2668721003798044,0.0,False,nan,373.7342357635498,TN
MAT_0937,304,8d83b97,2026-10-07T14:47:34.713913+00:00,False,0.20978434994746148,-0.2871546799935203,0.1315296924475925,0.0,False,nan,372.86996841430664,TN
MAT_0938,304,8d83b97,2026-10-07T14:47:35.086315+00:00,False,-0.29094298062581797,-0.033690783351767284,0.24321031448208508,0.0,False,nan,372.3633289337158,TN
MAT_0939,304,8d83b97,2026-10-07T14:47:35.458825+00:00,False,0.2825622117361036,-0.0061112995260309,0.04885581358844629,0.0,False,nan,372.4651336669922,TN
MAT_0940,304,8d83b97,2026-10-07T14:47:35.829673+00:00,False,-0.16452490005251827,0.004527630140331029,-0.08933818788527696,0.0,False,nan,370.8176612854004,TN
MAT_0941,304,8d83b97,2026-10-07T14:47:36.202122+00:00,False,0.15427910288304553,-0.27034132841297204,-0.06444924039421208,0.0,False,nan,372.4172115325928,TN
MAT_0942,304,8d83b97,2026-10-07T14:47:36.574164+00:00,False,0.2148627680864143,-0.23219374544906352,0.05982080238780263,0.0,False,nan,372.0088005065918,TN
MAT_0943,304,8d83b97,2026-10-07T14:47:36.946809+00:00,False,-0.08656826358699166,0.2854748405439234,-0.06881654920460234,0.0,False,nan,372.61295318603516,TN
MAT_0944,304,8d83b97,2026-10-07T14:47:37.318977+00:00,False,-0.29532571954528153,-0.028938466104071248,0.2550573937973623,0.0,False,nan,372.13730812072754,TN
MAT_0945,304,8d83b97,2026-10-07T14:47:37.690446+00:00,False,0.23831626818877866,-0.0475688745940982,0.3584615153194792,0.0,False,nan,371.43993377685547,TN
MAT_0946,304,8d83b97,2026-10-07T14:47:38.062367+00:00,False,0.13850175606943715,0.29456980076221556,0.19564868725928586,0.0,False,nan,371.89221382141113,TN
MAT_0947,304,8d83b97,2026-10-07T14:47:38.435140+00:00,False,0.04292633267757978,0.024999233394425557,0.34623600706421825,0.0,False,nan,372.74670600891113,TN
MAT_0948,304,8d83b97,2026-10-07T14:47:38.808191+00:00,False,-0.1730675724976284,0.23869611066095825,0.027684943034381265,0.0,False,nan,373.0180263519287,TN
MAT_0949,304,8d83b97,2026-10-07T14:47:39.180773+00:00,False,-0.24967171920344747,0.13094440719849948,0.005296476959888052,0.0,False,nan,372.55287170410156,TN
MAT_0950,304,8d83b97,2026-10-07T14:47:39.552636+00:00,False,-0.28688938959053345,-0.021081733213335896,0.03423004170424393,0.0,False,nan,371.83356285095215,TN
MAT_0951,304,8d83b97,2026-10-07T14:47:39.924518+00:00,False,0.29933256853927254,0.2111075181447944,0.25689249979203355,0.0,False,nan,371.8535900115967,TN
MAT_0952,304,8d83b97,2026-10-07T14:47:40.296879+00:00,False,0.046866288737291206,-0.28524634096240387,0.15859194820617445,0.0,False,nan,372.3340034484863,TN
MAT_0953,304,8d83b97,2026-10-07T14:47:40.669256+00:00,False,-0.05553784152393498,0.23597861015963123,0.37109589296512246,0.0,False,nan,372.347354888916,TN
MAT_0954,304,8d83b97,2026-10-07T14:47:41.041027+00:00,False,-0.2974329248657338,0.017690747971700616,0.3544025376639261,0.0,False,nan,371.74344062805176,TN
MAT_0955,304,8d83b97,2026-10-07T14:47:41.414307+00:00,False,0.2226686498859673,0.23280521366316093,0.08154398819357689,0.0,False,nan,373.2495307922363,TN
MAT_0956,304,8d83b97,2026-10-07T14:47:41.786272+00:00,False,0.027325629004797625,-0.03351114014886997,0.35989526414248,0.0,False,nan,371.9298839569092,TN
MAT_0957,304,8d83b97,2026-10-07T14:47:42.158925+00:00,False,0.016070258907260937,0.006949155339209867,0.3401813029676707,0.0,False,nan,372.6072311401367,TN
MAT_0958,304,8d83b97,2026-10-07T14:47:42.530591+00:00,False,0.28961912124215755,0.28440909061267455,0.3741406725722466,0.0,False,nan,371.63853645324707,TN
MAT_0959,304,8d83b97,2026-10-07T14:47:42.902206+00:00,False,-0.09466351827529748,0.004588631964312917,-0.07582103222730407,0.0,False,nan,371.5863227844238,TN
MAT_0960,304,8d83b97,2026-10-07T14:47:43.276064+00:00,False,-0.1408688772467132,0.26805353984567687,0.29006018569960734,0.0,False,nan,373.8241195678711,TN
MAT_0961,304,8d83b97,2026-10-07T14:47:43.648470+00:00,False,-0.31161842087683655,0.25867650212714594,-0.051329213454839775,0.0,False,nan,372.3790645599365,TN
MAT_0962,304,8d83b97,2026-10-07T14:47:44.019990+00:00,False,-0.26512972232244125,0.15750628682207196,0.022684989159560437,0.0,False,nan,371.4931011199951,TN
MAT_0963,304,8d83b97,2026-10-07T14:47:44.395688+00:00,False,-0.16861898326962005,-0.22326184400143406,0.22451579292362717,0.0,False,nan,375.6673336029053,TN
MAT_0964,304,8d83b97,2026-10-07T14:47:44.770239+00:00,False,0.21544445259594153,-0.08968935802246394,-0.06795828011347008,0.0,False,nan,374.51696395874023,TN
MAT_0965,304,8d83b97,2026-10-07T14:47:45.142310+00:00,False,-0.22586560870315053,-0.2740365821121328,0.34626102529041425,0.0,False,nan,372.0424175262451,TN
MAT_0966,304,8d83b97,2026-10-07T14:47:45.514972+00:00,False,0.07651139271224633,-0.2744240707038812,-0.0253490764247528,0.0,False,nan,372.6370334625244,TN
MAT_0967,304,8d83b97,2026-10-07T14:47:45.887741+00:00,False,0.2465362759196002,0.24050676691992384,0.048128467791755725,0.0,False,nan,372.74169921875,TN
MAT_0968,304,8d83b97,2026-10-07T14:47:46.259275+00:00,False,0.03746680877517683,-0.05767282631383236,-0.089172624962548,0.0,False,nan,371.4902400970459,TN
MAT_0969,304,8d83b97,2026-10-07T14:47:46.630543+00:00,False,0.2619541224239709,0.21489785262197797,-0.0701559972513364,0.0,False,nan,371.2172508239746,TN
MAT_0970,304,8d83b97,2026-10-07T14:47:47.002194+00:00,False,-0.29492365339761434,0.09576946668517,-0.06612123239018983,0.0,False,nan,371.6237545013428,TN
MAT_0971,304,8d83b97,2026-10-07T14:47:47.373902+00:00,False,0.23957280380993223,0.2845350681843735,0.06594893210811092,0.0,False,nan,371.6719150543213,TN
MAT_0972,304,8d83b97,2026-10-07T14:47:47.747465+00:00,False,-0.2643681923843351,0.1941270112489562,0.21811953535802997,0.0,False,nan,373.51393699645996,TN
MAT_0973,304,8d83b97,2026-10-07T14:47:48.119015+00:00,False,0.25405273182462,-0.11033795234337707,0.07218557798369996,0.0,False,nan,371.5224266052246,TN
MAT_0974,304,8d83b97,2026-10-07T14:47:48.489760+00:00,False,0.25112794090488005,-0.21535756546291346,0.05532638664412662,0.0,False,nan,370.72086334228516,TN
MAT_0975,304,8d83b97,2026-10-07T14:47:48.861883+00:00,False,-0.07136828895196529,0.28384181295817895,-0.031154272725378213,0.0,False,nan,372.09630012512207,TN
MAT_0976,304,8d83b97,2026-10-07T14:47:49.232844+00:00,False,0.28601122830878406,0.27618536832701795,-0.03965944908037325,0.0,False,nan,370.93281745910645,TN
MAT_0977,304,8d83b97,2026-10-07T14:47:49.603276+00:00,False,-0.17068621765802214,0.21899053479084857,-0.05490467157656255,0.0,False,nan,370.40042877197266,TN
MAT_0978,304,8d83b97,2026-10-07T14:47:49.978325+00:00,False,-0.11150211692525477,0.038615535385919164,-0.09379780827322974,0.0,False,nan,375.0183582305908,TN
MAT_0979,304,8d83b97,2026-10-07T14:47:50.349527+00:00,False,-0.28800065596487046,0.2993323279433259,0.23677785781572713,0.0,False,nan,371.1686134338379,TN
MAT_0980,304,8d83b97,2026-10-07T14:47:50.734540+00:00,False,0.1575569500774205,-0.23436198327428825,-0.05764767938171677,0.0,False,nan,384.97400283813477,TN
MAT_0981,304,8d83b97,2026-10-07T14:47:51.105605+00:00,False,0.10463317125847249,-0.10129180034771765,0.35907579216234,0.0,False,nan,371.0358142852783,TN
MAT_0982,304,8d83b97,2026-10-07T14:47:51.479142+00:00,False,0.27499197610304454,0.043627113220795544,0.19797700871461343,0.0,False,nan,373.5041618347168,TN
MAT_0983,304,8d83b97,2026-10-07T14:47:51.853131+00:00,False,0.27835129328470637,0.21480606643868888,-0.04477183264914027,0.0,False,nan,373.95739555358887,TN
MAT_0984,304,8d83b97,2026-10-07T14:47:52.226163+00:00,False,0.18485962348997298,-0.30030351934809985,0.37318183260075366,0.0,False,nan,372.9994297027588,TN
MAT_0985,304,8d83b97,2026-10-07T14:47:52.599622+00:00,False,-0.2197550834255496,-0.29306800705035324,0.3456495247294834,0.0,False,nan,373.4278678894043,TN
MAT_0986,304,8d83b97,2026-10-07T14:47:52.984126+00:00,False,0.2001122372436574,-0.276482099888355,0.15982336373563455,0.0,False,nan,384.47093963623047,TN
MAT_0987,304,8d83b97,2026-10-07T14:47:53.354779+00:00,False,0.2858964526345456,-0.04822074771225732,0.1959430052560993,0.0,False,nan,370.6185817718506,TN
MAT_0988,304,8d83b97,2026-10-07T14:47:53.726642+00:00,False,0.28328312789962934,-0.050931999107661274,0.35411151117980333,0.0,False,nan,371.83475494384766,TN
MAT_0989,304,8d83b97,2026-10-07T14:47:54.099416+00:00,False,-0.22419269282179152,0.24728893231463128,0.19983934724608426,0.0,False,nan,372.74813652038574,TN
MAT_0990,304,8d83b97,2026-10-07T14:47:54.474741+00:00,False,-0.08581264837442029,-0.25353070386907484,0.3678502300003075,0.0,False,nan,375.29516220092773,TN
MAT_0991,304,8d83b97,2026-10-07T14:47:54.847669+00:00,False,-0.009560457363335662,-0.19855885075808682,-0.10221684363802978,0.0,False,nan,372.891902923584,TN
MAT_0992,304,8d83b97,2026-10-07T14:47:55.220802+00:00,False,-0.2601223394210942,-0.28438781159466686,-0.10158050153564352,0.0,False,nan,373.10171127319336,TN
MAT_0993,304,8d83b97,2026-10-07T14:47:55.592756+00:00,False,-0.20666037466016438,0.20867027389426046,-0.033500285837683386,0.0,False,nan,371.9139099121094,TN
MAT_0994,304,8d83b97,2026-10-07T14:47:55.965129+00:00,False,-0.3063180489170951,0.10116367316376135,0.14710620002164165,0.0,False,nan,372.33781814575195,TN
MAT_0995,304,8d83b97,2026-10-07T14:47:56.337924+00:00,False,-0.31055005147203396,0.19427240076590163,0.24647740894862902,0.0,False,nan,372.7688789367676,TN
MAT_0996,304,8d83b97,2026-10-07T14:47:56.710907+00:00,False,0.20400870349714478,-0.2341352100214164,0.3668245922226361,0.0,False,nan,372.957706451416,TN
MAT_0997,304,8d83b97,2026-10-07T14:47:57.082852+00:00,False,0.15789474693332184,0.2023993063827984,0.35927450046947845,0.0,False,nan,371.9208240509033,TN
MAT_0998,304,8d83b97,2026-10-07T14:47:57.454013+00:00,False,-0.2906994625005399,0.19021613178839514,-0.012191585974710789,0.0,False,nan,371.1369037628174,TN
MAT_0999,304,8d83b97,2026-10-07T14:47:57.827884+00:00,False,0.14014005604376178,-0.2689044883706917,0.009854584898092739,0.0,False,nan,373.8405704498291,TN
