trial_id,episode_id,category,prompt_id,instruction,method,git_commit_hash,timestamp,seed,syntax_valid,slot_action_correct,slot_target_correct,slot_destination_correct,slot_accuracy,clarification_triggered,confidence_value,threshold_value,execution_success,latency_ms,parsed_plan,raw_output
TRIAL_001,1,Cat 1: Direct Imperative,P01,Pick up the blue bolt and place it in tray pocket 1.,ARIA_Dialogue_Planning,8d83b97,2026-10-02T15:04:40.434513,42,True,True,True,True,1.0,False,1.0,0.7,True,6391.16,"{""plan_id"": ""pick_blue_bolt"", ""confidence"": 1.0, ""subgoals"": [""move_to_workpiece_good_1"", ""pick_up_workpiece_good_1"", ""place_in_tray_pocket_1""], ""actions"": [{""step"": 1, ""agent"": ""AffordanceAgent"", ""skill"": ""pick"", ""reasoning"": ""pick up workpiece_good_1 (blue bolt)"", ""parameters"": {""object_id"": ""workpiece_good_1""}}, {""step"": 2, ""agent"": ""AffordanceAgent"", ""skill"": ""place"", ""reasoning"": ""place workpiece_good_1 in tray pocket 1"", ""parameters"": {""object_id"": ""workpiece_good_1"", ""target"": ""tray_pocket_1""}}, {""step"": 3, ""agent"": ""AffordanceAgent"", ""skill"": ""pick"", ""reasoning"": ""release workpiece_good_1 from hand"", ""parameters"": {}}], ""requires_approval"": false, ""ambiguity_notes"": """"}","{ ""plan_id"": ""pick_blue_bolt"", ""confidence"": 1.0, ""subgoals"": [ ""move_to_workpiece_good_1"", ""pick_up_workpiece_good_1"", ""place_in_tray_pocket_1"" ], ""actions"": [ { ""step"": 1, ""agent"": ""AffordanceAgent"", ""skill"": ""pick"", ""reasoning"": ""pick up workpiece_good_1 (blue bolt)"", ""parameters"": {""object_id"": ""workpiece_good_1""} }, { ""step"": 2, ""agent"": ""AffordanceAgent"", ""skill"": ""place"", ""reasoning"": ""place workpiece_good_1 in tray pocket 1"", ""parameters"": {""object_id"": ""workpiece_good_1"", ""target"": ""tray_pocket_1""} }, { ""step"": 3, ""agent"": ""AffordanceAgent"", ""skill"": ""pick"", ""reasoning"": ""release workpiece_good_1 from hand"", ""parameters"": {} } ], ""requires_approval"": false, ""ambiguity_notes"": """" }"
TRIAL_002,1,Cat 1: Direct Imperative,P01,Pick up the blue bolt and place it in tray pocket 1.,Direct_LLM,8d83b97,2026-10-02T15:04:47.750284,42,False,False,True,True,0.667,False,0.7,0.7,False,7023.17,"{""goal"": ""Pick up the blue bolt and place it in tray pocket 1"", ""subgoals"": [{""goal"": ""Locate the blue bolt""}, {""goal"": ""Grasp the blue bolt""}, {""goal"": ""Move to tray pocket 1""}, {""goal"": ""Place the blue bolt in tray pocket 1""}], ""actions"": [{""step"": 1, ""skill"": ""Visual Perception"", ""parameters"": {""object_type"": ""bolt"", ""color"": ""blue""}, ""confidence"": 0.8}, {""step"": 2, ""skill"": ""Object Manipulation"", ""parameters"": {""gripper_type"": ""vacuum_gripper"", ""force"": 10}, ""confidence"": 0.9}, {""step"": 3, ""skill"": ""Motion Planning"", ""parameters"": {""destination"": ""tray_pocket_1""}, ""confidence"": 0.95}, {""step"": 4, ""skill"": ""Object Placement"", ""parameters"": {""placement_type"": ""precision_place""}, ""confidence"": 0.92}]}","{ 
    ""goal"": ""Pick up the blue bolt and place it in tray pocket 1"",
    ""subgoals"": [
        {
            ""goal"": ""Locate the blue bolt""
        },
        {
            ""goal"": ""Grasp the blue bolt""
        },
        {
            ""goal"": ""Move to tray pocket 1""
        },
        {
            ""goal"": ""Place the blue bolt in tray pocket 1""
        }
    ],
    ""actions"": [
        {
            ""step"": 1,
            ""skill"": ""Visual Perception"",
            ""parameters"": {
                ""object_type"": ""bolt"",
                ""color"": ""blue""
            },
            ""confidence"": 0.8
        },
        {
            ""step"": 2,
            ""skill"": ""Object Manipulation"",
            ""parameters"": {
                ""gripper_type"": ""vacuum_gripper"",
                ""force"": 10
            },
            ""confidence"": 0.9
        },
        {
            ""step"": 3,
            ""skill"": ""Motion Planning"",
            ""parameters"": {
                ""destination"": ""tray_pocket_1""
            },
            ""confidence"": 0.95
        },
        {
            ""step"": 4,
            ""skill"": ""Object Placement"",
            ""parameters"": {
                ""placement_type"": ""precision_place""
            },
            ""confidence"": 0.92
        }
    ]
}"
TRIAL_003,1,Cat 1: Direct Imperative,P01,Pick up the blue bolt and place it in tray pocket 1.,SayCan,8d83b97,2026-10-02T15:04:54.773666,42,True,True,True,True,1.0,False,0.836,0.7,True,4302.01,"{""selected_primitive"": ""pick(blue_bolt)"", ""score"": 0.836, ""scores"": {""pick(blue_bolt)"": 0.836, ""pick(blue_cube)"": 0.044000000000000004, ""pick(red_cylinder)"": 0.0088, ""pick(red_housing)"": 0.0, ""pick(grey_bracket)"": 0.0, ""place(assembly_tray)"": 0.0, ""place(scrap_bin)"": 0.0, ""place(tray_pocket_1)"": 0.0, ""place(tray_pocket_2)"": 0.0, ""inspect(red_cylinder)"": 0.008199999999999999, ""sweep(conveyor)"": 0.0, ""done()"": 0.0}}","{
  ""pick(blue_bolt)"": 0.95,
  ""pick(blue_cube)"": 0.05,
  ""pick(red_cylinder)"": 0.01,
  ""pick(red_housing)"": 0.00,
  ""pick(grey_bracket)"": 0.00,
  ""place(assembly_tray)"": 0.00,
  ""place(scrap_bin)"": 0.00,
  ""place(tray_pocket_1)"": 0.95,
  ""place(tray_pocket_2)"": 0.05,
  ""inspect(red_cylinder)"": 0.01,
  ""sweep(conveyor)"": 0.00,
  ""done()"": 0.00
}"
TRIAL_004,2,Cat 1: Direct Imperative,P02,Grasp the red cylinder and transfer it to the assembly fixture.,ARIA_Dialogue_Planning,8d83b97,2026-10-02T15:05:00.002448,42,True,True,True,True,1.0,False,1.0,0.7,True,8223.28,"{""plan_id"": ""grasp_and_transfer_red_cylinder"", ""confidence"": 1.0, ""subgoals"": [""locate_red_cylinder"", ""grasp_red_cylinder"", ""transfer_to_assembly_fixture""], ""actions"": [{""step"": 1, ""agent"": ""AffordanceAgent"", ""skill"": ""pick"", ""reasoning"": ""The red cylinder is a detected object in the world state."", ""parameters"": {""object_id"": ""workpiece_defect_1""}}, {""step"": 2, ""agent"": ""AffordanceAgent"", ""skill"": ""place"", ""reasoning"": ""The assembly fixture is not explicitly mentioned in the world state, but it can be inferred as a destination for the red cylinder."", ""parameters"": {""object_id"": ""workpiece_defect_1"", ""target"": ""assembly_finished_tray""}}, {""step"": 3, ""agent"": ""AffordanceAgent"", ""skill"": ""place"", ""reasoning"": ""The assembly fixture is not explicitly mentioned in the world state, but it can be inferred as a destination for the red cylinder."", ""parameters"": {""object_id"": ""workpiece_defect_1"", ""target"": ""assembly_finished_tray""}}], ""requires_approval"": false, ""ambiguity_notes"": """"}","{ ""plan_id"": ""grasp_and_transfer_red_cylinder"", ""confidence"": 1.0, ""subgoals"": [ ""locate_red_cylinder"", ""grasp_red_cylinder"", ""transfer_to_assembly_fixture"" ], ""actions"": [ { ""step"": 1, ""agent"": ""AffordanceAgent"", ""skill"": ""pick"", ""reasoning"": ""The red cylinder is a detected object in the world state."", ""parameters"": {""object_id"": ""workpiece_defect_1""} }, { ""step"": 2, ""agent"": ""AffordanceAgent"", ""skill"": ""place"", ""reasoning"": ""The assembly fixture is not explicitly mentioned in the world state, but it can be inferred as a destination for the red cylinder."", ""parameters"": {""object_id"": ""workpiece_defect_1"", ""target"": ""assembly_finished_tray""} }, { ""step"": 3, ""agent"": ""AffordanceAgent"", ""skill"": ""place"", ""reasoning"": ""The assembly fixture is not explicitly mentioned in the world state, but it can be inferred as a destination for the red cylinder."", ""parameters"": {""object_id"": ""workpiece_defect_1"", ""target"": ""assembly_finished_tray""} } ], ""requires_approval"": false, ""ambiguity_notes"": """" }"
TRIAL_005,2,Cat 1: Direct Imperative,P02,Grasp the red cylinder and transfer it to the assembly fixture.,Direct_LLM,8d83b97,2026-10-02T15:05:09.536401,42,False,False,True,True,0.667,False,0.7,0.7,False,8979.65,"{""goal"": ""Transfer the red cylinder to the assembly fixture"", ""subgoals"": [{""goal"": ""Locate the red cylinder""}, {""goal"": ""Grasp the red cylinder""}, {""goal"": ""Move to the assembly fixture""}, {""goal"": ""Release the red cylinder at the assembly fixture""}], ""actions"": [{""step"": 1, ""skill"": ""Visual Perception"", ""parameters"": {""object_type"": ""cylinder"", ""color"": ""red""}, ""confidence"": 0.8}, {""step"": 2, ""skill"": ""Object Manipulation"", ""parameters"": {""gripper_type"": ""pincer"", ""force"": 10}, ""confidence"": 0.9}, {""step"": 3, ""skill"": ""Motion Planning"", ""parameters"": {""destination_x"": 2.5, ""destination_y"": 1.8, ""destination_z"": 0.5}, ""confidence"": 0.95}, {""step"": 4, ""skill"": ""Object Release"", ""parameters"": {""release_force"": 5}, ""confidence"": 0.9}]}","{ 
  ""goal"": ""Transfer the red cylinder to the assembly fixture"",
  ""subgoals"": [
    {
      ""goal"": ""Locate the red cylinder""
    },
    {
      ""goal"": ""Grasp the red cylinder""
    },
    {
      ""goal"": ""Move to the assembly fixture""
    },
    {
      ""goal"": ""Release the red cylinder at the assembly fixture""
    }
  ],
  ""actions"": [
    {
      ""step"": 1,
      ""skill"": ""Visual Perception"",
      ""parameters"": {
        ""object_type"": ""cylinder"",
        ""color"": ""red""
      },
      ""confidence"": 0.8
    },
    {
      ""step"": 2,
      ""skill"": ""Object Manipulation"",
      ""parameters"": {
        ""gripper_type"": ""pincer"",
        ""force"": 10
      },
      ""confidence"": 0.9
    },
    {
      ""step"": 3,
      ""skill"": ""Motion Planning"",
      ""parameters"": {
        ""destination_x"": 2.5,
        ""destination_y"": 1.8,
        ""destination_z"": 0.5
      },
      ""confidence"": 0.95
    },
    {
      ""step"": 4,
      ""skill"": ""Object Release"",
      ""parameters"": {
        ""release_force"": 5
      },
      ""confidence"": 0.9
    }
  ]
}"
TRIAL_006,2,Cat 1: Direct Imperative,P02,Grasp the red cylinder and transfer it to the assembly fixture.,SayCan,8d83b97,2026-10-02T15:05:18.516468,42,True,True,True,True,1.0,False,0.88,0.7,True,3948.01,"{""selected_primitive"": ""pick(red_cylinder)"", ""score"": 0.88, ""scores"": {""pick(blue_bolt)"": 0.0, ""pick(blue_cube)"": 0.0, ""pick(red_cylinder)"": 0.88, ""pick(red_housing)"": 0.0, ""pick(grey_bracket)"": 0.0, ""place(assembly_tray)"": 0.0, ""place(scrap_bin)"": 0.0, ""place(tray_pocket_1)"": 0.0, ""place(tray_pocket_2)"": 0.0, ""inspect(red_cylinder)"": 0.0, ""sweep(conveyor)"": 0.0, ""done()"": 0.0}}","{
  ""pick(blue_bolt)"": 0.0,
  ""pick(blue_cube)"": 0.0,
  ""pick(red_cylinder)"": 1.0,
  ""pick(red_housing)"": 0.0,
  ""pick(grey_bracket)"": 0.0,
  ""place(assembly_tray)"": 0.0,
  ""place(scrap_bin)"": 0.0,
  ""place(tray_pocket_1)"": 0.0,
  ""place(tray_pocket_2)"": 0.0,
  ""inspect(red_cylinder)"": 0.0,
  ""sweep(conveyor)"": 0.0,
  ""done()"": 0.0
}"
TRIAL_007,3,Cat 1: Direct Imperative,P03,Pick the grey bracket from the table and drop it into bin A.,ARIA_Dialogue_Planning,8d83b97,2026-10-02T15:05:23.391037,42,True,True,True,True,1.0,False,1.0,0.7,True,4789.94,"{""plan_id"": ""pick_grey_bracket"", ""confidence"": 1.0, ""subgoals"": [""move_arm_to_table"", ""pick_grey_bracket"", ""drop_into_bin_A""], ""actions"": [{""step"": 1, ""agent"": ""AffordanceAgent"", ""skill"": ""pick"", ""reasoning"": ""pick grey bracket from table"", ""parameters"": {""object_id"": ""grey_bracket""}}, {""step"": 2, ""agent"": ""AffordanceAgent"", ""skill"": ""place"", ""reasoning"": ""drop grey bracket into bin A"", ""parameters"": {""object_id"": ""grey_bracket"", ""target"": ""bin_A""}}], ""requires_approval"": false, ""ambiguity_notes"": """"}","{ ""plan_id"": ""pick_grey_bracket"", ""confidence"": 1.0, ""subgoals"": [ ""move_arm_to_table"", ""pick_grey_bracket"", ""drop_into_bin_A"" ], ""actions"": [ { ""step"": 1, ""agent"": ""AffordanceAgent"", ""skill"": ""pick"", ""reasoning"": ""pick grey bracket from table"", ""parameters"": {""object_id"": ""grey_bracket""} }, { ""step"": 2, ""agent"": ""AffordanceAgent"", ""skill"": ""place"", ""reasoning"": ""drop grey bracket into bin A"", ""parameters"": {""object_id"": ""grey_bracket"", ""target"": ""bin_A""} } ], ""requires_approval"": false, ""ambiguity_notes"": """" }"
TRIAL_008,3,Cat 1: Direct Imperative,P03,Pick the grey bracket from the table and drop it into bin A.,Direct_LLM,8d83b97,2026-10-02T15:05:29.493307,42,False,False,True,True,0.667,False,0.7,0.7,False,11862.16,"{""goal"": ""Execute task"", ""subgoals"": [{""goal"": ""Locate object to pick up"", ""subgoals"": [], ""actions"": [{""step"": ""Identify grey bracket on table"", ""skill"": ""Object recognition"", ""parameters"": {""object_type"": ""grey_bracket"", ""location"": ""table""}}, {""step"": ""Verify object is within reach"", ""skill"": ""Spatial awareness"", ""parameters"": {}}], ""confidence"": 0.9}, {""goal"": ""Pick up object"", ""subgoals"": [], ""actions"": [{""step"": ""Extend arm to pick up grey bracket"", ""skill"": ""Arm movement"", ""parameters"": {""arm_extension"": true, ""gripper_open"": true}}, {""step"": ""Close gripper around object"", ""skill"": ""Gripper control"", ""parameters"": {}}], ""confidence"": 0.95}, {""goal"": ""Locate bin A"", ""subgoals"": [], ""actions"": [{""step"": ""Identify location of bin A"", ""skill"": ""Object recognition"", ""parameters"": {""object_type"": ""bin_A"", ""location"": ""nearby""}}, {""step"": ""Verify bin is within reach"", ""skill"": ""Spatial awareness"", ""parameters"": {}}], ""confidence"": 0.8}, {""goal"": ""Drop object into bin A"", ""subgoals"": [], ""actions"": [{""step"": ""Extend arm to drop grey bracket into bin A"", ""skill"": ""Arm movement"", ""parameters"": {""arm_extension"": true, ""gripper_open"": false}}, {""step"": ""Release object into bin A"", ""skill"": ""Gripper control"", ""parameters"": {}}], ""confidence"": 0.9}]}","{ 
  ""goal"": ""Execute task"",
  ""subgoals"": [
    {
      ""goal"": ""Locate object to pick up"",
      ""subgoals"": [],
      ""actions"": [
        {
          ""step"": ""Identify grey bracket on table"",
          ""skill"": ""Object recognition"",
          ""parameters"": {""object_type"": ""grey_bracket"", ""location"": ""table""}
        },
        {
          ""step"": ""Verify object is within reach"",
          ""skill"": ""Spatial awareness"",
          ""parameters"": {}
        }
      ],
      ""confidence"": 0.9
    },
    {
      ""goal"": ""Pick up object"",
      ""subgoals"": [],
      ""actions"": [
        {
          ""step"": ""Extend arm to pick up grey bracket"",
          ""skill"": ""Arm movement"",
          ""parameters"": {""arm_extension"": true, ""gripper_open"": true}
        },
        {
          ""step"": ""Close gripper around object"",
          ""skill"": ""Gripper control"",
          ""parameters"": {}
        }
      ],
      ""confidence"": 0.95
    },
    {
      ""goal"": ""Locate bin A"",
      ""subgoals"": [],
      ""actions"": [
        {
          ""step"": ""Identify location of bin A"",
          ""skill"": ""Object recognition"",
          ""parameters"": {""object_type"": ""bin_A"", ""location"": ""nearby""}
        },
        {
          ""step"": ""Verify bin is within reach"",
          ""skill"": ""Spatial awareness"",
          ""parameters"": {}
        }
      ],
      ""confidence"": 0.8
    },
    {
      ""goal"": ""Drop object into bin A"",
      ""subgoals"": [],
      ""actions"": [
        {
          ""step"": ""Extend arm to drop grey bracket into bin A"",
          ""skill"": ""Arm movement"",
          ""parameters"": {""arm_extension"": true, ""gripper_open"": false}
        },
        {
          ""step"": ""Release object into bin A"",
          ""skill"": ""Gripper control"",
          ""parameters"": {}
        }
      ],
      ""confidence"": 0.9
    }
  ]
}"
TRIAL_009,3,Cat 1: Direct Imperative,P03,Pick the grey bracket from the table and drop it into bin A.,SayCan,8d83b97,2026-10-02T15:05:41.355733,42,True,True,True,True,1.0,False,0.088,0.7,True,7211.68,"{""selected_primitive"": ""pick(blue_bolt)"", ""score"": 0.088, ""scores"": {""pick(blue_bolt)"": 0.08800000000000001, ""pick(blue_cube)"": 0.08800000000000001, ""pick(red_cylinder)"": 0.08800000000000001, ""pick(red_housing)"": 0.08800000000000001, ""pick(grey_bracket)"": 0.085, ""place(assembly_tray)"": 0.0, ""place(scrap_bin)"": 0.0, ""place(tray_pocket_1)"": 0.0, ""place(tray_pocket_2)"": 0.0, ""inspect(red_cylinder)"": 0.082, ""sweep(conveyor)"": 0.07500000000000001, ""done()"": 0.05}}","{
  ""pick(blue_bolt)"": 0.0,
  ""pick(blue_cube)"": 0.0,
  ""pick(red_cylinder)"": 0.0,
  ""pick(red_housing)"": 0.0,
  ""pick(grey_bracket)"": 1.0,
  ""place(assembly_tray)"": 0.0,
  ""place(scrap_bin)"": 0.5, 	""// bin A is a scrap bin, but it's not the only one, so score is lower than perfect match (1.0) but higher than no match at all (0.0). This is an educated guess based on common robotic tasks and terminology used in the instruction. Adjust according to your specific use case or domain knowledge. For example, if you know that 'scrap_bin' always refers to bin A, then score it 1.0 instead of 0.5. If you're unsure, consider using a lower score like 0.2 or even 0.0 depending on the context and your confidence level in the model's understanding of the instruction. The key is to provide a reasonable estimate based on available information and adjust as more data becomes available for fine-tuning the model."":"""",
  ""place(tray_pocket_1)"": 0.0,
  ""place(tray_pocket_2)"": 0.0,
  ""inspect(red_cylinder)"": 0.0,
  """
TRIAL_010,4,Cat 1: Direct Imperative,P04,Transfer the blue cube from the pickup zone to the pallet.,ARIA_Dialogue_Planning,8d83b97,2026-10-02T15:05:49.492165,42,True,True,True,True,1.0,False,1.0,0.7,True,3992.97,"{""plan_id"": ""transfer_blue_cube"", ""confidence"": 1.0, ""subgoals"": [""move_workpiece_good_2_to_pallet""], ""actions"": [{""step"": 1, ""agent"": ""AffordanceAgent"", ""skill"": ""pick"", ""reasoning"": ""Pick up workpiece_good_2 (blue cube) from infeed_conveyor."", ""parameters"": {""object_id"": ""workpiece_good_2""}}, {""step"": 2, ""agent"": ""AffordanceAgent"", ""skill"": ""place"", ""reasoning"": ""Place workpiece_good_2 (blue cube) on pallet."", ""parameters"": {""object_id"": ""workpiece_good_2""}}], ""requires_approval"": false, ""ambiguity_notes"": """"}","{ ""plan_id"": ""transfer_blue_cube"", ""confidence"": 1.0, ""subgoals"": [ ""move_workpiece_good_2_to_pallet"" ], ""actions"": [ { ""step"": 1, ""agent"": ""AffordanceAgent"", ""skill"": ""pick"", ""reasoning"": ""Pick up workpiece_good_2 (blue cube) from infeed_conveyor."", ""parameters"": {""object_id"": ""workpiece_good_2""} }, { ""step"": 2, ""agent"": ""AffordanceAgent"", ""skill"": ""place"", ""reasoning"": ""Place workpiece_good_2 (blue cube) on pallet."", ""parameters"": {""object_id"": ""workpiece_good_2""} } ], ""requires_approval"": false, ""ambiguity_notes"": """" }"
TRIAL_011,4,Cat 1: Direct Imperative,P04,Transfer the blue cube from the pickup zone to the pallet.,Direct_LLM,8d83b97,2026-10-02T15:05:54.792423,42,False,False,True,True,0.667,False,0.7,0.7,False,6474.26,"{""goal"": ""Transfer the blue cube"", ""subgoals"": [{""goal"": ""Locate the blue cube in the pickup zone""}, {""goal"": ""Pick up the blue cube""}, {""goal"": ""Move to the pallet""}, {""goal"": ""Place the blue cube on the pallet""}], ""actions"": [{""step"": 1, ""skill"": ""Visual Perception"", ""parameters"": {""object_type"": ""blue_cube"", ""location"": ""pickup_zone""}, ""confidence"": 0.9}, {""step"": 2, ""skill"": ""Object Manipulation"", ""parameters"": {""gripper_type"": ""vacuum_gripper"", ""object_type"": ""blue_cube""}, ""confidence"": 0.8}, {""step"": 3, ""skill"": ""Motion Planning"", ""parameters"": {""destination"": ""pallet"", ""avoid_obstacles"": true}, ""confidence"": 0.95}, {""step"": 4, ""skill"": ""Object Placement"", ""parameters"": {""object_type"": ""blue_cube"", ""location"": ""pallet""}, ""confidence"": 0.9}]}","{ 
  ""goal"": ""Transfer the blue cube"",
  ""subgoals"": [
    {
      ""goal"": ""Locate the blue cube in the pickup zone""
    },
    {
      ""goal"": ""Pick up the blue cube""
    },
    {
      ""goal"": ""Move to the pallet""
    },
    {
      ""goal"": ""Place the blue cube on the pallet""
    }
  ],
  ""actions"": [
    {
      ""step"": 1,
      ""skill"": ""Visual Perception"",
      ""parameters"": {
        ""object_type"": ""blue_cube"",
        ""location"": ""pickup_zone""
      },
      ""confidence"": 0.9
    },
    {
      ""step"": 2,
      ""skill"": ""Object Manipulation"",
      ""parameters"": {
        ""gripper_type"": ""vacuum_gripper"",
        ""object_type"": ""blue_cube""
      },
      ""confidence"": 0.8
    },
    {
      ""step"": 3,
      ""skill"": ""Motion Planning"",
      ""parameters"": {
        ""destination"": ""pallet"",
        ""avoid_obstacles"": true
      },
      ""confidence"": 0.95
    },
    {
      ""step"": 4,
      ""skill"": ""Object Placement"",
      ""parameters"": {
        ""object_type"": ""blue_cube"",
        ""location"": ""pallet""
      },
      ""confidence"": 0.9
    }
  ]
}"
TRIAL_012,4,Cat 1: Direct Imperative,P04,Transfer the blue cube from the pickup zone to the pallet.,SayCan,8d83b97,2026-10-02T15:06:01.267071,42,True,True,True,True,1.0,False,0.792,0.7,True,3580.19,"{""selected_primitive"": ""pick(blue_cube)"", ""score"": 0.792, ""scores"": {""pick(blue_bolt)"": 0.0, ""pick(blue_cube)"": 0.792, ""pick(red_cylinder)"": 0.08800000000000001, ""pick(red_housing)"": 0.0, ""pick(grey_bracket)"": 0.0, ""place(assembly_tray)"": 0.0, ""place(scrap_bin)"": 0.0, ""place(tray_pocket_1)"": 0.0, ""place(tray_pocket_2)"": 0.0, ""inspect(red_cylinder)"": 0.0, ""sweep(conveyor)"": 0.0, ""done()"": 0.0}}","{
  ""pick(blue_bolt)"": 0.0,
  ""pick(blue_cube)"": 0.9,
  ""pick(red_cylinder)"": 0.1,
  ""pick(red_housing)"": 0.0,
  ""pick(grey_bracket)"": 0.0,
  ""place(assembly_tray)"": 0.0,
  ""place(scrap_bin)"": 0.0,
  ""place(tray_pocket_1)"": 0.0,
  ""place(tray_pocket_2)"": 0.0,
  ""inspect(red_cylinder)"": 0.0,
  ""sweep(conveyor)"": 0.0,
  ""done()"": 0.0
}"
TRIAL_013,5,Cat 1: Direct Imperative,P05,Move the red hex nut from the feeder to tray pocket 3.,ARIA_Dialogue_Planning,8d83b97,2026-10-02T15:06:05.771451,42,False,True,True,True,1.0,True,0.5,0.7,False,13169.68,{},"{ ""plan_id"": ""move_red_hex_nut"", ""confidence"": 1.0, ""subgoals"": [ ""get_object"", ""move_object"", ""update_workcell"" ], ""actions"": [ { ""step"": 1, ""agent"": ""AffordanceAgent"", ""skill"": ""pick"", ""reasoning"": ""The instruction requires the red hex nut to be picked from the feeder."", ""parameters"": { ""object_id"": ""red_hex_nut"", ""target"": ""supply_bin"" } }, { ""step"": 2, ""agent"": ""AffordanceAgent"", ""skill"": ""place"", ""reasoning"": ""The instruction requires the red hex nut to be placed in tray pocket 3."", ""parameters"": { ""object_id"": ""red_hex_nut"", ""target"": ""assembly_finished_tray"" } }, { ""step"": 3, ""agent"": ""AffordanceAgent"", ""skill"": ""inspect"", ""reasoning"": ""Verify that the red hex nut is correctly placed in tray pocket 3."", ""parameters"": { ""object_id"": ""red_hex_nut"", ""target"": ""assembly_finished_tray"" } }, { ""step"": 4, ""agent"": ""AffordanceAgent"", ""skill"": ""inspect"", ""reasoning"": ""Verify that the red hex nut is correctly placed in tray pocket 3."", ""parameters"": { ""object_id"": ""red_hex_nut"", ""target"": ""assembly_finished_tray"" } }, { ""step"": 5, ""agent"": ""AffordanceAgent"", ""skill"": ""inspect"", ""reasoning"": ""Verify that the red hex nut is correctly placed in tray pocket 3."", ""parameters"": { ""object_id"": ""red_hex_nut"", ""target"": ""assembly_finished_tray"" } }, { ""step"": 6, ""agent"": ""AffordanceAgent"", ""skill"": ""inspect"", ""reasoning"": ""Verify that the red hex nut is correctly placed in tray pocket 3."", ""parameters"": { ""object_id"": ""red_hex_nut"", ""target"": ""assembly_finished_tray"" } }, { ""step"": 7, ""agent"": ""AffordanceAgent"", ""skill"": ""inspect"", ""reasoning"": ""Verify that the red hex nut is correctly placed in tray pocket 3."", ""parameters"": { ""object_id"": ""red_hex_nut"", ""target"": ""assembly_finished_tray"" } }, { ""step"": 8, ""agent"": ""AffordanceAgent"", ""skill"": ""inspect"", ""reasoning"": ""Verify that the red hex nut is correctly placed in tray pocket 3."", ""parameters"": { ""object_id"": ""red_hex_nut"", ""target"": ""assembly_finished_tray"" } }, { ""step"": 9, ""agent"": ""Aff"
TRIAL_014,5,Cat 1: Direct Imperative,P05,Move the red hex nut from the feeder to tray pocket 3.,Direct_LLM,8d83b97,2026-10-02T15:06:18.941542,42,False,False,True,True,0.667,False,0.7,0.7,False,6396.44,"{""goal"": ""Move the red hex nut from the feeder to tray pocket 3"", ""subgoals"": [{""goal"": ""Locate the red hex nut in the feeder""}, {""goal"": ""Grasp the red hex nut with the robotic arm's gripper""}, {""goal"": ""Move the grasped red hex nut to tray pocket 3""}], ""actions"": [{""step"": 1, ""skill"": ""Visual Inspection"", ""parameters"": {""camera_id"": ""front_camera"", ""object_color"": ""red"", ""object_shape"": ""hexagon""}, ""confidence"": 0.8}, {""step"": 2, ""skill"": ""Gripper Control"", ""parameters"": {""gripper_type"": ""vacuum_gripper"", ""target_object_id"": ""red_hex_nut""}, ""confidence"": 0.9}, {""step"": 3, ""skill"": ""Motion Planning"", ""parameters"": {""start_position"": ""feeder_location"", ""end_position"": ""tray_pocket_3"", ""obstacle_avoidance"": true}, ""confidence"": 0.95}]}","{ 
    ""goal"": ""Move the red hex nut from the feeder to tray pocket 3"",
    ""subgoals"": [
        {
            ""goal"": ""Locate the red hex nut in the feeder""
        },
        {
            ""goal"": ""Grasp the red hex nut with the robotic arm's gripper""
        },
        {
            ""goal"": ""Move the grasped red hex nut to tray pocket 3""
        }
    ],
    ""actions"": [
        {
            ""step"": 1,
            ""skill"": ""Visual Inspection"",
            ""parameters"": {
                ""camera_id"": ""front_camera"",
                ""object_color"": ""red"",
                ""object_shape"": ""hexagon""
            },
            ""confidence"": 0.8
        },
        {
            ""step"": 2,
            ""skill"": ""Gripper Control"",
            ""parameters"": {
                ""gripper_type"": ""vacuum_gripper"",
                ""target_object_id"": ""red_hex_nut""
            },
            ""confidence"": 0.9
        },
        {
            ""step"": 3,
            ""skill"": ""Motion Planning"",
            ""parameters"": {
                ""start_position"": ""feeder_location"",
                ""end_position"": ""tray_pocket_3"",
                ""obstacle_avoidance"": true
            },
            ""confidence"": 0.95
        }
    ]
}"
TRIAL_015,5,Cat 1: Direct Imperative,P05,Move the red hex nut from the feeder to tray pocket 3.,SayCan,8d83b97,2026-10-02T15:06:25.338238,42,True,True,True,True,1.0,False,0.088,0.7,True,3503.1,"{""selected_primitive"": ""pick(red_cylinder)"", ""score"": 0.088, ""scores"": {""pick(blue_bolt)"": 0.0, ""pick(blue_cube)"": 0.0, ""pick(red_cylinder)"": 0.08800000000000001, ""pick(red_housing)"": 0.0, ""pick(grey_bracket)"": 0.0, ""place(assembly_tray)"": 0.0, ""place(scrap_bin)"": 0.0, ""place(tray_pocket_1)"": 0.0, ""place(tray_pocket_2)"": 0.0, ""inspect(red_cylinder)"": 0.0, ""sweep(conveyor)"": 0.0, ""done()"": 0.0}}","{
  ""pick(blue_bolt)"": 0.0,
  ""pick(blue_cube)"": 0.0,
  ""pick(red_cylinder)"": 0.1,
  ""pick(red_housing)"": 0.0,
  ""pick(grey_bracket)"": 0.0,
  ""place(assembly_tray)"": 0.0,
  ""place(scrap_bin)"": 0.0,
  ""place(tray_pocket_1)"": 0.0,
  ""place(tray_pocket_2)"": 0.0,
  ""inspect(red_cylinder)"": 0.0,
  ""sweep(conveyor)"": 0.0,
  ""done()"": 0.0
}"
TRIAL_016,6,Cat 1: Direct Imperative,P06,Pick the grey spacer and place it into tray pocket 4.,ARIA_Dialogue_Planning,8d83b97,2026-10-02T15:06:29.764885,42,True,True,True,True,1.0,False,1.0,0.7,True,5710.49,"{""plan_id"": ""pick_and_place_grey_spacer"", ""confidence"": 1.0, ""subgoals"": [""locate_grey_bracket"", ""pick_grey_bracket"", ""place_grey_bracket_in_tray_pocket_4""], ""actions"": [{""step"": 1, ""agent"": ""AffordanceAgent"", ""skill"": ""locate"", ""reasoning"": ""The grey spacer is a detected object in the world state."", ""parameters"": {""object_id"": ""grey_bracket""}}, {""step"": 2, ""agent"": ""AffordanceAgent"", ""skill"": ""pick"", ""reasoning"": ""The grey spacer is within reach of the optical table's gripper."", ""parameters"": {""object_id"": ""grey_bracket""}}, {""step"": 3, ""agent"": ""AffordanceAgent"", ""skill"": ""place"", ""reasoning"": ""Tray pocket 4 is a valid destination for placing the grey spacer."", ""parameters"": {""object_id"": ""grey_bracket"", ""target"": ""assembly_finished_tray.pocket_4""}}], ""requires_approval"": false, ""ambiguity_notes"": """"}","{ ""plan_id"": ""pick_and_place_grey_spacer"", ""confidence"": 1.0, ""subgoals"": [ ""locate_grey_bracket"", ""pick_grey_bracket"", ""place_grey_bracket_in_tray_pocket_4"" ], ""actions"": [ { ""step"": 1, ""agent"": ""AffordanceAgent"", ""skill"": ""locate"", ""reasoning"": ""The grey spacer is a detected object in the world state."", ""parameters"": {""object_id"": ""grey_bracket""} }, { ""step"": 2, ""agent"": ""AffordanceAgent"", ""skill"": ""pick"", ""reasoning"": ""The grey spacer is within reach of the optical table's gripper."", ""parameters"": {""object_id"": ""grey_bracket""} }, { ""step"": 3, ""agent"": ""AffordanceAgent"", ""skill"": ""place"", ""reasoning"": ""Tray pocket 4 is a valid destination for placing the grey spacer."", ""parameters"": {""object_id"": ""grey_bracket"", ""target"": ""assembly_finished_tray.pocket_4""} } ], ""requires_approval"": false, ""ambiguity_notes"": """" }"
TRIAL_017,6,Cat 1: Direct Imperative,P06,Pick the grey spacer and place it into tray pocket 4.,Direct_LLM,8d83b97,2026-10-02T15:06:36.785292,42,False,False,True,True,0.667,False,0.7,0.7,False,6316.81,"{""goal"": ""Pick the grey spacer and place it into tray pocket 4"", ""subgoals"": [{""goal"": ""Locate the grey spacer""}, {""goal"": ""Grasp the grey spacer""}, {""goal"": ""Move to tray pocket 4""}, {""goal"": ""Place the grey spacer into tray pocket 4""}], ""actions"": [{""step"": 1, ""skill"": ""Visual Perception"", ""parameters"": {""object_type"": ""grey spacer"", ""location"": ""tray""}, ""confidence"": 0.8}, {""step"": 2, ""skill"": ""Object Manipulation"", ""parameters"": {""gripper_type"": ""vacuum gripper"", ""object_size"": ""small""}, ""confidence"": 0.9}, {""step"": 3, ""skill"": ""Motion Planning"", ""parameters"": {""destination"": ""tray pocket 4"", ""obstacle_avoidance"": true}, ""confidence"": 0.95}, {""step"": 4, ""skill"": ""Object Placement"", ""parameters"": {""placement_accuracy"": ""high""}, ""confidence"": 0.92}]}","{ 
    ""goal"": ""Pick the grey spacer and place it into tray pocket 4"",
    ""subgoals"": [
        {
            ""goal"": ""Locate the grey spacer""
        },
        {
            ""goal"": ""Grasp the grey spacer""
        },
        {
            ""goal"": ""Move to tray pocket 4""
        },
        {
            ""goal"": ""Place the grey spacer into tray pocket 4""
        }
    ],
    ""actions"": [
        {
            ""step"": 1,
            ""skill"": ""Visual Perception"",
            ""parameters"": {
                ""object_type"": ""grey spacer"",
                ""location"": ""tray""
            },
            ""confidence"": 0.8
        },
        {
            ""step"": 2,
            ""skill"": ""Object Manipulation"",
            ""parameters"": {
                ""gripper_type"": ""vacuum gripper"",
                ""object_size"": ""small""
            },
            ""confidence"": 0.9
        },
        {
            ""step"": 3,
            ""skill"": ""Motion Planning"",
            ""parameters"": {
                ""destination"": ""tray pocket 4"",
                ""obstacle_avoidance"": true
            },
            ""confidence"": 0.95
        },
        {
            ""step"": 4,
            ""skill"": ""Object Placement"",
            ""parameters"": {
                ""placement_accuracy"": ""high""
            },
            ""confidence"": 0.92
        }
    ]
}"
TRIAL_018,6,Cat 1: Direct Imperative,P06,Pick the grey spacer and place it into tray pocket 4.,SayCan,8d83b97,2026-10-02T15:06:43.102341,42,True,True,True,True,1.0,False,0.085,0.7,True,3827.09,"{""selected_primitive"": ""pick(grey_bracket)"", ""score"": 0.085, ""scores"": {""pick(blue_bolt)"": 0.0, ""pick(blue_cube)"": 0.0, ""pick(red_cylinder)"": 0.0, ""pick(red_housing)"": 0.0, ""pick(grey_bracket)"": 0.085, ""place(assembly_tray)"": 0.0, ""place(scrap_bin)"": 0.0, ""place(tray_pocket_1)"": 0.0, ""place(tray_pocket_2)"": 0.0, ""inspect(red_cylinder)"": 0.0, ""sweep(conveyor)"": 0.0, ""done()"": 0.0}}","{
  ""pick(blue_bolt)"": 0.0,
  ""pick(blue_cube)"": 0.0,
  ""pick(red_cylinder)"": 0.0,
  ""pick(red_housing)"": 0.0,
  ""pick(grey_bracket)"": 0.1,
  ""place(assembly_tray)"": 0.0,
  ""place(scrap_bin)"": 0.0,
  ""place(tray_pocket_1)"": 0.0,
  ""place(tray_pocket_2)"": 0.0,
  ""place(tray_pocket_4)"": 0.9,
  ""inspect(red_cylinder)"": 0.0,
  ""sweep(conveyor)"": 0.0,
  ""done()"": 0.0
}"
TRIAL_019,7,Cat 1: Direct Imperative,P07,Grasp the blue peg and insert it into slot 2.,ARIA_Dialogue_Planning,8d83b97,2026-10-02T15:06:47.854315,42,True,True,True,True,1.0,False,1.0,0.7,True,6179.4,"{""plan_id"": ""insert_blue_peg"", ""confidence"": 1.0, ""subgoals"": [""grasp_workpiece_good_1"", ""move_to_slot_2"", ""insert_into_slot""], ""actions"": [{""step"": 1, ""agent"": ""AffordanceAgent"", ""skill"": ""pick"", ""reasoning"": ""The instruction requires grasping the blue peg. The detected object workpiece_good_1 is a blue bolt, which matches the description of the peg.""}, {""step"": 2, ""agent"": ""AffordanceAgent"", ""skill"": ""place"", ""reasoning"": ""After grasping the blue peg, it needs to be moved to slot 2. The active workcell has an assembly_finished_tray with pockets 1-4, which includes slot 2.""}, {""step"": 3, ""agent"": ""AffordanceAgent"", ""skill"": ""place"", ""reasoning"": ""The blue peg should be inserted into slot 2. This action is a direct consequence of the previous step and aligns with the instruction's intent.""}], ""requires_approval"": false, ""ambiguity_notes"": """"}","{ ""plan_id"": ""insert_blue_peg"", ""confidence"": 1.0, ""subgoals"": [ ""grasp_workpiece_good_1"", ""move_to_slot_2"", ""insert_into_slot"" ], ""actions"": [ { ""step"": 1, ""agent"": ""AffordanceAgent"", ""skill"": ""pick"", ""reasoning"": ""The instruction requires grasping the blue peg. The detected object workpiece_good_1 is a blue bolt, which matches the description of the peg."" }, { ""step"": 2, ""agent"": ""AffordanceAgent"", ""skill"": ""place"", ""reasoning"": ""After grasping the blue peg, it needs to be moved to slot 2. The active workcell has an assembly_finished_tray with pockets 1-4, which includes slot 2."" }, { ""step"": 3, ""agent"": ""AffordanceAgent"", ""skill"": ""place"", ""reasoning"": ""The blue peg should be inserted into slot 2. This action is a direct consequence of the previous step and aligns with the instruction's intent."" } ], ""requires_approval"": false, ""ambiguity_notes"": """" }"
TRIAL_020,7,Cat 1: Direct Imperative,P07,Grasp the blue peg and insert it into slot 2.,Direct_LLM,8d83b97,2026-10-02T15:06:55.343251,42,False,False,True,True,0.667,False,0.7,0.7,False,6488.1,"{""goal"": ""Insert peg into slot"", ""subgoals"": [{""goal"": ""Locate blue peg""}, {""goal"": ""Grasp blue peg""}, {""goal"": ""Move to slot 2""}, {""goal"": ""Insert peg into slot""}], ""actions"": [{""step"": 1, ""skill"": ""Visual Perception"", ""parameters"": {""object_color"": ""blue"", ""object_type"": ""peg""}, ""confidence"": 0.8}, {""step"": 2, ""skill"": ""Object Manipulation"", ""parameters"": {""grasp_type"": ""precision"", ""force"": 10}, ""confidence"": 0.9}, {""step"": 3, ""skill"": ""Motion Planning"", ""parameters"": {""destination"": ""slot_2"", ""speed"": 50}, ""confidence"": 0.85}, {""step"": 4, ""skill"": ""Object Placement"", ""parameters"": {""placement_type"": ""insertion"", ""force"": 15}, ""confidence"": 0.95}]}","{ 
    ""goal"": ""Insert peg into slot"",
    ""subgoals"": [
        {
            ""goal"": ""Locate blue peg""
        },
        {
            ""goal"": ""Grasp blue peg""
        },
        {
            ""goal"": ""Move to slot 2""
        },
        {
            ""goal"": ""Insert peg into slot""
        }
    ],
    ""actions"": [
        {
            ""step"": 1,
            ""skill"": ""Visual Perception"",
            ""parameters"": {""object_color"": ""blue"", ""object_type"": ""peg""},
            ""confidence"": 0.8
        },
        {
            ""step"": 2,
            ""skill"": ""Object Manipulation"",
            ""parameters"": {""grasp_type"": ""precision"", ""force"": 10},
            ""confidence"": 0.9
        },
        {
            ""step"": 3,
            ""skill"": ""Motion Planning"",
            ""parameters"": {""destination"": ""slot_2"", ""speed"": 50},
            ""confidence"": 0.85
        },
        {
            ""step"": 4,
            ""skill"": ""Object Placement"",
            ""parameters"": {""placement_type"": ""insertion"", ""force"": 15},
            ""confidence"": 0.95
        }
    ]
}"
TRIAL_021,7,Cat 1: Direct Imperative,P07,Grasp the blue peg and insert it into slot 2.,SayCan,8d83b97,2026-10-02T15:07:01.831646,42,True,True,True,True,1.0,False,0.44,0.7,True,4825.78,"{""selected_primitive"": ""pick(blue_cube)"", ""score"": 0.44, ""scores"": {""pick(blue_bolt)"": 0.0, ""pick(blue_cube)"": 0.44, ""pick(red_cylinder)"": 0.0, ""pick(red_housing)"": 0.0, ""pick(grey_bracket)"": 0.0, ""place(assembly_tray)"": 0.0, ""place(scrap_bin)"": 0.0, ""place(tray_pocket_1)"": 0.0, ""place(tray_pocket_2)"": 0.0, ""inspect(red_cylinder)"": 0.0, ""sweep(conveyor)"": 0.0, ""done()"": 0.0}}","{
  ""pick(blue_bolt)"": 0.0,
  ""pick(blue_cube)"": 0.5,
  ""pick(red_cylinder)"": 0.0,
  ""pick(red_housing)"": 0.0,
  ""pick(grey_bracket)"": 0.0,
  ""place(assembly_tray)"": 0.0,
  ""place(scrap_bin)"": 0.0,
  ""place(tray_pocket_1)"": 0.0,
  ""place(tray_pocket_2)"": 0.0,
  ""inspect(red_cylinder)"": 0.0,
  ""sweep(conveyor)"": 0.0,
  ""done()"": 0.0,
  ""pick(blue_cube)"": 0.5
}"
TRIAL_022,8,Cat 1: Direct Imperative,P08,Pick the red washer and place it in the center container.,ARIA_Dialogue_Planning,8d83b97,2026-10-02T15:07:07.581466,42,False,True,True,True,1.0,True,0.5,0.7,False,17151.97,{},"{ ""plan_id"": ""pick_red_washer"", ""confidence"": 1.0, ""subgoals"": [ ""locate_red_washer"", ""move_red_washer_to_center_container"" ], ""actions"": [ { ""step"": 1, ""agent"": ""AffordanceAgent"", ""skill"": ""pick"", ""reasoning"": ""The instruction requires picking the red washer. The AffordanceAgent is responsible for executing this action."", ""parameters"": { ""object_id"": ""workpiece_good_1"" } }, { ""step"": 2, ""agent"": ""AffordanceAgent"", ""skill"": ""place"", ""reasoning"": ""The instruction requires placing the red washer in the center container. The AffordanceAgent is responsible for executing this action."", ""parameters"": { ""object_id"": ""workpiece_good_1"", ""target"": ""center_container"" } }, { ""step"": 3, ""agent"": ""AffordanceAgent"", ""skill"": ""pick"", ""reasoning"": ""The instruction requires picking the red washer. The AffordanceAgent is responsible for executing this action."", ""parameters"": { ""object_id"": ""workpiece_good_1"" } }, { ""step"": 4, ""agent"": ""AffordanceAgent"", ""skill"": ""place"", ""reasoning"": ""The instruction requires placing the red washer in the center container. The AffordanceAgent is responsible for executing this action."", ""parameters"": { ""object_id"": ""workpiece_good_1"", ""target"": ""center_container"" } }, { ""step"": 5, ""agent"": ""AffordanceAgent"", ""skill"": ""pick"", ""reasoning"": ""The instruction requires picking the red washer. The AffordanceAgent is responsible for executing this action."", ""parameters"": { ""object_id"": ""workpiece_good_1"" } }, { ""step"": 6, ""agent"": ""AffordanceAgent"", ""skill"": ""place"", ""reasoning"": ""The instruction requires placing the red washer in the center container. The AffordanceAgent is responsible for executing this action."", ""parameters"": { ""object_id"": ""workpiece_good_1"", ""target"": ""center_container"" } }, { ""step"": 7, ""agent"": ""AffordanceAgent"", ""skill"": ""pick"", ""reasoning"": ""The instruction requires picking the red washer. The AffordanceAgent is responsible for executing this action."", ""parameters"": { ""object_id"": ""workpiece_good_1"" } }, { ""step"": 8, ""agent"": ""AffordanceAgent"", ""skill"": ""place"", ""reasoning"": ""The instruction requires placing the red washer in the center container. The AffordanceAgent is responsible for executing this action."", ""parameters"": { ""object"
TRIAL_023,8,Cat 1: Direct Imperative,P08,Pick the red washer and place it in the center container.,Direct_LLM,8d83b97,2026-10-02T15:07:24.733784,42,False,False,True,True,0.667,False,0.7,0.7,False,7414.33,"{""goal"": ""Pick the red washer and place it in the center container"", ""subgoals"": [{""goal"": ""Locate the red washer""}, {""goal"": ""Grasp the red washer""}, {""goal"": ""Move to the center container""}, {""goal"": ""Place the red washer in the center container""}], ""actions"": [{""step"": 1, ""skill"": ""Visual Perception"", ""parameters"": {""object_type"": ""washer"", ""color"": ""red""}, ""confidence"": 0.8}, {""step"": 2, ""skill"": ""Object Manipulation"", ""parameters"": {""grasp_type"": ""precision grasp""}, ""confidence"": 0.9}, {""step"": 3, ""skill"": ""Motion Planning"", ""parameters"": {""destination"": ""center container""}, ""confidence"": 0.95}, {""step"": 4, ""skill"": ""Object Placement"", ""parameters"": {""placement_type"": ""precision placement""}, ""confidence"": 0.92}]}","{ 
  ""goal"": ""Pick the red washer and place it in the center container"",
  ""subgoals"": [
    {
      ""goal"": ""Locate the red washer""
    },
    {
      ""goal"": ""Grasp the red washer""
    },
    {
      ""goal"": ""Move to the center container""
    },
    {
      ""goal"": ""Place the red washer in the center container""
    }
  ],
  ""actions"": [
    {
      ""step"": 1,
      ""skill"": ""Visual Perception"",
      ""parameters"": {
        ""object_type"": ""washer"",
        ""color"": ""red""
      },
      ""confidence"": 0.8
    },
    {
      ""step"": 2,
      ""skill"": ""Object Manipulation"",
      ""parameters"": {
        ""grasp_type"": ""precision grasp""
      },
      ""confidence"": 0.9
    },
    {
      ""step"": 3,
      ""skill"": ""Motion Planning"",
      ""parameters"": {
        ""destination"": ""center container""
      },
      ""confidence"": 0.95
    },
    {
      ""step"": 4,
      ""skill"": ""Object Placement"",
      ""parameters"": {
        ""placement_type"": ""precision placement""
      },
      ""confidence"": 0.92
    }
  ]
}"
TRIAL_024,8,Cat 1: Direct Imperative,P08,Pick the red washer and place it in the center container.,SayCan,8d83b97,2026-10-02T15:07:32.148371,42,True,True,True,True,1.0,False,0.88,0.7,True,3888.33,"{""selected_primitive"": ""pick(red_cylinder)"", ""score"": 0.88, ""scores"": {""pick(blue_bolt)"": 0.0, ""pick(blue_cube)"": 0.0, ""pick(red_cylinder)"": 0.88, ""pick(red_housing)"": 0.0, ""pick(grey_bracket)"": 0.0, ""place(assembly_tray)"": 0.0, ""place(scrap_bin)"": 0.0, ""place(tray_pocket_1)"": 0.0, ""place(tray_pocket_2)"": 0.0, ""inspect(red_cylinder)"": 0.0, ""sweep(conveyor)"": 0.0, ""done()"": 0.0}}","{
  ""pick(blue_bolt)"": 0.0,
  ""pick(blue_cube)"": 0.0,
  ""pick(red_cylinder)"": 1.0,
  ""pick(red_housing)"": 0.0,
  ""pick(grey_bracket)"": 0.0,
  ""place(assembly_tray)"": 0.0,
  ""place(scrap_bin)"": 0.0,
  ""place(tray_pocket_1)"": 0.0,
  ""place(tray_pocket_2)"": 0.0,
  ""inspect(red_cylinder)"": 0.0,
  ""sweep(conveyor)"": 0.0,
  ""done()"": 0.0
}"
TRIAL_025,9,Cat 1: Direct Imperative,P09,Transfer the grey flange to the inspection turntable.,ARIA_Dialogue_Planning,8d83b97,2026-10-02T15:07:36.962372,42,True,False,True,True,0.667,False,1.0,0.7,True,7006.62,"{""plan_id"": ""transfer_grey_flange_to_inspection_turntable"", ""confidence"": 1.0, ""subgoals"": [""locate_grey_bracket"", ""move_grey_bracket_to_optical_table""], ""actions"": [{""step"": 1, ""agent"": ""AffordanceAgent"", ""skill"": ""pick"", ""reasoning"": ""The grey bracket is detected in the supply bin."", ""parameters"": {""object_id"": ""grey_bracket""}}, {""step"": 2, ""agent"": ""AffordanceAgent"", ""skill"": ""place"", ""reasoning"": ""The inspection turntable is a designated destination for the grey flange."", ""parameters"": {""object_id"": ""grey_bracket"", ""target"": ""optical_table""}}, {""step"": 3, ""agent"": ""AffordanceAgent"", ""skill"": ""inspect"", ""reasoning"": ""After placing the grey bracket on the inspection turntable, it can be inspected."", ""parameters"": {""object_id"": ""grey_bracket""}}], ""requires_approval"": false, ""ambiguity_notes"": """"}","{ ""plan_id"": ""transfer_grey_flange_to_inspection_turntable"", ""confidence"": 1.0, ""subgoals"": [ ""locate_grey_bracket"", ""move_grey_bracket_to_optical_table"" ], ""actions"": [ { ""step"": 1, ""agent"": ""AffordanceAgent"", ""skill"": ""pick"", ""reasoning"": ""The grey bracket is detected in the supply bin."", ""parameters"": {""object_id"": ""grey_bracket""} }, { ""step"": 2, ""agent"": ""AffordanceAgent"", ""skill"": ""place"", ""reasoning"": ""The inspection turntable is a designated destination for the grey flange."", ""parameters"": {""object_id"": ""grey_bracket"", ""target"": ""optical_table""} }, { ""step"": 3, ""agent"": ""AffordanceAgent"", ""skill"": ""inspect"", ""reasoning"": ""After placing the grey bracket on the inspection turntable, it can be inspected."", ""parameters"": {""object_id"": ""grey_bracket""} } ], ""requires_approval"": false, ""ambiguity_notes"": """" }"
TRIAL_026,9,Cat 1: Direct Imperative,P09,Transfer the grey flange to the inspection turntable.,Direct_LLM,8d83b97,2026-10-02T15:07:44.626295,42,False,False,True,True,0.667,False,0.7,0.7,False,8088.31,"{""goal"": ""Transfer the grey flange to the inspection turntable"", ""subgoals"": [{""goal"": ""Locate the grey flange""}, {""goal"": ""Move the robotic arm to the grey flange's location""}, {""goal"": ""Grasp the grey flange with the end effector""}, {""goal"": ""Move the grey flange to the inspection turntable""}], ""actions"": [{""step"": 1, ""skill"": ""Visual Perception"", ""parameters"": {""camera_id"": ""front_camera"", ""object_name"": ""grey_flange""}, ""confidence"": 0.8}, {""step"": 2, ""skill"": ""Motion Planning"", ""parameters"": {""start_pose"": [0, 0, 0], ""end_pose"": [1, 0, 0]}, ""confidence"": 0.9}, {""step"": 3, ""skill"": ""Gripper Control"", ""parameters"": {""gripper_id"": ""end_effector"", ""object_name"": ""grey_flange""}, ""confidence"": 0.7}, {""step"": 4, ""skill"": ""Motion Planning"", ""parameters"": {""start_pose"": [1, 0, 0], ""end_pose"": [2, 0, 0]}, ""confidence"": 0.9}]}","{ 
  ""goal"": ""Transfer the grey flange to the inspection turntable"",
  ""subgoals"": [
    {
      ""goal"": ""Locate the grey flange""
    },
    {
      ""goal"": ""Move the robotic arm to the grey flange's location""
    },
    {
      ""goal"": ""Grasp the grey flange with the end effector""
    },
    {
      ""goal"": ""Move the grey flange to the inspection turntable""
    }
  ],
  ""actions"": [
    {
      ""step"": 1,
      ""skill"": ""Visual Perception"",
      ""parameters"": {""camera_id"": ""front_camera"", ""object_name"": ""grey_flange""},
      ""confidence"": 0.8
    },
    {
      ""step"": 2,
      ""skill"": ""Motion Planning"",
      ""parameters"": {""start_pose"": [0, 0, 0], ""end_pose"": [1, 0, 0]},
      ""confidence"": 0.9
    },
    {
      ""step"": 3,
      ""skill"": ""Gripper Control"",
      ""parameters"": {""gripper_id"": ""end_effector"", ""object_name"": ""grey_flange""},
      ""confidence"": 0.7
    },
    {
      ""step"": 4,
      ""skill"": ""Motion Planning"",
      ""parameters"": {""start_pose"": [1, 0, 0], ""end_pose"": [2, 0, 0]},
      ""confidence"": 0.9
    }
  ]
}"
TRIAL_027,9,Cat 1: Direct Imperative,P09,Transfer the grey flange to the inspection turntable.,SayCan,8d83b97,2026-10-02T15:07:52.714829,42,True,True,True,True,1.0,False,0.085,0.7,True,3831.32,"{""selected_primitive"": ""pick(grey_bracket)"", ""score"": 0.085, ""scores"": {""pick(blue_bolt)"": 0.0, ""pick(blue_cube)"": 0.0, ""pick(red_cylinder)"": 0.0, ""pick(red_housing)"": 0.0, ""pick(grey_bracket)"": 0.085, ""place(assembly_tray)"": 0.0, ""place(scrap_bin)"": 0.0, ""place(tray_pocket_1)"": 0.0, ""place(tray_pocket_2)"": 0.0, ""inspect(red_cylinder)"": 0.0, ""sweep(conveyor)"": 0.0, ""done()"": 0.0}}","{
  ""pick(blue_bolt)"": 0.0,
  ""pick(blue_cube)"": 0.0,
  ""pick(red_cylinder)"": 0.0,
  ""pick(red_housing)"": 0.0,
  ""pick(grey_bracket)"": 0.1,
  ""place(assembly_tray)"": 0.0,
  ""place(scrap_bin)"": 0.0,
  ""place(tray_pocket_1)"": 0.0,
  ""place(tray_pocket_2)"": 0.0,
  ""inspect(red_cylinder)"": 0.0,
  ""sweep(conveyor)"": 0.0,
  ""done()"": 0.0
}"
TRIAL_028,10,Cat 1: Direct Imperative,P10,Pick the blue cylinder and place it beside the reference marker.,ARIA_Dialogue_Planning,8d83b97,2026-10-02T15:07:57.470637,42,True,True,True,True,1.0,False,1.0,0.7,True,4992.53,"{""plan_id"": ""pick_blue_cylinder"", ""confidence"": 1.0, ""subgoals"": [""locate_workpiece_good_1"", ""move_to_reference_marker""], ""actions"": [{""step"": 1, ""agent"": ""AffordanceAgent"", ""skill"": ""pick"", ""reasoning"": ""Pick the blue cylinder (workpiece_good_1) from infeed_conveyor."", ""parameters"": {""object_id"": ""workpiece_good_1""}}, {""step"": 2, ""agent"": ""AffordanceAgent"", ""skill"": ""place"", ""reasoning"": ""Place the picked object beside the reference marker on optical_table."", ""parameters"": {""object_id"": ""workpiece_good_1"", ""target"": ""reference_marker""}}], ""requires_approval"": false, ""ambiguity_notes"": """"}","{ ""plan_id"": ""pick_blue_cylinder"", ""confidence"": 1.0, ""subgoals"": [ ""locate_workpiece_good_1"", ""move_to_reference_marker"" ], ""actions"": [ { ""step"": 1, ""agent"": ""AffordanceAgent"", ""skill"": ""pick"", ""reasoning"": ""Pick the blue cylinder (workpiece_good_1) from infeed_conveyor."", ""parameters"": {""object_id"": ""workpiece_good_1""} }, { ""step"": 2, ""agent"": ""AffordanceAgent"", ""skill"": ""place"", ""reasoning"": ""Place the picked object beside the reference marker on optical_table."", ""parameters"": {""object_id"": ""workpiece_good_1"", ""target"": ""reference_marker""} } ], ""requires_approval"": false, ""ambiguity_notes"": """" }"
TRIAL_029,10,Cat 1: Direct Imperative,P10,Pick the blue cylinder and place it beside the reference marker.,Direct_LLM,8d83b97,2026-10-02T15:08:03.771327,42,False,False,True,True,0.667,False,0.7,0.7,False,8007.75,"{""goal"": ""pick_and_place"", ""subgoals"": [{""goal"": ""locate_object"", ""subgoals"": [], ""actions"": [{""step"": ""look_for_color"", ""skill"": ""vision"", ""parameters"": {""color"": ""blue""}}], ""confidence"": 0.8}, {""goal"": ""pick_up_object"", ""subgoals"": [], ""actions"": [{""step"": ""extend_arm"", ""skill"": ""motion"", ""parameters"": {""joint_angles"": [30, 45, 60]}}, {""step"": ""grasp_object"", ""skill"": ""gripper_control"", ""parameters"": {""force"": 10}}], ""confidence"": 0.9}, {""goal"": ""move_to_reference_marker"", ""subgoals"": [], ""actions"": [{""step"": ""look_for_marker"", ""skill"": ""vision"", ""parameters"": {""marker_type"": ""reference""}}, {""step"": ""move_arm_to_marker"", ""skill"": ""motion"", ""parameters"": {""joint_angles"": [20, 35, 50]}}], ""confidence"": 0.7}, {""goal"": ""place_object"", ""subgoals"": [], ""actions"": [{""step"": ""release_object"", ""skill"": ""gripper_control"", ""parameters"": {""force"": 5}}], ""confidence"": 0.6}]}","{ 
  ""goal"": ""pick_and_place"",
  ""subgoals"": [
    {
      ""goal"": ""locate_object"",
      ""subgoals"": [],
      ""actions"": [
        {
          ""step"": ""look_for_color"",
          ""skill"": ""vision"",
          ""parameters"": {""color"": ""blue""}
        }
      ],
      ""confidence"": 0.8
    },
    {
      ""goal"": ""pick_up_object"",
      ""subgoals"": [],
      ""actions"": [
        {
          ""step"": ""extend_arm"",
          ""skill"": ""motion"",
          ""parameters"": {""joint_angles"": [30, 45, 60]}
        },
        {
          ""step"": ""grasp_object"",
          ""skill"": ""gripper_control"",
          ""parameters"": {""force"": 10}
        }
      ],
      ""confidence"": 0.9
    },
    {
      ""goal"": ""move_to_reference_marker"",
      ""subgoals"": [],
      ""actions"": [
        {
          ""step"": ""look_for_marker"",
          ""skill"": ""vision"",
          ""parameters"": {""marker_type"": ""reference""}
        },
        {
          ""step"": ""move_arm_to_marker"",
          ""skill"": ""motion"",
          ""parameters"": {""joint_angles"": [20, 35, 50]}
        }
      ],
      ""confidence"": 0.7
    },
    {
      ""goal"": ""place_object"",
      ""subgoals"": [],
      ""actions"": [
        {
          ""step"": ""release_object"",
          ""skill"": ""gripper_control"",
          ""parameters"": {""force"": 5}
        }
      ],
      ""confidence"": 0.6
    }
  ]
}"
TRIAL_030,10,Cat 1: Direct Imperative,P10,Pick the blue cylinder and place it beside the reference marker.,SayCan,8d83b97,2026-10-02T15:08:11.779330,42,True,True,True,True,1.0,False,0.088,0.7,True,4014.73,"{""selected_primitive"": ""pick(red_cylinder)"", ""score"": 0.088, ""scores"": {""pick(blue_bolt)"": 0.0, ""pick(blue_cube)"": 0.0, ""pick(red_cylinder)"": 0.08800000000000001, ""pick(red_housing)"": 0.0, ""pick(grey_bracket)"": 0.0, ""place(assembly_tray)"": 0.0, ""place(scrap_bin)"": 0.0, ""place(tray_pocket_1)"": 0.0, ""place(tray_pocket_2)"": 0.0, ""inspect(red_cylinder)"": 0.0, ""sweep(conveyor)"": 0.0, ""done()"": 0.0}}","{
  ""pick(blue_bolt)"": 0.0,
  ""pick(blue_cube)"": 0.0,
  ""pick(red_cylinder)"": 0.1,
  ""pick(red_housing)"": 0.0,
  ""pick(grey_bracket)"": 0.0,
  ""place(assembly_tray)"": 0.2,
  ""place(scrap_bin)"": 0.0,
  ""place(tray_pocket_1)"": 0.3,
  ""place(tray_pocket_2)"": 0.4,
  ""inspect(red_cylinder)"": 0.0,
  ""sweep(conveyor)"": 0.0,
  ""done()"": 0.0
}"
TRIAL_031,11,Cat 2: Attribute-Grounded,P11,Inspect and discard the defective red cylinder with surface scratches.,ARIA_Dialogue_Planning,8d83b97,2026-10-02T15:08:16.717293,42,True,False,True,True,0.667,False,1.0,0.7,True,6081.64,"{""plan_id"": ""inspect_defective_cylinder"", ""confidence"": 1.0, ""subgoals"": [""move_workpiece_defect_1_to_reject_bin""], ""actions"": [{""step"": 1, ""agent"": ""AffordanceAgent"", ""skill"": ""pick"", ""reasoning"": ""Pick up the defective red cylinder with surface scratches (workpiece_defect_1) from the infeed_conveyor."", ""parameters"": {""object_id"": ""workpiece_defect_1""}}, {""step"": 2, ""agent"": ""AffordanceAgent"", ""skill"": ""place"", ""reasoning"": ""Place the defective red cylinder with surface scratches (workpiece_defect_1) in the reject_bin."", ""parameters"": {""object_id"": ""workpiece_defect_1""}}, {""step"": 3, ""agent"": ""AffordanceAgent"", ""skill"": ""inspect"", ""reasoning"": ""Inspect the defective red cylinder with surface scratches (workpiece_defect_1) to confirm it is indeed defective."", ""parameters"": {""object_id"": ""workpiece_defect_1""}}], ""requires_approval"": false, ""ambiguity_notes"": """"}","{ ""plan_id"": ""inspect_defective_cylinder"", ""confidence"": 1.0, ""subgoals"": [ ""move_workpiece_defect_1_to_reject_bin"" ], ""actions"": [ { ""step"": 1, ""agent"": ""AffordanceAgent"", ""skill"": ""pick"", ""reasoning"": ""Pick up the defective red cylinder with surface scratches (workpiece_defect_1) from the infeed_conveyor."", ""parameters"": {""object_id"": ""workpiece_defect_1""} }, { ""step"": 2, ""agent"": ""AffordanceAgent"", ""skill"": ""place"", ""reasoning"": ""Place the defective red cylinder with surface scratches (workpiece_defect_1) in the reject_bin."", ""parameters"": {""object_id"": ""workpiece_defect_1""} }, { ""step"": 3, ""agent"": ""AffordanceAgent"", ""skill"": ""inspect"", ""reasoning"": ""Inspect the defective red cylinder with surface scratches (workpiece_defect_1) to confirm it is indeed defective."", ""parameters"": {""object_id"": ""workpiece_defect_1""} } ], ""requires_approval"": false, ""ambiguity_notes"": """" }"
TRIAL_032,11,Cat 2: Attribute-Grounded,P11,Inspect and discard the defective red cylinder with surface scratches.,Direct_LLM,8d83b97,2026-10-02T15:08:23.455252,42,False,False,True,True,0.667,False,0.7,0.7,False,9510.57,"{""goal"": ""Inspect and discard the defective red cylinder with surface scratches."", ""subgoals"": [{""goal"": ""Locate the red cylinder"", ""subgoals"": [], ""actions"": [{""step"": ""Move to the location of the cylinder"", ""skill"": ""Navigation"", ""parameters"": {""x"": 10.5, ""y"": 20.8}}, {""step"": ""Identify the color and shape of the object"", ""skill"": ""Object Recognition"", ""parameters"": {""color_threshold"": 0.7, ""shape_threshold"": 0.9}}], ""confidence"": 0.95}, {""goal"": ""Inspect the cylinder for surface scratches"", ""subgoals"": [], ""actions"": [{""step"": ""Move to a closer inspection position"", ""skill"": ""Manipulation"", ""parameters"": {""distance"": 5}}, {""step"": ""Use camera to inspect the surface of the cylinder"", ""skill"": ""Camera Control"", ""parameters"": {""zoom"": 2, ""focus"": 1.5}}], ""confidence"": 0.92}, {""goal"": ""Discard the defective cylinder"", ""subgoals"": [], ""actions"": [{""step"": ""Move to a discard position"", ""skill"": ""Manipulation"", ""parameters"": {""distance"": 10}}, {""step"": ""Use gripper to pick up and remove the cylinder"", ""skill"": ""Gripper Control"", ""parameters"": {""force"": 20, ""speed"": 5}}], ""confidence"": 0.98}]}","{ 
  ""goal"": ""Inspect and discard the defective red cylinder with surface scratches."",
  ""subgoals"": [
    {
      ""goal"": ""Locate the red cylinder"",
      ""subgoals"": [],
      ""actions"": [
        {
          ""step"": ""Move to the location of the cylinder"",
          ""skill"": ""Navigation"",
          ""parameters"": {""x"": 10.5, ""y"": 20.8}
        },
        {
          ""step"": ""Identify the color and shape of the object"",
          ""skill"": ""Object Recognition"",
          ""parameters"": {""color_threshold"": 0.7, ""shape_threshold"": 0.9}
        }
      ],
      ""confidence"": 0.95
    },
    {
      ""goal"": ""Inspect the cylinder for surface scratches"",
      ""subgoals"": [],
      ""actions"": [
        {
          ""step"": ""Move to a closer inspection position"",
          ""skill"": ""Manipulation"",
          ""parameters"": {""distance"": 5}
        },
        {
          ""step"": ""Use camera to inspect the surface of the cylinder"",
          ""skill"": ""Camera Control"",
          ""parameters"": {""zoom"": 2, ""focus"": 1.5}
        }
      ],
      ""confidence"": 0.92
    },
    {
      ""goal"": ""Discard the defective cylinder"",
      ""subgoals"": [],
      ""actions"": [
        {
          ""step"": ""Move to a discard position"",
          ""skill"": ""Manipulation"",
          ""parameters"": {""distance"": 10}
        },
        {
          ""step"": ""Use gripper to pick up and remove the cylinder"",
          ""skill"": ""Gripper Control"",
          ""parameters"": {""force"": 20, ""speed"": 5}
        }
      ],
      ""confidence"": 0.98
    }
  ]
}"
TRIAL_033,11,Cat 2: Attribute-Grounded,P11,Inspect and discard the defective red cylinder with surface scratches.,SayCan,8d83b97,2026-10-02T15:08:32.966135,42,True,False,True,True,0.667,False,0.738,0.7,True,4430.22,"{""selected_primitive"": ""inspect(red_cylinder)"", ""score"": 0.738, ""scores"": {""pick(blue_bolt)"": 0.0, ""pick(blue_cube)"": 0.0, ""pick(red_cylinder)"": 0.44, ""pick(red_housing)"": 0.0, ""pick(grey_bracket)"": 0.0, ""place(assembly_tray)"": 0.0, ""place(scrap_bin)"": 0.0, ""place(tray_pocket_1)"": 0.0, ""place(tray_pocket_2)"": 0.0, ""inspect(red_cylinder)"": 0.738, ""sweep(conveyor)"": 0.0, ""done()"": 0.0}}","{
  ""pick(blue_bolt)"": 0.0,
  ""pick(blue_cube)"": 0.0,
  ""pick(red_cylinder)"": 0.5,
  ""pick(red_housing)"": 0.0,
  ""pick(grey_bracket)"": 0.0,
  ""place(assembly_tray)"": 0.0,
  ""place(scrap_bin)"": 0.8,
  ""place(tray_pocket_1)"": 0.0,
  ""place(tray_pocket_2)"": 0.0,
  ""inspect(red_cylinder)"": 0.9,
  ""sweep(conveyor)"": 0.0,
  ""done()"": 0.0
}"
TRIAL_034,12,Cat 2: Attribute-Grounded,P12,Grasp the conforming blue block and palletize it in the conforming tray.,ARIA_Dialogue_Planning,8d83b97,2026-10-02T15:08:38.053326,42,True,True,True,True,1.0,False,1.0,0.7,True,8409.5,"{""plan_id"": ""P001"", ""confidence"": 1.0, ""subgoals"": [""G001: Grasp workpiece_good_2 (blue cube)"", ""G002: Move workpiece_good_2 to assembly_finished_tray (pocket 1)""], ""actions"": [{""step"": 1, ""agent"": ""AffordanceAgent"", ""skill"": ""pick"", ""reasoning"": ""Grasp the conforming blue block"", ""parameters"": {""object_id"": ""workpiece_good_2""}}, {""step"": 2, ""agent"": ""AffordanceAgent"", ""skill"": ""place"", ""reasoning"": ""Palletize it in the conforming tray"", ""parameters"": {""object_id"": ""workpiece_good_2"", ""target"": ""assembly_finished_tray (pocket 1)""}}, {""step"": 3, ""agent"": ""AffordanceAgent"", ""skill"": ""place"", ""reasoning"": ""Ensure workpiece is properly secured in the tray"", ""parameters"": {""object_id"": ""workpiece_good_2"", ""target"": ""assembly_finished_tray (pocket 1)""}}], ""requires_approval"": false, ""ambiguity_notes"": """"}","{ ""plan_id"": ""P001"", ""confidence"": 1.00, ""subgoals"": [ ""G001: Grasp workpiece_good_2 (blue cube)"", ""G002: Move workpiece_good_2 to assembly_finished_tray (pocket 1)"" ], ""actions"": [ { ""step"": 1, ""agent"": ""AffordanceAgent"", ""skill"": ""pick"", ""reasoning"": ""Grasp the conforming blue block"", ""parameters"": {""object_id"": ""workpiece_good_2""} }, { ""step"": 2, ""agent"": ""AffordanceAgent"", ""skill"": ""place"", ""reasoning"": ""Palletize it in the conforming tray"", ""parameters"": {""object_id"": ""workpiece_good_2"", ""target"": ""assembly_finished_tray (pocket 1)""} }, { ""step"": 3, ""agent"": ""AffordanceAgent"", ""skill"": ""place"", ""reasoning"": ""Ensure workpiece is properly secured in the tray"", ""parameters"": {""object_id"": ""workpiece_good_2"", ""target"": ""assembly_finished_tray (pocket 1)""} } ], ""requires_approval"": false, ""ambiguity_notes"": """" }"
TRIAL_035,12,Cat 2: Attribute-Grounded,P12,Grasp the conforming blue block and palletize it in the conforming tray.,Direct_LLM,8d83b97,2026-10-02T15:08:47.776074,42,False,False,True,True,0.667,False,0.7,0.7,False,8599.87,"{""goal"": ""Palletize the blue block"", ""subgoals"": [{""goal"": ""Locate the blue block""}, {""goal"": ""Grasp the blue block""}, {""goal"": ""Move to the palletizing tray""}, {""goal"": ""Palletize the blue block""}], ""actions"": [{""step"": 1, ""skill"": ""Visual Perception"", ""parameters"": {""object_type"": ""blue_block"", ""confidence"": 0.8}, ""subgoals"": []}, {""step"": 2, ""skill"": ""Object Manipulation"", ""parameters"": {""gripper_opening"": 50, ""force"": 10, ""confidence"": 0.9}, ""subgoals"": [{""goal"": ""Grasp the blue block""}]}, {""step"": 3, ""skill"": ""Motion Planning"", ""parameters"": {""destination_x"": 10, ""destination_y"": 20, ""confidence"": 0.95}, ""subgoals"": [{""goal"": ""Move to the palletizing tray""}]}, {""step"": 4, ""skill"": ""Object Placement"", ""parameters"": {""placement_x"": 15, ""placement_y"": 25, ""confidence"": 0.98}, ""subgoals"": [{""goal"": ""Palletize the blue block""}]}]}","{ 
  ""goal"": ""Palletize the blue block"",
  ""subgoals"": [
    {
      ""goal"": ""Locate the blue block""
    },
    {
      ""goal"": ""Grasp the blue block""
    },
    {
      ""goal"": ""Move to the palletizing tray""
    },
    {
      ""goal"": ""Palletize the blue block""
    }
  ],
  ""actions"": [
    {
      ""step"": 1,
      ""skill"": ""Visual Perception"",
      ""parameters"": {
        ""object_type"": ""blue_block"",
        ""confidence"": 0.8
      },
      ""subgoals"": []
    },
    {
      ""step"": 2,
      ""skill"": ""Object Manipulation"",
      ""parameters"": {
        ""gripper_opening"": 50,
        ""force"": 10,
        ""confidence"": 0.9
      },
      ""subgoals"": [
        {
          ""goal"": ""Grasp the blue block""
        }
      ]
    },
    {
      ""step"": 3,
      ""skill"": ""Motion Planning"",
      ""parameters"": {
        ""destination_x"": 10,
        ""destination_y"": 20,
        ""confidence"": 0.95
      },
      ""subgoals"": [
        {
          ""goal"": ""Move to the palletizing tray""
        }
      ]
    },
    {
      ""step"": 4,
      ""skill"": ""Object Placement"",
      ""parameters"": {
        ""placement_x"": 15,
        ""placement_y"": 25,
        ""confidence"": 0.98
      },
      ""subgoals"": [
        {
          ""goal"": ""Palletize the blue block""
        }
      ]
    }
  ]
}"
TRIAL_036,12,Cat 2: Attribute-Grounded,P12,Grasp the conforming blue block and palletize it in the conforming tray.,SayCan,8d83b97,2026-10-02T15:08:56.376170,42,True,True,True,True,1.0,False,0.44,0.7,True,3550.04,"{""selected_primitive"": ""pick(blue_cube)"", ""score"": 0.44, ""scores"": {""pick(blue_bolt)"": 0.0, ""pick(blue_cube)"": 0.44, ""pick(red_cylinder)"": 0.0, ""pick(red_housing)"": 0.0, ""pick(grey_bracket)"": 0.0, ""place(assembly_tray)"": 0.0, ""place(scrap_bin)"": 0.0, ""place(tray_pocket_1)"": 0.0, ""place(tray_pocket_2)"": 0.0, ""inspect(red_cylinder)"": 0.0, ""sweep(conveyor)"": 0.0, ""done()"": 0.0}}","{
  ""pick(blue_bolt)"": 0.0,
  ""pick(blue_cube)"": 0.5,
  ""pick(red_cylinder)"": 0.0,
  ""pick(red_housing)"": 0.0,
  ""pick(grey_bracket)"": 0.0,
  ""place(assembly_tray)"": 0.8,
  ""place(scrap_bin)"": 0.0,
  ""place(tray_pocket_1)"": 0.2,
  ""place(tray_pocket_2)"": 0.0,
  ""inspect(red_cylinder)"": 0.0,
  ""sweep(conveyor)"": 0.0,
  ""done()"": 0.0
}"
TRIAL_037,13,Cat 2: Attribute-Grounded,P13,Locate the scratched grey bracket and route it to the scrap bin.,ARIA_Dialogue_Planning,8d83b97,2026-10-02T15:09:00.850262,42,True,False,True,True,0.667,False,1.0,0.7,True,5584.7,"{""plan_id"": ""locate_scratched_bracket"", ""confidence"": 1.0, ""subgoals"": [""locate_scratched_bracket""], ""actions"": [{""step"": 1, ""agent"": ""AffordanceAgent"", ""skill"": ""pick"", ""reasoning"": ""Locate the grey bracket with surface scratches."", ""parameters"": {""object_id"": ""grey_bracket"", ""target"": ""optical_table""}}, {""step"": 2, ""agent"": ""AffordanceAgent"", ""skill"": ""place"", ""reasoning"": ""Route the scratched grey bracket to the reject_bin."", ""parameters"": {""object_id"": ""grey_bracket"", ""target"": ""reject_bin""}}, {""step"": 3, ""agent"": ""AffordanceAgent"", ""skill"": ""inspect"", ""reasoning"": ""Verify that the grey bracket has been successfully placed in the reject_bin."", ""parameters"": {""object_id"": ""grey_bracket"", ""target"": ""reject_bin""}}], ""requires_approval"": false, ""ambiguity_notes"": """"}","{ ""plan_id"": ""locate_scratched_bracket"", ""confidence"": 1.0, ""subgoals"": [ ""locate_scratched_bracket"" ], ""actions"": [ { ""step"": 1, ""agent"": ""AffordanceAgent"", ""skill"": ""pick"", ""reasoning"": ""Locate the grey bracket with surface scratches."", ""parameters"": { ""object_id"": ""grey_bracket"", ""target"": ""optical_table"" } }, { ""step"": 2, ""agent"": ""AffordanceAgent"", ""skill"": ""place"", ""reasoning"": ""Route the scratched grey bracket to the reject_bin."", ""parameters"": { ""object_id"": ""grey_bracket"", ""target"": ""reject_bin"" } }, { ""step"": 3, ""agent"": ""AffordanceAgent"", ""skill"": ""inspect"", ""reasoning"": ""Verify that the grey bracket has been successfully placed in the reject_bin."", ""parameters"": { ""object_id"": ""grey_bracket"", ""target"": ""reject_bin"" } } ], ""requires_approval"": false, ""ambiguity_notes"": """" }"
TRIAL_038,13,Cat 2: Attribute-Grounded,P13,Locate the scratched grey bracket and route it to the scrap bin.,Direct_LLM,8d83b97,2026-10-02T15:09:07.092313,42,False,False,True,True,0.667,False,0.7,0.7,False,6085.38,"{""goal"": ""Route scratched grey bracket to scrap bin"", ""subgoals"": [{""goal"": ""Locate scratched grey bracket""}, {""goal"": ""Route located bracket to scrap bin""}], ""actions"": [{""step"": 1, ""skill"": ""Visual Inspection"", ""parameters"": {""camera_mode"": ""high_res"", ""target_color"": ""grey"", ""target_condition"": ""scratched""}, ""confidence"": 0.8}, {""step"": 2, ""skill"": ""Object Recognition"", ""parameters"": {""object_type"": ""bracket"", ""location"": ""workstation""}, ""confidence"": 0.9}, {""step"": 3, ""skill"": ""Gripper Movement"", ""parameters"": {""gripper_speed"": ""medium"", ""target_position"": ""scrap_bin""}, ""confidence"": 0.7}, {""step"": 4, ""skill"": ""Object Transfer"", ""parameters"": {""object_type"": ""bracket"", ""destination"": ""scrap_bin""}, ""confidence"": 0.6}]}","{ 
  ""goal"": ""Route scratched grey bracket to scrap bin"",
  ""subgoals"": [
    {
      ""goal"": ""Locate scratched grey bracket""
    },
    {
      ""goal"": ""Route located bracket to scrap bin""
    }
  ],
  ""actions"": [
    {
      ""step"": 1,
      ""skill"": ""Visual Inspection"",
      ""parameters"": {
        ""camera_mode"": ""high_res"",
        ""target_color"": ""grey"",
        ""target_condition"": ""scratched""
      },
      ""confidence"": 0.8
    },
    {
      ""step"": 2,
      ""skill"": ""Object Recognition"",
      ""parameters"": {
        ""object_type"": ""bracket"",
        ""location"": ""workstation""
      },
      ""confidence"": 0.9
    },
    {
      ""step"": 3,
      ""skill"": ""Gripper Movement"",
      ""parameters"": {
        ""gripper_speed"": ""medium"",
        ""target_position"": ""scrap_bin""
      },
      ""confidence"": 0.7
    },
    {
      ""step"": 4,
      ""skill"": ""Object Transfer"",
      ""parameters"": {
        ""object_type"": ""bracket"",
        ""destination"": ""scrap_bin""
      },
      ""confidence"": 0.6
    }
  ]
}"
TRIAL_039,13,Cat 2: Attribute-Grounded,P13,Locate the scratched grey bracket and route it to the scrap bin.,SayCan,8d83b97,2026-10-02T15:09:13.177969,42,True,True,True,True,1.0,False,0.68,0.7,True,3657.05,"{""selected_primitive"": ""pick(grey_bracket)"", ""score"": 0.68, ""scores"": {""pick(blue_bolt)"": 0.0, ""pick(blue_cube)"": 0.0, ""pick(red_cylinder)"": 0.0, ""pick(red_housing)"": 0.0, ""pick(grey_bracket)"": 0.68, ""place(assembly_tray)"": 0.0, ""place(scrap_bin)"": 0.0, ""place(tray_pocket_1)"": 0.0, ""place(tray_pocket_2)"": 0.0, ""inspect(red_cylinder)"": 0.0, ""sweep(conveyor)"": 0.0, ""done()"": 0.0}}","{
  ""pick(blue_bolt)"": 0.0,
  ""pick(blue_cube)"": 0.0,
  ""pick(red_cylinder)"": 0.0,
  ""pick(red_housing)"": 0.0,
  ""pick(grey_bracket)"": 0.8, 
  ""place(assembly_tray)"": 0.0,
  ""place(scrap_bin)"": 0.9, 
  ""place(tray_pocket_1)"": 0.0,
  ""place(tray_pocket_2)"": 0.0,
  ""inspect(red_cylinder)"": 0.0,
  ""sweep(conveyor)"": 0.0,
  ""done()"": 0.0
}"
TRIAL_040,14,Cat 2: Attribute-Grounded,P14,Find the smooth red component and move it to the outbound tray.,ARIA_Dialogue_Planning,8d83b97,2026-10-02T15:09:17.757449,42,True,False,False,True,0.333,False,1.0,0.7,False,6034.99,"{""plan_id"": ""aria_plan_001"", ""confidence"": 1.0, ""subgoals"": [""find_smooth_red_component"", ""move_to_outbound_tray""], ""actions"": [{""step"": 1, ""agent"": ""AffordanceAgent"", ""skill"": ""pick"", ""reasoning"": ""Select the red component with smooth surface from the detected objects."", ""parameters"": {""object_id"": ""workpiece_defect_2"", ""target"": ""supply_bin""}}, {""step"": 2, ""agent"": ""AffordanceAgent"", ""skill"": ""place"", ""reasoning"": ""Move the selected red component to the outbound tray."", ""parameters"": {""object_id"": ""workpiece_defect_2"", ""target"": ""outbound_tray""}}, {""step"": 3, ""agent"": ""AffordanceAgent"", ""skill"": ""inspect"", ""reasoning"": ""Verify that the moved red component is indeed smooth and red."", ""parameters"": {""object_id"": ""workpiece_defect_2"", ""target"": ""outbound_tray""}}], ""requires_approval"": false, ""ambiguity_notes"": """"}","{ ""plan_id"": ""aria_plan_001"", ""confidence"": 1.0, ""subgoals"": [ ""find_smooth_red_component"", ""move_to_outbound_tray"" ], ""actions"": [ { ""step"": 1, ""agent"": ""AffordanceAgent"", ""skill"": ""pick"", ""reasoning"": ""Select the red component with smooth surface from the detected objects."", ""parameters"": { ""object_id"": ""workpiece_defect_2"", ""target"": ""supply_bin"" } }, { ""step"": 2, ""agent"": ""AffordanceAgent"", ""skill"": ""place"", ""reasoning"": ""Move the selected red component to the outbound tray."", ""parameters"": { ""object_id"": ""workpiece_defect_2"", ""target"": ""outbound_tray"" } }, { ""step"": 3, ""agent"": ""AffordanceAgent"", ""skill"": ""inspect"", ""reasoning"": ""Verify that the moved red component is indeed smooth and red."", ""parameters"": { ""object_id"": ""workpiece_defect_2"", ""target"": ""outbound_tray"" } } ], ""requires_approval"": false, ""ambiguity_notes"": """" }"
TRIAL_041,14,Cat 2: Attribute-Grounded,P14,Find the smooth red component and move it to the outbound tray.,Direct_LLM,8d83b97,2026-10-02T15:09:24.450001,42,False,False,True,True,0.667,False,0.7,0.7,False,4314.24,"{""goal"": ""Move the smooth red component to the outbound tray"", ""subgoals"": [{""goal"": ""Identify the smooth red component""}, {""goal"": ""Move the identified component to the outbound tray""}], ""actions"": [{""step"": 1, ""skill"": ""Visual Inspection"", ""parameters"": {""color"": ""red"", ""texture"": ""smooth""}, ""confidence"": 0.8}, {""step"": 2, ""skill"": ""Object Manipulation"", ""parameters"": {""object_type"": ""component"", ""destination"": ""outbound_tray""}, ""confidence"": 0.9}]}","{ 
  ""goal"": ""Move the smooth red component to the outbound tray"",
  ""subgoals"": [
    {
      ""goal"": ""Identify the smooth red component""
    },
    {
      ""goal"": ""Move the identified component to the outbound tray""
    }
  ],
  ""actions"": [
    {
      ""step"": 1,
      ""skill"": ""Visual Inspection"",
      ""parameters"": {
        ""color"": ""red"",
        ""texture"": ""smooth""
      },
      ""confidence"": 0.8
    },
    {
      ""step"": 2,
      ""skill"": ""Object Manipulation"",
      ""parameters"": {
        ""object_type"": ""component"",
        ""destination"": ""outbound_tray""
      },
      ""confidence"": 0.9
    }
  ]
}"
TRIAL_042,14,Cat 2: Attribute-Grounded,P14,Find the smooth red component and move it to the outbound tray.,SayCan,8d83b97,2026-10-02T15:09:28.764453,42,True,True,True,True,1.0,False,0.792,0.7,True,4286.5,"{""selected_primitive"": ""pick(red_cylinder)"", ""score"": 0.792, ""scores"": {""pick(blue_bolt)"": 0.0, ""pick(blue_cube)"": 0.0, ""pick(red_cylinder)"": 0.792, ""pick(red_housing)"": 0.08800000000000001, ""pick(grey_bracket)"": 0.0, ""place(assembly_tray)"": 0.0, ""place(scrap_bin)"": 0.0, ""place(tray_pocket_1)"": 0.0, ""place(tray_pocket_2)"": 0.0, ""inspect(red_cylinder)"": 0.082, ""sweep(conveyor)"": 0.0, ""done()"": 0.0}}","{
  ""pick(blue_bolt)"": 0.0,
  ""pick(blue_cube)"": 0.0,
  ""pick(red_cylinder)"": 0.9,
  ""pick(red_housing)"": 0.1,
  ""pick(grey_bracket)"": 0.0,
  ""place(assembly_tray)"": 0.0,
  ""place(scrap_bin)"": 0.0,
  ""place(tray_pocket_1)"": 0.0,
  ""place(tray_pocket_2)"": 0.0,
  ""inspect(red_cylinder)"": 0.1,
  ""sweep(conveyor)"": 0.0,
  ""done()"": 0.0
}"
TRIAL_043,15,Cat 2: Attribute-Grounded,P15,Pick the blue workpiece exhibiting edge burrs and place it in quarantine.,ARIA_Dialogue_Planning,8d83b97,2026-10-02T15:09:33.975278,42,True,False,True,True,0.667,False,1.0,0.7,True,8099.91,"{""plan_id"": ""pick_blue_workpiece"", ""confidence"": 1.0, ""subgoals"": [""identify_blue_workpiece_with_edge_burrs"", ""pick_blue_workpiece"", ""place_in_quarantine""], ""actions"": [{""step"": 1, ""agent"": ""AffordanceAgent"", ""skill"": ""pick"", ""reasoning"": ""Pick the blue workpiece exhibiting edge burrs."", ""parameters"": {""object_id"": ""workpiece_good_2"", ""target"": ""assembly_finished_tray""}}, {""step"": 2, ""agent"": ""AffordanceAgent"", ""skill"": ""place"", ""reasoning"": ""Place the picked workpiece in quarantine."", ""parameters"": {""object_id"": ""workpiece_good_2"", ""target"": ""reject_bin""}}, {""step"": 3, ""agent"": ""AffordanceAgent"", ""skill"": ""inspect"", ""reasoning"": ""Verify that the blue workpiece is indeed exhibiting edge burrs and confirm placement in quarantine."", ""parameters"": {""object_id"": ""workpiece_good_2""}}], ""requires_approval"": false, ""ambiguity_notes"": """"}","{ ""plan_id"": ""pick_blue_workpiece"", ""confidence"": 1.0, ""subgoals"": [ ""identify_blue_workpiece_with_edge_burrs"", ""pick_blue_workpiece"", ""place_in_quarantine"" ], ""actions"": [ { ""step"": 1, ""agent"": ""AffordanceAgent"", ""skill"": ""pick"", ""reasoning"": ""Pick the blue workpiece exhibiting edge burrs."", ""parameters"": { ""object_id"": ""workpiece_good_2"", ""target"": ""assembly_finished_tray"" } }, { ""step"": 2, ""agent"": ""AffordanceAgent"", ""skill"": ""place"", ""reasoning"": ""Place the picked workpiece in quarantine."", ""parameters"": { ""object_id"": ""workpiece_good_2"", ""target"": ""reject_bin"" } }, { ""step"": 3, ""agent"": ""AffordanceAgent"", ""skill"": ""inspect"", ""reasoning"": ""Verify that the blue workpiece is indeed exhibiting edge burrs and confirm placement in quarantine."", ""parameters"": { ""object_id"": ""workpiece_good_2"" } } ], ""requires_approval"": false, ""ambiguity_notes"": """" }"
TRIAL_044,15,Cat 2: Attribute-Grounded,P15,Pick the blue workpiece exhibiting edge burrs and place it in quarantine.,Direct_LLM,8d83b97,2026-10-02T15:09:42.730180,42,False,False,True,True,0.667,False,0.7,0.7,False,7941.78,"{""goal"": ""Pick the blue workpiece exhibiting edge burrs and place it in quarantine."", ""subgoals"": [{""goal"": ""Locate the blue workpiece with edge burrs.""}, {""goal"": ""Grasp the blue workpiece with edge burrs.""}, {""goal"": ""Move to the quarantine area.""}, {""goal"": ""Place the blue workpiece in quarantine.""}], ""actions"": [{""step"": 1, ""skill"": ""Visual Inspection"", ""parameters"": {""color_threshold"": [0.5, 1], ""edge_burr_detection"": true}, ""confidence"": 0.8}, {""step"": 2, ""skill"": ""Object Recognition"", ""parameters"": {""object_type"": ""workpiece""}, ""confidence"": 0.9}, {""step"": 3, ""skill"": ""Grasping"", ""parameters"": {""gripper_type"": ""vacuum_gripper"", ""grasp_point"": ""center_of_mass""}, ""confidence"": 0.7}, {""step"": 4, ""skill"": ""Motion Planning"", ""parameters"": {""destination"": ""quarantine_area""}, ""confidence"": 0.6}, {""step"": 5, ""skill"": ""Object Placement"", ""parameters"": {""placement_type"": ""on_table""}, ""confidence"": 0.8}]}","{ 
  ""goal"": ""Pick the blue workpiece exhibiting edge burrs and place it in quarantine."",
  ""subgoals"": [
    {
      ""goal"": ""Locate the blue workpiece with edge burrs.""
    },
    {
      ""goal"": ""Grasp the blue workpiece with edge burrs.""
    },
    {
      ""goal"": ""Move to the quarantine area.""
    },
    {
      ""goal"": ""Place the blue workpiece in quarantine.""
    }
  ],
  ""actions"": [
    {
      ""step"": 1,
      ""skill"": ""Visual Inspection"",
      ""parameters"": {
        ""color_threshold"": [0.5, 1],
        ""edge_burr_detection"": true
      },
      ""confidence"": 0.8
    },
    {
      ""step"": 2,
      ""skill"": ""Object Recognition"",
      ""parameters"": {
        ""object_type"": ""workpiece""
      },
      ""confidence"": 0.9
    },
    {
      ""step"": 3,
      ""skill"": ""Grasping"",
      ""parameters"": {
        ""gripper_type"": ""vacuum_gripper"",
        ""grasp_point"": ""center_of_mass""
      },
      ""confidence"": 0.7
    },
    {
      ""step"": 4,
      ""skill"": ""Motion Planning"",
      ""parameters"": {
        ""destination"": ""quarantine_area""
      },
      ""confidence"": 0.6
    },
    {
      ""step"": 5,
      ""skill"": ""Object Placement"",
      ""parameters"": {
        ""placement_type"": ""on_table""
      },
      ""confidence"": 0.8
    }
  ]
}"
TRIAL_045,15,Cat 2: Attribute-Grounded,P15,Pick the blue workpiece exhibiting edge burrs and place it in quarantine.,SayCan,8d83b97,2026-10-02T15:09:50.672329,42,True,True,True,True,1.0,False,0.704,0.7,True,3722.34,"{""selected_primitive"": ""pick(blue_cube)"", ""score"": 0.704, ""scores"": {""pick(blue_bolt)"": 0.0, ""pick(blue_cube)"": 0.7040000000000001, ""pick(red_cylinder)"": 0.0, ""pick(red_housing)"": 0.0, ""pick(grey_bracket)"": 0.0, ""place(assembly_tray)"": 0.0, ""place(scrap_bin)"": 0.0, ""place(tray_pocket_1)"": 0.0, ""place(tray_pocket_2)"": 0.0, ""inspect(red_cylinder)"": 0.0, ""sweep(conveyor)"": 0.0, ""done()"": 0.0}}","{
  ""pick(blue_bolt)"": 0.0,
  ""pick(blue_cube)"": 0.8,
  ""pick(red_cylinder)"": 0.0,
  ""pick(red_housing)"": 0.0,
  ""pick(grey_bracket)"": 0.0,
  ""place(assembly_tray)"": 0.2,
  ""place(scrap_bin)"": 0.0,
  ""place(tray_pocket_1)"": 0.0,
  ""place(tray_pocket_2)"": 0.0,
  ""inspect(red_cylinder)"": 0.0,
  ""sweep(conveyor)"": 0.0,
  ""done()"": 0.0
}"
TRIAL_046,16,Cat 2: Attribute-Grounded,P16,Sort the pristine grey bolt into the conforming assembly bin.,ARIA_Dialogue_Planning,8d83b97,2026-10-02T15:09:55.315414,42,True,True,True,True,1.0,False,1.0,0.7,True,6214.41,"{""plan_id"": ""sort_pristine_bolt"", ""confidence"": 1.0, ""subgoals"": [""move_workpiece_good_1_to_conforming_assembly_bin""], ""actions"": [{""step"": 1, ""agent"": ""AffordanceAgent"", ""skill"": ""pick"", ""reasoning"": ""pick grey_bracket from infeed_conveyor"", ""parameters"": {""object_id"": ""grey_bracket""}}, {""step"": 2, ""agent"": ""AffordanceAgent"", ""skill"": ""place"", ""reasoning"": ""place grey_bracket into assembly_finished_tray (pocket 1)"", ""parameters"": {""object_id"": ""grey_bracket"", ""target"": ""assembly_finished_tray.pocket_1""}}, {""step"": 3, ""agent"": ""AffordanceAgent"", ""skill"": ""sort"", ""reasoning"": ""sort grey_bracket into assembly_finished_tray (pocket 1)"", ""parameters"": {""object_id"": ""grey_bracket"", ""target"": ""assembly_finished_tray.pocket_1""}}], ""requires_approval"": false, ""ambiguity_notes"": """"}","{ ""plan_id"": ""sort_pristine_bolt"", ""confidence"": 1.0, ""subgoals"": [ ""move_workpiece_good_1_to_conforming_assembly_bin"" ], ""actions"": [ { ""step"": 1, ""agent"": ""AffordanceAgent"", ""skill"": ""pick"", ""reasoning"": ""pick grey_bracket from infeed_conveyor"", ""parameters"": {""object_id"": ""grey_bracket""} }, { ""step"": 2, ""agent"": ""AffordanceAgent"", ""skill"": ""place"", ""reasoning"": ""place grey_bracket into assembly_finished_tray (pocket 1)"", ""parameters"": {""object_id"": ""grey_bracket"", ""target"": ""assembly_finished_tray.pocket_1""} }, { ""step"": 3, ""agent"": ""AffordanceAgent"", ""skill"": ""sort"", ""reasoning"": ""sort grey_bracket into assembly_finished_tray (pocket 1)"", ""parameters"": {""object_id"": ""grey_bracket"", ""target"": ""assembly_finished_tray.pocket_1""} } ], ""requires_approval"": false, ""ambiguity_notes"": """" }"
TRIAL_047,16,Cat 2: Attribute-Grounded,P16,Sort the pristine grey bolt into the conforming assembly bin.,Direct_LLM,8d83b97,2026-10-02T15:10:02.835896,42,False,False,True,True,0.667,False,0.7,0.7,False,8119.54,"{""goal"": ""Sort the pristine grey bolt into the conforming assembly bin"", ""subgoals"": [{""goal"": ""Locate the pristine grey bolt""}, {""goal"": ""Determine the location of the conforming assembly bin""}, {""goal"": ""Move to the conforming assembly bin and deposit the bolt""}], ""actions"": [{""step"": 1, ""skill"": ""Visual Perception"", ""parameters"": {""object_type"": ""bolt"", ""color"": ""grey"", ""condition"": ""pristine""}, ""confidence"": 0.9}, {""step"": 2, ""skill"": ""Object Manipulation"", ""parameters"": {""gripper_type"": ""magnetic"", ""object_size"": ""small""}, ""confidence"": 0.8}, {""step"": 3, ""skill"": ""Navigation and Localization"", ""parameters"": {""bin_location"": ""shelf 3, row 2"", ""assembly_bin_type"": ""conforming""}, ""confidence"": 0.95}, {""step"": 4, ""skill"": ""Object Placement"", ""parameters"": {""placement_accuracy"": ""\u00b11 cm"", ""bin_size"": ""large""}, ""confidence"": 0.85}]}","{ 
  ""goal"": ""Sort the pristine grey bolt into the conforming assembly bin"",
  ""subgoals"": [
    {
      ""goal"": ""Locate the pristine grey bolt""
    },
    {
      ""goal"": ""Determine the location of the conforming assembly bin""
    },
    {
      ""goal"": ""Move to the conforming assembly bin and deposit the bolt""
    }
  ],
  ""actions"": [
    {
      ""step"": 1,
      ""skill"": ""Visual Perception"",
      ""parameters"": {
        ""object_type"": ""bolt"",
        ""color"": ""grey"",
        ""condition"": ""pristine""
      },
      ""confidence"": 0.9
    },
    {
      ""step"": 2,
      ""skill"": ""Object Manipulation"",
      ""parameters"": {
        ""gripper_type"": ""magnetic"",
        ""object_size"": ""small""
      },
      ""confidence"": 0.8
    },
    {
      ""step"": 3,
      ""skill"": ""Navigation and Localization"",
      ""parameters"": {
        ""bin_location"": ""shelf 3, row 2"",
        ""assembly_bin_type"": ""conforming""
      },
      ""confidence"": 0.95
    },
    {
      ""step"": 4,
      ""skill"": ""Object Placement"",
      ""parameters"": {
        ""placement_accuracy"": ""±1 cm"",
        ""bin_size"": ""large""
      },
      ""confidence"": 0.85
    }
  ]
}"
TRIAL_048,16,Cat 2: Attribute-Grounded,P16,Sort the pristine grey bolt into the conforming assembly bin.,SayCan,8d83b97,2026-10-02T15:10:10.955745,42,True,False,True,True,0.667,False,0.45,0.7,True,3492.94,"{""selected_primitive"": ""done()"", ""score"": 0.45, ""scores"": {""pick(blue_bolt)"": 0.0, ""pick(blue_cube)"": 0.0, ""pick(red_cylinder)"": 0.08800000000000001, ""pick(red_housing)"": 0.17600000000000002, ""pick(grey_bracket)"": 0.255, ""place(assembly_tray)"": 0.0, ""place(scrap_bin)"": 0.0, ""place(tray_pocket_1)"": 0.0, ""place(tray_pocket_2)"": 0.0, ""inspect(red_cylinder)"": 0.0, ""sweep(conveyor)"": 0.0, ""done()"": 0.45}}","{
  ""pick(blue_bolt)"": 0.0,
  ""pick(blue_cube)"": 0.0,
  ""pick(red_cylinder)"": 0.1,
  ""pick(red_housing)"": 0.2,
  ""pick(grey_bracket)"": 0.3,
  ""place(assembly_tray)"": 0.8,
  ""place(scrap_bin)"": 0.4,
  ""place(tray_pocket_1)"": 0.5,
  ""place(tray_pocket_2)"": 0.6,
  ""inspect(red_cylinder)"": 0.0,
  ""sweep(conveyor)"": 0.0,
  ""done()"": 0.9
}"
TRIAL_049,17,Cat 2: Attribute-Grounded,P17,Grasp the cracked red housing and discard it into the scrap receptacle.,ARIA_Dialogue_Planning,8d83b97,2026-10-02T15:10:14.600307,42,True,True,True,True,1.0,False,1.0,0.7,True,6705.49,"{""plan_id"": ""discard_defective_housing"", ""confidence"": 1.0, ""subgoals"": [""locate_workpiece_defect_2"", ""grasp_workpiece_defect_2"", ""discard_workpiece_defect_2""], ""actions"": [{""step"": 1, ""agent"": ""AffordanceAgent"", ""skill"": ""pick"", ""reasoning"": ""The cracked red housing is a detected object."", ""parameters"": {""object_id"": ""workpiece_defect_2"", ""target"": ""supply_bin""}}, {""step"": 2, ""agent"": ""AffordanceAgent"", ""skill"": ""place"", ""reasoning"": ""The reject bin is the designated scrap receptacle for defective workpieces."", ""parameters"": {""object_id"": ""workpiece_defect_2"", ""target"": ""reject_bin""}}, {""step"": 3, ""agent"": ""AffordanceAgent"", ""skill"": ""pick"", ""reasoning"": ""The cracked red housing is now in the reject bin and can be discarded."", ""parameters"": {""object_id"": ""workpiece_defect_2"", ""target"": ""reject_bin""}}], ""requires_approval"": false, ""ambiguity_notes"": """"}","{ ""plan_id"": ""discard_defective_housing"", ""confidence"": 1.0, ""subgoals"": [ ""locate_workpiece_defect_2"", ""grasp_workpiece_defect_2"", ""discard_workpiece_defect_2"" ], ""actions"": [ { ""step"": 1, ""agent"": ""AffordanceAgent"", ""skill"": ""pick"", ""reasoning"": ""The cracked red housing is a detected object."", ""parameters"": { ""object_id"": ""workpiece_defect_2"", ""target"": ""supply_bin"" } }, { ""step"": 2, ""agent"": ""AffordanceAgent"", ""skill"": ""place"", ""reasoning"": ""The reject bin is the designated scrap receptacle for defective workpieces."", ""parameters"": { ""object_id"": ""workpiece_defect_2"", ""target"": ""reject_bin"" } }, { ""step"": 3, ""agent"": ""AffordanceAgent"", ""skill"": ""pick"", ""reasoning"": ""The cracked red housing is now in the reject bin and can be discarded."", ""parameters"": { ""object_id"": ""workpiece_defect_2"", ""target"": ""reject_bin"" } } ], ""requires_approval"": false, ""ambiguity_notes"": """" }"
TRIAL_050,17,Cat 2: Attribute-Grounded,P17,Grasp the cracked red housing and discard it into the scrap receptacle.,Direct_LLM,8d83b97,2026-10-02T15:10:22.227485,42,False,False,True,True,0.667,False,0.7,0.7,False,5481.52,"{""goal"": ""Discard cracked red housing"", ""subgoals"": [{""goal"": ""Locate cracked red housing""}, {""goal"": ""Grasp cracked red housing""}, {""goal"": ""Move to scrap receptacle""}, {""goal"": ""Discard cracked red housing into scrap receptacle""}], ""actions"": [{""step"": 1, ""skill"": ""Visual Inspection"", ""parameters"": {""object_type"": ""housing"", ""color"": ""red"", ""cracked"": true}, ""confidence"": 0.8}, {""step"": 2, ""skill"": ""Object Manipulation"", ""parameters"": {""action"": ""grasp""}, ""confidence"": 0.9}, {""step"": 3, ""skill"": ""Motion Planning"", ""parameters"": {""destination"": ""scrap_receptacle""}, ""confidence"": 0.95}, {""step"": 4, ""skill"": ""Object Release"", ""parameters"": {""action"": ""discard""}, ""confidence"": 0.9}]}","{ 
  ""goal"": ""Discard cracked red housing"",
  ""subgoals"": [
    {
      ""goal"": ""Locate cracked red housing""
    },
    {
      ""goal"": ""Grasp cracked red housing""
    },
    {
      ""goal"": ""Move to scrap receptacle""
    },
    {
      ""goal"": ""Discard cracked red housing into scrap receptacle""
    }
  ],
  ""actions"": [
    {
      ""step"": 1,
      ""skill"": ""Visual Inspection"",
      ""parameters"": {""object_type"": ""housing"", ""color"": ""red"", ""cracked"": true},
      ""confidence"": 0.8
    },
    {
      ""step"": 2,
      ""skill"": ""Object Manipulation"",
      ""parameters"": {""action"": ""grasp""},
      ""confidence"": 0.9
    },
    {
      ""step"": 3,
      ""skill"": ""Motion Planning"",
      ""parameters"": {""destination"": ""scrap_receptacle""},
      ""confidence"": 0.95
    },
    {
      ""step"": 4,
      ""skill"": ""Object Release"",
      ""parameters"": {""action"": ""discard""},
      ""confidence"": 0.9
    }
  ]
}"
TRIAL_051,17,Cat 2: Attribute-Grounded,P17,Grasp the cracked red housing and discard it into the scrap receptacle.,SayCan,8d83b97,2026-10-02T15:10:27.709336,42,True,True,True,True,1.0,False,0.704,0.7,True,3395.51,"{""selected_primitive"": ""pick(red_housing)"", ""score"": 0.704, ""scores"": {""pick(blue_bolt)"": 0.0, ""pick(blue_cube)"": 0.0, ""pick(red_cylinder)"": 0.08800000000000001, ""pick(red_housing)"": 0.7040000000000001, ""pick(grey_bracket)"": 0.0, ""place(assembly_tray)"": 0.0, ""place(scrap_bin)"": 0.0, ""place(tray_pocket_1)"": 0.0, ""place(tray_pocket_2)"": 0.0, ""inspect(red_cylinder)"": 0.0, ""sweep(conveyor)"": 0.0, ""done()"": 0.0}}","{
  ""pick(blue_bolt)"": 0.0,
  ""pick(blue_cube)"": 0.0,
  ""pick(red_cylinder)"": 0.1,
  ""pick(red_housing)"": 0.8,
  ""pick(grey_bracket)"": 0.0,
  ""place(assembly_tray)"": 0.0,
  ""place(scrap_bin)"": 0.9,
  ""place(tray_pocket_1)"": 0.0,
  ""place(tray_pocket_2)"": 0.0,
  ""inspect(red_cylinder)"": 0.0,
  ""sweep(conveyor)"": 0.0,
  ""done()"": 0.0
}"
TRIAL_052,18,Cat 2: Attribute-Grounded,P18,Pick the defect-free blue cube and place it into tray pocket 2.,ARIA_Dialogue_Planning,8d83b97,2026-10-02T15:10:32.027072,42,True,True,True,True,1.0,False,1.0,0.7,True,4808.83,"{""plan_id"": ""pick_defect_free_blue_cube"", ""confidence"": 1.0, ""subgoals"": [""move_to_workpiece_good_2"", ""pick_workpiece_good_2"", ""place_in_tray_pocket_2""], ""actions"": [{""step"": 1, ""agent"": ""AffordanceAgent"", ""skill"": ""pick"", ""reasoning"": ""pick_workpiece_good_2"", ""parameters"": {""object_id"": ""workpiece_good_2""}}, {""step"": 2, ""agent"": ""AffordanceAgent"", ""skill"": ""place"", ""reasoning"": ""place_in_tray_pocket_2"", ""parameters"": {""object_id"": ""workpiece_good_2"", ""target"": ""tray_pocket_2""}}], ""requires_approval"": false, ""ambiguity_notes"": """"}","{ ""plan_id"": ""pick_defect_free_blue_cube"", ""confidence"": 1.0, ""subgoals"": [ ""move_to_workpiece_good_2"", ""pick_workpiece_good_2"", ""place_in_tray_pocket_2"" ], ""actions"": [ { ""step"": 1, ""agent"": ""AffordanceAgent"", ""skill"": ""pick"", ""reasoning"": ""pick_workpiece_good_2"", ""parameters"": {""object_id"": ""workpiece_good_2""} }, { ""step"": 2, ""agent"": ""AffordanceAgent"", ""skill"": ""place"", ""reasoning"": ""place_in_tray_pocket_2"", ""parameters"": {""object_id"": ""workpiece_good_2"", ""target"": ""tray_pocket_2""} } ], ""requires_approval"": false, ""ambiguity_notes"": """" }"
TRIAL_053,18,Cat 2: Attribute-Grounded,P18,Pick the defect-free blue cube and place it into tray pocket 2.,Direct_LLM,8d83b97,2026-10-02T15:10:38.141970,42,False,False,True,True,0.667,False,0.7,0.7,False,6088.69,"{""goal"": ""Pick the defect-free blue cube and place it into tray pocket 2"", ""subgoals"": [{""goal"": ""Locate the defect-free blue cube""}, {""goal"": ""Grasp the defect-free blue cube""}, {""goal"": ""Move to tray pocket 2""}, {""goal"": ""Place the defect-free blue cube into tray pocket 2""}], ""actions"": [{""step"": 1, ""skill"": ""Visual Perception"", ""parameters"": {""object_type"": ""blue_cube"", ""defect_free"": true}, ""confidence"": 0.9}, {""step"": 2, ""skill"": ""Object Manipulation"", ""parameters"": {""grasp_type"": ""precision_grasp""}, ""confidence"": 0.95}, {""step"": 3, ""skill"": ""Motion Planning"", ""parameters"": {""destination"": ""tray_pocket_2""}, ""confidence"": 0.98}, {""step"": 4, ""skill"": ""Object Placement"", ""parameters"": {""placement_type"": ""precision_place""}, ""confidence"": 0.99}]}","{ 
    ""goal"": ""Pick the defect-free blue cube and place it into tray pocket 2"",
    ""subgoals"": [
        {
            ""goal"": ""Locate the defect-free blue cube""
        },
        {
            ""goal"": ""Grasp the defect-free blue cube""
        },
        {
            ""goal"": ""Move to tray pocket 2""
        },
        {
            ""goal"": ""Place the defect-free blue cube into tray pocket 2""
        }
    ],
    ""actions"": [
        {
            ""step"": 1,
            ""skill"": ""Visual Perception"",
            ""parameters"": {
                ""object_type"": ""blue_cube"",
                ""defect_free"": true
            },
            ""confidence"": 0.9
        },
        {
            ""step"": 2,
            ""skill"": ""Object Manipulation"",
            ""parameters"": {
                ""grasp_type"": ""precision_grasp""
            },
            ""confidence"": 0.95
        },
        {
            ""step"": 3,
            ""skill"": ""Motion Planning"",
            ""parameters"": {
                ""destination"": ""tray_pocket_2""
            },
            ""confidence"": 0.98
        },
        {
            ""step"": 4,
            ""skill"": ""Object Placement"",
            ""parameters"": {
                ""placement_type"": ""precision_place""
            },
            ""confidence"": 0.99
        }
    ]
}"
TRIAL_054,18,Cat 2: Attribute-Grounded,P18,Pick the defect-free blue cube and place it into tray pocket 2.,SayCan,8d83b97,2026-10-02T15:10:44.230928,42,True,True,True,True,1.0,False,0.792,0.7,True,3411.74,"{""selected_primitive"": ""pick(blue_cube)"", ""score"": 0.792, ""scores"": {""pick(blue_bolt)"": 0.0, ""pick(blue_cube)"": 0.792, ""pick(red_cylinder)"": 0.0, ""pick(red_housing)"": 0.0, ""pick(grey_bracket)"": 0.0, ""place(assembly_tray)"": 0.0, ""place(scrap_bin)"": 0.0, ""place(tray_pocket_1)"": 0.0, ""place(tray_pocket_2)"": 0.0, ""inspect(red_cylinder)"": 0.0, ""sweep(conveyor)"": 0.0, ""done()"": 0.0}}","{
  ""pick(blue_bolt)"": 0.0,
  ""pick(blue_cube)"": 0.9,
  ""pick(red_cylinder)"": 0.0,
  ""pick(red_housing)"": 0.0,
  ""pick(grey_bracket)"": 0.0,
  ""place(assembly_tray)"": 0.0,
  ""place(scrap_bin)"": 0.0,
  ""place(tray_pocket_1)"": 0.0,
  ""place(tray_pocket_2)"": 0.9,
  ""inspect(red_cylinder)"": 0.0,
  ""sweep(conveyor)"": 0.0,
  ""done()"": 0.0
}"
TRIAL_055,19,Cat 2: Attribute-Grounded,P19,Identify the dented grey cylinder and transfer it to the rework station.,ARIA_Dialogue_Planning,8d83b97,2026-10-02T15:10:48.563194,42,True,True,True,True,1.0,False,1.0,0.7,True,6487.97,"{""plan_id"": ""aria_plan_001"", ""confidence"": 1.0, ""subgoals"": [""identify_dented_grey_cylinder"", ""transfer_to_rework_station""], ""actions"": [{""step"": 1, ""agent"": ""AffordanceAgent"", ""skill"": ""pick"", ""reasoning"": ""Identify the dented grey cylinder on the infeed_conveyor."", ""parameters"": {""object_id"": ""grey_bracket"", ""target"": ""infeed_conveyor""}}, {""step"": 2, ""agent"": ""AffordanceAgent"", ""skill"": ""pick"", ""reasoning"": ""Pick up the dented grey cylinder from the infeed_conveyor."", ""parameters"": {""object_id"": ""grey_bracket"", ""target"": ""infeed_conveyor""}}, {""step"": 3, ""agent"": ""AffordanceAgent"", ""skill"": ""place"", ""reasoning"": ""Transfer the dented grey cylinder to the rework station."", ""parameters"": {""object_id"": ""grey_bracket"", ""target"": ""rework_station""}}], ""requires_approval"": false, ""ambiguity_notes"": """"}","{ ""plan_id"": ""aria_plan_001"", ""confidence"": 1.00, ""subgoals"": [ ""identify_dented_grey_cylinder"", ""transfer_to_rework_station"" ], ""actions"": [ { ""step"": 1, ""agent"": ""AffordanceAgent"", ""skill"": ""pick"", ""reasoning"": ""Identify the dented grey cylinder on the infeed_conveyor."", ""parameters"": { ""object_id"": ""grey_bracket"", ""target"": ""infeed_conveyor"" } }, { ""step"": 2, ""agent"": ""AffordanceAgent"", ""skill"": ""pick"", ""reasoning"": ""Pick up the dented grey cylinder from the infeed_conveyor."", ""parameters"": { ""object_id"": ""grey_bracket"", ""target"": ""infeed_conveyor"" } }, { ""step"": 3, ""agent"": ""AffordanceAgent"", ""skill"": ""place"", ""reasoning"": ""Transfer the dented grey cylinder to the rework station."", ""parameters"": { ""object_id"": ""grey_bracket"", ""target"": ""rework_station"" } } ], ""requires_approval"": false, ""ambiguity_notes"": """" }"
TRIAL_056,19,Cat 2: Attribute-Grounded,P19,Identify the dented grey cylinder and transfer it to the rework station.,Direct_LLM,8d83b97,2026-10-02T15:10:56.358285,42,False,False,True,True,0.667,False,0.7,0.7,False,8791.02,"{""goal"": ""Transfer dented grey cylinder to rework station"", ""subgoals"": [{""goal"": ""Locate dented grey cylinder""}, {""goal"": ""Grasp dented grey cylinder""}, {""goal"": ""Move dented grey cylinder to rework station""}], ""actions"": [{""step"": 1, ""skill"": ""Visual Inspection"", ""parameters"": {""camera_id"": ""front_camera"", ""object_description"": ""dented grey cylinder""}, ""confidence"": 0.8}, {""step"": 2, ""skill"": ""Object Recognition"", ""parameters"": {""object_id"": ""grey_cylinder_1""}, ""confidence"": 0.9}, {""step"": 3, ""skill"": ""Grasping"", ""parameters"": {""gripper_type"": ""vacuum_gripper"", ""object_id"": ""grey_cylinder_1""}, ""confidence"": 0.7}, {""step"": 4, ""skill"": ""Motion Planning"", ""parameters"": {""start_position"": [0, 0, 0], ""end_position"": [1, 2, 3]}, ""confidence"": 0.6}, {""step"": 5, ""skill"": ""Actuation"", ""parameters"": {""joint_angles"": [30, 45, 60]}, ""confidence"": 0.9}]}","{ 
  ""goal"": ""Transfer dented grey cylinder to rework station"",
  ""subgoals"": [
    {
      ""goal"": ""Locate dented grey cylinder""
    },
    {
      ""goal"": ""Grasp dented grey cylinder""
    },
    {
      ""goal"": ""Move dented grey cylinder to rework station""
    }
  ],
  ""actions"": [
    {
      ""step"": 1,
      ""skill"": ""Visual Inspection"",
      ""parameters"": {
        ""camera_id"": ""front_camera"",
        ""object_description"": ""dented grey cylinder""
      },
      ""confidence"": 0.8
    },
    {
      ""step"": 2,
      ""skill"": ""Object Recognition"",
      ""parameters"": {
        ""object_id"": ""grey_cylinder_1""
      },
      ""confidence"": 0.9
    },
    {
      ""step"": 3,
      ""skill"": ""Grasping"",
      ""parameters"": {
        ""gripper_type"": ""vacuum_gripper"",
        ""object_id"": ""grey_cylinder_1""
      },
      ""confidence"": 0.7
    },
    {
      ""step"": 4,
      ""skill"": ""Motion Planning"",
      ""parameters"": {
        ""start_position"": [0, 0, 0],
        ""end_position"": [1, 2, 3]
      },
      ""confidence"": 0.6
    },
    {
      ""step"": 5,
      ""skill"": ""Actuation"",
      ""parameters"": {
        ""joint_angles"": [30, 45, 60]
      },
      ""confidence"": 0.9
    }
  ]
}"
TRIAL_057,19,Cat 2: Attribute-Grounded,P19,Identify the dented grey cylinder and transfer it to the rework station.,SayCan,8d83b97,2026-10-02T15:11:05.149594,42,True,False,True,True,0.667,False,0.246,0.7,True,3976.25,"{""selected_primitive"": ""inspect(red_cylinder)"", ""score"": 0.246, ""scores"": {""pick(blue_bolt)"": 0.0, ""pick(blue_cube)"": 0.0, ""pick(red_cylinder)"": 0.08800000000000001, ""pick(red_housing)"": 0.0, ""pick(grey_bracket)"": 0.17, ""place(assembly_tray)"": 0.0, ""place(scrap_bin)"": 0.0, ""place(tray_pocket_1)"": 0.0, ""place(tray_pocket_2)"": 0.0, ""inspect(red_cylinder)"": 0.24599999999999997, ""sweep(conveyor)"": 0.0, ""done()"": 0.2}}","{
  ""pick(blue_bolt)"": 0.0,
  ""pick(blue_cube)"": 0.0,
  ""pick(red_cylinder)"": 0.1,
  ""pick(red_housing)"": 0.0,
  ""pick(grey_bracket)"": 0.2,
  ""place(assembly_tray)"": 0.0,
  ""place(scrap_bin)"": 0.0,
  ""place(tray_pocket_1)"": 0.0,
  ""place(tray_pocket_2)"": 0.0,
  ""inspect(red_cylinder)"": 0.3,
  ""sweep(conveyor)"": 0.0,
  ""done()"": 0.4
}"
TRIAL_058,20,Cat 2: Attribute-Grounded,P20,Sort the unblemished red block into the primary inspection tray.,ARIA_Dialogue_Planning,8d83b97,2026-10-02T15:11:09.781275,42,True,False,True,True,0.667,False,1.0,0.7,True,6481.81,"{""plan_id"": ""sort_unblemished_red_block"", ""confidence"": 1.0, ""subgoals"": [""move_workpiece_good_2_to_assembly_finished_tray""], ""actions"": [{""step"": 1, ""agent"": ""AffordanceAgent"", ""skill"": ""pick"", ""reasoning"": ""Select the unblemished red block (workpiece_good_2) from the supply_bin."", ""parameters"": {""object_id"": ""workpiece_good_2""}}, {""step"": 2, ""agent"": ""AffordanceAgent"", ""skill"": ""place"", ""reasoning"": ""Place the selected workpiece into pocket 1 of the assembly_finished_tray."", ""parameters"": {""object_id"": ""workpiece_good_2"", ""target"": ""assembly_finished_tray.pocket_1""}}, {""step"": 3, ""agent"": ""AffordanceAgent"", ""skill"": ""inspect"", ""reasoning"": ""Verify that workpiece_good_2 is correctly placed in the assembly_finished_tray."", ""parameters"": {""object_id"": ""workpiece_good_2""}}], ""requires_approval"": false, ""ambiguity_notes"": """"}","{ ""plan_id"": ""sort_unblemished_red_block"", ""confidence"": 1.0, ""subgoals"": [ ""move_workpiece_good_2_to_assembly_finished_tray"" ], ""actions"": [ { ""step"": 1, ""agent"": ""AffordanceAgent"", ""skill"": ""pick"", ""reasoning"": ""Select the unblemished red block (workpiece_good_2) from the supply_bin."", ""parameters"": {""object_id"": ""workpiece_good_2""} }, { ""step"": 2, ""agent"": ""AffordanceAgent"", ""skill"": ""place"", ""reasoning"": ""Place the selected workpiece into pocket 1 of the assembly_finished_tray."", ""parameters"": {""object_id"": ""workpiece_good_2"", ""target"": ""assembly_finished_tray.pocket_1""} }, { ""step"": 3, ""agent"": ""AffordanceAgent"", ""skill"": ""inspect"", ""reasoning"": ""Verify that workpiece_good_2 is correctly placed in the assembly_finished_tray."", ""parameters"": {""object_id"": ""workpiece_good_2""} } ], ""requires_approval"": false, ""ambiguity_notes"": """" }"
TRIAL_059,20,Cat 2: Attribute-Grounded,P20,Sort the unblemished red block into the primary inspection tray.,Direct_LLM,8d83b97,2026-10-02T15:11:16.919634,42,False,False,True,True,0.667,False,0.7,0.7,False,6894.21,"{""goal"": ""Sort the unblemished red block into the primary inspection tray."", ""subgoals"": [{""goal"": ""Locate the unblemished red block.""}, {""goal"": ""Move to the primary inspection tray.""}, {""goal"": ""Place the unblemished red block in the primary inspection tray.""}], ""actions"": [{""step"": 1, ""skill"": ""Visual Perception"", ""parameters"": {""object_type"": ""red_block"", ""condition"": ""unblemished""}, ""confidence"": 0.9}, {""step"": 2, ""skill"": ""Object Manipulation"", ""parameters"": {""gripper_type"": ""vacuum_gripper"", ""object_id"": ""red_block_1""}, ""confidence"": 0.8}, {""step"": 3, ""skill"": ""Motion Planning"", ""parameters"": {""destination_x"": 10.5, ""destination_y"": 20.2, ""destination_z"": 5.1}, ""confidence"": 0.95}, {""step"": 4, ""skill"": ""Object Placement"", ""parameters"": {""placement_type"": ""on_tray"", ""tray_id"": ""primary_inspection_tray""}, ""confidence"": 0.9}]}","{ 
  ""goal"": ""Sort the unblemished red block into the primary inspection tray."",
  ""subgoals"": [
    {
      ""goal"": ""Locate the unblemished red block.""
    },
    {
      ""goal"": ""Move to the primary inspection tray.""
    },
    {
      ""goal"": ""Place the unblemished red block in the primary inspection tray.""
    }
  ],
  ""actions"": [
    {
      ""step"": 1,
      ""skill"": ""Visual Perception"",
      ""parameters"": {
        ""object_type"": ""red_block"",
        ""condition"": ""unblemished""
      },
      ""confidence"": 0.9
    },
    {
      ""step"": 2,
      ""skill"": ""Object Manipulation"",
      ""parameters"": {
        ""gripper_type"": ""vacuum_gripper"",
        ""object_id"": ""red_block_1""
      },
      ""confidence"": 0.8
    },
    {
      ""step"": 3,
      ""skill"": ""Motion Planning"",
      ""parameters"": {
        ""destination_x"": 10.5,
        ""destination_y"": 20.2,
        ""destination_z"": 5.1
      },
      ""confidence"": 0.95
    },
    {
      ""step"": 4,
      ""skill"": ""Object Placement"",
      ""parameters"": {
        ""placement_type"": ""on_tray"",
        ""tray_id"": ""primary_inspection_tray""
      },
      ""confidence"": 0.9
    }
  ]
}"
TRIAL_060,20,Cat 2: Attribute-Grounded,P20,Sort the unblemished red block into the primary inspection tray.,SayCan,8d83b97,2026-10-02T15:11:23.814055,42,True,True,True,True,1.0,False,0.44,0.7,True,3528.63,"{""selected_primitive"": ""pick(red_cylinder)"", ""score"": 0.44, ""scores"": {""pick(blue_bolt)"": 0.0, ""pick(blue_cube)"": 0.0, ""pick(red_cylinder)"": 0.44, ""pick(red_housing)"": 0.0, ""pick(grey_bracket)"": 0.0, ""place(assembly_tray)"": 0.0, ""place(scrap_bin)"": 0.0, ""place(tray_pocket_1)"": 0.0, ""place(tray_pocket_2)"": 0.0, ""inspect(red_cylinder)"": 0.41, ""sweep(conveyor)"": 0.0, ""done()"": 0.0}}","{
  ""pick(blue_bolt)"": 0.0,
  ""pick(blue_cube)"": 0.0,
  ""pick(red_cylinder)"": 0.5,
  ""pick(red_housing)"": 0.0,
  ""pick(grey_bracket)"": 0.0,
  ""place(assembly_tray)"": 0.0,
  ""place(scrap_bin)"": 0.0,
  ""place(tray_pocket_1)"": 0.0,
  ""place(tray_pocket_2)"": 0.0,
  ""inspect(red_cylinder)"": 0.5,
  ""sweep(conveyor)"": 0.0,
  ""done()"": 0.0
}"
TRIAL_061,21,Cat 3: Spatial-Relational,P21,Move the grey block located to the left of the pallet into the scrap bin.,ARIA_Dialogue_Planning,8d83b97,2026-10-02T15:11:28.265030,42,False,True,True,True,1.0,True,0.5,0.7,False,13355.42,{},"{ ""plan_id"": ""move-grey-block"", ""confidence"": 1.0, ""subgoals"": [ ""locate grey_bracket"", ""move grey_bracket to reject_bin"" ], ""actions"": [ { ""step"": 1, ""agent"": ""AffordanceAgent"", ""skill"": ""pick"", ""reasoning"": ""The grey_bracket is a detected object and needs to be picked up."", ""parameters"": { ""object_id"": ""grey_bracket"", ""target"": ""infeed_conveyor"" } }, { ""step"": 2, ""agent"": ""AffordanceAgent"", ""skill"": ""place"", ""reasoning"": ""The grey_bracket is now in the infeed_conveyor and needs to be placed into the reject_bin."", ""parameters"": { ""object_id"": ""grey_bracket"", ""target"": ""reject_bin"" } }, { ""step"": 3, ""agent"": ""AffordanceAgent"", ""skill"": ""pick"", ""reasoning"": ""The grey_bracket is now in the reject_bin and needs to be picked up."", ""parameters"": { ""object_id"": ""grey_bracket"", ""target"": ""reject_bin"" } }, { ""step"": 4, ""agent"": ""AffordanceAgent"", ""skill"": ""place"", ""reasoning"": ""The grey_bracket is now in the reject_bin and needs to be placed into the supply_bin."", ""parameters"": { ""object_id"": ""grey_bracket"", ""target"": ""supply_bin"" } }, { ""step"": 5, ""agent"": ""AffordanceAgent"", ""skill"": ""pick"", ""reasoning"": ""The grey_bracket is now in the supply_bin and needs to be picked up."", ""parameters"": { ""object_id"": ""grey_bracket"", ""target"": ""supply_bin"" } }, { ""step"": 6, ""agent"": ""AffordanceAgent"", ""skill"": ""place"", ""reasoning"": ""The grey_bracket is now in the supply_bin and needs to be placed into the reject_bin."", ""parameters"": { ""object_id"": ""grey_bracket"", ""target"": ""reject_bin"" } }, { ""step"": 7, ""agent"": ""AffordanceAgent"", ""skill"": ""pick"", ""reasoning"": ""The grey_bracket is now in the reject_bin and needs to be picked up."", ""parameters"": { ""object_id"": ""grey_bracket"", ""target"": ""reject_bin"" } }, { ""step"": 8, ""agent"": ""AffordanceAgent"", ""skill"": ""place"", ""reasoning"": ""The grey_bracket is now in the reject_bin and needs to be placed into the supply_bin."", ""parameters"": { ""object_id"": ""grey_bracket"", ""target"": ""supply_bin"" } }, { ""step"": "
TRIAL_062,21,Cat 3: Spatial-Relational,P21,Move the grey block located to the left of the pallet into the scrap bin.,Direct_LLM,8d83b97,2026-10-02T15:11:41.620722,42,False,False,True,True,0.667,False,0.7,0.7,False,6039.78,"{""goal"": ""Move the grey block into the scrap bin"", ""subgoals"": [{""goal"": ""Locate the grey block""}, {""goal"": ""Move the grey block towards the scrap bin""}], ""actions"": [{""step"": 1, ""skill"": ""Visual Perception"", ""parameters"": {""object_type"": ""grey_block"", ""location"": ""left_of_pallet""}, ""confidence"": 0.8}, {""step"": 2, ""skill"": ""Manipulation"", ""parameters"": {""gripper_type"": ""vacuum_gripper"", ""object_type"": ""grey_block""}, ""confidence"": 0.9}, {""step"": 3, ""skill"": ""Motion Planning"", ""parameters"": {""start_position"": ""left_of_pallet"", ""end_position"": ""scrap_bin""}, ""confidence"": 0.7}, {""step"": 4, ""skill"": ""Execution"", ""parameters"": {""velocity"": 1.2, ""acceleration"": 2.5}, ""confidence"": 0.6}]}","{ 
  ""goal"": ""Move the grey block into the scrap bin"",
  ""subgoals"": [
    {
      ""goal"": ""Locate the grey block""
    },
    {
      ""goal"": ""Move the grey block towards the scrap bin""
    }
  ],
  ""actions"": [
    {
      ""step"": 1,
      ""skill"": ""Visual Perception"",
      ""parameters"": {
        ""object_type"": ""grey_block"",
        ""location"": ""left_of_pallet""
      },
      ""confidence"": 0.8
    },
    {
      ""step"": 2,
      ""skill"": ""Manipulation"",
      ""parameters"": {
        ""gripper_type"": ""vacuum_gripper"",
        ""object_type"": ""grey_block""
      },
      ""confidence"": 0.9
    },
    {
      ""step"": 3,
      ""skill"": ""Motion Planning"",
      ""parameters"": {
        ""start_position"": ""left_of_pallet"",
        ""end_position"": ""scrap_bin""
      },
      ""confidence"": 0.7
    },
    {
      ""step"": 4,
      ""skill"": ""Execution"",
      ""parameters"": {
        ""velocity"": 1.2,
        ""acceleration"": 2.5
      },
      ""confidence"": 0.6
    }
  ]
}"
TRIAL_063,21,Cat 3: Spatial-Relational,P21,Move the grey block located to the left of the pallet into the scrap bin.,SayCan,8d83b97,2026-10-02T15:11:47.660732,42,True,True,True,True,1.0,False,0.088,0.7,True,6930.85,"{""selected_primitive"": ""pick(blue_bolt)"", ""score"": 0.088, ""scores"": {""pick(blue_bolt)"": 0.08800000000000001, ""pick(blue_cube)"": 0.08800000000000001, ""pick(red_cylinder)"": 0.08800000000000001, ""pick(red_housing)"": 0.08800000000000001, ""pick(grey_bracket)"": 0.085, ""place(assembly_tray)"": 0.0, ""place(scrap_bin)"": 0.0, ""place(tray_pocket_1)"": 0.0, ""place(tray_pocket_2)"": 0.0, ""inspect(red_cylinder)"": 0.082, ""sweep(conveyor)"": 0.07500000000000001, ""done()"": 0.05}}","{
  ""pick(blue_bolt)"": 0.0,
  ""pick(blue_cube)"": 0.0,
  ""pick(red_cylinder)"": 0.0,
  ""pick(red_housing)"": 0.0,
  ""pick(grey_bracket)"": 0.1, 	""# Grey block is mentioned in the instruction, but it's not a perfect match (grey_bracket vs grey block). The score is low because there are other objects that could be picked up instead of the grey block, and the instruction doesn't specify which one to pick up first or how to identify the correct object. However, it's more likely than any other action to be related to the instruction, so a small probability is assigned to it. # Grey block is mentioned in the instruction, but it's not a perfect match (grey_bracket vs grey block). The score is low because there are other objects that could be picked up instead of the grey block, and the instruction doesn't specify which one to pick up first or how to identify the correct object. However, it's more likely than any other action to be related to the instruction, so a small probability is assigned to it. # Grey block is mentioned in the instruction, but it's not a perfect match (grey_bracket vs grey block). The score is low because there are other objects that could be picked up instead of the grey block, and the instruction doesn't specify which one to pick up"
TRIAL_064,22,Cat 3: Spatial-Relational,P22,Pick the blue cylinder positioned behind the red cube and place it in pocket 1.,ARIA_Dialogue_Planning,8d83b97,2026-10-02T15:11:55.515211,42,True,True,True,True,1.0,False,1.0,0.7,True,6715.28,"{""plan_id"": ""pick_blue_cylinder"", ""confidence"": 1.0, ""subgoals"": [""locate_workpiece_good_2"", ""pick_workpiece_good_1"", ""place_workpiece_good_1_in_pocket_1""], ""actions"": [{""step"": 1, ""agent"": ""AffordanceAgent"", ""skill"": ""locate"", ""reasoning"": ""Identify the blue cube (workpiece_good_2) behind which the blue cylinder is positioned."", ""parameters"": {""object_id"": ""workpiece_good_2""}}, {""step"": 2, ""agent"": ""AffordanceAgent"", ""skill"": ""pick"", ""reasoning"": ""Pick up the blue cylinder (workpiece_good_1) located behind the identified red cube."", ""parameters"": {""object_id"": ""workpiece_good_1""}}, {""step"": 3, ""agent"": ""AffordanceAgent"", ""skill"": ""place"", ""reasoning"": ""Place the picked-up blue cylinder in pocket 1 of the assembly_finished_tray."", ""parameters"": {""object_id"": ""workpiece_good_1"", ""target"": ""pocket_1""}}], ""requires_approval"": false, ""ambiguity_notes"": """"}","{ ""plan_id"": ""pick_blue_cylinder"", ""confidence"": 1.0, ""subgoals"": [ ""locate_workpiece_good_2"", ""pick_workpiece_good_1"", ""place_workpiece_good_1_in_pocket_1"" ], ""actions"": [ { ""step"": 1, ""agent"": ""AffordanceAgent"", ""skill"": ""locate"", ""reasoning"": ""Identify the blue cube (workpiece_good_2) behind which the blue cylinder is positioned."", ""parameters"": {""object_id"": ""workpiece_good_2""} }, { ""step"": 2, ""agent"": ""AffordanceAgent"", ""skill"": ""pick"", ""reasoning"": ""Pick up the blue cylinder (workpiece_good_1) located behind the identified red cube."", ""parameters"": {""object_id"": ""workpiece_good_1""} }, { ""step"": 3, ""agent"": ""AffordanceAgent"", ""skill"": ""place"", ""reasoning"": ""Place the picked-up blue cylinder in pocket 1 of the assembly_finished_tray."", ""parameters"": {""object_id"": ""workpiece_good_1"", ""target"": ""pocket_1""} } ], ""requires_approval"": false, ""ambiguity_notes"": """" }"
TRIAL_065,22,Cat 3: Spatial-Relational,P22,Pick the blue cylinder positioned behind the red cube and place it in pocket 1.,Direct_LLM,8d83b97,2026-10-02T15:12:03.537205,42,False,False,True,True,0.667,False,0.7,0.7,False,8026.0,"{""goal"": ""Pick the blue cylinder positioned behind the red cube and place it in pocket 1"", ""subgoals"": [{""goal"": ""Locate the blue cylinder""}, {""goal"": ""Move to position behind the red cube""}, {""goal"": ""Pick up the blue cylinder""}, {""goal"": ""Move to pocket 1""}, {""goal"": ""Place the blue cylinder in pocket 1""}], ""actions"": [{""step"": 1, ""skill"": ""Visual Perception"", ""parameters"": {""object_type"": ""cylinder"", ""color"": ""blue""}, ""confidence"": 0.8}, {""step"": 2, ""skill"": ""Object Localization"", ""parameters"": {""object_id"": ""red_cube"", ""position"": ""behind""}, ""confidence"": 0.9}, {""step"": 3, ""skill"": ""Grasping"", ""parameters"": {""gripper_type"": ""vacuum_gripper"", ""object_id"": ""blue_cylinder""}, ""confidence"": 0.7}, {""step"": 4, ""skill"": ""Motion Planning"", ""parameters"": {""destination"": ""pocket_1""}, ""confidence"": 0.6}, {""step"": 5, ""skill"": ""Object Placement"", ""parameters"": {""object_id"": ""blue_cylinder"", ""placement_type"": ""in_pocket""}, ""confidence"": 0.9}]}","{ 
    ""goal"": ""Pick the blue cylinder positioned behind the red cube and place it in pocket 1"",
    ""subgoals"": [
        {
            ""goal"": ""Locate the blue cylinder""
        },
        {
            ""goal"": ""Move to position behind the red cube""
        },
        {
            ""goal"": ""Pick up the blue cylinder""
        },
        {
            ""goal"": ""Move to pocket 1""
        },
        {
            ""goal"": ""Place the blue cylinder in pocket 1""
        }
    ],
    ""actions"": [
        {
            ""step"": 1,
            ""skill"": ""Visual Perception"",
            ""parameters"": {
                ""object_type"": ""cylinder"",
                ""color"": ""blue""
            },
            ""confidence"": 0.8
        },
        {
            ""step"": 2,
            ""skill"": ""Object Localization"",
            ""parameters"": {
                ""object_id"": ""red_cube"",
                ""position"": ""behind""
            },
            ""confidence"": 0.9
        },
        {
            ""step"": 3,
            ""skill"": ""Grasping"",
            ""parameters"": {
                ""gripper_type"": ""vacuum_gripper"",
                ""object_id"": ""blue_cylinder""
            },
            ""confidence"": 0.7
        },
        {
            ""step"": 4,
            ""skill"": ""Motion Planning"",
            ""parameters"": {
                ""destination"": ""pocket_1""
            },
            ""confidence"": 0.6
        },
        {
            ""step"": 5,
            ""skill"": ""Object Placement"",
            ""parameters"": {
                ""object_id"": ""blue_cylinder"",
                ""placement_type"": ""in_pocket""
            },
            ""confidence"": 0.9
        }
    ]
}"
TRIAL_066,22,Cat 3: Spatial-Relational,P22,Pick the blue cylinder positioned behind the red cube and place it in pocket 1.,SayCan,8d83b97,2026-10-02T15:12:11.563471,42,True,True,True,True,1.0,False,0.704,0.7,True,3486.37,"{""selected_primitive"": ""pick(red_cylinder)"", ""score"": 0.704, ""scores"": {""pick(blue_bolt)"": 0.0, ""pick(blue_cube)"": 0.0, ""pick(red_cylinder)"": 0.7040000000000001, ""pick(red_housing)"": 0.08800000000000001, ""pick(grey_bracket)"": 0.0, ""place(assembly_tray)"": 0.0, ""place(scrap_bin)"": 0.0, ""place(tray_pocket_1)"": 0.0, ""place(tray_pocket_2)"": 0.0, ""inspect(red_cylinder)"": 0.0, ""sweep(conveyor)"": 0.0, ""done()"": 0.0}}","{
  ""pick(blue_bolt)"": 0.0,
  ""pick(blue_cube)"": 0.0,
  ""pick(red_cylinder)"": 0.8,
  ""pick(red_housing)"": 0.1,
  ""pick(grey_bracket)"": 0.0,
  ""place(assembly_tray)"": 0.0,
  ""place(scrap_bin)"": 0.0,
  ""place(tray_pocket_1)"": 0.9,
  ""place(tray_pocket_2)"": 0.0,
  ""inspect(red_cylinder)"": 0.0,
  ""sweep(conveyor)"": 0.0,
  ""done()"": 0.0
}"
TRIAL_067,23,Cat 3: Spatial-Relational,P23,Grasp the object closest to the base of the robotic arm and lift it.,ARIA_Dialogue_Planning,8d83b97,2026-10-02T15:12:15.972505,42,True,True,True,True,1.0,False,1.0,0.7,True,6171.88,"{""plan_id"": ""grasp_object_plan"", ""confidence"": 1.0, ""subgoals"": [""identify_closest_object"", ""move_arm_to_grasp"", ""lift_object""], ""actions"": [{""step"": 1, ""agent"": ""AffordanceAgent"", ""skill"": ""pick"", ""reasoning"": ""Identify the object closest to the base of the robotic arm."", ""parameters"": {""object_id"": ""workpiece_good_1""}}, {""step"": 2, ""agent"": ""AffordanceAgent"", ""skill"": ""pick"", ""reasoning"": ""Move the robotic arm to grasp the identified object."", ""parameters"": {""object_id"": ""workpiece_good_1""}}, {""step"": 3, ""agent"": ""AffordanceAgent"", ""skill"": ""pick"", ""reasoning"": ""Lift the grasped object off the surface."", ""parameters"": {""object_id"": ""workpiece_good_1""}}], ""requires_approval"": false, ""ambiguity_notes"": """"}","{ ""plan_id"": ""grasp_object_plan"", ""confidence"": 1.0, ""subgoals"": [ ""identify_closest_object"", ""move_arm_to_grasp"", ""lift_object"" ], ""actions"": [ { ""step"": 1, ""agent"": ""AffordanceAgent"", ""skill"": ""pick"", ""reasoning"": ""Identify the object closest to the base of the robotic arm."", ""parameters"": {""object_id"": ""workpiece_good_1""} }, { ""step"": 2, ""agent"": ""AffordanceAgent"", ""skill"": ""pick"", ""reasoning"": ""Move the robotic arm to grasp the identified object."", ""parameters"": {""object_id"": ""workpiece_good_1""} }, { ""step"": 3, ""agent"": ""AffordanceAgent"", ""skill"": ""pick"", ""reasoning"": ""Lift the grasped object off the surface."", ""parameters"": {""object_id"": ""workpiece_good_1""} } ], ""requires_approval"": false, ""ambiguity_notes"": """" }"
TRIAL_068,23,Cat 3: Spatial-Relational,P23,Grasp the object closest to the base of the robotic arm and lift it.,Direct_LLM,8d83b97,2026-10-02T15:12:23.067361,42,False,False,True,True,0.667,False,0.7,0.7,False,8023.21,"{""goal"": ""Lift Object"", ""subgoals"": [{""goal"": ""Locate Closest Object"", ""subgoals"": [], ""actions"": [{""step"": ""Scan Environment"", ""skill"": ""Computer Vision"", ""parameters"": {""sensor"": ""camera""}}, {""step"": ""Identify Objects"", ""skill"": ""Object Recognition"", ""parameters"": {}}], ""confidence"": 0.9}, {""goal"": ""Grasp Object"", ""subgoals"": [], ""actions"": [{""step"": ""Move to Object"", ""skill"": ""Motion Planning"", ""parameters"": {""target_position"": ""object_location""}}, {""step"": ""Open Gripper"", ""skill"": ""Actuation Control"", ""parameters"": {}}, {""step"": ""Close Gripper"", ""skill"": ""Actuation Control"", ""parameters"": {}}], ""confidence"": 0.8}, {""goal"": ""Lift Object"", ""subgoals"": [], ""actions"": [{""step"": ""Move Up"", ""skill"": ""Motion Planning"", ""parameters"": {""target_position"": ""object_location + height""}}], ""confidence"": 0.7}]}","{ 
  ""goal"": ""Lift Object"", 
  ""subgoals"": [
    {
      ""goal"": ""Locate Closest Object"",
      ""subgoals"": [],
      ""actions"": [
        {
          ""step"": ""Scan Environment"",
          ""skill"": ""Computer Vision"",
          ""parameters"": {""sensor"": ""camera""}
        },
        {
          ""step"": ""Identify Objects"",
          ""skill"": ""Object Recognition"",
          ""parameters"": {}
        }
      ],
      ""confidence"": 0.9
    },
    {
      ""goal"": ""Grasp Object"",
      ""subgoals"": [],
      ""actions"": [
        {
          ""step"": ""Move to Object"",
          ""skill"": ""Motion Planning"",
          ""parameters"": {""target_position"": ""object_location""}
        },
        {
          ""step"": ""Open Gripper"",
          ""skill"": ""Actuation Control"",
          ""parameters"": {}
        },
        {
          ""step"": ""Close Gripper"",
          ""skill"": ""Actuation Control"",
          ""parameters"": {}
        }
      ],
      ""confidence"": 0.8
    },
    {
      ""goal"": ""Lift Object"",
      ""subgoals"": [],
      ""actions"": [
        {
          ""step"": ""Move Up"",
          ""skill"": ""Motion Planning"",
          ""parameters"": {""target_position"": ""object_location + height""}
        }
      ],
      ""confidence"": 0.7
    }
  ]
}"
TRIAL_069,23,Cat 3: Spatial-Relational,P23,Grasp the object closest to the base of the robotic arm and lift it.,SayCan,8d83b97,2026-10-02T15:12:31.090820,42,True,False,True,True,0.667,False,0.574,0.7,True,3696.72,"{""selected_primitive"": ""inspect(red_cylinder)"", ""score"": 0.574, ""scores"": {""pick(blue_bolt)"": 0.264, ""pick(blue_cube)"": 0.35200000000000004, ""pick(red_cylinder)"": 0.528, ""pick(red_housing)"": 0.17600000000000002, ""pick(grey_bracket)"": 0.085, ""place(assembly_tray)"": 0.0, ""place(scrap_bin)"": 0.0, ""place(tray_pocket_1)"": 0.0, ""place(tray_pocket_2)"": 0.0, ""inspect(red_cylinder)"": 0.574, ""sweep(conveyor)"": 0.037500000000000006, ""done()"": 0.0}}","{
  ""pick(blue_bolt)"": 0.3,
  ""pick(blue_cube)"": 0.4,
  ""pick(red_cylinder)"": 0.6,
  ""pick(red_housing)"": 0.2,
  ""pick(grey_bracket)"": 0.1,
  ""place(assembly_tray)"": 0.05,
  ""place(scrap_bin)"": 0.01,
  ""place(tray_pocket_1)"": 0.02,
  ""place(tray_pocket_2)"": 0.03,
  ""inspect(red_cylinder)"": 0.7,
  ""sweep(conveyor)"": 0.05,
  ""done()"": 0.0
}"
TRIAL_070,24,Cat 3: Spatial-Relational,P24,Transfer the red part on the right side of the conveyor into bin B.,ARIA_Dialogue_Planning,8d83b97,2026-10-02T15:12:35.444353,42,True,False,True,True,0.667,False,1.0,0.7,True,6036.46,"{""plan_id"": ""transfer_red_part"", ""confidence"": 1.0, ""subgoals"": [""identify_red_object_on_conveyor"", ""move_red_object_to_bin_B""], ""actions"": [{""step"": 1, ""agent"": ""AffordanceAgent"", ""skill"": ""pick"", ""reasoning"": ""Identify the red object on the right side of the conveyor."", ""parameters"": {""object_id"": ""workpiece_defect_1""}}, {""step"": 2, ""agent"": ""AffordanceAgent"", ""skill"": ""place"", ""reasoning"": ""Move the identified red object to bin B."", ""parameters"": {""object_id"": ""workpiece_defect_1"", ""target"": ""bin_B""}}, {""step"": 3, ""agent"": ""AffordanceAgent"", ""skill"": ""inspect"", ""reasoning"": ""Verify that the red object has been successfully transferred to bin B."", ""parameters"": {""object_id"": ""workpiece_defect_1""}}], ""requires_approval"": false, ""ambiguity_notes"": """"}","{ ""plan_id"": ""transfer_red_part"", ""confidence"": 1.0, ""subgoals"": [ ""identify_red_object_on_conveyor"", ""move_red_object_to_bin_B"" ], ""actions"": [ { ""step"": 1, ""agent"": ""AffordanceAgent"", ""skill"": ""pick"", ""reasoning"": ""Identify the red object on the right side of the conveyor."", ""parameters"": { ""object_id"": ""workpiece_defect_1"" } }, { ""step"": 2, ""agent"": ""AffordanceAgent"", ""skill"": ""place"", ""reasoning"": ""Move the identified red object to bin B."", ""parameters"": { ""object_id"": ""workpiece_defect_1"", ""target"": ""bin_B"" } }, { ""step"": 3, ""agent"": ""AffordanceAgent"", ""skill"": ""inspect"", ""reasoning"": ""Verify that the red object has been successfully transferred to bin B."", ""parameters"": { ""object_id"": ""workpiece_defect_1"" } } ], ""requires_approval"": false, ""ambiguity_notes"": """" }"
TRIAL_071,24,Cat 3: Spatial-Relational,P24,Transfer the red part on the right side of the conveyor into bin B.,Direct_LLM,8d83b97,2026-10-02T15:12:42.137716,42,False,False,True,True,0.667,False,0.7,0.7,False,6244.38,"{""goal"": ""Transfer the red part on the right side of the conveyor into bin B"", ""subgoals"": [{""goal"": ""Locate the red part on the right side of the conveyor""}, {""goal"": ""Grasp the red part with the robotic arm""}, {""goal"": ""Move the grasped red part to bin B""}], ""actions"": [{""step"": 1, ""skill"": ""Visual Perception"", ""parameters"": {""camera_id"": ""left_camera"", ""object_color"": ""red"", ""object_location"": ""right_side_of_conveyor""}, ""confidence"": 0.8}, {""step"": 2, ""skill"": ""Object Manipulation"", ""parameters"": {""gripper_id"": ""left_gripper"", ""object_type"": ""red_part""}, ""confidence"": 0.9}, {""step"": 3, ""skill"": ""Motion Planning"", ""parameters"": {""destination_bin"": ""bin_B"", ""path_planning_algorithm"": ""RRT*""}, ""confidence"": 0.95}]}","{ 
  ""goal"": ""Transfer the red part on the right side of the conveyor into bin B"",
  ""subgoals"": [
    {
      ""goal"": ""Locate the red part on the right side of the conveyor""
    },
    {
      ""goal"": ""Grasp the red part with the robotic arm""
    },
    {
      ""goal"": ""Move the grasped red part to bin B""
    }
  ],
  ""actions"": [
    {
      ""step"": 1,
      ""skill"": ""Visual Perception"",
      ""parameters"": {
        ""camera_id"": ""left_camera"",
        ""object_color"": ""red"",
        ""object_location"": ""right_side_of_conveyor""
      },
      ""confidence"": 0.8
    },
    {
      ""step"": 2,
      ""skill"": ""Object Manipulation"",
      ""parameters"": {
        ""gripper_id"": ""left_gripper"",
        ""object_type"": ""red_part""
      },
      ""confidence"": 0.9
    },
    {
      ""step"": 3,
      ""skill"": ""Motion Planning"",
      ""parameters"": {
        ""destination_bin"": ""bin_B"",
        ""path_planning_algorithm"": ""RRT*""
      },
      ""confidence"": 0.95
    }
  ]
}"
TRIAL_072,24,Cat 3: Spatial-Relational,P24,Transfer the red part on the right side of the conveyor into bin B.,SayCan,8d83b97,2026-10-02T15:12:48.382323,42,True,True,True,True,1.0,False,0.88,0.7,True,3728.2,"{""selected_primitive"": ""pick(red_cylinder)"", ""score"": 0.88, ""scores"": {""pick(blue_bolt)"": 0.0, ""pick(blue_cube)"": 0.0, ""pick(red_cylinder)"": 0.88, ""pick(red_housing)"": 0.44, ""pick(grey_bracket)"": 0.0, ""place(assembly_tray)"": 0.0, ""place(scrap_bin)"": 0.0, ""place(tray_pocket_1)"": 0.0, ""place(tray_pocket_2)"": 0.0, ""inspect(red_cylinder)"": 0.41, ""sweep(conveyor)"": 0.0, ""done()"": 0.0}}","{
  ""pick(blue_bolt)"": 0.0,
  ""pick(blue_cube)"": 0.0,
  ""pick(red_cylinder)"": 1.0,
  ""pick(red_housing)"": 0.5,
  ""pick(grey_bracket)"": 0.0,
  ""place(assembly_tray)"": 0.0,
  ""place(scrap_bin)"": 0.0,
  ""place(tray_pocket_1)"": 0.0,
  ""place(tray_pocket_2)"": 0.0,
  ""inspect(red_cylinder)"": 0.5,
  ""sweep(conveyor)"": 0.0,
  ""done()"": 0.0
}"
TRIAL_073,25,Cat 3: Spatial-Relational,P25,Pick the bracket situated between the two blue cylinders and palletize it.,ARIA_Dialogue_Planning,8d83b97,2026-10-02T15:12:53.034448,42,True,False,True,True,0.667,False,1.0,0.7,True,9135.23,"{""plan_id"": ""pick_bracket"", ""confidence"": 1.0, ""subgoals"": [""locate_bracket"", ""pick_bracket"", ""palletize_bracket""], ""actions"": [{""step"": 1, ""agent"": ""AffordanceAgent"", ""skill"": ""locate"", ""reasoning"": ""Find the grey bracket situated between workpiece_good_1 and workpiece_good_2."", ""parameters"": {""object_id"": ""grey_bracket""}}, {""step"": 2, ""agent"": ""AffordanceAgent"", ""skill"": ""pick"", ""reasoning"": ""Pick up the located grey bracket."", ""parameters"": {""object_id"": ""grey_bracket""}}, {""step"": 3, ""agent"": ""AffordanceAgent"", ""skill"": ""pull"", ""reasoning"": ""Pull the picked grey bracket to the assembly_finished_tray (pocket 1)."", ""parameters"": {""object_id"": ""grey_bracket"", ""target"": ""assembly_finished_tray_1""}}, {""step"": 4, ""agent"": ""AffordanceAgent"", ""skill"": ""place"", ""reasoning"": ""Place the pulled grey bracket in assembly_finished_tray (pocket 1)."", ""parameters"": {""object_id"": ""grey_bracket"", ""target"": ""assembly_finished_tray_1""}}, {""step"": 5, ""agent"": ""AffordanceAgent"", ""skill"": ""push"", ""reasoning"": ""Push the placed grey bracket to palletize it."", ""parameters"": {""object_id"": ""grey_bracket""}}], ""requires_approval"": false, ""ambiguity_notes"": """"}","{ ""plan_id"": ""pick_bracket"", ""confidence"": 1.0, ""subgoals"": [ ""locate_bracket"", ""pick_bracket"", ""palletize_bracket"" ], ""actions"": [ { ""step"": 1, ""agent"": ""AffordanceAgent"", ""skill"": ""locate"", ""reasoning"": ""Find the grey bracket situated between workpiece_good_1 and workpiece_good_2."", ""parameters"": { ""object_id"": ""grey_bracket"" } }, { ""step"": 2, ""agent"": ""AffordanceAgent"", ""skill"": ""pick"", ""reasoning"": ""Pick up the located grey bracket."", ""parameters"": { ""object_id"": ""grey_bracket"" } }, { ""step"": 3, ""agent"": ""AffordanceAgent"", ""skill"": ""pull"", ""reasoning"": ""Pull the picked grey bracket to the assembly_finished_tray (pocket 1)."", ""parameters"": { ""object_id"": ""grey_bracket"", ""target"": ""assembly_finished_tray_1"" } }, { ""step"": 4, ""agent"": ""AffordanceAgent"", ""skill"": ""place"", ""reasoning"": ""Place the pulled grey bracket in assembly_finished_tray (pocket 1)."", ""parameters"": { ""object_id"": ""grey_bracket"", ""target"": ""assembly_finished_tray_1"" } }, { ""step"": 5, ""agent"": ""AffordanceAgent"", ""skill"": ""push"", ""reasoning"": ""Push the placed grey bracket to palletize it."", ""parameters"": { ""object_id"": ""grey_bracket"" } } ] , ""requires_approval"": false, ""ambiguity_notes"": """" }"
TRIAL_074,25,Cat 3: Spatial-Relational,P25,Pick the bracket situated between the two blue cylinders and palletize it.,Direct_LLM,8d83b97,2026-10-02T15:13:02.322244,42,False,False,True,True,0.667,False,0.7,0.7,False,8759.06,"{""goal"": ""Palletize the bracket"", ""subgoals"": [{""goal"": ""Locate the bracket"", ""subgoals"": [], ""actions"": [{""step"": ""Identify the target object"", ""skill"": ""Object recognition"", ""parameters"": {""object_type"": ""bracket""}, ""confidence"": 0.8}, {""step"": ""Verify the bracket's position between two blue cylinders"", ""skill"": ""Scene understanding"", ""parameters"": {""cylinder_color"": ""blue"", ""cylinder_count"": 2}, ""confidence"": 0.9}]}, {""goal"": ""Pick the bracket"", ""subgoals"": [], ""actions"": [{""step"": ""Extend the arm to reach the bracket"", ""skill"": ""Arm movement control"", ""parameters"": {""arm_extension"": true}, ""confidence"": 0.95}, {""step"": ""Grasp the bracket with the end effector"", ""skill"": ""Gripper control"", ""parameters"": {""gripper_openness"": 50, ""force_applied"": 10}, ""confidence"": 0.92}]}, {""goal"": ""Palletize the bracket"", ""subgoals"": [], ""actions"": [{""step"": ""Move to the palletizing station"", ""skill"": ""Arm movement control"", ""parameters"": {""arm_position"": ""palletizing_station""}, ""confidence"": 0.98}, {""step"": ""Place the bracket on the pallet"", ""skill"": ""Gripper control"", ""parameters"": {""gripper_openness"": 50, ""force_applied"": 10}, ""confidence"": 0.95}]}]}","{ 
  ""goal"": ""Palletize the bracket"", 
  ""subgoals"": [
    {
      ""goal"": ""Locate the bracket"",
      ""subgoals"": [],
      ""actions"": [
        {
          ""step"": ""Identify the target object"",
          ""skill"": ""Object recognition"",
          ""parameters"": {""object_type"": ""bracket""},
          ""confidence"": 0.8
        },
        {
          ""step"": ""Verify the bracket's position between two blue cylinders"",
          ""skill"": ""Scene understanding"",
          ""parameters"": {""cylinder_color"": ""blue"", ""cylinder_count"": 2},
          ""confidence"": 0.9
        }
      ]
    },
    {
      ""goal"": ""Pick the bracket"",
      ""subgoals"": [],
      ""actions"": [
        {
          ""step"": ""Extend the arm to reach the bracket"",
          ""skill"": ""Arm movement control"",
          ""parameters"": {""arm_extension"": true},
          ""confidence"": 0.95
        },
        {
          ""step"": ""Grasp the bracket with the end effector"",
          ""skill"": ""Gripper control"",
          ""parameters"": {""gripper_openness"": 50, ""force_applied"": 10},
          ""confidence"": 0.92
        }
      ]
    },
    {
      ""goal"": ""Palletize the bracket"",
      ""subgoals"": [],
      ""actions"": [
        {
          ""step"": ""Move to the palletizing station"",
          ""skill"": ""Arm movement control"",
          ""parameters"": {""arm_position"": ""palletizing_station""},
          ""confidence"": 0.98
        },
        {
          ""step"": ""Place the bracket on the pallet"",
          ""skill"": ""Gripper control"",
          ""parameters"": {""gripper_openness"": 50, ""force_applied"": 10},
          ""confidence"": 0.95
        }
      ]
    }
  ]
}"
TRIAL_075,25,Cat 3: Spatial-Relational,P25,Pick the bracket situated between the two blue cylinders and palletize it.,SayCan,8d83b97,2026-10-02T15:13:11.081544,42,True,True,True,True,1.0,False,0.85,0.7,True,3562.46,"{""selected_primitive"": ""pick(grey_bracket)"", ""score"": 0.85, ""scores"": {""pick(blue_bolt)"": 0.0, ""pick(blue_cube)"": 0.0, ""pick(red_cylinder)"": 0.0, ""pick(red_housing)"": 0.0, ""pick(grey_bracket)"": 0.85, ""place(assembly_tray)"": 0.0, ""place(scrap_bin)"": 0.0, ""place(tray_pocket_1)"": 0.0, ""place(tray_pocket_2)"": 0.0, ""inspect(red_cylinder)"": 0.0, ""sweep(conveyor)"": 0.0, ""done()"": 0.0}}","{
  ""pick(blue_bolt)"": 0.0,
  ""pick(blue_cube)"": 0.0,
  ""pick(red_cylinder)"": 0.0,
  ""pick(red_housing)"": 0.0,
  ""pick(grey_bracket)"": 1.0,
  ""place(assembly_tray)"": 0.0,
  ""place(scrap_bin)"": 0.0,
  ""place(tray_pocket_1)"": 0.0,
  ""place(tray_pocket_2)"": 0.0,
  ""inspect(red_cylinder)"": 0.0,
  ""sweep(conveyor)"": 0.0,
  ""done()"": 0.0
}"
TRIAL_076,26,Cat 3: Spatial-Relational,P26,Move the topmost cube in the stack to the empty tray slot on the left.,ARIA_Dialogue_Planning,8d83b97,2026-10-02T15:13:15.569357,42,True,False,True,True,0.667,False,1.0,0.7,True,7276.82,"{""plan_id"": ""move_cube_to_tray"", ""confidence"": 1.0, ""subgoals"": [""identify_topmost_cube"", ""move_cube_to_tray""], ""actions"": [{""step"": 1, ""agent"": ""AffordanceAgent"", ""skill"": ""pick"", ""reasoning"": ""Select the topmost cube in the stack on the assembly_finished_tray (pocket 2) as it is the only blue cube present."", ""parameters"": {""object_id"": ""workpiece_good_2""}}, {""step"": 2, ""agent"": ""AffordanceAgent"", ""skill"": ""place"", ""reasoning"": ""Place the selected cube in the empty tray slot on the left of the assembly_finished_tray (pocket 1)."", ""parameters"": {""object_id"": ""workpiece_good_2""}}, {""step"": 3, ""agent"": ""AffordanceAgent"", ""skill"": ""inspect"", ""reasoning"": ""Verify that the cube is placed in the correct tray slot."", ""parameters"": {}}], ""requires_approval"": false, ""ambiguity_notes"": """"}","{ ""plan_id"": ""move_cube_to_tray"", ""confidence"": 1.0, ""subgoals"": [ ""identify_topmost_cube"", ""move_cube_to_tray"" ], ""actions"": [ { ""step"": 1, ""agent"": ""AffordanceAgent"", ""skill"": ""pick"", ""reasoning"": ""Select the topmost cube in the stack on the assembly_finished_tray (pocket 2) as it is the only blue cube present."", ""parameters"": { ""object_id"": ""workpiece_good_2"" } }, { ""step"": 2, ""agent"": ""AffordanceAgent"", ""skill"": ""place"", ""reasoning"": ""Place the selected cube in the empty tray slot on the left of the assembly_finished_tray (pocket 1)."", ""parameters"": { ""object_id"": ""workpiece_good_2"" } }, { ""step"": 3, ""agent"": ""AffordanceAgent"", ""skill"": ""inspect"", ""reasoning"": ""Verify that the cube is placed in the correct tray slot."", ""parameters"": {} } ], ""requires_approval"": false, ""ambiguity_notes"": """" }"
TRIAL_077,26,Cat 3: Spatial-Relational,P26,Move the topmost cube in the stack to the empty tray slot on the left.,Direct_LLM,8d83b97,2026-10-02T15:13:23.503288,42,False,False,True,True,0.667,False,0.7,0.7,False,9982.63,"{""goal"": ""Move the topmost cube in the stack to the empty tray slot on the left."", ""subgoals"": [{""goal"": ""Identify the topmost cube in the stack"", ""subgoals"": [], ""actions"": [{""step"": ""Locate the stack of cubes"", ""skill"": ""Object Recognition"", ""parameters"": {""object_type"": ""cube"", ""location"": ""table""}}, {""step"": ""Identify the topmost cube in the stack"", ""skill"": ""Object Detection"", ""parameters"": {""object_type"": ""cube"", ""location"": ""stack""}}], ""confidence"": 0.9}, {""goal"": ""Move the identified cube to the empty tray slot on the left"", ""subgoals"": [], ""actions"": [{""step"": ""Extend the robotic arm to reach the topmost cube"", ""skill"": ""Arm Movement"", ""parameters"": {""arm_extension"": true, ""cube_location"": ""stack""}}, {""step"": ""Grasp the topmost cube with the robotic arm's gripper"", ""skill"": ""Object Manipulation"", ""parameters"": {""gripper_type"": ""vacuum"", ""object_type"": ""cube""}}, {""step"": ""Move the grasped cube to the empty tray slot on the left"", ""skill"": ""Arm Movement"", ""parameters"": {""arm_extension"": true, ""tray_location"": ""left""}}], ""confidence"": 0.95}]}","{ 
  ""goal"": ""Move the topmost cube in the stack to the empty tray slot on the left."",
  ""subgoals"": [
    {
      ""goal"": ""Identify the topmost cube in the stack"",
      ""subgoals"": [],
      ""actions"": [
        {
          ""step"": ""Locate the stack of cubes"",
          ""skill"": ""Object Recognition"",
          ""parameters"": {""object_type"": ""cube"", ""location"": ""table""}
        },
        {
          ""step"": ""Identify the topmost cube in the stack"",
          ""skill"": ""Object Detection"",
          ""parameters"": {""object_type"": ""cube"", ""location"": ""stack""}
        }
      ],
      ""confidence"": 0.9
    },
    {
      ""goal"": ""Move the identified cube to the empty tray slot on the left"",
      ""subgoals"": [],
      ""actions"": [
        {
          ""step"": ""Extend the robotic arm to reach the topmost cube"",
          ""skill"": ""Arm Movement"",
          ""parameters"": {""arm_extension"": true, ""cube_location"": ""stack""}
        },
        {
          ""step"": ""Grasp the topmost cube with the robotic arm's gripper"",
          ""skill"": ""Object Manipulation"",
          ""parameters"": {""gripper_type"": ""vacuum"", ""object_type"": ""cube""}
        },
        {
          ""step"": ""Move the grasped cube to the empty tray slot on the left"",
          ""skill"": ""Arm Movement"",
          ""parameters"": {""arm_extension"": true, ""tray_location"": ""left""}
        }
      ],
      ""confidence"": 0.95
    }
  ]
}"
TRIAL_078,26,Cat 3: Spatial-Relational,P26,Move the topmost cube in the stack to the empty tray slot on the left.,SayCan,8d83b97,2026-10-02T15:13:33.486199,42,True,True,True,True,1.0,False,0.088,0.7,True,4350.53,"{""selected_primitive"": ""pick(red_cylinder)"", ""score"": 0.088, ""scores"": {""pick(blue_bolt)"": 0.0, ""pick(blue_cube)"": 0.0, ""pick(red_cylinder)"": 0.08800000000000001, ""pick(red_housing)"": 0.0, ""pick(grey_bracket)"": 0.0, ""place(assembly_tray)"": 0.0, ""place(scrap_bin)"": 0.0, ""place(tray_pocket_1)"": 0.0, ""place(tray_pocket_2)"": 0.0, ""inspect(red_cylinder)"": 0.0, ""sweep(conveyor)"": 0.0, ""done()"": 0.0}}","{
  ""pick(blue_bolt)"": 0.0,
  ""pick(blue_cube)"": 0.0,
  ""pick(red_cylinder)"": 0.1,
  ""pick(red_housing)"": 0.0,
  ""pick(grey_bracket)"": 0.0,
  ""place(assembly_tray)"": 0.2,
  ""place(scrap_bin)"": 0.0,
  ""place(tray_pocket_1)"": 0.3,
  ""place(tray_pocket_2)"": 0.4,
  ""inspect(red_cylinder)"": 0.0,
  ""sweep(conveyor)"": 0.0,
  ""done()"": 0.0
}"
TRIAL_079,27,Cat 3: Spatial-Relational,P27,Grasp the component nearest to the optical inspection camera marker.,ARIA_Dialogue_Planning,8d83b97,2026-10-02T15:13:38.759447,42,True,False,True,True,0.667,False,1.0,0.7,True,5718.9,"{""plan_id"": ""grasp_component_plan"", ""confidence"": 1.0, ""subgoals"": [""identify_nearest_component""], ""actions"": [{""step"": 1, ""agent"": ""AffordanceAgent"", ""skill"": ""locate"", ""reasoning"": ""nearest_component"", ""parameters"": {""object_id"": ""workpiece_good_1""}}, {""step"": 2, ""agent"": ""AffordanceAgent"", ""skill"": ""pick"", ""reasoning"": ""grasp_component"", ""parameters"": {""object_id"": ""workpiece_good_1""}}, {""step"": 3, ""agent"": ""AffordanceAgent"", ""skill"": ""place"", ""reasoning"": ""component_placed"", ""parameters"": {""object_id"": ""workpiece_good_1"", ""target"": ""assembly_finished_tray""}}], ""requires_approval"": false, ""ambiguity_notes"": """"}","{ ""plan_id"": ""grasp_component_plan"", ""confidence"": 1.0, ""subgoals"": [ ""identify_nearest_component"" ], ""actions"": [ { ""step"": 1, ""agent"": ""AffordanceAgent"", ""skill"": ""locate"", ""reasoning"": ""nearest_component"", ""parameters"": {""object_id"": ""workpiece_good_1""} }, { ""step"": 2, ""agent"": ""AffordanceAgent"", ""skill"": ""pick"", ""reasoning"": ""grasp_component"", ""parameters"": {""object_id"": ""workpiece_good_1""} }, { ""step"": 3, ""agent"": ""AffordanceAgent"", ""skill"": ""place"", ""reasoning"": ""component_placed"", ""parameters"": {""object_id"": ""workpiece_good_1"", ""target"": ""assembly_finished_tray""} } ], ""requires_approval"": false, ""ambiguity_notes"": """" }"
TRIAL_080,27,Cat 3: Spatial-Relational,P27,Grasp the component nearest to the optical inspection camera marker.,Direct_LLM,8d83b97,2026-10-02T15:13:45.788304,42,False,False,True,True,0.667,False,0.7,0.7,False,6034.34,"{""goal"": ""Grasp the component nearest to the optical inspection camera marker"", ""subgoals"": [{""goal"": ""Locate the optical inspection camera marker""}, {""goal"": ""Identify the nearest component to the marker""}], ""actions"": [{""step"": 1, ""skill"": ""Visual Perception"", ""parameters"": {""camera_id"": ""optical_inspection_camera"", ""marker_type"": ""component_marker""}, ""confidence"": 0.9}, {""step"": 2, ""skill"": ""Object Recognition"", ""parameters"": {""object_type"": ""components""}, ""confidence"": 0.8}, {""step"": 3, ""skill"": ""Distance Measurement"", ""parameters"": {""marker_id"": ""nearest_component_marker""}, ""confidence"": 0.7}, {""step"": 4, ""skill"": ""Grasping"", ""parameters"": {""component_id"": ""nearest_component""}, ""confidence"": 0.6}]}","{ 
  ""goal"": ""Grasp the component nearest to the optical inspection camera marker"",
  ""subgoals"": [
    {
      ""goal"": ""Locate the optical inspection camera marker""
    },
    {
      ""goal"": ""Identify the nearest component to the marker""
    }
  ],
  ""actions"": [
    {
      ""step"": 1,
      ""skill"": ""Visual Perception"",
      ""parameters"": {
        ""camera_id"": ""optical_inspection_camera"",
        ""marker_type"": ""component_marker""
      },
      ""confidence"": 0.9
    },
    {
      ""step"": 2,
      ""skill"": ""Object Recognition"",
      ""parameters"": {
        ""object_type"": ""components""
      },
      ""confidence"": 0.8
    },
    {
      ""step"": 3,
      ""skill"": ""Distance Measurement"",
      ""parameters"": {
        ""marker_id"": ""nearest_component_marker""
      },
      ""confidence"": 0.7
    },
    {
      ""step"": 4,
      ""skill"": ""Grasping"",
      ""parameters"": {
        ""component_id"": ""nearest_component""
      },
      ""confidence"": 0.6
    }
  ]
}"
TRIAL_081,27,Cat 3: Spatial-Relational,P27,Grasp the component nearest to the optical inspection camera marker.,SayCan,8d83b97,2026-10-02T15:13:51.822846,42,True,True,True,True,1.0,False,0.132,0.7,True,3714.85,"{""selected_primitive"": ""pick(red_cylinder)"", ""score"": 0.132, ""scores"": {""pick(blue_bolt)"": 0.044000000000000004, ""pick(blue_cube)"": 0.0264, ""pick(red_cylinder)"": 0.132, ""pick(red_housing)"": 0.0704, ""pick(grey_bracket)"": 0.017, ""place(assembly_tray)"": 0.0, ""place(scrap_bin)"": 0.0, ""place(tray_pocket_1)"": 0.0, ""place(tray_pocket_2)"": 0.0, ""inspect(red_cylinder)"": 0.082, ""sweep(conveyor)"": 0.0, ""done()"": 0.0}}","{
  ""pick(blue_bolt)"": 0.05,
  ""pick(blue_cube)"": 0.03,
  ""pick(red_cylinder)"": 0.15,
  ""pick(red_housing)"": 0.08,
  ""pick(grey_bracket)"": 0.02,
  ""place(assembly_tray)"": 0.01,
  ""place(scrap_bin)"": 0.00,
  ""place(tray_pocket_1)"": 0.00,
  ""place(tray_pocket_2)"": 0.00,
  ""inspect(red_cylinder)"": 0.10,
  ""sweep(conveyor)"": 0.00,
  ""done()"": 0.00
}"
TRIAL_082,28,Cat 3: Spatial-Relational,P28,Pick the cylinder placed directly in front of the calibration target.,ARIA_Dialogue_Planning,8d83b97,2026-10-02T15:13:56.463084,42,True,False,True,True,0.667,False,1.0,0.7,True,6884.94,"{""plan_id"": ""pick_cylinder"", ""confidence"": 1.0, ""subgoals"": [""move_to_calibration_target"", ""detect_cylinder"", ""pick_cylinder""], ""actions"": [{""step"": 1, ""agent"": ""AffordanceAgent"", ""skill"": ""pick"", ""reasoning"": ""The instruction requires the agent to pick up an object. The skill 'pick' is used for this purpose."", ""parameters"": {""object_id"": ""workpiece_defect_1""}}, {""step"": 2, ""agent"": ""AffordanceAgent"", ""skill"": ""place"", ""reasoning"": ""The instruction requires the agent to place an object. The skill 'place' is used for this purpose."", ""parameters"": {""object_id"": ""workpiece_defect_1""}}, {""step"": 3, ""agent"": ""AffordanceAgent"", ""skill"": ""inspect"", ""reasoning"": ""The instruction requires the agent to inspect an object. The skill 'inspect' is used for this purpose."", ""parameters"": {""object_id"": ""workpiece_defect_1""}}], ""requires_approval"": false, ""ambiguity_notes"": """"}","{ ""plan_id"": ""pick_cylinder"", ""confidence"": 1.0, ""subgoals"": [ ""move_to_calibration_target"", ""detect_cylinder"", ""pick_cylinder"" ], ""actions"": [ { ""step"": 1, ""agent"": ""AffordanceAgent"", ""skill"": ""pick"", ""reasoning"": ""The instruction requires the agent to pick up an object. The skill 'pick' is used for this purpose."", ""parameters"": { ""object_id"": ""workpiece_defect_1"" } }, { ""step"": 2, ""agent"": ""AffordanceAgent"", ""skill"": ""place"", ""reasoning"": ""The instruction requires the agent to place an object. The skill 'place' is used for this purpose."", ""parameters"": { ""object_id"": ""workpiece_defect_1"" } }, { ""step"": 3, ""agent"": ""AffordanceAgent"", ""skill"": ""inspect"", ""reasoning"": ""The instruction requires the agent to inspect an object. The skill 'inspect' is used for this purpose."", ""parameters"": { ""object_id"": ""workpiece_defect_1"" } } ], ""requires_approval"": false, ""ambiguity_notes"": """" }"
TRIAL_083,28,Cat 3: Spatial-Relational,P28,Pick the cylinder placed directly in front of the calibration target.,Direct_LLM,8d83b97,2026-10-02T15:14:04.005402,42,False,False,True,True,0.667,False,0.7,0.7,False,7180.02,"{""goal"": ""pick_cylinder"", ""subgoals"": [{""goal"": ""locate_calibration_target"", ""confidence"": 0.9}, {""goal"": ""detect_object_in_front_of_target"", ""confidence"": 0.8}], ""actions"": [{""step"": 1, ""skill"": ""move_to_position"", ""parameters"": {""x"": 10.5, ""y"": 20.2, ""z"": 15.0}, ""confidence"": 0.95}, {""step"": 2, ""skill"": ""look_at_target"", ""parameters"": {""target_id"": ""calibration_target""}, ""confidence"": 0.9}, {""step"": 3, ""skill"": ""detect_object_in_front_of_target"", ""parameters"": {""object_type"": ""cylinder""}, ""confidence"": 0.8}, {""step"": 4, ""skill"": ""pick_up_object"", ""parameters"": {""gripper_id"": ""left_gripper""}, ""confidence"": 0.7}]}","{ 
  ""goal"": ""pick_cylinder"", 
  ""subgoals"": [
    {
      ""goal"": ""locate_calibration_target"",
      ""confidence"": 0.9
    },
    {
      ""goal"": ""detect_object_in_front_of_target"",
      ""confidence"": 0.8
    }
  ],
  ""actions"": [
    {
      ""step"": 1,
      ""skill"": ""move_to_position"",
      ""parameters"": {
        ""x"": 10.5,
        ""y"": 20.2,
        ""z"": 15.0
      },
      ""confidence"": 0.95
    },
    {
      ""step"": 2,
      ""skill"": ""look_at_target"",
      ""parameters"": {
        ""target_id"": ""calibration_target""
      },
      ""confidence"": 0.9
    },
    {
      ""step"": 3,
      ""skill"": ""detect_object_in_front_of_target"",
      ""parameters"": {
        ""object_type"": ""cylinder""
      },
      ""confidence"": 0.8
    },
    {
      ""step"": 4,
      ""skill"": ""pick_up_object"",
      ""parameters"": {
        ""gripper_id"": ""left_gripper""
      },
      ""confidence"": 0.7
    }
  ]
}"
TRIAL_084,28,Cat 3: Spatial-Relational,P28,Pick the cylinder placed directly in front of the calibration target.,SayCan,8d83b97,2026-10-02T15:14:11.185686,42,True,True,True,True,1.0,False,0.88,0.7,True,4894.17,"{""selected_primitive"": ""pick(red_cylinder)"", ""score"": 0.88, ""scores"": {""pick(blue_bolt)"": 0.0, ""pick(blue_cube)"": 0.0, ""pick(red_cylinder)"": 0.88, ""pick(red_housing)"": 0.0, ""pick(grey_bracket)"": 0.0, ""place(assembly_tray)"": 0.0, ""place(scrap_bin)"": 0.0, ""place(tray_pocket_1)"": 0.0, ""place(tray_pocket_2)"": 0.0, ""inspect(red_cylinder)"": 0.0, ""sweep(conveyor)"": 0.0, ""done()"": 0.0}}","{
  ""pick(blue_bolt)"": 0.0,
  ""pick(blue_cube)"": 0.0,
  ""pick(red_cylinder)"": 1.0,
  ""pick(red_housing)"": 0.0,
  ""pick(grey_bracket)"": 0.0,
  ""place(assembly_tray)"": 0.0,
  ""place(scrap_bin)"": 0.0,
  ""place(tray_pocket_1)"": 0.0,
  ""place(tray_pocket_2)"": 0.0,
  ""inspect(red_cylinder)"": 0.0,
  ""sweep(conveyor)"": 0.0,
  ""done()"": 0.0
}"
TRIAL_085,29,Cat 3: Spatial-Relational,P29,Transfer the red block adjacent to the defective workpiece into quarantine.,ARIA_Dialogue_Planning,8d83b97,2026-10-02T15:14:17.004509,42,True,True,True,True,1.0,False,1.0,0.7,True,8436.89,"{""plan_id"": ""transfer_red_block_to_quarantine"", ""confidence"": 1.0, ""subgoals"": [""identify_defective_workpiece"", ""locate_red_block_adjacent_to_defective_workpiece"", ""transfer_red_block_to_reject_bin""], ""actions"": [{""step"": 1, ""agent"": ""AffordanceAgent"", ""skill"": ""pick"", ""reasoning"": ""Pick up the red block adjacent to the defective workpiece."", ""parameters"": {""object_id"": ""workpiece_defect_2"", ""direction"": ""up""}}, {""step"": 2, ""agent"": ""AffordanceAgent"", ""skill"": ""place"", ""reasoning"": ""Place the picked-up object into the reject bin."", ""parameters"": {""object_id"": ""workpiece_defect_2"", ""direction"": ""down"", ""distance_m"": 0.5}}, {""step"": 3, ""agent"": ""AffordanceAgent"", ""skill"": ""pick"", ""reasoning"": ""Pick up the red block adjacent to the defective workpiece."", ""parameters"": {""object_id"": ""grey_bracket"", ""direction"": ""up""}}], ""requires_approval"": false, ""ambiguity_notes"": """"}","{ ""plan_id"": ""transfer_red_block_to_quarantine"", ""confidence"": 1.0, ""subgoals"": [ ""identify_defective_workpiece"", ""locate_red_block_adjacent_to_defective_workpiece"", ""transfer_red_block_to_reject_bin"" ], ""actions"": [ { ""step"": 1, ""agent"": ""AffordanceAgent"", ""skill"": ""pick"", ""reasoning"": ""Pick up the red block adjacent to the defective workpiece."", ""parameters"": {""object_id"": ""workpiece_defect_2"", ""direction"": ""up""} }, { ""step"": 2, ""agent"": ""AffordanceAgent"", ""skill"": ""place"", ""reasoning"": ""Place the picked-up object into the reject bin."", ""parameters"": {""object_id"": ""workpiece_defect_2"", ""direction"": ""down"", ""distance_m"": 0.5} }, { ""step"": 3, ""agent"": ""AffordanceAgent"", ""skill"": ""pick"", ""reasoning"": ""Pick up the red block adjacent to the defective workpiece."", ""parameters"": {""object_id"": ""grey_bracket"", ""direction"": ""up""} } ] , ""requires_approval"": false, ""ambiguity_notes"": """"}"
TRIAL_086,29,Cat 3: Spatial-Relational,P29,Transfer the red block adjacent to the defective workpiece into quarantine.,Direct_LLM,8d83b97,2026-10-02T15:14:26.365333,42,False,False,True,True,0.667,False,0.7,0.7,False,7893.82,"{""goal"": ""Transfer the red block into quarantine"", ""subgoals"": [{""goal"": ""Locate the red block""}, {""goal"": ""Identify the defective workpiece""}, {""goal"": ""Determine the path to quarantine""}], ""actions"": [{""step"": 1, ""skill"": ""Visual Perception"", ""parameters"": {""camera_id"": ""front_camera"", ""object_type"": ""red_block""}, ""confidence"": 0.8}, {""step"": 2, ""skill"": ""Object Manipulation"", ""parameters"": {""gripper_id"": ""left_gripper"", ""object_id"": ""red_block""}, ""confidence"": 0.9}, {""step"": 3, ""skill"": ""Motion Planning"", ""parameters"": {""start_pose"": [1, 2, 3], ""end_pose"": [4, 5, 6]}, ""confidence"": 0.7}, {""step"": 4, ""skill"": ""Object Placement"", ""parameters"": {""quarantine_id"": ""quarantine_area""}, ""confidence"": 0.8}]}","{ 
  ""goal"": ""Transfer the red block into quarantine"",
  ""subgoals"": [
    {
      ""goal"": ""Locate the red block""
    },
    {
      ""goal"": ""Identify the defective workpiece""
    },
    {
      ""goal"": ""Determine the path to quarantine""
    }
  ],
  ""actions"": [
    {
      ""step"": 1,
      ""skill"": ""Visual Perception"",
      ""parameters"": {
        ""camera_id"": ""front_camera"",
        ""object_type"": ""red_block""
      },
      ""confidence"": 0.8
    },
    {
      ""step"": 2,
      ""skill"": ""Object Manipulation"",
      ""parameters"": {
        ""gripper_id"": ""left_gripper"",
        ""object_id"": ""red_block""
      },
      ""confidence"": 0.9
    },
    {
      ""step"": 3,
      ""skill"": ""Motion Planning"",
      ""parameters"": {
        ""start_pose"": [1, 2, 3],
        ""end_pose"": [4, 5, 6]
      },
      ""confidence"": 0.7
    },
    {
      ""step"": 4,
      ""skill"": ""Object Placement"",
      ""parameters"": {
        ""quarantine_id"": ""quarantine_area""
      },
      ""confidence"": 0.8
    }
  ]
}"
TRIAL_087,29,Cat 3: Spatial-Relational,P29,Transfer the red block adjacent to the defective workpiece into quarantine.,SayCan,8d83b97,2026-10-02T15:14:34.259480,42,True,True,True,True,1.0,False,0.088,0.7,True,3919.03,"{""selected_primitive"": ""pick(red_cylinder)"", ""score"": 0.088, ""scores"": {""pick(blue_bolt)"": 0.0, ""pick(blue_cube)"": 0.0, ""pick(red_cylinder)"": 0.08800000000000001, ""pick(red_housing)"": 0.0, ""pick(grey_bracket)"": 0.0, ""place(assembly_tray)"": 0.0, ""place(scrap_bin)"": 0.0, ""place(tray_pocket_1)"": 0.0, ""place(tray_pocket_2)"": 0.0, ""inspect(red_cylinder)"": 0.0, ""sweep(conveyor)"": 0.0, ""done()"": 0.0}}","{
  ""pick(blue_bolt)"": 0.0,
  ""pick(blue_cube)"": 0.0,
  ""pick(red_cylinder)"": 0.1,
  ""pick(red_housing)"": 0.0,
  ""pick(grey_bracket)"": 0.0,
  ""place(assembly_tray)"": 0.0,
  ""place(scrap_bin)"": 0.0,
  ""place(tray_pocket_1)"": 0.0,
  ""place(tray_pocket_2)"": 0.0,
  ""inspect(red_cylinder)"": 0.0,
  ""sweep(conveyor)"": 0.0,
  ""done()"": 0.0
}"
TRIAL_088,30,Cat 3: Spatial-Relational,P30,Pick the workpiece positioned furthest along the positive X-axis.,ARIA_Dialogue_Planning,8d83b97,2026-10-02T15:14:39.102382,42,True,True,True,True,1.0,False,1.0,0.7,True,7074.48,"{""plan_id"": ""pick_workpiece_furthest_along_x_axis"", ""confidence"": 1.0, ""subgoals"": [""identify_workpieces_along_x_axis"", ""select_workpiece_furthest_along_x_axis"", ""pick_selected_workpiece""], ""actions"": [{""step"": 1, ""agent"": ""AffordanceAgent"", ""skill"": ""locate"", ""reasoning"": ""Identify workpieces along the positive X-axis."", ""parameters"": {""object_id"": ""workpiece_good_1""}}, {""step"": 2, ""agent"": ""AffordanceAgent"", ""skill"": ""locate"", ""reasoning"": ""Identify workpieces along the positive X-axis."", ""parameters"": {""object_id"": ""workpiece_good_2""}}, {""step"": 3, ""agent"": ""AffordanceAgent"", ""skill"": ""pick"", ""reasoning"": ""Pick the workpiece positioned furthest along the positive X-axis."", ""parameters"": {""object_id"": ""workpiece_good_1""}}], ""requires_approval"": false, ""ambiguity_notes"": """"}","{ ""plan_id"": ""pick_workpiece_furthest_along_x_axis"", ""confidence"": 1.0, ""subgoals"": [ ""identify_workpieces_along_x_axis"", ""select_workpiece_furthest_along_x_axis"", ""pick_selected_workpiece"" ], ""actions"": [ { ""step"": 1, ""agent"": ""AffordanceAgent"", ""skill"": ""locate"", ""reasoning"": ""Identify workpieces along the positive X-axis."", ""parameters"": {""object_id"": ""workpiece_good_1""} }, { ""step"": 2, ""agent"": ""AffordanceAgent"", ""skill"": ""locate"", ""reasoning"": ""Identify workpieces along the positive X-axis."", ""parameters"": {""object_id"": ""workpiece_good_2""} }, { ""step"": 3, ""agent"": ""AffordanceAgent"", ""skill"": ""pick"", ""reasoning"": ""Pick the workpiece positioned furthest along the positive X-axis."", ""parameters"": {""object_id"": ""workpiece_good_1""}} ] , ""requires_approval"": false, ""ambiguity_notes"": """"}"
TRIAL_089,30,Cat 3: Spatial-Relational,P30,Pick the workpiece positioned furthest along the positive X-axis.,Direct_LLM,8d83b97,2026-10-02T15:14:47.103561,42,False,False,True,True,0.667,False,0.7,0.7,False,7712.95,"{""goal"": ""Pick the workpiece positioned furthest along the positive X-axis"", ""subgoals"": [{""goal"": ""Locate the workpieces in the workspace""}, {""goal"": ""Identify the workpiece with the maximum X-coordinate""}], ""actions"": [{""step"": 1, ""skill"": ""Move to initial position"", ""parameters"": {""x"": 0, ""y"": 0, ""z"": 0}, ""confidence"": 0.9}, {""step"": 2, ""skill"": ""Scan the workspace for workpieces"", ""parameters"": {}, ""confidence"": 0.8}, {""step"": 3, ""skill"": ""Identify the workpiece with maximum X-coordinate"", ""parameters"": {""x_min"": -10, ""x_max"": 10}, ""confidence"": 0.7}, {""step"": 4, ""skill"": ""Move to the identified workpiece"", ""parameters"": {""x"": 8, ""y"": 2, ""z"": 5}, ""confidence"": 0.9}, {""step"": 5, ""skill"": ""Grasp the workpiece"", ""parameters"": {}, ""confidence"": 0.8}]}","{ 
  ""goal"": ""Pick the workpiece positioned furthest along the positive X-axis"",
  ""subgoals"": [
    {
      ""goal"": ""Locate the workpieces in the workspace""
    },
    {
      ""goal"": ""Identify the workpiece with the maximum X-coordinate""
    }
  ],
  ""actions"": [
    {
      ""step"": 1,
      ""skill"": ""Move to initial position"",
      ""parameters"": {""x"": 0, ""y"": 0, ""z"": 0},
      ""confidence"": 0.9
    },
    {
      ""step"": 2,
      ""skill"": ""Scan the workspace for workpieces"",
      ""parameters"": {},
      ""confidence"": 0.8
    },
    {
      ""step"": 3,
      ""skill"": ""Identify the workpiece with maximum X-coordinate"",
      ""parameters"": {""x_min"": -10, ""x_max"": 10},
      ""confidence"": 0.7
    },
    {
      ""step"": 4,
      ""skill"": ""Move to the identified workpiece"",
      ""parameters"": {""x"": 8, ""y"": 2, ""z"": 5},
      ""confidence"": 0.9
    },
    {
      ""step"": 5,
      ""skill"": ""Grasp the workpiece"",
      ""parameters"": {},
      ""confidence"": 0.8
    }
  ]
}"
TRIAL_090,30,Cat 3: Spatial-Relational,P30,Pick the workpiece positioned furthest along the positive X-axis.,SayCan,8d83b97,2026-10-02T15:14:54.816742,42,True,True,True,True,1.0,False,0.85,0.7,True,1800.68,"{""selected_primitive"": ""pick(grey_bracket)"", ""score"": 0.85, ""scores"": {""pick(blue_bolt)"": 0.0, ""pick(blue_cube)"": 0.22, ""pick(red_cylinder)"": 0.44, ""pick(red_housing)"": 0.66, ""pick(grey_bracket)"": 0.85, ""place(assembly_tray)"": 0.0, ""place(scrap_bin)"": 0.0, ""place(tray_pocket_1)"": 0.0, ""place(tray_pocket_2)"": 0.0, ""inspect(red_cylinder)"": 0.082, ""sweep(conveyor)"": 0.07500000000000001, ""done()"": 0.05}}","{
  ""pick(blue_bolt)"": 0.0,
  ""pick(blue_cube)"": 0.25,
  ""pick(red_cylinder)"": 0.5,
  ""pick(red_housing)"": 0.75,
  ""pick(grey_bracket)"": 1.0
}"
TRIAL_091,31,Cat 4: Compound Multi-Step,P31,"Grasp the blue bracket, reorient it 45 degrees via in-hand pivoting, and stack it.",ARIA_Dialogue_Planning,8d83b97,2026-10-02T15:14:57.541232,42,True,True,True,True,1.0,False,1.0,0.7,True,7728.43,"{""plan_id"": ""grasp_and_stack_bracket"", ""confidence"": 1.0, ""subgoals"": [""grasp_blue_bracket"", ""reorient_45_degrees"", ""stack""], ""actions"": [{""step"": 1, ""agent"": ""AffordanceAgent"", ""skill"": ""pick"", ""reasoning"": ""The instruction requires grasping the blue bracket. The detected objects include a grey bracket, but the instruction specifies 'blue'. Assuming the blue bracket is present and visible on the optical table."", ""parameters"": {""object_id"": ""grey_bracket""}}, {""step"": 2, ""agent"": ""AffordanceAgent"", ""skill"": ""inspect"", ""reasoning"": ""The instruction requires reorienting the grasped object. Assuming the blue bracket is now in hand and visible to the agent."", ""parameters"": {""object_id"": ""grey_bracket""}}, {""step"": 3, ""agent"": ""AffordanceAgent"", ""skill"": ""place"", ""reasoning"": ""The instruction requires stacking the reoriented object. Assuming there are other objects on the assembly_finished_tray that can be stacked."", ""parameters"": {""object_id"": ""grey_bracket""}}], ""requires_approval"": false, ""ambiguity_notes"": """"}","{ ""plan_id"": ""grasp_and_stack_bracket"", ""confidence"": 1.0, ""subgoals"": [ ""grasp_blue_bracket"", ""reorient_45_degrees"", ""stack"" ], ""actions"": [ { ""step"": 1, ""agent"": ""AffordanceAgent"", ""skill"": ""pick"", ""reasoning"": ""The instruction requires grasping the blue bracket. The detected objects include a grey bracket, but the instruction specifies 'blue'. Assuming the blue bracket is present and visible on the optical table."", ""parameters"": { ""object_id"": ""grey_bracket"" } }, { ""step"": 2, ""agent"": ""AffordanceAgent"", ""skill"": ""inspect"", ""reasoning"": ""The instruction requires reorienting the grasped object. Assuming the blue bracket is now in hand and visible to the agent."", ""parameters"": { ""object_id"": ""grey_bracket"" } }, { ""step"": 3, ""agent"": ""AffordanceAgent"", ""skill"": ""place"", ""reasoning"": ""The instruction requires stacking the reoriented object. Assuming there are other objects on the assembly_finished_tray that can be stacked."", ""parameters"": { ""object_id"": ""grey_bracket"" } } ], ""requires_approval"": false, ""ambiguity_notes"": """" }"
TRIAL_092,31,Cat 4: Compound Multi-Step,P31,"Grasp the blue bracket, reorient it 45 degrees via in-hand pivoting, and stack it.",Direct_LLM,8d83b97,2026-10-02T15:15:06.580390,42,False,False,True,True,0.667,False,0.7,0.7,False,7406.83,"{""goal"": ""Stack the blue bracket"", ""subgoals"": [{""goal"": ""Grasp the blue bracket""}, {""goal"": ""Reorient the blue bracket by 45 degrees""}], ""actions"": [{""step"": 1, ""skill"": ""Visual Perception"", ""parameters"": {""object_color"": ""blue"", ""object_shape"": ""bracket""}, ""confidence"": 0.9}, {""step"": 2, ""skill"": ""Grasping"", ""parameters"": {""gripper_type"": ""parallel_jaw"", ""force_threshold"": 10}, ""confidence"": 0.95}, {""step"": 3, ""skill"": ""In-hand Pivoting"", ""parameters"": {""pivot_angle"": 45, ""rotation_axis"": ""x""}, ""confidence"": 0.85}, {""step"": 4, ""skill"": ""Object Manipulation"", ""parameters"": {""manipulation_type"": ""stacking"", ""object_height"": 10}, ""confidence"": 0.9}]}","{ 
    ""goal"": ""Stack the blue bracket"",
    ""subgoals"": [
        {
            ""goal"": ""Grasp the blue bracket""
        },
        {
            ""goal"": ""Reorient the blue bracket by 45 degrees""
        }
    ],
    ""actions"": [
        {
            ""step"": 1,
            ""skill"": ""Visual Perception"",
            ""parameters"": {""object_color"": ""blue"", ""object_shape"": ""bracket""},
            ""confidence"": 0.9
        },
        {
            ""step"": 2,
            ""skill"": ""Grasping"",
            ""parameters"": {""gripper_type"": ""parallel_jaw"", ""force_threshold"": 10},
            ""confidence"": 0.95
        },
        {
            ""step"": 3,
            ""skill"": ""In-hand Pivoting"",
            ""parameters"": {""pivot_angle"": 45, ""rotation_axis"": ""x""},
            ""confidence"": 0.85
        },
        {
            ""step"": 4,
            ""skill"": ""Object Manipulation"",
            ""parameters"": {""manipulation_type"": ""stacking"", ""object_height"": 10},
            ""confidence"": 0.9
        }
    ]
}"
TRIAL_093,31,Cat 4: Compound Multi-Step,P31,"Grasp the blue bracket, reorient it 45 degrees via in-hand pivoting, and stack it.",SayCan,8d83b97,2026-10-02T15:15:13.987457,42,True,True,True,True,1.0,False,0.085,0.7,True,4071.03,"{""selected_primitive"": ""pick(grey_bracket)"", ""score"": 0.085, ""scores"": {""pick(blue_bolt)"": 0.0, ""pick(blue_cube)"": 0.0, ""pick(red_cylinder)"": 0.0, ""pick(red_housing)"": 0.0, ""pick(grey_bracket)"": 0.085, ""place(assembly_tray)"": 0.0, ""place(scrap_bin)"": 0.0, ""place(tray_pocket_1)"": 0.0, ""place(tray_pocket_2)"": 0.0, ""inspect(red_cylinder)"": 0.0, ""sweep(conveyor)"": 0.0, ""done()"": 0.0}}","{
  ""pick(blue_bolt)"": 0.0,
  ""pick(blue_cube)"": 0.0,
  ""pick(red_cylinder)"": 0.0,
  ""pick(red_housing)"": 0.0,
  ""pick(grey_bracket)"": 0.1,
  ""place(assembly_tray)"": 0.0,
  ""place(scrap_bin)"": 0.0,
  ""place(tray_pocket_1)"": 0.0,
  ""place(tray_pocket_2)"": 0.0,
  ""inspect(red_cylinder)"": 0.0,
  ""sweep(conveyor)"": 0.0,
  ""done()"": 0.0
}"
TRIAL_094,32,Cat 4: Compound Multi-Step,P32,"Pick the red cylinder, slide it against the fixture edge, and insert it.",ARIA_Dialogue_Planning,8d83b97,2026-10-02T15:15:18.981391,42,False,True,True,True,1.0,True,0.5,0.7,False,14647.4,{},"{ ""plan_id"": ""pick_red_cylinder"", ""confidence"": 1.0, ""subgoals"": [ ""pick_workpiece_defect_1"" ], ""actions"": [ { ""step"": 1, ""agent"": ""AffordanceAgent"", ""skill"": ""pick"", ""reasoning"": ""The instruction requires picking the red cylinder, which is currently detected as workpiece_defect_1."", ""parameters"": { ""object_id"": ""workpiece_defect_1"" } }, { ""step"": 2, ""agent"": ""AffordanceAgent"", ""skill"": ""slide"", ""reasoning"": ""After picking the red cylinder, it needs to be slid against the fixture edge. The fixture edge is not explicitly mentioned in the instruction, but based on the context, we can infer that it refers to the optical_table."", ""parameters"": { ""object_id"": ""workpiece_defect_1"", ""direction"": ""fixture_edge"" } }, { ""step"": 3, ""agent"": ""AffordanceAgent"", ""skill"": ""place"", ""reasoning"": ""Finally, the red cylinder needs to be inserted. Assuming 'insert' means placing it into one of the pockets on the assembly_finished_tray."", ""parameters"": { ""object_id"": ""workpiece_defect_1"", ""direction"": ""assembly_finished_tray"" } }, { ""step"": 4, ""agent"": ""AffordanceAgent"", ""skill"": ""place"", ""reasoning"": ""The instruction does not specify which pocket to insert the red cylinder into. Assuming it should be placed in one of the available pockets (1-4)."", ""parameters"": { ""object_id"": ""workpiece_defect_1"", ""direction"": ""assembly_finished_tray"" } }, { ""step"": 5, ""agent"": ""AffordanceAgent"", ""skill"": ""place"", ""reasoning"": ""The instruction does not specify which pocket to insert the red cylinder into. Assuming it should be placed in one of the available pockets (1-4)."", ""parameters"": { ""object_id"": ""workpiece_defect_1"", ""direction"": ""assembly_finished_tray"" } }, { ""step"": 6, ""agent"": ""AffordanceAgent"", ""skill"": ""place"", ""reasoning"": ""The instruction does not specify which pocket to insert the red cylinder into. Assuming it should be placed in one of the available pockets (1-4)."", ""parameters"": { ""object_id"": ""workpiece_defect_1"", ""direction"": ""assembly_finished_tray"" } }, { ""step"": 7, ""agent"": ""AffordanceAgent"", ""skill"": ""place"", ""reasoning"": ""The instruction does not specify which pocket to insert the red cylinder into. Assuming it should be placed in one of the available pockets (1-"
TRIAL_095,32,Cat 4: Compound Multi-Step,P32,"Pick the red cylinder, slide it against the fixture edge, and insert it.",Direct_LLM,8d83b97,2026-10-02T15:15:33.629296,42,False,False,True,True,0.667,False,0.7,0.7,False,8529.76,"{""goal"": ""Insert the red cylinder into the fixture"", ""subgoals"": [{""goal"": ""Locate the red cylinder""}, {""goal"": ""Slide the red cylinder against the fixture edge""}, {""goal"": ""Insert the red cylinder into the fixture""}], ""actions"": [{""step"": 1, ""skill"": ""Visual Perception"", ""parameters"": {""object_type"": ""cylinder"", ""color"": ""red""}, ""confidence"": 0.9}, {""step"": 2, ""skill"": ""Object Manipulation"", ""parameters"": {""gripper_type"": ""vacuum_gripper"", ""force"": 10}, ""confidence"": 0.8}, {""step"": 3, ""skill"": ""Motion Planning"", ""parameters"": {""target_position"": [0, 0, 0], ""orientation"": [1, 0, 0]}, ""confidence"": 0.7}, {""step"": 4, ""skill"": ""Object Placement"", ""parameters"": {""placement_type"": ""insertion""}, ""confidence"": 0.6}]}","{ 
  ""goal"": ""Insert the red cylinder into the fixture"",
  ""subgoals"": [
    {
      ""goal"": ""Locate the red cylinder""
    },
    {
      ""goal"": ""Slide the red cylinder against the fixture edge""
    },
    {
      ""goal"": ""Insert the red cylinder into the fixture""
    }
  ],
  ""actions"": [
    {
      ""step"": 1,
      ""skill"": ""Visual Perception"",
      ""parameters"": {
        ""object_type"": ""cylinder"",
        ""color"": ""red""
      },
      ""confidence"": 0.9
    },
    {
      ""step"": 2,
      ""skill"": ""Object Manipulation"",
      ""parameters"": {
        ""gripper_type"": ""vacuum_gripper"",
        ""force"": 10
      },
      ""confidence"": 0.8
    },
    {
      ""step"": 3,
      ""skill"": ""Motion Planning"",
      ""parameters"": {
        ""target_position"": [0, 0, 0],
        ""orientation"": [1, 0, 0]
      },
      ""confidence"": 0.7
    },
    {
      ""step"": 4,
      ""skill"": ""Object Placement"",
      ""parameters"": {
        ""placement_type"": ""insertion""
      },
      ""confidence"": 0.6
    }
  ]
}"
TRIAL_096,32,Cat 4: Compound Multi-Step,P32,"Pick the red cylinder, slide it against the fixture edge, and insert it.",SayCan,8d83b97,2026-10-02T15:15:42.159270,42,True,True,True,True,1.0,False,0.88,0.7,True,4010.25,"{""selected_primitive"": ""pick(red_cylinder)"", ""score"": 0.88, ""scores"": {""pick(blue_bolt)"": 0.0, ""pick(blue_cube)"": 0.0, ""pick(red_cylinder)"": 0.88, ""pick(red_housing)"": 0.0, ""pick(grey_bracket)"": 0.0, ""place(assembly_tray)"": 0.0, ""place(scrap_bin)"": 0.0, ""place(tray_pocket_1)"": 0.0, ""place(tray_pocket_2)"": 0.0, ""inspect(red_cylinder)"": 0.0, ""sweep(conveyor)"": 0.0, ""done()"": 0.0}}","{
  ""pick(blue_bolt)"": 0.0,
  ""pick(blue_cube)"": 0.0,
  ""pick(red_cylinder)"": 1.0,
  ""pick(red_housing)"": 0.0,
  ""pick(grey_bracket)"": 0.0,
  ""place(assembly_tray)"": 0.0,
  ""place(scrap_bin)"": 0.0,
  ""place(tray_pocket_1)"": 0.0,
  ""place(tray_pocket_2)"": 0.0,
  ""inspect(red_cylinder)"": 0.0,
  ""sweep(conveyor)"": 0.0,
  ""done()"": 0.0
}"
TRIAL_097,33,Cat 4: Compound Multi-Step,P33,"Lift the grey workpiece, rotate gripper 90 degrees, and palletize in tray 3.",ARIA_Dialogue_Planning,8d83b97,2026-10-02T15:15:47.093171,42,False,True,True,True,1.0,True,0.5,0.7,False,15908.32,{},"{ ""plan_id"": ""P001"", ""confidence"": 1.00, ""subgoals"": [ ""Lift grey_bracket"" ], ""actions"": [ { ""step"": 1, ""agent"": ""AffordanceAgent"", ""skill"": ""pick"", ""reasoning"": ""grey_bracket is a detected object in the world state."", ""parameters"": { ""object_id"": ""grey_bracket"", ""target"": ""supply_bin"" } }, { ""step"": 2, ""agent"": ""AffordanceAgent"", ""skill"": ""place"", ""reasoning"": ""grey_bracket needs to be placed on a tray for palletization."", ""parameters"": { ""object_id"": ""grey_bracket"", ""target"": ""assembly_finished_tray"" } }, { ""step"": 3, ""agent"": ""AffordanceAgent"", ""skill"": ""pull"", ""reasoning"": ""grey_bracket needs to be pulled into tray 3."", ""parameters"": { ""object_id"": ""grey_bracket"", ""target"": ""assembly_finished_tray"" } }, { ""step"": 4, ""agent"": ""AffordanceAgent"", ""skill"": ""pull"", ""reasoning"": ""grey_bracket needs to be pulled into tray 3."", ""parameters"": { ""object_id"": ""grey_bracket"", ""target"": ""assembly_finished_tray"" } }, { ""step"": 5, ""agent"": ""AffordanceAgent"", ""skill"": ""pull"", ""reasoning"": ""grey_bracket needs to be pulled into tray 3."", ""parameters"": { ""object_id"": ""grey_bracket"", ""target"": ""assembly_finished_tray"" } }, { ""step"": 6, ""agent"": ""AffordanceAgent"", ""skill"": ""pull"", ""reasoning"": ""grey_bracket needs to be pulled into tray 3."", ""parameters"": { ""object_id"": ""grey_bracket"", ""target"": ""assembly_finished_tray"" } }, { ""step"": 7, ""agent"": ""AffordanceAgent"", ""skill"": ""pull"", ""reasoning"": ""grey_bracket needs to be pulled into tray 3."", ""parameters"": { ""object_id"": ""grey_bracket"", ""target"": ""assembly_finished_tray"" } }, { ""step"": 8, ""agent"": ""AffordanceAgent"", ""skill"": ""pull"", ""reasoning"": ""grey_bracket needs to be pulled into tray 3."", ""parameters"": { ""object_id"": ""grey_bracket"", ""target"": ""assembly_finished_tray"" } }, { ""step"": 9, ""agent"": ""AffordanceAgent"", ""skill"": ""pull"", ""reasoning"": ""grey_bracket needs to be pulled into tray 3."", ""parameters"": { """
TRIAL_098,33,Cat 4: Compound Multi-Step,P33,"Lift the grey workpiece, rotate gripper 90 degrees, and palletize in tray 3.",Direct_LLM,8d83b97,2026-10-02T15:16:03.001712,42,False,False,True,True,0.667,False,0.7,0.7,False,8745.16,"{""goal"": ""Complete task of lifting, rotating, and palletizing a workpiece"", ""subgoals"": [{""goal"": ""Lift the grey workpiece""}, {""goal"": ""Rotate gripper 90 degrees""}, {""goal"": ""Palletize in tray 3""}], ""actions"": [{""step"": 1, ""skill"": ""LocateObject"", ""parameters"": {""object_type"": ""grey_workpiece"", ""location"": ""workstation""}, ""confidence"": 0.9}, {""step"": 2, ""skill"": ""GraspObject"", ""parameters"": {""gripper_force"": 50, ""grasping_speed"": 100}, ""confidence"": 0.8}, {""step"": 3, ""skill"": ""LiftObject"", ""parameters"": {""lift_height"": 200, ""speed"": 150}, ""confidence"": 0.9}, {""step"": 4, ""skill"": ""RotateGripper"", ""parameters"": {""rotation_angle"": 90, ""rotation_speed"": 120}, ""confidence"": 0.8}, {""step"": 5, ""skill"": ""LocateTray"", ""parameters"": {""tray_number"": 3, ""location"": ""palletizing_station""}, ""confidence"": 0.9}, {""step"": 6, ""skill"": ""PlaceObject"", ""parameters"": {""placement_speed"": 100, ""placement_force"": 50}, ""confidence"": 0.8}]}","{ 
    ""goal"": ""Complete task of lifting, rotating, and palletizing a workpiece"",
    ""subgoals"": [
        {
            ""goal"": ""Lift the grey workpiece""
        },
        {
            ""goal"": ""Rotate gripper 90 degrees""
        },
        {
            ""goal"": ""Palletize in tray 3""
        }
    ],
    ""actions"": [
        {
            ""step"": 1,
            ""skill"": ""LocateObject"",
            ""parameters"": {""object_type"": ""grey_workpiece"", ""location"": ""workstation""},
            ""confidence"": 0.9
        },
        {
            ""step"": 2,
            ""skill"": ""GraspObject"",
            ""parameters"": {""gripper_force"": 50, ""grasping_speed"": 100},
            ""confidence"": 0.8
        },
        {
            ""step"": 3,
            ""skill"": ""LiftObject"",
            ""parameters"": {""lift_height"": 200, ""speed"": 150},
            ""confidence"": 0.9
        },
        {
            ""step"": 4,
            ""skill"": ""RotateGripper"",
            ""parameters"": {""rotation_angle"": 90, ""rotation_speed"": 120},
            ""confidence"": 0.8
        },
        {
            ""step"": 5,
            ""skill"": ""LocateTray"",
            ""parameters"": {""tray_number"": 3, ""location"": ""palletizing_station""},
            ""confidence"": 0.9
        },
        {
            ""step"": 6,
            ""skill"": ""PlaceObject"",
            ""parameters"": {""placement_speed"": 100, ""placement_force"": 50},
            ""confidence"": 0.8
        }
    ]
}"
TRIAL_099,33,Cat 4: Compound Multi-Step,P33,"Lift the grey workpiece, rotate gripper 90 degrees, and palletize in tray 3.",SayCan,8d83b97,2026-10-02T15:16:11.747066,42,True,True,True,True,1.0,False,0.088,0.7,True,934.03,"{""selected_primitive"": ""pick(blue_bolt)"", ""score"": 0.088, ""scores"": {""pick(blue_bolt)"": 0.08800000000000001, ""pick(blue_cube)"": 0.08800000000000001, ""pick(red_cylinder)"": 0.08800000000000001, ""pick(red_housing)"": 0.08800000000000001, ""pick(grey_bracket)"": 0.085, ""place(assembly_tray)"": 0.0, ""place(scrap_bin)"": 0.0, ""place(tray_pocket_1)"": 0.0, ""place(tray_pocket_2)"": 0.0, ""inspect(red_cylinder)"": 0.082, ""sweep(conveyor)"": 0.07500000000000001, ""done()"": 0.05}}","{
  ""lift"": 0.8,
  ""rotate_gripper"": 0.9,
  ""palletize"": 0.7
}"
TRIAL_100,34,Cat 4: Compound Multi-Step,P34,"Grasp the blue block, tap it on the table to align edges, and stack on red block.",ARIA_Dialogue_Planning,8d83b97,2026-10-02T15:16:13.606426,42,True,True,True,True,1.0,False,1.0,0.7,True,7894.59,"{""plan_id"": ""grasp_and_stack"", ""confidence"": 1.0, ""subgoals"": [""grasp_workpiece_good_2"", ""tap_on_optical_table"", ""stack_on_workpiece_defect_2""], ""actions"": [{""step"": 1, ""agent"": ""AffordanceAgent"", ""skill"": ""pick"", ""reasoning"": ""Grasping the blue cube (workpiece_good_2) is necessary to fulfill the instruction."", ""parameters"": {""object_id"": ""workpiece_good_2""}}, {""step"": 2, ""agent"": ""AffordanceAgent"", ""skill"": ""place"", ""reasoning"": ""Tapping on the optical table (optical_table) will align the edges of the blue cube."", ""parameters"": {""object_id"": ""workpiece_good_2""}}, {""step"": 3, ""agent"": ""AffordanceAgent"", ""skill"": ""place"", ""reasoning"": ""Stacking on the cracked red housing (workpiece_defect_2) is necessary to fulfill the instruction."", ""parameters"": {""object_id"": ""workpiece_good_2""}}], ""requires_approval"": false, ""ambiguity_notes"": """"}","{ ""plan_id"": ""grasp_and_stack"", ""confidence"": 1.0, ""subgoals"": [ ""grasp_workpiece_good_2"", ""tap_on_optical_table"", ""stack_on_workpiece_defect_2"" ], ""actions"": [ { ""step"": 1, ""agent"": ""AffordanceAgent"", ""skill"": ""pick"", ""reasoning"": ""Grasping the blue cube (workpiece_good_2) is necessary to fulfill the instruction."", ""parameters"": { ""object_id"": ""workpiece_good_2"" } }, { ""step"": 2, ""agent"": ""AffordanceAgent"", ""skill"": ""place"", ""reasoning"": ""Tapping on the optical table (optical_table) will align the edges of the blue cube."", ""parameters"": { ""object_id"": ""workpiece_good_2"" } }, { ""step"": 3, ""agent"": ""AffordanceAgent"", ""skill"": ""place"", ""reasoning"": ""Stacking on the cracked red housing (workpiece_defect_2) is necessary to fulfill the instruction."", ""parameters"": { ""object_id"": ""workpiece_good_2"" } } ], ""requires_approval"": false, ""ambiguity_notes"": """" }"
TRIAL_101,34,Cat 4: Compound Multi-Step,P34,"Grasp the blue block, tap it on the table to align edges, and stack on red block.",Direct_LLM,8d83b97,2026-10-02T15:16:22.810380,42,False,False,True,True,0.667,False,0.7,0.7,False,11925.45,"{""goal"": ""Stack blocks"", ""subgoals"": [{""goal"": ""Grasp blue block""}, {""goal"": ""Align blue block with table edge""}, {""goal"": ""Stack blue block on red block""}], ""actions"": [{""step"": 1, ""skill"": ""Object Recognition"", ""parameters"": {""object_type"": ""blue_block""}, ""confidence"": 0.9}, {""step"": 2, ""skill"": ""Grasping"", ""parameters"": {""gripper_type"": ""vacuum_gripper"", ""force"": 10}, ""confidence"": 0.95}, {""step"": 3, ""skill"": ""Motion Planning"", ""parameters"": {""x"": 5, ""y"": 2, ""z"": 1}, ""confidence"": 0.98}, {""step"": 4, ""skill"": ""Object Manipulation"", ""parameters"": {""action"": ""tap"", ""force"": 5}, ""confidence"": 0.92}, {""step"": 5, ""skill"": ""Motion Planning"", ""parameters"": {""x"": -3, ""y"": 1, ""z"": 2}, ""confidence"": 0.98}, {""step"": 6, ""skill"": ""Object Recognition"", ""parameters"": {""object_type"": ""red_block""}, ""confidence"": 0.9}, {""step"": 7, ""skill"": ""Grasping"", ""parameters"": {""gripper_type"": ""vacuum_gripper"", ""force"": 10}, ""confidence"": 0.95}, {""step"": 8, ""skill"": ""Motion Planning"", ""parameters"": {""x"": -5, ""y"": 2, ""z"": 1}, ""confidence"": 0.98}]}","{ 
  ""goal"": ""Stack blocks"",
  ""subgoals"": [
    {
      ""goal"": ""Grasp blue block""
    },
    {
      ""goal"": ""Align blue block with table edge""
    },
    {
      ""goal"": ""Stack blue block on red block""
    }
  ],
  ""actions"": [
    {
      ""step"": 1,
      ""skill"": ""Object Recognition"",
      ""parameters"": {""object_type"": ""blue_block""},
      ""confidence"": 0.9
    },
    {
      ""step"": 2,
      ""skill"": ""Grasping"",
      ""parameters"": {""gripper_type"": ""vacuum_gripper"", ""force"": 10},
      ""confidence"": 0.95
    },
    {
      ""step"": 3,
      ""skill"": ""Motion Planning"",
      ""parameters"": {""x"": 5, ""y"": 2, ""z"": 1},
      ""confidence"": 0.98
    },
    {
      ""step"": 4,
      ""skill"": ""Object Manipulation"",
      ""parameters"": {""action"": ""tap"", ""force"": 5},
      ""confidence"": 0.92
    },
    {
      ""step"": 5,
      ""skill"": ""Motion Planning"",
      ""parameters"": {""x"": -3, ""y"": 1, ""z"": 2},
      ""confidence"": 0.98
    },
    {
      ""step"": 6,
      ""skill"": ""Object Recognition"",
      ""parameters"": {""object_type"": ""red_block""},
      ""confidence"": 0.9
    },
    {
      ""step"": 7,
      ""skill"": ""Grasping"",
      ""parameters"": {""gripper_type"": ""vacuum_gripper"", ""force"": 10},
      ""confidence"": 0.95
    },
    {
      ""step"": 8,
      ""skill"": ""Motion Planning"",
      ""parameters"": {""x"": -5, ""y"": 2, ""z"": 1},
      ""confidence"": 0.98
    }
  ]
}"
TRIAL_102,34,Cat 4: Compound Multi-Step,P34,"Grasp the blue block, tap it on the table to align edges, and stack on red block.",SayCan,8d83b97,2026-10-02T15:16:34.736181,42,True,True,True,True,1.0,False,0.792,0.7,True,3549.12,"{""selected_primitive"": ""pick(red_cylinder)"", ""score"": 0.792, ""scores"": {""pick(blue_bolt)"": 0.044000000000000004, ""pick(blue_cube)"": 0.7040000000000001, ""pick(red_cylinder)"": 0.792, ""pick(red_housing)"": 0.08800000000000001, ""pick(grey_bracket)"": 0.0085, ""place(assembly_tray)"": 0.0, ""place(scrap_bin)"": 0.0, ""place(tray_pocket_1)"": 0.0, ""place(tray_pocket_2)"": 0.0, ""inspect(red_cylinder)"": 0.49199999999999994, ""sweep(conveyor)"": 0.0075, ""done()"": 0.0}}","{
  ""pick(blue_bolt)"": 0.05,
  ""pick(blue_cube)"": 0.8,
  ""pick(red_cylinder)"": 0.9,
  ""pick(red_housing)"": 0.1,
  ""pick(grey_bracket)"": 0.01,
  ""place(assembly_tray)"": 0.2,
  ""place(scrap_bin)"": 0.05,
  ""place(tray_pocket_1)"": 0.3,
  ""place(tray_pocket_2)"": 0.4,
  ""inspect(red_cylinder)"": 0.6,
  ""sweep(conveyor)"": 0.01,
  ""done()"": 0.0
}"
TRIAL_103,35,Cat 4: Compound Multi-Step,P35,"Pick the bracket, pivot from horizontal to vertical, and place into groove.",ARIA_Dialogue_Planning,8d83b97,2026-10-02T15:16:39.209272,42,True,True,True,True,1.0,False,1.0,0.7,True,5669.07,"{""plan_id"": ""pick_bracket"", ""confidence"": 1.0, ""subgoals"": [""pick grey_bracket""], ""actions"": [{""step"": 1, ""agent"": ""AffordanceAgent"", ""skill"": ""pick"", ""reasoning"": ""pick grey_bracket"", ""parameters"": {""object_id"": ""grey_bracket"", ""target"": ""supply_bin""}}, {""step"": 2, ""agent"": ""AffordanceAgent"", ""skill"": ""pull"", ""reasoning"": ""pivot from horizontal to vertical"", ""parameters"": {""direction"": ""vertical""}}, {""step"": 3, ""agent"": ""AffordanceAgent"", ""skill"": ""place"", ""reasoning"": ""place into groove"", ""parameters"": {""object_id"": ""grey_bracket"", ""target"": ""assembly_finished_tray (pocket 1)""}}], ""requires_approval"": false, ""ambiguity_notes"": """"}","{ ""plan_id"": ""pick_bracket"", ""confidence"": 1.0, ""subgoals"": [ ""pick grey_bracket"" ], ""actions"": [ { ""step"": 1, ""agent"": ""AffordanceAgent"", ""skill"": ""pick"", ""reasoning"": ""pick grey_bracket"", ""parameters"": { ""object_id"": ""grey_bracket"", ""target"": ""supply_bin"" } }, { ""step"": 2, ""agent"": ""AffordanceAgent"", ""skill"": ""pull"", ""reasoning"": ""pivot from horizontal to vertical"", ""parameters"": { ""direction"": ""vertical"" } }, { ""step"": 3, ""agent"": ""AffordanceAgent"", ""skill"": ""place"", ""reasoning"": ""place into groove"", ""parameters"": { ""object_id"": ""grey_bracket"", ""target"": ""assembly_finished_tray (pocket 1)"" } } ], ""requires_approval"": false, ""ambiguity_notes"": """" }"
TRIAL_104,35,Cat 4: Compound Multi-Step,P35,"Pick the bracket, pivot from horizontal to vertical, and place into groove.",Direct_LLM,8d83b97,2026-10-02T15:16:46.188256,42,False,False,True,True,0.667,False,0.7,0.7,False,7510.67,"{""goal"": ""Perform task of picking, pivoting, and placing a bracket"", ""subgoals"": [{""id"": ""pick_bracket"", ""description"": ""Pick the bracket""}, {""id"": ""pivot_to_vertical"", ""description"": ""Pivot from horizontal to vertical orientation""}, {""id"": ""place_in_groove"", ""description"": ""Place the bracket into groove""}], ""actions"": [{""step"": 1, ""skill"": ""move_to_object"", ""parameters"": {""object_name"": ""bracket"", ""x_position"": 10.5, ""y_position"": 20.8}, ""confidence"": 0.9}, {""step"": 2, ""skill"": ""grasp_object"", ""parameters"": {""object_name"": ""bracket""}, ""confidence"": 0.95}, {""step"": 3, ""skill"": ""pivot_orientation"", ""parameters"": {""target_angle"": 90}, ""confidence"": 0.92}, {""step"": 4, ""skill"": ""move_to_target"", ""parameters"": {""x_position"": 15.2, ""y_position"": 22.1}, ""confidence"": 0.88}, {""step"": 5, ""skill"": ""release_object"", ""parameters"": {""object_name"": ""bracket""}, ""confidence"": 0.98}]}","{ 
  ""goal"": ""Perform task of picking, pivoting, and placing a bracket"",
  ""subgoals"": [
    {
      ""id"": ""pick_bracket"",
      ""description"": ""Pick the bracket""
    },
    {
      ""id"": ""pivot_to_vertical"",
      ""description"": ""Pivot from horizontal to vertical orientation""
    },
    {
      ""id"": ""place_in_groove"",
      ""description"": ""Place the bracket into groove""
    }
  ],
  ""actions"": [
    {
      ""step"": 1,
      ""skill"": ""move_to_object"",
      ""parameters"": {
        ""object_name"": ""bracket"",
        ""x_position"": 10.5,
        ""y_position"": 20.8
      },
      ""confidence"": 0.9
    },
    {
      ""step"": 2,
      ""skill"": ""grasp_object"",
      ""parameters"": {
        ""object_name"": ""bracket""
      },
      ""confidence"": 0.95
    },
    {
      ""step"": 3,
      ""skill"": ""pivot_orientation"",
      ""parameters"": {
        ""target_angle"": 90
      },
      ""confidence"": 0.92
    },
    {
      ""step"": 4,
      ""skill"": ""move_to_target"",
      ""parameters"": {
        ""x_position"": 15.2,
        ""y_position"": 22.1
      },
      ""confidence"": 0.88
    },
    {
      ""step"": 5,
      ""skill"": ""release_object"",
      ""parameters"": {
        ""object_name"": ""bracket""
      },
      ""confidence"": 0.98
    }
  ]
}"
TRIAL_105,35,Cat 4: Compound Multi-Step,P35,"Pick the bracket, pivot from horizontal to vertical, and place into groove.",SayCan,8d83b97,2026-10-02T15:16:53.699193,42,True,True,True,True,1.0,False,0.68,0.7,True,3461.31,"{""selected_primitive"": ""pick(grey_bracket)"", ""score"": 0.68, ""scores"": {""pick(blue_bolt)"": 0.044000000000000004, ""pick(blue_cube)"": 0.044000000000000004, ""pick(red_cylinder)"": 0.08800000000000001, ""pick(red_housing)"": 0.044000000000000004, ""pick(grey_bracket)"": 0.68, ""place(assembly_tray)"": 0.0, ""place(scrap_bin)"": 0.0, ""place(tray_pocket_1)"": 0.0, ""place(tray_pocket_2)"": 0.0, ""inspect(red_cylinder)"": 0.041, ""sweep(conveyor)"": 0.0, ""done()"": 0.0}}","{
  ""pick(blue_bolt)"": 0.05,
  ""pick(blue_cube)"": 0.05,
  ""pick(red_cylinder)"": 0.1,
  ""pick(red_housing)"": 0.05,
  ""pick(grey_bracket)"": 0.8,
  ""place(assembly_tray)"": 0.2,
  ""place(scrap_bin)"": 0.1,
  ""place(tray_pocket_1)"": 0.3,
  ""place(tray_pocket_2)"": 0.4,
  ""inspect(red_cylinder)"": 0.05,
  ""sweep(conveyor)"": 0.0,
  ""done()"": 0.0
}"
TRIAL_106,36,Cat 4: Compound Multi-Step,P36,"Retrieve the red cylinder, perform in-hand reorientation, and place upright.",ARIA_Dialogue_Planning,8d83b97,2026-10-02T15:16:58.084098,42,False,True,True,True,1.0,True,0.5,0.7,False,14405.0,{},"{ ""plan_id"": ""retrieve_red_cylinder"", ""confidence"": 1.0, ""subgoals"": [ ""locate_red_cylinder"", ""reorient_in_hand"", ""place_upright"" ], ""actions"": [ { ""step"": 1, ""agent"": ""AffordanceAgent"", ""skill"": ""pick"", ""reasoning"": ""The red cylinder is a detected object in the world state. The AffordanceAgent can pick it up."", ""parameters"": { ""object_id"": ""workpiece_defect_1"" } }, { ""step"": 2, ""agent"": ""AffordanceAgent"", ""skill"": ""inspect"", ""reasoning"": ""The red cylinder is currently not upright. The AffordanceAgent can reorient it in-hand."", ""parameters"": {} }, { ""step"": 3, ""agent"": ""AffordanceAgent"", ""skill"": ""place"", ""reasoning"": ""The red cylinder is now reoriented and needs to be placed upright. The AffordanceAgent can place it on the optical table."", ""parameters"": { ""object_id"": ""workpiece_defect_1"", ""target"": ""optical_table"" } }, { ""step"": 4, ""agent"": ""AffordanceAgent"", ""skill"": ""place"", ""reasoning"": ""The red cylinder is now upright and needs to be placed on the optical table."", ""parameters"": { ""object_id"": ""workpiece_defect_1"", ""target"": ""optical_table"" } }, { ""step"": 5, ""agent"": ""AffordanceAgent"", ""skill"": ""place"", ""reasoning"": ""The red cylinder is now upright and needs to be placed on the optical table."", ""parameters"": { ""object_id"": ""workpiece_defect_1"", ""target"": ""optical_table"" } }, { ""step"": 6, ""agent"": ""AffordanceAgent"", ""skill"": ""place"", ""reasoning"": ""The red cylinder is now upright and needs to be placed on the optical table."", ""parameters"": { ""object_id"": ""workpiece_defect_1"", ""target"": ""optical_table"" } }, { ""step"": 7, ""agent"": ""AffordanceAgent"", ""skill"": ""place"", ""reasoning"": ""The red cylinder is now upright and needs to be placed on the optical table."", ""parameters"": { ""object_id"": ""workpiece_defect_1"", ""target"": ""optical_table"" } }, { ""step"": 8, ""agent"": ""AffordanceAgent"", ""skill"": ""place"", ""reasoning"": ""The red cylinder is now upright and needs to be placed on the optical table."", ""parameters"": { ""object_id"": ""workpiece_defect_1"", ""target"": ""optical_table"" }"
TRIAL_107,36,Cat 4: Compound Multi-Step,P36,"Retrieve the red cylinder, perform in-hand reorientation, and place upright.",Direct_LLM,8d83b97,2026-10-02T15:17:12.489378,42,False,False,True,True,0.667,False,0.7,0.7,False,5252.15,"{""goal"": ""Retrieve the red cylinder"", ""subgoals"": [{""goal"": ""Locate the red cylinder"", ""subgoals"": [], ""actions"": [{""step"": ""Scan environment for objects"", ""skill"": ""Computer Vision"", ""parameters"": {""object_type"": ""cylinder"", ""color"": ""red""}}, {""step"": ""Identify target object"", ""skill"": ""Object Recognition"", ""parameters"": {}}], ""confidence"": 0.8}, {""goal"": ""Grasp the red cylinder"", ""subgoals"": [], ""actions"": [{""step"": ""Move to target object"", ""skill"": ""Motion Planning"", ""parameters"": {""speed"": 1.2, ""acceleration"": 0.5}}, {""step"": ""Execute grasp action"", ""skill"": ""Gripper Control"", ""parameters"": {""force"": 10, ""torque"": 20}}], ""confidence"": 0.9}]}","{ 
  ""goal"": ""Retrieve the red cylinder"", 
  ""subgoals"": [
    {
      ""goal"": ""Locate the red cylinder"",
      ""subgoals"": [],
      ""actions"": [
        {
          ""step"": ""Scan environment for objects"",
          ""skill"": ""Computer Vision"",
          ""parameters"": {""object_type"": ""cylinder"", ""color"": ""red""}
        },
        {
          ""step"": ""Identify target object"",
          ""skill"": ""Object Recognition"",
          ""parameters"": {}
        }
      ],
      ""confidence"": 0.8
    },
    {
      ""goal"": ""Grasp the red cylinder"",
      ""subgoals"": [],
      ""actions"": [
        {
          ""step"": ""Move to target object"",
          ""skill"": ""Motion Planning"",
          ""parameters"": {""speed"": 1.2, ""acceleration"": 0.5}
        },
        {
          ""step"": ""Execute grasp action"",
          ""skill"": ""Gripper Control"",
          ""parameters"": {""force"": 10, ""torque"": 20}
        }
      ],
      ""confidence"": 0.9
    }
  ]
}"
TRIAL_108,36,Cat 4: Compound Multi-Step,P36,"Retrieve the red cylinder, perform in-hand reorientation, and place upright.",SayCan,8d83b97,2026-10-02T15:17:17.741699,42,True,True,True,True,1.0,False,0.88,0.7,True,3512.23,"{""selected_primitive"": ""pick(red_cylinder)"", ""score"": 0.88, ""scores"": {""pick(blue_bolt)"": 0.0, ""pick(blue_cube)"": 0.0, ""pick(red_cylinder)"": 0.88, ""pick(red_housing)"": 0.0, ""pick(grey_bracket)"": 0.0, ""place(assembly_tray)"": 0.0, ""place(scrap_bin)"": 0.0, ""place(tray_pocket_1)"": 0.0, ""place(tray_pocket_2)"": 0.0, ""inspect(red_cylinder)"": 0.0, ""sweep(conveyor)"": 0.0, ""done()"": 0.0}}","{
  ""pick(blue_bolt)"": 0.0,
  ""pick(blue_cube)"": 0.0,
  ""pick(red_cylinder)"": 1.0,
  ""pick(red_housing)"": 0.0,
  ""pick(grey_bracket)"": 0.0,
  ""place(assembly_tray)"": 0.0,
  ""place(scrap_bin)"": 0.0,
  ""place(tray_pocket_1)"": 0.0,
  ""place(tray_pocket_2)"": 0.0,
  ""inspect(red_cylinder)"": 0.0,
  ""sweep(conveyor)"": 0.0,
  ""done()"": 0.0
}"
TRIAL_109,37,Cat 4: Compound Multi-Step,P37,"Grasp the grey peg, adjust tilt angle by 30 degrees, and drop into sleeve.",ARIA_Dialogue_Planning,8d83b97,2026-10-02T15:17:22.178428,42,True,True,True,True,1.0,False,1.0,0.7,True,4263.12,"{""plan_id"": ""grasp_and_adjust"", ""confidence"": 1.0, ""subgoals"": [""grasp grey_bracket""], ""actions"": [{""step"": 1, ""agent"": ""AffordanceAgent"", ""skill"": ""pick"", ""reasoning"": ""The instruction specifies grasping the grey peg, which is identified as grey_bracket in the world state.""}, {""step"": 2, ""agent"": ""AffordanceAgent"", ""skill"": ""sweep"", ""reasoning"": ""Adjust tilt angle by 30 degrees""}, {""step"": 3, ""agent"": ""AffordanceAgent"", ""skill"": ""place"", ""reasoning"": ""Drop into sleeve""}], ""requires_approval"": false, ""ambiguity_notes"": """"}","{ ""plan_id"": ""grasp_and_adjust"", ""confidence"": 1.0, ""subgoals"": [ ""grasp grey_bracket"" ], ""actions"": [ { ""step"": 1, ""agent"": ""AffordanceAgent"", ""skill"": ""pick"", ""reasoning"": ""The instruction specifies grasping the grey peg, which is identified as grey_bracket in the world state."" }, { ""step"": 2, ""agent"": ""AffordanceAgent"", ""skill"": ""sweep"", ""reasoning"": ""Adjust tilt angle by 30 degrees"" }, { ""step"": 3, ""agent"": ""AffordanceAgent"", ""skill"": ""place"", ""reasoning"": ""Drop into sleeve"" } ], ""requires_approval"": false, ""ambiguity_notes"": """" }"
TRIAL_110,37,Cat 4: Compound Multi-Step,P37,"Grasp the grey peg, adjust tilt angle by 30 degrees, and drop into sleeve.",Direct_LLM,8d83b97,2026-10-02T15:17:27.751104,42,False,False,True,True,0.667,False,0.7,0.7,False,6579.63,"{""goal"": ""Perform task of grasping and placing object"", ""subgoals"": [{""goal"": ""Locate and grasp grey peg""}, {""goal"": ""Adjust tilt angle to 30 degrees""}, {""goal"": ""Drop peg into sleeve""}], ""actions"": [{""step"": 1, ""skill"": ""Visual Perception"", ""parameters"": {""object_color"": ""grey"", ""object_type"": ""peg""}, ""confidence"": 0.9}, {""step"": 2, ""skill"": ""Grasping"", ""parameters"": {""gripper_force"": 10, ""gripper_speed"": 5}, ""confidence"": 0.95}, {""step"": 3, ""skill"": ""Joint Control"", ""parameters"": {""joint_name"": ""tilt"", ""angle_change"": 30}, ""confidence"": 0.98}, {""step"": 4, ""skill"": ""Motion Planning"", ""parameters"": {""target_position"": [0, 0, -10], ""speed"": 5}, ""confidence"": 0.92}, {""step"": 5, ""skill"": ""Release Object"", ""parameters"": {}, ""confidence"": 0.99}]}","{ 
    ""goal"": ""Perform task of grasping and placing object"",
    ""subgoals"": [
        {
            ""goal"": ""Locate and grasp grey peg""
        },
        {
            ""goal"": ""Adjust tilt angle to 30 degrees""
        },
        {
            ""goal"": ""Drop peg into sleeve""
        }
    ],
    ""actions"": [
        {
            ""step"": 1,
            ""skill"": ""Visual Perception"",
            ""parameters"": {""object_color"": ""grey"", ""object_type"": ""peg""},
            ""confidence"": 0.9
        },
        {
            ""step"": 2,
            ""skill"": ""Grasping"",
            ""parameters"": {""gripper_force"": 10, ""gripper_speed"": 5},
            ""confidence"": 0.95
        },
        {
            ""step"": 3,
            ""skill"": ""Joint Control"",
            ""parameters"": {""joint_name"": ""tilt"", ""angle_change"": 30},
            ""confidence"": 0.98
        },
        {
            ""step"": 4,
            ""skill"": ""Motion Planning"",
            ""parameters"": {""target_position"": [0, 0, -10], ""speed"": 5},
            ""confidence"": 0.92
        },
        {
            ""step"": 5,
            ""skill"": ""Release Object"",
            ""parameters"": {},
            ""confidence"": 0.99
        }
    ]
}"
TRIAL_111,37,Cat 4: Compound Multi-Step,P37,"Grasp the grey peg, adjust tilt angle by 30 degrees, and drop into sleeve.",SayCan,8d83b97,2026-10-02T15:17:34.331004,42,True,True,True,True,1.0,False,0.68,0.7,True,3485.14,"{""selected_primitive"": ""pick(grey_bracket)"", ""score"": 0.68, ""scores"": {""pick(blue_bolt)"": 0.044000000000000004, ""pick(blue_cube)"": 0.044000000000000004, ""pick(red_cylinder)"": 0.08800000000000001, ""pick(red_housing)"": 0.044000000000000004, ""pick(grey_bracket)"": 0.68, ""place(assembly_tray)"": 0.0, ""place(scrap_bin)"": 0.0, ""place(tray_pocket_1)"": 0.0, ""place(tray_pocket_2)"": 0.0, ""inspect(red_cylinder)"": 0.041, ""sweep(conveyor)"": 0.037500000000000006, ""done()"": 0.0}}","{
  ""pick(blue_bolt)"": 0.05,
  ""pick(blue_cube)"": 0.05,
  ""pick(red_cylinder)"": 0.1,
  ""pick(red_housing)"": 0.05,
  ""pick(grey_bracket)"": 0.8,
  ""place(assembly_tray)"": 0.2,
  ""place(scrap_bin)"": 0.15,
  ""place(tray_pocket_1)"": 0.1,
  ""place(tray_pocket_2)"": 0.05,
  ""inspect(red_cylinder)"": 0.05,
  ""sweep(conveyor)"": 0.05,
  ""done()"": 0.0
}"
TRIAL_112,38,Cat 4: Compound Multi-Step,P38,"Pick the blue component, translate 15 cm along Y, and stack onto tier 2.",ARIA_Dialogue_Planning,8d83b97,2026-10-02T15:17:38.740192,42,True,True,True,True,1.0,False,1.0,0.7,True,6264.72,"{""plan_id"": ""ARIA-001"", ""confidence"": 1.0, ""subgoals"": [""pick_workpiece_good_1"", ""translate_workpiece_good_1_along_y"", ""stack_workpiece_good_1_on_tier_2""], ""actions"": [{""step"": 1, ""agent"": ""AffordanceAgent"", ""skill"": ""pick"", ""reasoning"": ""Select the blue bolt (workpiece_good_1) from the supply_bin."", ""parameters"": {""object_id"": ""workpiece_good_1""}}, {""step"": 2, ""agent"": ""AffordanceAgent"", ""skill"": ""place"", ""reasoning"": ""Translate workpiece_good_1 along Y by 15 cm and place it on tier 2 of the assembly_finished_tray."", ""parameters"": {""object_id"": ""workpiece_good_1"", ""distance_m"": 0.15}}, {""step"": 3, ""agent"": ""AffordanceAgent"", ""skill"": ""stack"", ""reasoning"": ""Stack workpiece_good_1 on tier 2 of the assembly_finished_tray."", ""parameters"": {""object_id"": ""workpiece_good_1""}}], ""requires_approval"": false, ""ambiguity_notes"": """"}","{ ""plan_id"": ""ARIA-001"", ""confidence"": 1.00, ""subgoals"": [ ""pick_workpiece_good_1"", ""translate_workpiece_good_1_along_y"", ""stack_workpiece_good_1_on_tier_2"" ], ""actions"": [ { ""step"": 1, ""agent"": ""AffordanceAgent"", ""skill"": ""pick"", ""reasoning"": ""Select the blue bolt (workpiece_good_1) from the supply_bin."", ""parameters"": { ""object_id"": ""workpiece_good_1"" } }, { ""step"": 2, ""agent"": ""AffordanceAgent"", ""skill"": ""place"", ""reasoning"": ""Translate workpiece_good_1 along Y by 15 cm and place it on tier 2 of the assembly_finished_tray."", ""parameters"": { ""object_id"": ""workpiece_good_1"", ""distance_m"": 0.15 } }, { ""step"": 3, ""agent"": ""AffordanceAgent"", ""skill"": ""stack"", ""reasoning"": ""Stack workpiece_good_1 on tier 2 of the assembly_finished_tray."", ""parameters"": { ""object_id"": ""workpiece_good_1"" } } ], ""requires_approval"": false, ""ambiguity_notes"": """" }"
TRIAL_113,38,Cat 4: Compound Multi-Step,P38,"Pick the blue component, translate 15 cm along Y, and stack onto tier 2.",Direct_LLM,8d83b97,2026-10-02T15:17:46.316293,42,False,False,True,True,0.667,False,0.7,0.7,False,5233.27,"{""goal"": ""Complete task"", ""subgoals"": [{""goal"": ""Pick blue component""}, {""goal"": ""Translate 15 cm along Y axis""}, {""goal"": ""Stack onto tier 2""}], ""actions"": [{""step"": 1, ""skill"": ""Visual recognition"", ""parameters"": {""component_color"": ""blue""}, ""confidence"": 0.9}, {""step"": 2, ""skill"": ""Gripper control"", ""parameters"": {""grip_type"": ""firm"", ""force"": 10}, ""confidence"": 0.95}, {""step"": 3, ""skill"": ""Translation movement"", ""parameters"": {""distance"": 15, ""axis"": ""Y""}, ""confidence"": 0.98}, {""step"": 4, ""skill"": ""Object placement"", ""parameters"": {""tier_number"": 2}, ""confidence"": 0.92}]}","{ 
    ""goal"": ""Complete task"",
    ""subgoals"": [
        {
            ""goal"": ""Pick blue component""
        },
        {
            ""goal"": ""Translate 15 cm along Y axis""
        },
        {
            ""goal"": ""Stack onto tier 2""
        }
    ],
    ""actions"": [
        {
            ""step"": 1,
            ""skill"": ""Visual recognition"",
            ""parameters"": {""component_color"": ""blue""},
            ""confidence"": 0.9
        },
        {
            ""step"": 2,
            ""skill"": ""Gripper control"",
            ""parameters"": {""grip_type"": ""firm"", ""force"": 10},
            ""confidence"": 0.95
        },
        {
            ""step"": 3,
            ""skill"": ""Translation movement"",
            ""parameters"": {""distance"": 15, ""axis"": ""Y""},
            ""confidence"": 0.98
        },
        {
            ""step"": 4,
            ""skill"": ""Object placement"",
            ""parameters"": {""tier_number"": 2},
            ""confidence"": 0.92
        }
    ]
}"
TRIAL_114,38,Cat 4: Compound Multi-Step,P38,"Pick the blue component, translate 15 cm along Y, and stack onto tier 2.",SayCan,8d83b97,2026-10-02T15:17:51.549773,42,True,True,True,True,1.0,False,0.836,0.7,True,4896.36,"{""selected_primitive"": ""pick(blue_cube)"", ""score"": 0.836, ""scores"": {""pick(blue_bolt)"": 0.044000000000000004, ""pick(blue_cube)"": 0.836, ""pick(red_cylinder)"": 0.0088, ""pick(red_housing)"": 0.0176, ""pick(grey_bracket)"": 0.0255, ""place(assembly_tray)"": 0.0, ""place(scrap_bin)"": 0.0, ""place(tray_pocket_1)"": 0.0, ""place(tray_pocket_2)"": 0.0, ""inspect(red_cylinder)"": 0.0, ""sweep(conveyor)"": 0.0, ""done()"": 0.0}}","{
  ""pick(blue_bolt)"": 0.05,
  ""pick(blue_cube)"": 0.95,
  ""pick(red_cylinder)"": 0.01,
  ""pick(red_housing)"": 0.02,
  ""pick(grey_bracket)"": 0.03,
  ""place(assembly_tray)"": 0.00,
  ""place(scrap_bin)"": 0.00,
  ""place(tray_pocket_1)"": 0.00,
  ""place(tray_pocket_2)"": 0.00,
  ""inspect(red_cylinder)"": 0.00,
  ""sweep(conveyor)"": 0.00,
  ""done()"": 0.00
}"
TRIAL_115,39,Cat 4: Compound Multi-Step,P39,"Lift the red block, pivot 45 degrees, and seat flush against the backstop.",ARIA_Dialogue_Planning,8d83b97,2026-10-02T15:17:57.370711,42,True,True,True,True,1.0,False,1.0,0.7,True,6309.56,"{""plan_id"": ""Lift_Red_Block"", ""confidence"": 1.0, ""subgoals"": [""lift_red_block""], ""actions"": [{""step"": 1, ""agent"": ""AffordanceAgent"", ""skill"": ""pick"", ""reasoning"": ""The instruction specifies a red block, which matches the description of workpiece_defect_2 (cracked red housing)."", ""parameters"": {""object_id"": ""workpiece_defect_2""}}, {""step"": 2, ""agent"": ""AffordanceAgent"", ""skill"": ""place"", ""reasoning"": ""The instruction specifies pivoting 45 degrees and seating flush against the backstop."", ""parameters"": {""object_id"": ""workpiece_defect_2"", ""direction"": ""45_degrees""}}, {""step"": 3, ""agent"": ""AffordanceAgent"", ""skill"": ""place"", ""reasoning"": ""The instruction specifies seating flush against the backstop."", ""parameters"": {""object_id"": ""workpiece_defect_2"", ""direction"": ""flush_against_backstop""}}], ""requires_approval"": false, ""ambiguity_notes"": """"}","{ ""plan_id"": ""Lift_Red_Block"", ""confidence"": 1.0, ""subgoals"": [ ""lift_red_block"" ], ""actions"": [ { ""step"": 1, ""agent"": ""AffordanceAgent"", ""skill"": ""pick"", ""reasoning"": ""The instruction specifies a red block, which matches the description of workpiece_defect_2 (cracked red housing)."", ""parameters"": { ""object_id"": ""workpiece_defect_2"" } }, { ""step"": 2, ""agent"": ""AffordanceAgent"", ""skill"": ""place"", ""reasoning"": ""The instruction specifies pivoting 45 degrees and seating flush against the backstop."", ""parameters"": { ""object_id"": ""workpiece_defect_2"", ""direction"": ""45_degrees"" } }, { ""step"": 3, ""agent"": ""AffordanceAgent"", ""skill"": ""place"", ""reasoning"": ""The instruction specifies seating flush against the backstop."", ""parameters"": { ""object_id"": ""workpiece_defect_2"", ""direction"": ""flush_against_backstop"" } } ], ""requires_approval"": false, ""ambiguity_notes"": """" }"
TRIAL_116,39,Cat 4: Compound Multi-Step,P39,"Lift the red block, pivot 45 degrees, and seat flush against the backstop.",Direct_LLM,8d83b97,2026-10-02T15:18:04.989152,42,False,False,True,True,0.667,False,0.7,0.7,False,6181.81,"{""goal"": ""Complete task of placing a red block in position"", ""subgoals"": [{""goal"": ""Lift the red block""}, {""goal"": ""Pivot 45 degrees""}, {""goal"": ""Seat flush against the backstop""}], ""actions"": [{""step"": 1, ""skill"": ""Grasp"", ""parameters"": {""object_color"": ""red"", ""object_size"": ""large""}, ""confidence"": 0.9}, {""step"": 2, ""skill"": ""Lift"", ""parameters"": {""force"": ""medium"", ""speed"": ""slow""}, ""confidence"": 0.8}, {""step"": 3, ""skill"": ""Rotate"", ""parameters"": {""angle"": 45, ""axis"": ""x-axis""}, ""confidence"": 0.7}, {""step"": 4, ""skill"": ""Position"", ""parameters"": {""distance"": ""close"", ""orientation"": ""flush""}, ""confidence"": 0.6}]}","{ 
    ""goal"": ""Complete task of placing a red block in position"",
    ""subgoals"": [
        {
            ""goal"": ""Lift the red block""
        },
        {
            ""goal"": ""Pivot 45 degrees""
        },
        {
            ""goal"": ""Seat flush against the backstop""
        }
    ],
    ""actions"": [
        {
            ""step"": 1,
            ""skill"": ""Grasp"",
            ""parameters"": {
                ""object_color"": ""red"",
                ""object_size"": ""large""
            },
            ""confidence"": 0.9
        },
        {
            ""step"": 2,
            ""skill"": ""Lift"",
            ""parameters"": {
                ""force"": ""medium"",
                ""speed"": ""slow""
            },
            ""confidence"": 0.8
        },
        {
            ""step"": 3,
            ""skill"": ""Rotate"",
            ""parameters"": {
                ""angle"": 45,
                ""axis"": ""x-axis""
            },
            ""confidence"": 0.7
        },
        {
            ""step"": 4,
            ""skill"": ""Position"",
            ""parameters"": {
                ""distance"": ""close"",
                ""orientation"": ""flush""
            },
            ""confidence"": 0.6
        }
    ]
}"
TRIAL_117,39,Cat 4: Compound Multi-Step,P39,"Lift the red block, pivot 45 degrees, and seat flush against the backstop.",SayCan,8d83b97,2026-10-02T15:18:11.171362,42,True,True,True,True,1.0,False,0.88,0.7,True,3476.57,"{""selected_primitive"": ""pick(red_cylinder)"", ""score"": 0.88, ""scores"": {""pick(blue_bolt)"": 0.0, ""pick(blue_cube)"": 0.0, ""pick(red_cylinder)"": 0.88, ""pick(red_housing)"": 0.0, ""pick(grey_bracket)"": 0.0, ""place(assembly_tray)"": 0.0, ""place(scrap_bin)"": 0.0, ""place(tray_pocket_1)"": 0.0, ""place(tray_pocket_2)"": 0.0, ""inspect(red_cylinder)"": 0.0, ""sweep(conveyor)"": 0.0, ""done()"": 0.0}}","{
  ""pick(blue_bolt)"": 0.0,
  ""pick(blue_cube)"": 0.0,
  ""pick(red_cylinder)"": 1.0,
  ""pick(red_housing)"": 0.0,
  ""pick(grey_bracket)"": 0.0,
  ""place(assembly_tray)"": 0.0,
  ""place(scrap_bin)"": 0.0,
  ""place(tray_pocket_1)"": 0.0,
  ""place(tray_pocket_2)"": 0.0,
  ""inspect(red_cylinder)"": 0.0,
  ""sweep(conveyor)"": 0.0,
  ""done()"": 0.0
}"
TRIAL_118,40,Cat 4: Compound Multi-Step,P40,"Grasp the grey plate, reorient face-down, and slide into storage slot.",ARIA_Dialogue_Planning,8d83b97,2026-10-02T15:18:15.571330,42,True,True,True,True,1.0,False,1.0,0.7,True,5823.72,"{""plan_id"": ""grasp_and_store_grey_bracket"", ""confidence"": 1.0, ""subgoals"": [""locate grey_bracket""], ""actions"": [{""step"": 1, ""agent"": ""AffordanceAgent"", ""skill"": ""pick"", ""reasoning"": ""The instruction requires grasping the grey plate."", ""parameters"": {""object_id"": ""grey_bracket""}}, {""step"": 2, ""agent"": ""AffordanceAgent"", ""skill"": ""place"", ""reasoning"": ""The instruction requires placing the grey plate face-down."", ""parameters"": {""object_id"": ""grey_bracket"", ""direction"": ""face_down""}}, {""step"": 3, ""agent"": ""AffordanceAgent"", ""skill"": ""slide"", ""reasoning"": ""The instruction requires sliding the grey plate into storage slot."", ""parameters"": {""object_id"": ""grey_bracket"", ""direction"": ""storage_slot""}}], ""requires_approval"": false, ""ambiguity_notes"": """"}","{ ""plan_id"": ""grasp_and_store_grey_bracket"", ""confidence"": 1.0, ""subgoals"": [ ""locate grey_bracket"" ], ""actions"": [ { ""step"": 1, ""agent"": ""AffordanceAgent"", ""skill"": ""pick"", ""reasoning"": ""The instruction requires grasping the grey plate."", ""parameters"": { ""object_id"": ""grey_bracket"" } }, { ""step"": 2, ""agent"": ""AffordanceAgent"", ""skill"": ""place"", ""reasoning"": ""The instruction requires placing the grey plate face-down."", ""parameters"": { ""object_id"": ""grey_bracket"", ""direction"": ""face_down"" } }, { ""step"": 3, ""agent"": ""AffordanceAgent"", ""skill"": ""slide"", ""reasoning"": ""The instruction requires sliding the grey plate into storage slot."", ""parameters"": { ""object_id"": ""grey_bracket"", ""direction"": ""storage_slot"" } } ], ""requires_approval"": false, ""ambiguity_notes"": """" }"
TRIAL_119,40,Cat 4: Compound Multi-Step,P40,"Grasp the grey plate, reorient face-down, and slide into storage slot.",Direct_LLM,8d83b97,2026-10-02T15:18:22.705288,42,False,False,True,True,0.667,False,0.7,0.7,False,6660.66,"{""goal"": ""Place grey plate in storage slot"", ""subgoals"": [{""goal"": ""Grasp grey plate""}, {""goal"": ""Reorient plate face-down""}, {""goal"": ""Slide plate into storage slot""}], ""actions"": [{""step"": 1, ""skill"": ""Visual Perception"", ""parameters"": {""object_type"": ""plate"", ""color"": ""grey""}, ""confidence"": 0.9}, {""step"": 2, ""skill"": ""Grasping"", ""parameters"": {""gripper_type"": ""vacuum"", ""force"": 10}, ""confidence"": 0.95}, {""step"": 3, ""skill"": ""Object Manipulation"", ""parameters"": {""rotation_axis"": ""x"", ""angle"": 90}, ""confidence"": 0.92}, {""step"": 4, ""skill"": ""Motion Planning"", ""parameters"": {""speed"": 50, ""acceleration"": 20}, ""confidence"": 0.98}, {""step"": 5, ""skill"": ""Object Placement"", ""parameters"": {""slot_type"": ""storage"", ""position"": [10, 20, 30]}, ""confidence"": 0.99}]}","{ 
  ""goal"": ""Place grey plate in storage slot"",
  ""subgoals"": [
    {
      ""goal"": ""Grasp grey plate""
    },
    {
      ""goal"": ""Reorient plate face-down""
    },
    {
      ""goal"": ""Slide plate into storage slot""
    }
  ],
  ""actions"": [
    {
      ""step"": 1,
      ""skill"": ""Visual Perception"",
      ""parameters"": {""object_type"": ""plate"", ""color"": ""grey""},
      ""confidence"": 0.9
    },
    {
      ""step"": 2,
      ""skill"": ""Grasping"",
      ""parameters"": {""gripper_type"": ""vacuum"", ""force"": 10},
      ""confidence"": 0.95
    },
    {
      ""step"": 3,
      ""skill"": ""Object Manipulation"",
      ""parameters"": {""rotation_axis"": ""x"", ""angle"": 90},
      ""confidence"": 0.92
    },
    {
      ""step"": 4,
      ""skill"": ""Motion Planning"",
      ""parameters"": {""speed"": 50, ""acceleration"": 20},
      ""confidence"": 0.98
    },
    {
      ""step"": 5,
      ""skill"": ""Object Placement"",
      ""parameters"": {""slot_type"": ""storage"", ""position"": [10, 20, 30]},
      ""confidence"": 0.99
    }
  ]
}"
TRIAL_120,40,Cat 4: Compound Multi-Step,P40,"Grasp the grey plate, reorient face-down, and slide into storage slot.",SayCan,8d83b97,2026-10-02T15:18:29.366208,42,True,False,True,True,0.667,False,0.3,0.7,True,4854.89,"{""selected_primitive"": ""done()"", ""score"": 0.3, ""scores"": {""pick(blue_bolt)"": 0.0, ""pick(blue_cube)"": 0.0, ""pick(red_cylinder)"": 0.08800000000000001, ""pick(red_housing)"": 0.0, ""pick(grey_bracket)"": 0.17, ""place(assembly_tray)"": 0.0, ""place(scrap_bin)"": 0.0, ""place(tray_pocket_1)"": 0.0, ""place(tray_pocket_2)"": 0.0, ""inspect(red_cylinder)"": 0.0, ""sweep(conveyor)"": 0.0, ""done()"": 0.3}}","{
  ""pick(blue_bolt)"": 0.0,
  ""pick(blue_cube)"": 0.0,
  ""pick(red_cylinder)"": 0.1,
  ""pick(red_housing)"": 0.0,
  ""pick(grey_bracket)"": 0.2,
  ""place(assembly_tray)"": 0.3,
  ""place(scrap_bin)"": 0.0,
  ""place(tray_pocket_1)"": 0.4,
  ""place(tray_pocket_2)"": 0.5,
  ""inspect(red_cylinder)"": 0.0,
  ""sweep(conveyor)"": 0.0,
  ""done()"": 0.6
}"
TRIAL_121,41,Cat 5: Constraint / Dynamic,P41,Intercept the moving workpiece on the conveyor without exceeding velocity limits.,ARIA_Dialogue_Planning,8d83b97,2026-10-02T15:18:34.373339,42,True,False,True,True,0.667,False,1.0,0.7,True,6261.93,"{""plan_id"": ""intercept_workpiece"", ""confidence"": 1.0, ""subgoals"": [""detect_workpiece_position"", ""calculate_velocity_limit"", ""adjust_conveyor_speed""], ""actions"": [{""step"": 1, ""agent"": ""AffordanceAgent"", ""skill"": ""sweep"", ""reasoning"": ""Detect the position of workpiece_good_1 on the infeed_conveyor to determine its velocity and trajectory.""}, {""step"": 2, ""agent"": ""ControlAgent"", ""skill"": ""inspect"", ""reasoning"": ""Calculate the maximum allowed speed for the conveyor based on the detected workpiece's velocity and adjust the conveyor's speed accordingly.""}, {""step"": 3, ""agent"": ""AffordanceAgent"", ""skill"": ""sweep"", ""reasoning"": ""Adjust the infeed_conveyor to intercept the moving workpiece without exceeding velocity limits.""}], ""requires_approval"": false, ""ambiguity_notes"": """"}","{ ""plan_id"": ""intercept_workpiece"", ""confidence"": 1.0, ""subgoals"": [ ""detect_workpiece_position"", ""calculate_velocity_limit"", ""adjust_conveyor_speed"" ], ""actions"": [ { ""step"": 1, ""agent"": ""AffordanceAgent"", ""skill"": ""sweep"", ""reasoning"": ""Detect the position of workpiece_good_1 on the infeed_conveyor to determine its velocity and trajectory."" }, { ""step"": 2, ""agent"": ""ControlAgent"", ""skill"": ""inspect"", ""reasoning"": ""Calculate the maximum allowed speed for the conveyor based on the detected workpiece's velocity and adjust the conveyor's speed accordingly."" }, { ""step"": 3, ""agent"": ""AffordanceAgent"", ""skill"": ""sweep"", ""reasoning"": ""Adjust the infeed_conveyor to intercept the moving workpiece without exceeding velocity limits."" } ], ""requires_approval"": false, ""ambiguity_notes"": """" }"
TRIAL_122,41,Cat 5: Constraint / Dynamic,P41,Intercept the moving workpiece on the conveyor without exceeding velocity limits.,Direct_LLM,8d83b97,2026-10-02T15:18:41.243135,42,False,False,True,True,0.667,False,0.7,0.7,False,7883.95,"{""goal"": ""Intercept the moving workpiece on the conveyor without exceeding velocity limits."", ""subgoals"": [{""goal"": ""Detect the position and velocity of the moving workpiece.""}, {""goal"": ""Plan a trajectory to intercept the workpiece within the allowed time window.""}, {""goal"": ""Execute the planned trajectory while monitoring velocity limits.""}], ""actions"": [{""step"": 1, ""skill"": ""Computer Vision"", ""parameters"": {""camera_settings"": {""resolution"": ""1080p"", ""fps"": 30}, ""object_detection_algorithm"": ""YOLOv3""}, ""confidence"": 0.9}, {""step"": 2, ""skill"": ""Motion Planning"", ""parameters"": {""time_window"": 5, ""velocity_limit"": 1.5}, ""confidence"": 0.8}, {""step"": 3, ""skill"": ""Control and Execution"", ""parameters"": {""joint_velocities"": [2, 3, 4], ""end_effector_velocity"": 1.2}, ""confidence"": 0.95}]}","{ 
  ""goal"": ""Intercept the moving workpiece on the conveyor without exceeding velocity limits."",
  ""subgoals"": [
    {
      ""goal"": ""Detect the position and velocity of the moving workpiece.""
    },
    {
      ""goal"": ""Plan a trajectory to intercept the workpiece within the allowed time window.""
    },
    {
      ""goal"": ""Execute the planned trajectory while monitoring velocity limits.""
    }
  ],
  ""actions"": [
    {
      ""step"": 1,
      ""skill"": ""Computer Vision"",
      ""parameters"": {
        ""camera_settings"": {""resolution"": ""1080p"", ""fps"": 30},
        ""object_detection_algorithm"": ""YOLOv3""
      },
      ""confidence"": 0.9
    },
    {
      ""step"": 2,
      ""skill"": ""Motion Planning"",
      ""parameters"": {
        ""time_window"": 5,
        ""velocity_limit"": 1.5
      },
      ""confidence"": 0.8
    },
    {
      ""step"": 3,
      ""skill"": ""Control and Execution"",
      ""parameters"": {
        ""joint_velocities"": [2, 3, 4],
        ""end_effector_velocity"": 1.2
      },
      ""confidence"": 0.95
    }
  ]
}"
TRIAL_123,41,Cat 5: Constraint / Dynamic,P41,Intercept the moving workpiece on the conveyor without exceeding velocity limits.,SayCan,8d83b97,2026-10-02T15:18:49.127294,42,True,False,True,True,0.667,False,0.6,0.7,True,3511.06,"{""selected_primitive"": ""sweep(conveyor)"", ""score"": 0.6, ""scores"": {""pick(blue_bolt)"": 0.044000000000000004, ""pick(blue_cube)"": 0.0088, ""pick(red_cylinder)"": 0.08800000000000001, ""pick(red_housing)"": 0.0176, ""pick(grey_bracket)"": 0.0255, ""place(assembly_tray)"": 0.0, ""place(scrap_bin)"": 0.0, ""place(tray_pocket_1)"": 0.0, ""place(tray_pocket_2)"": 0.0, ""inspect(red_cylinder)"": 0.041, ""sweep(conveyor)"": 0.6000000000000001, ""done()"": 0.0}}","{
  ""pick(blue_bolt)"": 0.05,
  ""pick(blue_cube)"": 0.01,
  ""pick(red_cylinder)"": 0.1,
  ""pick(red_housing)"": 0.02,
  ""pick(grey_bracket)"": 0.03,
  ""place(assembly_tray)"": 0.0,
  ""place(scrap_bin)"": 0.0,
  ""place(tray_pocket_1)"": 0.0,
  ""place(tray_pocket_2)"": 0.0,
  ""inspect(red_cylinder)"": 0.05,
  ""sweep(conveyor)"": 0.8,
  ""done()"": 0.0
}"
TRIAL_124,42,Cat 5: Constraint / Dynamic,P42,Grasp the conveyor block before it reaches the 0.35m workspace boundary.,ARIA_Dialogue_Planning,8d83b97,2026-10-02T15:18:53.246607,42,True,False,True,True,0.667,False,1.0,0.7,True,6261.99,"{""plan_id"": ""grasp_conveyor_block"", ""confidence"": 1.0, ""subgoals"": [""locate_conveyor_block"", ""move_to_workspace_boundary"", ""grasp_conveyor_block""], ""actions"": [{""step"": 1, ""agent"": ""AffordanceAgent"", ""skill"": ""locate"", ""reasoning"": ""Identify the conveyor block on the infeed_conveyor."", ""parameters"": {""object_id"": ""conveyor_block""}}, {""step"": 2, ""agent"": ""AffordanceAgent"", ""skill"": ""pick"", ""reasoning"": ""Reach out and grasp the identified conveyor block."", ""parameters"": {""object_id"": ""conveyor_block""}}, {""step"": 3, ""agent"": ""AffordanceAgent"", ""skill"": ""place"", ""reasoning"": ""Hold onto the conveyor block until it reaches the workspace boundary."", ""parameters"": {""object_id"": ""conveyor_block""}}], ""requires_approval"": false, ""ambiguity_notes"": """"}","{ ""plan_id"": ""grasp_conveyor_block"", ""confidence"": 1.0, ""subgoals"": [ ""locate_conveyor_block"", ""move_to_workspace_boundary"", ""grasp_conveyor_block"" ], ""actions"": [ { ""step"": 1, ""agent"": ""AffordanceAgent"", ""skill"": ""locate"", ""reasoning"": ""Identify the conveyor block on the infeed_conveyor."", ""parameters"": {""object_id"": ""conveyor_block""} }, { ""step"": 2, ""agent"": ""AffordanceAgent"", ""skill"": ""pick"", ""reasoning"": ""Reach out and grasp the identified conveyor block."", ""parameters"": {""object_id"": ""conveyor_block""} }, { ""step"": 3, ""agent"": ""AffordanceAgent"", ""skill"": ""place"", ""reasoning"": ""Hold onto the conveyor block until it reaches the workspace boundary."", ""parameters"": {""object_id"": ""conveyor_block""} } ], ""requires_approval"": false, ""ambiguity_notes"": """" }"
TRIAL_125,42,Cat 5: Constraint / Dynamic,P42,Grasp the conveyor block before it reaches the 0.35m workspace boundary.,Direct_LLM,8d83b97,2026-10-02T15:19:00.817205,42,False,False,True,True,0.667,False,0.7,0.7,False,6696.67,"{""goal"": ""Prevent conveyor block from reaching workspace boundary"", ""subgoals"": [{""goal"": ""Locate conveyor block""}, {""goal"": ""Move to block location""}, {""goal"": ""Grasp conveyor block""}], ""actions"": [{""step"": 1, ""skill"": ""Visual Perception"", ""parameters"": {""camera_mode"": ""color"", ""object_detection_threshold"": 0.8}, ""confidence"": 0.9}, {""step"": 2, ""skill"": ""Motion Planning"", ""parameters"": {""target_position"": [0.25, 0.15, 0.1], ""avoid_obstacles"": true}, ""confidence"": 0.95}, {""step"": 3, ""skill"": ""Gripper Control"", ""parameters"": {""gripper_opening"": 50, ""grasping_force"": 20}, ""confidence"": 0.98}]}","{ 
    ""goal"": ""Prevent conveyor block from reaching workspace boundary"",
    ""subgoals"": [
        {
            ""goal"": ""Locate conveyor block""
        },
        {
            ""goal"": ""Move to block location""
        },
        {
            ""goal"": ""Grasp conveyor block""
        }
    ],
    ""actions"": [
        {
            ""step"": 1,
            ""skill"": ""Visual Perception"",
            ""parameters"": {
                ""camera_mode"": ""color"",
                ""object_detection_threshold"": 0.8
            },
            ""confidence"": 0.9
        },
        {
            ""step"": 2,
            ""skill"": ""Motion Planning"",
            ""parameters"": {
                ""target_position"": [0.25, 0.15, 0.1],
                ""avoid_obstacles"": true
            },
            ""confidence"": 0.95
        },
        {
            ""step"": 3,
            ""skill"": ""Gripper Control"",
            ""parameters"": {
                ""gripper_opening"": 50,
                ""grasping_force"": 20
            },
            ""confidence"": 0.98
        }
    ]
}"
TRIAL_126,42,Cat 5: Constraint / Dynamic,P42,Grasp the conveyor block before it reaches the 0.35m workspace boundary.,SayCan,8d83b97,2026-10-02T15:19:07.514116,42,True,False,True,True,0.667,False,0.6,0.7,True,3491.32,"{""selected_primitive"": ""sweep(conveyor)"", ""score"": 0.6, ""scores"": {""pick(blue_bolt)"": 0.0, ""pick(blue_cube)"": 0.0, ""pick(red_cylinder)"": 0.44, ""pick(red_housing)"": 0.0, ""pick(grey_bracket)"": 0.0, ""place(assembly_tray)"": 0.0, ""place(scrap_bin)"": 0.0, ""place(tray_pocket_1)"": 0.0, ""place(tray_pocket_2)"": 0.0, ""inspect(red_cylinder)"": 0.41, ""sweep(conveyor)"": 0.6000000000000001, ""done()"": 0.0}}","{
  ""pick(blue_bolt)"": 0.0,
  ""pick(blue_cube)"": 0.0,
  ""pick(red_cylinder)"": 0.5,
  ""pick(red_housing)"": 0.0,
  ""pick(grey_bracket)"": 0.0,
  ""place(assembly_tray)"": 0.0,
  ""place(scrap_bin)"": 0.0,
  ""place(tray_pocket_1)"": 0.0,
  ""place(tray_pocket_2)"": 0.0,
  ""inspect(red_cylinder)"": 0.5,
  ""sweep(conveyor)"": 0.8,
  ""done()"": 0.0
}"
TRIAL_127,43,Cat 5: Constraint / Dynamic,P43,Track and pick the red part at 0.08 m/s while matching velocity within 5 mm/s.,ARIA_Dialogue_Planning,8d83b97,2026-10-02T15:19:11.615793,42,True,True,True,True,1.0,False,1.0,0.7,True,6113.87,"{""plan_id"": ""track_and_pick_red_part"", ""confidence"": 1.0, ""subgoals"": [""identify_red_object"", ""match_velocity"", ""pick_red_object""], ""actions"": [{""step"": 1, ""agent"": ""AffordanceAgent"", ""skill"": ""locate"", ""reasoning"": ""Identify the red part among detected objects."", ""parameters"": {""object_id"": ""workpiece_defect_1""}}, {""step"": 2, ""agent"": ""AffordanceAgent"", ""skill"": ""pull"", ""reasoning"": ""Match velocity with the identified red object at 0.08 m/s while ensuring a matching velocity within 5 mm/s."", ""parameters"": {""object_id"": ""workpiece_defect_1""}}, {""step"": 3, ""agent"": ""AffordanceAgent"", ""skill"": ""pick"", ""reasoning"": ""Pick the identified red object from its current location."", ""parameters"": {""object_id"": ""workpiece_defect_1""}}], ""requires_approval"": false, ""ambiguity_notes"": """"}","{ ""plan_id"": ""track_and_pick_red_part"", ""confidence"": 1.0, ""subgoals"": [ ""identify_red_object"", ""match_velocity"", ""pick_red_object"" ], ""actions"": [ { ""step"": 1, ""agent"": ""AffordanceAgent"", ""skill"": ""locate"", ""reasoning"": ""Identify the red part among detected objects."", ""parameters"": {""object_id"": ""workpiece_defect_1""} }, { ""step"": 2, ""agent"": ""AffordanceAgent"", ""skill"": ""pull"", ""reasoning"": ""Match velocity with the identified red object at 0.08 m/s while ensuring a matching velocity within 5 mm/s."", ""parameters"": {""object_id"": ""workpiece_defect_1""} }, { ""step"": 3, ""agent"": ""AffordanceAgent"", ""skill"": ""pick"", ""reasoning"": ""Pick the identified red object from its current location."", ""parameters"": {""object_id"": ""workpiece_defect_1""} } ], ""requires_approval"": false, ""ambiguity_notes"": """" }"
TRIAL_128,43,Cat 5: Constraint / Dynamic,P43,Track and pick the red part at 0.08 m/s while matching velocity within 5 mm/s.,Direct_LLM,8d83b97,2026-10-02T15:19:18.654082,42,False,False,True,True,0.667,False,0.7,0.7,False,4176.58,"{""goal"": ""Pick the red part"", ""subgoals"": [{""goal"": ""Locate the red part""}, {""goal"": ""Match velocity with target""}], ""actions"": [{""step"": 1, ""skill"": ""Visual Perception"", ""parameters"": {""speed"": 0.08}, ""confidence"": 0.9}, {""step"": 2, ""skill"": ""Object Detection"", ""parameters"": {""color"": ""red""}, ""confidence"": 0.8}, {""step"": 3, ""skill"": ""Motion Control"", ""parameters"": {""velocity"": 5}, ""confidence"": 0.95}]}","{ 
    ""goal"": ""Pick the red part"",
    ""subgoals"": [
        {
            ""goal"": ""Locate the red part""
        },
        {
            ""goal"": ""Match velocity with target""
        }
    ],
    ""actions"": [
        {
            ""step"": 1,
            ""skill"": ""Visual Perception"",
            ""parameters"": {
                ""speed"": 0.08
            },
            ""confidence"": 0.9
        },
        {
            ""step"": 2,
            ""skill"": ""Object Detection"",
            ""parameters"": {
                ""color"": ""red""
            },
            ""confidence"": 0.8
        },
        {
            ""step"": 3,
            ""skill"": ""Motion Control"",
            ""parameters"": {
                ""velocity"": 5
            },
            ""confidence"": 0.95
        }
    ]
}"
TRIAL_129,43,Cat 5: Constraint / Dynamic,P43,Track and pick the red part at 0.08 m/s while matching velocity within 5 mm/s.,SayCan,8d83b97,2026-10-02T15:19:22.830869,42,True,True,True,True,1.0,False,0.88,0.7,True,3576.86,"{""selected_primitive"": ""pick(red_cylinder)"", ""score"": 0.88, ""scores"": {""pick(blue_bolt)"": 0.0, ""pick(blue_cube)"": 0.0, ""pick(red_cylinder)"": 0.88, ""pick(red_housing)"": 0.44, ""pick(grey_bracket)"": 0.0, ""place(assembly_tray)"": 0.0, ""place(scrap_bin)"": 0.0, ""place(tray_pocket_1)"": 0.0, ""place(tray_pocket_2)"": 0.0, ""inspect(red_cylinder)"": 0.41, ""sweep(conveyor)"": 0.0, ""done()"": 0.0}}","{
  ""pick(blue_bolt)"": 0.0,
  ""pick(blue_cube)"": 0.0,
  ""pick(red_cylinder)"": 1.0,
  ""pick(red_housing)"": 0.5,
  ""pick(grey_bracket)"": 0.0,
  ""place(assembly_tray)"": 0.0,
  ""place(scrap_bin)"": 0.0,
  ""place(tray_pocket_1)"": 0.0,
  ""place(tray_pocket_2)"": 0.0,
  ""inspect(red_cylinder)"": 0.5,
  ""sweep(conveyor)"": 0.0,
  ""done()"": 0.0
}"
TRIAL_130,44,Cat 5: Constraint / Dynamic,P44,Intercept the moving defective cylinder and divert it without arm jerk.,ARIA_Dialogue_Planning,8d83b97,2026-10-02T15:19:27.331303,42,True,True,True,True,1.0,False,1.0,0.7,True,7432.44,"{""plan_id"": ""intercept_defective_cylinder"", ""confidence"": 1.0, ""subgoals"": [""detect_defective_cylinder"", ""divert_defective_cylinder""], ""actions"": [{""step"": 1, ""agent"": ""AffordanceAgent"", ""skill"": ""pick"", ""reasoning"": ""Pick up the defective cylinder (workpiece_defect_1) from infeed_conveyor."", ""parameters"": {""object_id"": ""workpiece_defect_1"", ""target"": ""infeed_conveyor""}}, {""step"": 2, ""agent"": ""AffordanceAgent"", ""skill"": ""place"", ""reasoning"": ""Place the defective cylinder (workpiece_defect_1) in reject_bin."", ""parameters"": {""object_id"": ""workpiece_defect_1"", ""target"": ""reject_bin""}}, {""step"": 3, ""agent"": ""AffordanceAgent"", ""skill"": ""place"", ""reasoning"": ""Divert the defective cylinder (workpiece_defect_1) without arm jerk."", ""parameters"": {""object_id"": ""workpiece_defect_1"", ""target"": ""reject_bin""}}], ""requires_approval"": false, ""ambiguity_notes"": """"}","{ ""plan_id"": ""intercept_defective_cylinder"", ""confidence"": 1.0, ""subgoals"": [ ""detect_defective_cylinder"", ""divert_defective_cylinder"" ], ""actions"": [ { ""step"": 1, ""agent"": ""AffordanceAgent"", ""skill"": ""pick"", ""reasoning"": ""Pick up the defective cylinder (workpiece_defect_1) from infeed_conveyor."", ""parameters"": {""object_id"": ""workpiece_defect_1"", ""target"": ""infeed_conveyor""} }, { ""step"": 2, ""agent"": ""AffordanceAgent"", ""skill"": ""place"", ""reasoning"": ""Place the defective cylinder (workpiece_defect_1) in reject_bin."", ""parameters"": {""object_id"": ""workpiece_defect_1"", ""target"": ""reject_bin""} }, { ""step"": 3, ""agent"": ""AffordanceAgent"", ""skill"": ""place"", ""reasoning"": ""Divert the defective cylinder (workpiece_defect_1) without arm jerk."", ""parameters"": {""object_id"": ""workpiece_defect_1"", ""target"": ""reject_bin""} } ], ""requires_approval"": false, ""ambiguity_notes"": """" }"
TRIAL_131,44,Cat 5: Constraint / Dynamic,P44,Intercept the moving defective cylinder and divert it without arm jerk.,Direct_LLM,8d83b97,2026-10-02T15:19:36.074266,42,False,False,True,True,0.667,False,0.7,0.7,False,10211.97,"{""goal"": ""Divert Defective Cylinder"", ""subgoals"": [{""goal"": ""Locate Moving Cylinder"", ""subgoals"": [], ""actions"": [{""step"": ""Detect Object Movement"", ""skill"": ""Object Tracking"", ""parameters"": {""object_type"": ""cylinder"", ""speed_threshold"": 0.5}, ""confidence"": 0.8}, {""step"": ""Estimate Cylinder Position"", ""skill"": ""Kalman Filter"", ""parameters"": {}, ""confidence"": 0.9}]}, {""goal"": ""Approach and Grasp Cylinder"", ""subgoals"": [], ""actions"": [{""step"": ""Move to Cylinder Position"", ""skill"": ""Motion Planning"", ""parameters"": {""speed"": 1.0, ""acceleration"": 2.0}, ""confidence"": 0.7}, {""step"": ""Grasp Cylinder with Soft Gripper"", ""skill"": ""Gripper Control"", ""parameters"": {""grip_force"": 10.0}, ""confidence"": 0.9}]}, {""goal"": ""Divert Cylinder without Jerk"", ""subgoals"": [], ""actions"": [{""step"": ""Plan Smooth Diversion Path"", ""skill"": ""Motion Planning"", ""parameters"": {""speed"": 1.0, ""acceleration"": 2.0}, ""confidence"": 0.8}, {""step"": ""Execute Diversion Motion"", ""skill"": ""Motion Execution"", ""parameters"": {}, ""confidence"": 0.9}]}], ""actions"": [{""step"": ""Monitor Cylinder Movement"", ""skill"": ""Object Tracking"", ""parameters"": {""object_type"": ""cylinder"", ""speed_threshold"": 0.5}, ""confidence"": 0.8}, {""step"": ""Adjust Diversion Path if Necessary"", ""skill"": ""Motion Planning"", ""parameters"": {""speed"": 1.0, ""acceleration"": 2.0}, ""confidence"": 0.7}]}","{ 
  ""goal"": ""Divert Defective Cylinder"", 
  ""subgoals"": [
    {
      ""goal"": ""Locate Moving Cylinder"",
      ""subgoals"": [],
      ""actions"": [
        {
          ""step"": ""Detect Object Movement"",
          ""skill"": ""Object Tracking"",
          ""parameters"": {""object_type"": ""cylinder"", ""speed_threshold"": 0.5},
          ""confidence"": 0.8
        },
        {
          ""step"": ""Estimate Cylinder Position"",
          ""skill"": ""Kalman Filter"",
          ""parameters"": {},
          ""confidence"": 0.9
        }
      ]
    },
    {
      ""goal"": ""Approach and Grasp Cylinder"",
      ""subgoals"": [],
      ""actions"": [
        {
          ""step"": ""Move to Cylinder Position"",
          ""skill"": ""Motion Planning"",
          ""parameters"": {""speed"": 1.0, ""acceleration"": 2.0},
          ""confidence"": 0.7
        },
        {
          ""step"": ""Grasp Cylinder with Soft Gripper"",
          ""skill"": ""Gripper Control"",
          ""parameters"": {""grip_force"": 10.0},
          ""confidence"": 0.9
        }
      ]
    },
    {
      ""goal"": ""Divert Cylinder without Jerk"",
      ""subgoals"": [],
      ""actions"": [
        {
          ""step"": ""Plan Smooth Diversion Path"",
          ""skill"": ""Motion Planning"",
          ""parameters"": {""speed"": 1.0, ""acceleration"": 2.0},
          ""confidence"": 0.8
        },
        {
          ""step"": ""Execute Diversion Motion"",
          ""skill"": ""Motion Execution"",
          ""parameters"": {},
          ""confidence"": 0.9
        }
      ]
    }
  ],
  ""actions"": [
    {
      ""step"": ""Monitor Cylinder Movement"",
      ""skill"": ""Object Tracking"",
      ""parameters"": {""object_type"": ""cylinder"", ""speed_threshold"": 0.5},
      ""confidence"": 0.8
    },
    {
      ""step"": ""Adjust Diversion Path if Necessary"",
      ""skill"": ""Motion Planning"",
      ""parameters"": {""speed"": 1.0, ""acceleration"": 2.0},
      ""confidence"": 0.7
    }
  ]
}"
TRIAL_132,44,Cat 5: Constraint / Dynamic,P44,Intercept the moving defective cylinder and divert it without arm jerk.,SayCan,8d83b97,2026-10-02T15:19:46.286573,42,True,True,True,True,1.0,False,0.704,0.7,True,3467.68,"{""selected_primitive"": ""pick(red_cylinder)"", ""score"": 0.704, ""scores"": {""pick(blue_bolt)"": 0.0, ""pick(blue_cube)"": 0.0, ""pick(red_cylinder)"": 0.7040000000000001, ""pick(red_housing)"": 0.17600000000000002, ""pick(grey_bracket)"": 0.0, ""place(assembly_tray)"": 0.0, ""place(scrap_bin)"": 0.0, ""place(tray_pocket_1)"": 0.0, ""place(tray_pocket_2)"": 0.0, ""inspect(red_cylinder)"": 0.49199999999999994, ""sweep(conveyor)"": 0.30000000000000004, ""done()"": 0.0}}","{
  ""pick(blue_bolt)"": 0.0,
  ""pick(blue_cube)"": 0.0,
  ""pick(red_cylinder)"": 0.8,
  ""pick(red_housing)"": 0.2,
  ""pick(grey_bracket)"": 0.0,
  ""place(assembly_tray)"": 0.1,
  ""place(scrap_bin)"": 0.3,
  ""place(tray_pocket_1)"": 0.1,
  ""place(tray_pocket_2)"": 0.1,
  ""inspect(red_cylinder)"": 0.6,
  ""sweep(conveyor)"": 0.4,
  ""done()"": 0.0
}"
TRIAL_133,45,Cat 5: Constraint / Dynamic,P45,Grasp the belt workpiece maintaining end-effector acceleration under 1.5 m/s^2.,ARIA_Dialogue_Planning,8d83b97,2026-10-02T15:19:50.676310,42,True,False,True,True,0.667,False,1.0,0.7,True,6302.52,"{""plan_id"": ""grasp_belt_workpiece"", ""confidence"": 1.0, ""subgoals"": [""move_end_effector_to_workpiece_good_1"", ""grasp_workpiece_good_1"", ""maintain_end_effector_acceleration""], ""actions"": [{""step"": 1, ""agent"": ""AffordanceAgent"", ""skill"": ""pick"", ""reasoning"": ""Move end-effector to workpiece_good_1 (blue bolt) on infeed_conveyor."", ""parameters"": {""object_id"": ""workpiece_good_1""}}, {""step"": 2, ""agent"": ""AffordanceAgent"", ""skill"": ""pick"", ""reasoning"": ""Grasp the blue bolt with end-effector."", ""parameters"": {""object_id"": ""workpiece_good_1""}}, {""step"": 3, ""agent"": ""ControlAgent"", ""skill"": ""sweep"", ""reasoning"": ""Maintain end-effector acceleration under 1.5 m/s^2 while grasping the workpiece."", ""parameters"": {}}], ""requires_approval"": false, ""ambiguity_notes"": """"}","{ ""plan_id"": ""grasp_belt_workpiece"", ""confidence"": 1.0, ""subgoals"": [ ""move_end_effector_to_workpiece_good_1"", ""grasp_workpiece_good_1"", ""maintain_end_effector_acceleration"" ], ""actions"": [ { ""step"": 1, ""agent"": ""AffordanceAgent"", ""skill"": ""pick"", ""reasoning"": ""Move end-effector to workpiece_good_1 (blue bolt) on infeed_conveyor."", ""parameters"": {""object_id"": ""workpiece_good_1""} }, { ""step"": 2, ""agent"": ""AffordanceAgent"", ""skill"": ""pick"", ""reasoning"": ""Grasp the blue bolt with end-effector."", ""parameters"": {""object_id"": ""workpiece_good_1""} }, { ""step"": 3, ""agent"": ""ControlAgent"", ""skill"": ""sweep"", ""reasoning"": ""Maintain end-effector acceleration under 1.5 m/s^2 while grasping the workpiece."", ""parameters"": {} } ], ""requires_approval"": false, ""ambiguity_notes"": """" }"
TRIAL_134,45,Cat 5: Constraint / Dynamic,P45,Grasp the belt workpiece maintaining end-effector acceleration under 1.5 m/s^2.,Direct_LLM,8d83b97,2026-10-02T15:19:57.587226,42,False,False,True,True,0.667,False,0.7,0.7,False,7822.37,"{""goal"": ""Grasp the belt workpiece"", ""subgoals"": [{""goal"": ""Locate the belt workpiece"", ""actions"": [{""step"": ""Detect object presence"", ""skill"": ""Object detection"", ""parameters"": {""threshold"": 0.8}, ""confidence"": 0.9}, {""step"": ""Identify object type"", ""skill"": ""Object classification"", ""parameters"": {""model"": ""belt_workpiece""}, ""confidence"": 0.95}]}, {""goal"": ""Approach the belt workpiece without exceeding end-effector acceleration limit"", ""actions"": [{""step"": ""Calculate optimal approach trajectory"", ""skill"": ""Trajectory planning"", ""parameters"": {""max_acceleration"": 1.5}, ""confidence"": 0.98}, {""step"": ""Execute approach motion"", ""skill"": ""Motion execution"", ""parameters"": {""trajectory"": ""calculated_trajectory""}, ""confidence"": 0.99}]}, {""goal"": ""Grasp the belt workpiece with precision"", ""actions"": [{""step"": ""Adjust end-effector pose for grasping"", ""skill"": ""End-effector control"", ""parameters"": {""pose"": ""grasping_pose""}, ""confidence"": 0.97}, {""step"": ""Execute grasp motion"", ""skill"": ""Motion execution"", ""parameters"": {""motion"": ""grasp_motion""}, ""confidence"": 0.99}]}]}","{ 
    ""goal"": ""Grasp the belt workpiece"", 
    ""subgoals"": [
        {
            ""goal"": ""Locate the belt workpiece"",
            ""actions"": [
                {
                    ""step"": ""Detect object presence"",
                    ""skill"": ""Object detection"",
                    ""parameters"": {""threshold"": 0.8},
                    ""confidence"": 0.9
                },
                {
                    ""step"": ""Identify object type"",
                    ""skill"": ""Object classification"",
                    ""parameters"": {""model"": ""belt_workpiece""},
                    ""confidence"": 0.95
                }
            ]
        },
        {
            ""goal"": ""Approach the belt workpiece without exceeding end-effector acceleration limit"",
            ""actions"": [
                {
                    ""step"": ""Calculate optimal approach trajectory"",
                    ""skill"": ""Trajectory planning"",
                    ""parameters"": {""max_acceleration"": 1.5},
                    ""confidence"": 0.98
                },
                {
                    ""step"": ""Execute approach motion"",
                    ""skill"": ""Motion execution"",
                    ""parameters"": {""trajectory"": ""calculated_trajectory""},
                    ""confidence"": 0.99
                }
            ]
        },
        {
            ""goal"": ""Grasp the belt workpiece with precision"",
            ""actions"": [
                {
                    ""step"": ""Adjust end-effector pose for grasping"",
                    ""skill"": ""End-effector control"",
                    ""parameters"": {""pose"": ""grasping_pose""},
                    ""confidence"": 0.97
                },
                {
                    ""step"": ""Execute grasp motion"",
                    ""skill"": ""Motion execution"",
                    ""parameters"": {""motion"": ""grasp_motion""},
                    ""confidence"": 0.99
                }
            ]
        }
    ]
}"
TRIAL_135,45,Cat 5: Constraint / Dynamic,P45,Grasp the belt workpiece maintaining end-effector acceleration under 1.5 m/s^2.,SayCan,8d83b97,2026-10-02T15:20:05.409912,42,True,False,True,True,0.667,False,0.675,0.7,True,3638.27,"{""selected_primitive"": ""sweep(conveyor)"", ""score"": 0.675, ""scores"": {""pick(blue_bolt)"": 0.0, ""pick(blue_cube)"": 0.0, ""pick(red_cylinder)"": 0.08800000000000001, ""pick(red_housing)"": 0.17600000000000002, ""pick(grey_bracket)"": 0.255, ""place(assembly_tray)"": 0.0, ""place(scrap_bin)"": 0.0, ""place(tray_pocket_1)"": 0.0, ""place(tray_pocket_2)"": 0.0, ""inspect(red_cylinder)"": 0.656, ""sweep(conveyor)"": 0.675, ""done()"": 0.5}}","{
  ""pick(blue_bolt)"": 0.0,
  ""pick(blue_cube)"": 0.0,
  ""pick(red_cylinder)"": 0.1,
  ""pick(red_housing)"": 0.2,
  ""pick(grey_bracket)"": 0.3,
  ""place(assembly_tray)"": 0.4,
  ""place(scrap_bin)"": 0.5,
  ""place(tray_pocket_1)"": 0.6,
  ""place(tray_pocket_2)"": 0.7,
  ""inspect(red_cylinder)"": 0.8,
  ""sweep(conveyor)"": 0.9,
  ""done()"": 1.0
}"
TRIAL_136,46,Cat 5: Constraint / Dynamic,P46,Pick the conveyor part within a 1.4 second rendezvous execution window.,ARIA_Dialogue_Planning,8d83b97,2026-10-02T15:20:09.655164,42,True,False,True,True,0.667,False,1.0,0.7,True,6777.0,"{""plan_id"": ""pick_conveyor_part"", ""confidence"": 1.0, ""subgoals"": [""locate_workpiece_good_1"", ""move_to_workpiece_good_1"", ""pick_workpiece_good_1""], ""actions"": [{""step"": 1, ""agent"": ""AffordanceAgent"", ""skill"": ""locate"", ""reasoning"": ""Locate the workpiece_good_1 (blue bolt) on the infeed_conveyor."", ""parameters"": {""object_id"": ""workpiece_good_1""}}, {""step"": 2, ""agent"": ""AffordanceAgent"", ""skill"": ""pick"", ""reasoning"": ""Move to the location of the workpiece_good_1 and pick it up."", ""parameters"": {""object_id"": ""workpiece_good_1""}}, {""step"": 3, ""agent"": ""AffordanceAgent"", ""skill"": ""place"", ""reasoning"": ""Place the picked workpiece_good_1 in a designated pocket of the assembly_finished_tray."", ""parameters"": {""object_id"": ""workpiece_good_1"", ""target"": ""assembly_finished_tray.pocket_1""}}], ""requires_approval"": false, ""ambiguity_notes"": """"}","{ ""plan_id"": ""pick_conveyor_part"", ""confidence"": 1.0, ""subgoals"": [ ""locate_workpiece_good_1"", ""move_to_workpiece_good_1"", ""pick_workpiece_good_1"" ], ""actions"": [ { ""step"": 1, ""agent"": ""AffordanceAgent"", ""skill"": ""locate"", ""reasoning"": ""Locate the workpiece_good_1 (blue bolt) on the infeed_conveyor."", ""parameters"": {""object_id"": ""workpiece_good_1""} }, { ""step"": 2, ""agent"": ""AffordanceAgent"", ""skill"": ""pick"", ""reasoning"": ""Move to the location of the workpiece_good_1 and pick it up."", ""parameters"": {""object_id"": ""workpiece_good_1""} }, { ""step"": 3, ""agent"": ""AffordanceAgent"", ""skill"": ""place"", ""reasoning"": ""Place the picked workpiece_good_1 in a designated pocket of the assembly_finished_tray."", ""parameters"": {""object_id"": ""workpiece_good_1"", ""target"": ""assembly_finished_tray.pocket_1""} } ], ""requires_approval"": false, ""ambiguity_notes"": """" }"
TRIAL_137,46,Cat 5: Constraint / Dynamic,P46,Pick the conveyor part within a 1.4 second rendezvous execution window.,Direct_LLM,8d83b97,2026-10-02T15:20:17.741341,42,False,False,True,True,0.667,False,0.7,0.7,False,5940.48,"{""goal"": ""Pick the conveyor part"", ""subgoals"": [{""goal"": ""Locate the conveyor part"", ""actions"": [{""step"": ""Scan for conveyor part"", ""skill"": ""Object Detection"", ""parameters"": {""threshold"": 0.8, ""camera_id"": 1}, ""confidence"": 0.9}, {""step"": ""Track the conveyor part"", ""skill"": ""Tracking"", ""parameters"": {""speed"": 2.5, ""acceleration"": 3.0}, ""confidence"": 0.95}]}, {""goal"": ""Reach for the conveyor part within time window"", ""actions"": [{""step"": ""Plan arm motion"", ""skill"": ""Motion Planning"", ""parameters"": {""time_window"": 1.4, ""max_speed"": 2.0}, ""confidence"": 0.85}, {""step"": ""Execute arm motion"", ""skill"": ""Arm Control"", ""parameters"": {""joint_angles"": [30, 45, 60]}, ""confidence"": 0.9}]}]}","{ 
    ""goal"": ""Pick the conveyor part"", 
    ""subgoals"": [
        {
            ""goal"": ""Locate the conveyor part"",
            ""actions"": [
                {
                    ""step"": ""Scan for conveyor part"",
                    ""skill"": ""Object Detection"",
                    ""parameters"": {""threshold"": 0.8, ""camera_id"": 1},
                    ""confidence"": 0.9
                },
                {
                    ""step"": ""Track the conveyor part"",
                    ""skill"": ""Tracking"",
                    ""parameters"": {""speed"": 2.5, ""acceleration"": 3.0},
                    ""confidence"": 0.95
                }
            ]
        },
        {
            ""goal"": ""Reach for the conveyor part within time window"",
            ""actions"": [
                {
                    ""step"": ""Plan arm motion"",
                    ""skill"": ""Motion Planning"",
                    ""parameters"": {""time_window"": 1.4, ""max_speed"": 2.0},
                    ""confidence"": 0.85
                },
                {
                    ""step"": ""Execute arm motion"",
                    ""skill"": ""Arm Control"",
                    ""parameters"": {""joint_angles"": [30, 45, 60]},
                    ""confidence"": 0.9
                }
            ]
        }
    ]
}"
TRIAL_138,46,Cat 5: Constraint / Dynamic,P46,Pick the conveyor part within a 1.4 second rendezvous execution window.,SayCan,8d83b97,2026-10-02T15:20:23.682074,42,True,True,True,True,1.0,False,0.792,0.7,True,3885.25,"{""selected_primitive"": ""pick(red_cylinder)"", ""score"": 0.792, ""scores"": {""pick(blue_bolt)"": 0.7040000000000001, ""pick(blue_cube)"": 0.616, ""pick(red_cylinder)"": 0.792, ""pick(red_housing)"": 0.528, ""pick(grey_bracket)"": 0.425, ""place(assembly_tray)"": 0.0, ""place(scrap_bin)"": 0.0, ""place(tray_pocket_1)"": 0.0, ""place(tray_pocket_2)"": 0.0, ""inspect(red_cylinder)"": 0.49199999999999994, ""sweep(conveyor)"": 0.6000000000000001, ""done()"": 0.0}}","{ 
  ""pick(blue_bolt)"": 0.8, 
  ""pick(blue_cube)"": 0.7, 
  ""pick(red_cylinder)"": 0.9, 
  ""pick(red_housing)"": 0.6, 
  ""pick(grey_bracket)"": 0.5, 
  ""place(assembly_tray)"": 0.2, 
  ""place(scrap_bin)"": 0.1, 
  ""place(tray_pocket_1)"": 0.3, 
  ""place(tray_pocket_2)"": 0.4, 
  ""inspect(red_cylinder)"": 0.6, 
  ""sweep(conveyor)"": 0.8, 
  ""done()"": 0.0 
}"
TRIAL_139,47,Cat 5: Constraint / Dynamic,P47,Intercept and sort the blue item moving at 0.10 m/s into tray pocket 4.,ARIA_Dialogue_Planning,8d83b97,2026-10-02T15:20:28.489215,42,True,True,True,True,1.0,False,1.0,0.7,True,6644.04,"{""plan_id"": ""intercept_and_sort_blue_item"", ""confidence"": 1.0, ""subgoals"": [""locate_workpiece_good_2"", ""move_to_tray_pocket_4"", ""deposit_workpiece_good_2""], ""actions"": [{""step"": 1, ""agent"": ""AffordanceAgent"", ""skill"": ""pick"", ""reasoning"": ""Locate workpiece_good_2 (blue cube) on the infeed_conveyor."", ""parameters"": {""object_id"": ""workpiece_good_2""}}, {""step"": 2, ""agent"": ""AffordanceAgent"", ""skill"": ""place"", ""reasoning"": ""Move to tray pocket 4 and deposit workpiece_good_2 (blue cube)."", ""parameters"": {""object_id"": ""workpiece_good_2"", ""target"": ""tray_pocket_4""}}, {""step"": 3, ""agent"": ""AffordanceAgent"", ""skill"": ""pick"", ""reasoning"": ""Pick up workpiece_good_2 (blue cube) from tray pocket 4."", ""parameters"": {""object_id"": ""workpiece_good_2""}}], ""requires_approval"": false, ""ambiguity_notes"": """"}","{ ""plan_id"": ""intercept_and_sort_blue_item"", ""confidence"": 1.0, ""subgoals"": [ ""locate_workpiece_good_2"", ""move_to_tray_pocket_4"", ""deposit_workpiece_good_2"" ], ""actions"": [ { ""step"": 1, ""agent"": ""AffordanceAgent"", ""skill"": ""pick"", ""reasoning"": ""Locate workpiece_good_2 (blue cube) on the infeed_conveyor."", ""parameters"": {""object_id"": ""workpiece_good_2""} }, { ""step"": 2, ""agent"": ""AffordanceAgent"", ""skill"": ""place"", ""reasoning"": ""Move to tray pocket 4 and deposit workpiece_good_2 (blue cube)."", ""parameters"": {""object_id"": ""workpiece_good_2"", ""target"": ""tray_pocket_4""} }, { ""step"": 3, ""agent"": ""AffordanceAgent"", ""skill"": ""pick"", ""reasoning"": ""Pick up workpiece_good_2 (blue cube) from tray pocket 4."", ""parameters"": {""object_id"": ""workpiece_good_2""} } ], ""requires_approval"": false, ""ambiguity_notes"": """" }"
TRIAL_140,47,Cat 5: Constraint / Dynamic,P47,Intercept and sort the blue item moving at 0.10 m/s into tray pocket 4.,Direct_LLM,8d83b97,2026-10-02T15:20:36.058072,42,False,False,True,True,0.667,False,0.7,0.7,False,5818.56,"{""goal"": ""Sort blue item into tray pocket 4"", ""subgoals"": [{""goal"": ""Locate blue item""}, {""goal"": ""Intercept blue item""}, {""goal"": ""Place blue item in tray pocket 4""}], ""actions"": [{""step"": 1, ""skill"": ""Visual Perception"", ""parameters"": {""item_color"": ""blue"", ""speed"": 0.1}, ""confidence"": 0.8}, {""step"": 2, ""skill"": ""Motion Planning"", ""parameters"": {""target_position"": ""tray pocket 4""}, ""confidence"": 0.9}, {""step"": 3, ""skill"": ""Object Manipulation"", ""parameters"": {""item_type"": ""blue item""}, ""confidence"": 0.7}]}","{ 
    ""goal"": ""Sort blue item into tray pocket 4"",
    ""subgoals"": [
        {
            ""goal"": ""Locate blue item""
        },
        {
            ""goal"": ""Intercept blue item""
        },
        {
            ""goal"": ""Place blue item in tray pocket 4""
        }
    ],
    ""actions"": [
        {
            ""step"": 1,
            ""skill"": ""Visual Perception"",
            ""parameters"": {
                ""item_color"": ""blue"",
                ""speed"": 0.10
            },
            ""confidence"": 0.8
        },
        {
            ""step"": 2,
            ""skill"": ""Motion Planning"",
            ""parameters"": {
                ""target_position"": ""tray pocket 4""
            },
            ""confidence"": 0.9
        },
        {
            ""step"": 3,
            ""skill"": ""Object Manipulation"",
            ""parameters"": {
                ""item_type"": ""blue item""
            },
            ""confidence"": 0.7
        }
    ]
}"
TRIAL_141,47,Cat 5: Constraint / Dynamic,P47,Intercept and sort the blue item moving at 0.10 m/s into tray pocket 4.,SayCan,8d83b97,2026-10-02T15:20:41.876884,42,True,True,True,True,1.0,False,0.704,0.7,True,5201.65,"{""selected_primitive"": ""pick(blue_cube)"", ""score"": 0.704, ""scores"": {""pick(blue_bolt)"": 0.0, ""pick(blue_cube)"": 0.7040000000000001, ""pick(red_cylinder)"": 0.0, ""pick(red_housing)"": 0.0, ""pick(grey_bracket)"": 0.0, ""place(assembly_tray)"": 0.0, ""place(scrap_bin)"": 0.0, ""place(tray_pocket_1)"": 0.0, ""place(tray_pocket_2)"": 0.0, ""inspect(red_cylinder)"": 0.0, ""sweep(conveyor)"": 0.0, ""done()"": 0.0}}","{
  ""pick(blue_bolt)"": 0.0,
  ""pick(blue_cube)"": 0.8,
  ""pick(red_cylinder)"": 0.0,
  ""pick(red_housing)"": 0.0,
  ""pick(grey_bracket)"": 0.0,
  ""place(assembly_tray)"": 0.0,
  ""place(scrap_bin)"": 0.0,
  ""place(tray_pocket_1)"": 0.0,
  ""place(tray_pocket_2)"": 0.0,
  ""place(tray_pocket_4)"": 0.9, 	""# Added this one as it matches the instruction's target tray pocket 4"":"""",
  ""inspect(red_cylinder)"": 0.0,
  ""sweep(conveyor)"": 0.0,
  ""done()"": 0.0
}"
TRIAL_142,48,Cat 5: Constraint / Dynamic,P48,Execute dynamic rendezvous on the workpiece without tipping adjacent parts.,ARIA_Dialogue_Planning,8d83b97,2026-10-02T15:20:48.003422,42,True,True,True,False,0.667,False,1.0,0.7,True,7040.4,"{""plan_id"": ""dynamic_rendezvous"", ""confidence"": 1.0, ""subgoals"": [""move_workpiece_good_1_to_optical_table"", ""execute_dynamic_rendezvous_on_workpiece_good_1"", ""remove_workpiece_good_1_from_optical_table""], ""actions"": [{""step"": 1, ""agent"": ""AffordanceAgent"", ""skill"": ""pick"", ""reasoning"": ""Move workpiece_good_1 to optical_table for dynamic rendezvous."", ""parameters"": {""object_id"": ""workpiece_good_1"", ""target"": ""optical_table""}}, {""step"": 2, ""agent"": ""AffordanceAgent"", ""skill"": ""place"", ""reasoning"": ""Execute dynamic rendezvous on workpiece_good_1 at optical_table."", ""parameters"": {""object_id"": ""workpiece_good_1"", ""target"": ""optical_table""}}, {""step"": 3, ""agent"": ""AffordanceAgent"", ""skill"": ""pick"", ""reasoning"": ""Remove workpiece_good_1 from optical_table after dynamic rendezvous."", ""parameters"": {""object_id"": ""workpiece_good_1"", ""target"": ""optical_table""}}], ""requires_approval"": false, ""ambiguity_notes"": """"}","{ ""plan_id"": ""dynamic_rendezvous"", ""confidence"": 1.0, ""subgoals"": [ ""move_workpiece_good_1_to_optical_table"", ""execute_dynamic_rendezvous_on_workpiece_good_1"", ""remove_workpiece_good_1_from_optical_table"" ], ""actions"": [ { ""step"": 1, ""agent"": ""AffordanceAgent"", ""skill"": ""pick"", ""reasoning"": ""Move workpiece_good_1 to optical_table for dynamic rendezvous."", ""parameters"": {""object_id"": ""workpiece_good_1"", ""target"": ""optical_table""} }, { ""step"": 2, ""agent"": ""AffordanceAgent"", ""skill"": ""place"", ""reasoning"": ""Execute dynamic rendezvous on workpiece_good_1 at optical_table."", ""parameters"": {""object_id"": ""workpiece_good_1"", ""target"": ""optical_table""} }, { ""step"": 3, ""agent"": ""AffordanceAgent"", ""skill"": ""pick"", ""reasoning"": ""Remove workpiece_good_1 from optical_table after dynamic rendezvous."", ""parameters"": {""object_id"": ""workpiece_good_1"", ""target"": ""optical_table""} } ], ""requires_approval"": false, ""ambiguity_notes"": """" }"
TRIAL_143,48,Cat 5: Constraint / Dynamic,P48,Execute dynamic rendezvous on the workpiece without tipping adjacent parts.,Direct_LLM,8d83b97,2026-10-02T15:20:55.967238,42,False,False,True,True,0.667,False,0.7,0.7,False,7666.74,"{""goal"": ""Dynamic Rendezvous on Workpiece"", ""subgoals"": [{""goal"": ""Reach Workpiece"", ""subgoals"": [], ""actions"": [{""step"": 1, ""skill"": ""MoveToPosition"", ""parameters"": {""x"": 10.5, ""y"": 20.2, ""z"": 15.0}}, {""step"": 2, ""skill"": ""GripWorkpiece"", ""parameters"": {}}], ""confidence"": 0.9}, {""goal"": ""Avoid Adjacent Parts"", ""subgoals"": [], ""actions"": [{""step"": 3, ""skill"": ""ObserveEnvironment"", ""parameters"": {""sensor"": ""camera""}}, {""step"": 4, ""skill"": ""PredictCollision"", ""parameters"": {}}, {""step"": 5, ""skill"": ""AdjustPosition"", ""parameters"": {""x"": -0.2, ""y"": 0.1}}], ""confidence"": 0.8}, {""goal"": ""Execute Dynamic Rendezvous"", ""subgoals"": [], ""actions"": [{""step"": 6, ""skill"": ""VibrateWorkpiece"", ""parameters"": {""amplitude"": 5, ""frequency"": 10}}, {""step"": 7, ""skill"": ""MonitorRendezvous"", ""parameters"": {}}], ""confidence"": 0.95}]}","{ 
  ""goal"": ""Dynamic Rendezvous on Workpiece"", 
  ""subgoals"": [
    {
      ""goal"": ""Reach Workpiece"",
      ""subgoals"": [],
      ""actions"": [
        {
          ""step"": 1,
          ""skill"": ""MoveToPosition"",
          ""parameters"": {""x"": 10.5, ""y"": 20.2, ""z"": 15.0}
        },
        {
          ""step"": 2,
          ""skill"": ""GripWorkpiece"",
          ""parameters"": {}
        }
      ],
      ""confidence"": 0.9
    },
    {
      ""goal"": ""Avoid Adjacent Parts"",
      ""subgoals"": [],
      ""actions"": [
        {
          ""step"": 3,
          ""skill"": ""ObserveEnvironment"",
          ""parameters"": {""sensor"": ""camera""}
        },
        {
          ""step"": 4,
          ""skill"": ""PredictCollision"",
          ""parameters"": {}
        },
        {
          ""step"": 5,
          ""skill"": ""AdjustPosition"",
          ""parameters"": {""x"": -0.2, ""y"": 0.1}
        }
      ],
      ""confidence"": 0.8
    },
    {
      ""goal"": ""Execute Dynamic Rendezvous"",
      ""subgoals"": [],
      ""actions"": [
        {
          ""step"": 6,
          ""skill"": ""VibrateWorkpiece"",
          ""parameters"": {""amplitude"": 5, ""frequency"": 10}
        },
        {
          ""step"": 7,
          ""skill"": ""MonitorRendezvous"",
          ""parameters"": {}
        }
      ],
      ""confidence"": 0.95
    }
  ]
}"
TRIAL_144,48,Cat 5: Constraint / Dynamic,P48,Execute dynamic rendezvous on the workpiece without tipping adjacent parts.,SayCan,8d83b97,2026-10-02T15:21:03.634215,42,True,True,True,True,1.0,False,0.792,0.7,True,3738.83,"{""selected_primitive"": ""pick(red_cylinder)"", ""score"": 0.792, ""scores"": {""pick(blue_bolt)"": 0.7040000000000001, ""pick(blue_cube)"": 0.35200000000000004, ""pick(red_cylinder)"": 0.792, ""pick(red_housing)"": 0.528, ""pick(grey_bracket)"": 0.255, ""place(assembly_tray)"": 0.0, ""place(scrap_bin)"": 0.0, ""place(tray_pocket_1)"": 0.0, ""place(tray_pocket_2)"": 0.0, ""inspect(red_cylinder)"": 0.738, ""sweep(conveyor)"": 0.6000000000000001, ""done()"": 0.0}}","{
  ""pick(blue_bolt)"": 0.8,
  ""pick(blue_cube)"": 0.4,
  ""pick(red_cylinder)"": 0.9,
  ""pick(red_housing)"": 0.6,
  ""pick(grey_bracket)"": 0.3,
  ""place(assembly_tray)"": 0.2,
  ""place(scrap_bin)"": 0.1,
  ""place(tray_pocket_1)"": 0.5,
  ""place(tray_pocket_2)"": 0.7,
  ""inspect(red_cylinder)"": 0.9,
  ""sweep(conveyor)"": 0.8,
  ""done()"": 0.0
}"
TRIAL_145,49,Cat 5: Constraint / Dynamic,P49,Pick the moving grey cylinder while preserving terminal approach pitch at zero.,ARIA_Dialogue_Planning,8d83b97,2026-10-02T15:21:08.297330,42,True,False,True,True,0.667,False,1.0,0.7,True,6154.74,"{""plan_id"": ""pick_moving_cylinder"", ""confidence"": 1.0, ""subgoals"": [""locate_moving_cylinder"", ""preserve_terminal_approach_pitch"", ""pick_moving_cylinder""], ""actions"": [{""step"": 1, ""agent"": ""AffordanceAgent"", ""skill"": ""locate"", ""reasoning"": ""Use visual perception to identify the moving grey cylinder."", ""parameters"": {""object_id"": ""grey_bracket""}}, {""step"": 2, ""agent"": ""AffordanceAgent"", ""skill"": ""pick"", ""reasoning"": ""Grasp the identified moving grey cylinder using a suitable gripper."", ""parameters"": {""object_id"": ""grey_bracket""}}, {""step"": 3, ""agent"": ""AffordanceAgent"", ""skill"": ""place"", ""reasoning"": ""Place the picked grey bracket in a designated location (e.g., supply bin)."", ""parameters"": {""object_id"": ""grey_bracket"", ""target"": ""supply_bin""}}], ""requires_approval"": false, ""ambiguity_notes"": """"}","{ ""plan_id"": ""pick_moving_cylinder"", ""confidence"": 1.0, ""subgoals"": [ ""locate_moving_cylinder"", ""preserve_terminal_approach_pitch"", ""pick_moving_cylinder"" ], ""actions"": [ { ""step"": 1, ""agent"": ""AffordanceAgent"", ""skill"": ""locate"", ""reasoning"": ""Use visual perception to identify the moving grey cylinder."", ""parameters"": {""object_id"": ""grey_bracket""} }, { ""step"": 2, ""agent"": ""AffordanceAgent"", ""skill"": ""pick"", ""reasoning"": ""Grasp the identified moving grey cylinder using a suitable gripper."", ""parameters"": {""object_id"": ""grey_bracket""} }, { ""step"": 3, ""agent"": ""AffordanceAgent"", ""skill"": ""place"", ""reasoning"": ""Place the picked grey bracket in a designated location (e.g., supply bin)."", ""parameters"": {""object_id"": ""grey_bracket"", ""target"": ""supply_bin""} } ], ""requires_approval"": false, ""ambiguity_notes"": """" }"
TRIAL_146,49,Cat 5: Constraint / Dynamic,P49,Pick the moving grey cylinder while preserving terminal approach pitch at zero.,Direct_LLM,8d83b97,2026-10-02T15:21:15.763148,42,False,False,True,True,0.667,False,0.7,0.7,False,5698.59,"{""goal"": ""pick_object"", ""subgoals"": [{""goal"": ""detect_object"", ""subgoals"": [], ""actions"": [{""step"": ""1. Detect object in camera feed"", ""skill"": ""object_detection"", ""parameters"": {""object_type"": ""grey_cylinder"", ""moving"": true}, ""confidence"": 0.8}]}, {""goal"": ""preserve_terminal_approach_pitch"", ""subgoals"": [], ""actions"": [{""step"": ""2. Adjust pitch to zero"", ""skill"": ""terminal_approach_adjustment"", ""parameters"": {""pitch"": 0}, ""confidence"": 0.9}]}, {""goal"": ""pick_object"", ""subgoals"": [], ""actions"": [{""step"": ""3. Move to object and pick it up"", ""skill"": ""object_manipulation"", ""parameters"": {""object_type"": ""grey_cylinder"", ""gripper_opening"": 0.5}, ""confidence"": 0.7}]}]}","{ 
  ""goal"": ""pick_object"",
  ""subgoals"": [
    {
      ""goal"": ""detect_object"",
      ""subgoals"": [],
      ""actions"": [
        {
          ""step"": ""1. Detect object in camera feed"",
          ""skill"": ""object_detection"",
          ""parameters"": {""object_type"": ""grey_cylinder"", ""moving"": true},
          ""confidence"": 0.8
        }
      ]
    },
    {
      ""goal"": ""preserve_terminal_approach_pitch"",
      ""subgoals"": [],
      ""actions"": [
        {
          ""step"": ""2. Adjust pitch to zero"",
          ""skill"": ""terminal_approach_adjustment"",
          ""parameters"": {""pitch"": 0},
          ""confidence"": 0.9
        }
      ]
    },
    {
      ""goal"": ""pick_object"",
      ""subgoals"": [],
      ""actions"": [
        {
          ""step"": ""3. Move to object and pick it up"",
          ""skill"": ""object_manipulation"",
          ""parameters"": {""object_type"": ""grey_cylinder"", ""gripper_opening"": 0.5},
          ""confidence"": 0.7
        }
      ]
    }
  ]
}"
TRIAL_147,49,Cat 5: Constraint / Dynamic,P49,Pick the moving grey cylinder while preserving terminal approach pitch at zero.,SayCan,8d83b97,2026-10-02T15:21:21.462078,42,True,True,True,True,1.0,False,0.17,0.7,True,3663.01,"{""selected_primitive"": ""pick(grey_bracket)"", ""score"": 0.17, ""scores"": {""pick(blue_bolt)"": 0.0, ""pick(blue_cube)"": 0.0, ""pick(red_cylinder)"": 0.08800000000000001, ""pick(red_housing)"": 0.0, ""pick(grey_bracket)"": 0.17, ""place(assembly_tray)"": 0.0, ""place(scrap_bin)"": 0.0, ""place(tray_pocket_1)"": 0.0, ""place(tray_pocket_2)"": 0.0, ""inspect(red_cylinder)"": 0.0, ""sweep(conveyor)"": 0.0, ""done()"": 0.0}}","{
  ""pick(blue_bolt)"": 0.0,
  ""pick(blue_cube)"": 0.0,
  ""pick(red_cylinder)"": 0.1,
  ""pick(red_housing)"": 0.0,
  ""pick(grey_bracket)"": 0.2,
  ""place(assembly_tray)"": 0.0,
  ""place(scrap_bin)"": 0.0,
  ""place(tray_pocket_1)"": 0.0,
  ""place(tray_pocket_2)"": 0.0,
  ""inspect(red_cylinder)"": 0.0,
  ""sweep(conveyor)"": 0.0,
  ""done()"": 0.0
}"
TRIAL_148,50,Cat 5: Constraint / Dynamic,P50,Intercept the moving part prior to conveyor exit sensor trigger.,ARIA_Dialogue_Planning,8d83b97,2026-10-02T15:21:26.049405,42,True,True,True,True,1.0,False,1.0,0.7,True,6342.95,"{""plan_id"": ""intercept_moving_part"", ""confidence"": 1.0, ""subgoals"": [""identify_moving_part"", ""position_optical_table"", ""capture_image""], ""actions"": [{""step"": 1, ""agent"": ""AffordanceAgent"", ""skill"": ""pick"", ""reasoning"": ""Identify the moving part as workpiece_good_1 (blue bolt) or workpiece_good_2 (blue cube)"", ""parameters"": {""object_id"": ""workpiece_good_1""}}, {""step"": 2, ""agent"": ""AffordanceAgent"", ""skill"": ""place"", ""reasoning"": ""Position the optical table to capture an image of the moving part as it exits the infeed conveyor"", ""parameters"": {""object_id"": ""optical_table""}}, {""step"": 3, ""agent"": ""AffordanceAgent"", ""skill"": ""pick"", ""reasoning"": ""Capture an image of the moving part using the optical table's camera"", ""parameters"": {""object_id"": ""optical_table""}}], ""requires_approval"": false, ""ambiguity_notes"": """"}","{ ""plan_id"": ""intercept_moving_part"", ""confidence"": 1.0, ""subgoals"": [ ""identify_moving_part"", ""position_optical_table"", ""capture_image"" ], ""actions"": [ { ""step"": 1, ""agent"": ""AffordanceAgent"", ""skill"": ""pick"", ""reasoning"": ""Identify the moving part as workpiece_good_1 (blue bolt) or workpiece_good_2 (blue cube)"", ""parameters"": {""object_id"": ""workpiece_good_1""} }, { ""step"": 2, ""agent"": ""AffordanceAgent"", ""skill"": ""place"", ""reasoning"": ""Position the optical table to capture an image of the moving part as it exits the infeed conveyor"", ""parameters"": {""object_id"": ""optical_table""} }, { ""step"": 3, ""agent"": ""AffordanceAgent"", ""skill"": ""pick"", ""reasoning"": ""Capture an image of the moving part using the optical table's camera"", ""parameters"": {""object_id"": ""optical_table""} } ], ""requires_approval"": false, ""ambiguity_notes"": """" }"
TRIAL_149,50,Cat 5: Constraint / Dynamic,P50,Intercept the moving part prior to conveyor exit sensor trigger.,Direct_LLM,8d83b97,2026-10-02T15:21:33.316288,42,False,False,True,True,0.667,False,0.7,0.7,False,6032.67,"{""goal"": ""Intercept the moving part"", ""subgoals"": [{""goal"": ""Locate the moving part"", ""actions"": [{""step"": ""Observe conveyor belt"", ""skill"": ""Visual Perception"", ""parameters"": {""camera_angle"": 45, ""exposure_time"": 10}, ""confidence"": 0.8}, {""step"": ""Track moving part"", ""skill"": ""Object Tracking"", ""parameters"": {""tracking_speed"": 5, ""threshold"": 0.7}, ""confidence"": 0.9}]}, {""goal"": ""Reach the moving part before exit sensor trigger"", ""actions"": [{""step"": ""Calculate intercept point"", ""skill"": ""Kinematics"", ""parameters"": {""conveyor_speed"": 2, ""part_speed"": 1.5}, ""confidence"": 0.95}, {""step"": ""Move to intercept point"", ""skill"": ""Motion Control"", ""parameters"": {""acceleration"": 10, ""deceleration"": 5}, ""confidence"": 0.98}]}]}","{ 
  ""goal"": ""Intercept the moving part"", 
  ""subgoals"": [
    {
      ""goal"": ""Locate the moving part"",
      ""actions"": [
        {
          ""step"": ""Observe conveyor belt"",
          ""skill"": ""Visual Perception"",
          ""parameters"": {""camera_angle"": 45, ""exposure_time"": 10},
          ""confidence"": 0.8
        },
        {
          ""step"": ""Track moving part"",
          ""skill"": ""Object Tracking"",
          ""parameters"": {""tracking_speed"": 5, ""threshold"": 0.7},
          ""confidence"": 0.9
        }
      ]
    },
    {
      ""goal"": ""Reach the moving part before exit sensor trigger"",
      ""actions"": [
        {
          ""step"": ""Calculate intercept point"",
          ""skill"": ""Kinematics"",
          ""parameters"": {""conveyor_speed"": 2, ""part_speed"": 1.5},
          ""confidence"": 0.95
        },
        {
          ""step"": ""Move to intercept point"",
          ""skill"": ""Motion Control"",
          ""parameters"": {""acceleration"": 10, ""deceleration"": 5},
          ""confidence"": 0.98
        }
      ]
    }
  ]
}"
TRIAL_150,50,Cat 5: Constraint / Dynamic,P50,Intercept the moving part prior to conveyor exit sensor trigger.,SayCan,8d83b97,2026-10-02T15:21:39.349214,42,True,False,True,True,0.667,False,0.15,0.7,True,3838.45,"{""selected_primitive"": ""sweep(conveyor)"", ""score"": 0.15, ""scores"": {""pick(blue_bolt)"": 0.044000000000000004, ""pick(blue_cube)"": 0.0176, ""pick(red_cylinder)"": 0.132, ""pick(red_housing)"": 0.0704, ""pick(grey_bracket)"": 0.0255, ""place(assembly_tray)"": 0.0, ""place(scrap_bin)"": 0.0, ""place(tray_pocket_1)"": 0.0, ""place(tray_pocket_2)"": 0.0, ""inspect(red_cylinder)"": 0.082, ""sweep(conveyor)"": 0.15000000000000002, ""done()"": 0.0}}","{
  ""pick(blue_bolt)"": 0.05,
  ""pick(blue_cube)"": 0.02,
  ""pick(red_cylinder)"": 0.15,
  ""pick(red_housing)"": 0.08,
  ""pick(grey_bracket)"": 0.03,
  ""place(assembly_tray)"": 0.01,
  ""place(scrap_bin)"": 0.00,
  ""place(tray_pocket_1)"": 0.02,
  ""place(tray_pocket_2)"": 0.04,
  ""inspect(red_cylinder)"": 0.10,
  ""sweep(conveyor)"": 0.20,
  ""done()"": 0.00
}"
TRIAL_151,51,Cat 6: Ambiguous / Under-specified,P51,Clear the damaged component from the workcell station.,ARIA_Dialogue_Planning,8d83b97,2026-10-02T15:21:43.794409,42,True,False,True,True,0.667,True,0.42,0.7,True,6645.15,"{""plan_id"": ""clear_damaged_component"", ""confidence"": 1.0, ""subgoals"": [""identify_damaged_component""], ""actions"": [{""step"": 1, ""agent"": ""AffordanceAgent"", ""skill"": ""pick"", ""reasoning"": ""Select the damaged component (workpiece_defect_1) from the infeed_conveyor."", ""parameters"": {""object_id"": ""workpiece_defect_1""}}, {""step"": 2, ""agent"": ""AffordanceAgent"", ""skill"": ""place"", ""reasoning"": ""Place the damaged component (workpiece_defect_1) into the reject_bin."", ""parameters"": {""object_id"": ""workpiece_defect_1"", ""target"": ""reject_bin""}}, {""step"": 3, ""agent"": ""AffordanceAgent"", ""skill"": ""place"", ""reasoning"": ""Clear the infeed_conveyor of any remaining objects."", ""parameters"": {""target"": ""infeed_conveyor""}}], ""requires_approval"": false, ""ambiguity_notes"": """"}","{ ""plan_id"": ""clear_damaged_component"", ""confidence"": 1.0, ""subgoals"": [ ""identify_damaged_component"" ], ""actions"": [ { ""step"": 1, ""agent"": ""AffordanceAgent"", ""skill"": ""pick"", ""reasoning"": ""Select the damaged component (workpiece_defect_1) from the infeed_conveyor."", ""parameters"": { ""object_id"": ""workpiece_defect_1"" } }, { ""step"": 2, ""agent"": ""AffordanceAgent"", ""skill"": ""place"", ""reasoning"": ""Place the damaged component (workpiece_defect_1) into the reject_bin."", ""parameters"": { ""object_id"": ""workpiece_defect_1"", ""target"": ""reject_bin"" } }, { ""step"": 3, ""agent"": ""AffordanceAgent"", ""skill"": ""place"", ""reasoning"": ""Clear the infeed_conveyor of any remaining objects."", ""parameters"": { ""target"": ""infeed_conveyor"" } } ], ""requires_approval"": false, ""ambiguity_notes"": """" }"
TRIAL_152,51,Cat 6: Ambiguous / Under-specified,P51,Clear the damaged component from the workcell station.,Direct_LLM,8d83b97,2026-10-02T15:21:50.439927,42,False,False,True,True,0.667,False,0.7,0.7,False,8141.35,"{""goal"": ""Clear the damaged component from the workcell station"", ""subgoals"": [{""goal"": ""Locate the damaged component in the workcell station""}, {""goal"": ""Grasp the damaged component with the robotic arm""}, {""goal"": ""Remove the damaged component from the workcell station""}], ""actions"": [{""step"": 1, ""skill"": ""Visual Inspection"", ""parameters"": {""camera_angle"": 45, ""lighting_conditions"": ""bright""}, ""confidence"": 0.9}, {""step"": 2, ""skill"": ""Object Recognition"", ""parameters"": {""object_type"": ""damaged_component"", ""threshold"": 0.8}, ""confidence"": 0.85}, {""step"": 3, ""skill"": ""Arm Movement"", ""parameters"": {""joint_angles"": [30, 20, 10], ""speed"": 50}, ""confidence"": 0.95}, {""step"": 4, ""skill"": ""Grasping"", ""parameters"": {""gripper_type"": ""vacuum"", ""force"": 10}, ""confidence"": 0.9}, {""step"": 5, ""skill"": ""Arm Movement"", ""parameters"": {""joint_angles"": [40, 30, 20], ""speed"": 50}, ""confidence"": 0.95}, {""step"": 6, ""skill"": ""Object Release"", ""parameters"": {""gripper_type"": ""vacuum"", ""force"": 5}, ""confidence"": 0.9}]}","{ 
  ""goal"": ""Clear the damaged component from the workcell station"",
  ""subgoals"": [
    {
      ""goal"": ""Locate the damaged component in the workcell station""
    },
    {
      ""goal"": ""Grasp the damaged component with the robotic arm""
    },
    {
      ""goal"": ""Remove the damaged component from the workcell station""
    }
  ],
  ""actions"": [
    {
      ""step"": 1,
      ""skill"": ""Visual Inspection"",
      ""parameters"": {""camera_angle"": 45, ""lighting_conditions"": ""bright""},
      ""confidence"": 0.9
    },
    {
      ""step"": 2,
      ""skill"": ""Object Recognition"",
      ""parameters"": {""object_type"": ""damaged_component"", ""threshold"": 0.8},
      ""confidence"": 0.85
    },
    {
      ""step"": 3,
      ""skill"": ""Arm Movement"",
      ""parameters"": {""joint_angles"": [30, 20, 10], ""speed"": 50},
      ""confidence"": 0.95
    },
    {
      ""step"": 4,
      ""skill"": ""Grasping"",
      ""parameters"": {""gripper_type"": ""vacuum"", ""force"": 10},
      ""confidence"": 0.9
    },
    {
      ""step"": 5,
      ""skill"": ""Arm Movement"",
      ""parameters"": {""joint_angles"": [40, 30, 20], ""speed"": 50},
      ""confidence"": 0.95
    },
    {
      ""step"": 6,
      ""skill"": ""Object Release"",
      ""parameters"": {""gripper_type"": ""vacuum"", ""force"": 5},
      ""confidence"": 0.9
    }
  ]
}"
TRIAL_153,51,Cat 6: Ambiguous / Under-specified,P51,Clear the damaged component from the workcell station.,SayCan,8d83b97,2026-10-02T15:21:58.581599,42,True,True,True,True,1.0,False,0.675,0.7,False,3605.95,"{""selected_primitive"": ""sweep(conveyor)"", ""score"": 0.675, ""scores"": {""pick(blue_bolt)"": 0.0, ""pick(blue_cube)"": 0.0, ""pick(red_cylinder)"": 0.08800000000000001, ""pick(red_housing)"": 0.17600000000000002, ""pick(grey_bracket)"": 0.255, ""place(assembly_tray)"": 0.0, ""place(scrap_bin)"": 0.0, ""place(tray_pocket_1)"": 0.0, ""place(tray_pocket_2)"": 0.0, ""inspect(red_cylinder)"": 0.656, ""sweep(conveyor)"": 0.675, ""done()"": 0.475}}","{
  ""pick(blue_bolt)"": 0.0,
  ""pick(blue_cube)"": 0.0,
  ""pick(red_cylinder)"": 0.1,
  ""pick(red_housing)"": 0.2,
  ""pick(grey_bracket)"": 0.3,
  ""place(assembly_tray)"": 0.4,
  ""place(scrap_bin)"": 0.5,
  ""place(tray_pocket_1)"": 0.6,
  ""place(tray_pocket_2)"": 0.7,
  ""inspect(red_cylinder)"": 0.8,
  ""sweep(conveyor)"": 0.9,
  ""done()"": 0.95
}"
TRIAL_154,52,Cat 6: Ambiguous / Under-specified,P52,Pick up the part and put it away.,ARIA_Dialogue_Planning,8d83b97,2026-10-02T15:22:02.187827,42,True,True,True,True,1.0,True,0.42,0.7,True,7235.03,"{""plan_id"": ""pick_up_and_put_away"", ""confidence"": 1.0, ""subgoals"": [""pick_up_workpiece_good_1"", ""put_away_workpiece_good_1""], ""actions"": [{""step"": 1, ""agent"": ""AffordanceAgent"", ""skill"": ""pick"", ""reasoning"": ""Pick up the workpiece_good_1 from infeed_conveyor."", ""parameters"": {""object_id"": ""workpiece_good_1"", ""target"": ""infeed_conveyor""}}, {""step"": 2, ""agent"": ""AffordanceAgent"", ""skill"": ""place"", ""reasoning"": ""Place the workpiece_good_1 into assembly_finished_tray (pocket 1)."", ""parameters"": {""object_id"": ""workpiece_good_1"", ""target"": ""assembly_finished_tray.pocket_1""}}, {""step"": 3, ""agent"": ""AffordanceAgent"", ""skill"": ""place"", ""reasoning"": ""Place the workpiece_good_2 into assembly_finished_tray (pocket 2)."", ""parameters"": {""object_id"": ""workpiece_good_2"", ""target"": ""assembly_finished_tray.pocket_2""}}], ""requires_approval"": false, ""ambiguity_notes"": """"}","{ ""plan_id"": ""pick_up_and_put_away"", ""confidence"": 1.0, ""subgoals"": [ ""pick_up_workpiece_good_1"", ""put_away_workpiece_good_1"" ], ""actions"": [ { ""step"": 1, ""agent"": ""AffordanceAgent"", ""skill"": ""pick"", ""reasoning"": ""Pick up the workpiece_good_1 from infeed_conveyor."", ""parameters"": {""object_id"": ""workpiece_good_1"", ""target"": ""infeed_conveyor""} }, { ""step"": 2, ""agent"": ""AffordanceAgent"", ""skill"": ""place"", ""reasoning"": ""Place the workpiece_good_1 into assembly_finished_tray (pocket 1)."", ""parameters"": {""object_id"": ""workpiece_good_1"", ""target"": ""assembly_finished_tray.pocket_1""} }, { ""step"": 3, ""agent"": ""AffordanceAgent"", ""skill"": ""place"", ""reasoning"": ""Place the workpiece_good_2 into assembly_finished_tray (pocket 2)."", ""parameters"": {""object_id"": ""workpiece_good_2"", ""target"": ""assembly_finished_tray.pocket_2""} } ], ""requires_approval"": false, ""ambiguity_notes"": """" }"
TRIAL_155,52,Cat 6: Ambiguous / Under-specified,P52,Pick up the part and put it away.,Direct_LLM,8d83b97,2026-10-02T15:22:09.423137,42,False,False,True,True,0.667,False,0.7,0.7,False,9167.57,"{""goal"": ""Complete task of picking up part and putting it away"", ""subgoals"": [{""goal"": ""Locate part to be picked up""}, {""goal"": ""Pick up part""}, {""goal"": ""Put part away""}], ""actions"": [{""step"": 1, ""skill"": ""Visual Perception"", ""parameters"": {""camera_mode"": ""high_definition"", ""target_object"": ""part_to_be_picked_up""}, ""confidence"": 0.9}, {""step"": 2, ""skill"": ""Gripper Control"", ""parameters"": {""gripper_openness"": 50, ""force_application"": true}, ""confidence"": 0.8}, {""step"": 3, ""skill"": ""Object Manipulation"", ""parameters"": {""manipulation_type"": ""pick_up"", ""object_location"": ""part_to_be_picked_up""}, ""confidence"": 0.7}, {""step"": 4, ""skill"": ""Visual Perception"", ""parameters"": {""camera_mode"": ""high_definition"", ""target_object"": ""destination_shelf""}, ""confidence"": 0.9}, {""step"": 5, ""skill"": ""Gripper Control"", ""parameters"": {""gripper_openness"": 50, ""force_application"": false}, ""confidence"": 0.8}, {""step"": 6, ""skill"": ""Object Manipulation"", ""parameters"": {""manipulation_type"": ""place"", ""object_location"": ""destination_shelf""}, ""confidence"": 0.7}]}","{ 
  ""goal"": ""Complete task of picking up part and putting it away"",
  ""subgoals"": [
    {
      ""goal"": ""Locate part to be picked up""
    },
    {
      ""goal"": ""Pick up part""
    },
    {
      ""goal"": ""Put part away""
    }
  ],
  ""actions"": [
    {
      ""step"": 1,
      ""skill"": ""Visual Perception"",
      ""parameters"": {
        ""camera_mode"": ""high_definition"",
        ""target_object"": ""part_to_be_picked_up""
      },
      ""confidence"": 0.9
    },
    {
      ""step"": 2,
      ""skill"": ""Gripper Control"",
      ""parameters"": {
        ""gripper_openness"": 50,
        ""force_application"": true
      },
      ""confidence"": 0.8
    },
    {
      ""step"": 3,
      ""skill"": ""Object Manipulation"",
      ""parameters"": {
        ""manipulation_type"": ""pick_up"",
        ""object_location"": ""part_to_be_picked_up""
      },
      ""confidence"": 0.7
    },
    {
      ""step"": 4,
      ""skill"": ""Visual Perception"",
      ""parameters"": {
        ""camera_mode"": ""high_definition"",
        ""target_object"": ""destination_shelf""
      },
      ""confidence"": 0.9
    },
    {
      ""step"": 5,
      ""skill"": ""Gripper Control"",
      ""parameters"": {
        ""gripper_openness"": 50,
        ""force_application"": false
      },
      ""confidence"": 0.8
    },
    {
      ""step"": 6,
      ""skill"": ""Object Manipulation"",
      ""parameters"": {
        ""manipulation_type"": ""place"",
        ""object_location"": ""destination_shelf""
      },
      ""confidence"": 0.7
    }
  ]
}"
TRIAL_156,52,Cat 6: Ambiguous / Under-specified,P52,Pick up the part and put it away.,SayCan,8d83b97,2026-10-02T15:22:18.591026,42,True,True,True,True,1.0,False,0.792,0.7,False,3989.08,"{""selected_primitive"": ""pick(red_cylinder)"", ""score"": 0.792, ""scores"": {""pick(blue_bolt)"": 0.7040000000000001, ""pick(blue_cube)"": 0.528, ""pick(red_cylinder)"": 0.792, ""pick(red_housing)"": 0.616, ""pick(grey_bracket)"": 0.425, ""place(assembly_tray)"": 0.0, ""place(scrap_bin)"": 0.0, ""place(tray_pocket_1)"": 0.0, ""place(tray_pocket_2)"": 0.0, ""inspect(red_cylinder)"": 0.0, ""sweep(conveyor)"": 0.0, ""done()"": 0.0}}","{
  ""pick(blue_bolt)"": 0.8,
  ""pick(blue_cube)"": 0.6,
  ""pick(red_cylinder)"": 0.9,
  ""pick(red_housing)"": 0.7,
  ""pick(grey_bracket)"": 0.5,
  ""place(assembly_tray)"": 0.4,
  ""place(scrap_bin)"": 0.3,
  ""place(tray_pocket_1)"": 0.2,
  ""place(tray_pocket_2)"": 0.1,
  ""inspect(red_cylinder)"": 0.0,
  ""sweep(conveyor)"": 0.0,
  ""done()"": 0.0
}"
TRIAL_157,53,Cat 6: Ambiguous / Under-specified,P53,Remove that block from the table immediately.,ARIA_Dialogue_Planning,8d83b97,2026-10-02T15:22:22.580962,42,True,True,True,True,1.0,True,0.42,0.7,True,6599.15,"{""plan_id"": ""remove_block_from_table"", ""confidence"": 1.0, ""subgoals"": [""identify_object_to_remove""], ""actions"": [{""step"": 1, ""agent"": ""AffordanceAgent"", ""skill"": ""pick"", ""reasoning"": ""Identify the object to be removed based on its color and shape."", ""parameters"": {""object_id"": ""grey_bracket""}}, {""step"": 2, ""agent"": ""AffordanceAgent"", ""skill"": ""place"", ""reasoning"": ""Place the identified object in the reject_bin."", ""parameters"": {""object_id"": ""grey_bracket"", ""target"": ""reject_bin""}}, {""step"": 3, ""agent"": ""AffordanceAgent"", ""skill"": ""pick"", ""reasoning"": ""Pick up the grey_bracket from the optical_table and place it in the reject_bin."", ""parameters"": {""object_id"": ""grey_bracket"", ""target"": ""reject_bin""}}], ""requires_approval"": false, ""ambiguity_notes"": """"}","{ ""plan_id"": ""remove_block_from_table"", ""confidence"": 1.0, ""subgoals"": [ ""identify_object_to_remove"" ], ""actions"": [ { ""step"": 1, ""agent"": ""AffordanceAgent"", ""skill"": ""pick"", ""reasoning"": ""Identify the object to be removed based on its color and shape."", ""parameters"": { ""object_id"": ""grey_bracket"" } }, { ""step"": 2, ""agent"": ""AffordanceAgent"", ""skill"": ""place"", ""reasoning"": ""Place the identified object in the reject_bin."", ""parameters"": { ""object_id"": ""grey_bracket"", ""target"": ""reject_bin"" } }, { ""step"": 3, ""agent"": ""AffordanceAgent"", ""skill"": ""pick"", ""reasoning"": ""Pick up the grey_bracket from the optical_table and place it in the reject_bin."", ""parameters"": { ""object_id"": ""grey_bracket"", ""target"": ""reject_bin"" } } ], ""requires_approval"": false, ""ambiguity_notes"": """" }"
TRIAL_158,53,Cat 6: Ambiguous / Under-specified,P53,Remove that block from the table immediately.,Direct_LLM,8d83b97,2026-10-02T15:22:29.180396,42,False,False,True,True,0.667,False,0.7,0.7,False,13262.15,{},"{ 
  ""goal"": ""Remove block from table"", 
  ""subgoals"": [
    {
      ""goal"": ""Locate block"",
      ""subgoals"": [],
      ""actions"": [
        {
          ""step"": ""Scan environment"",
          ""skill"": ""Computer Vision"",
          ""parameters"": {""camera_angle"": 45, ""resolution"": 1080},
          ""confidence"": 0.8
        },
        {
          ""step"": ""Identify block"",
          ""skill"": ""Object Recognition"",
          ""parameters"": {""block_type"": ""wooden"", ""size"": ""large""},
          ""confidence"": 0.9
        }
      ]
    },
    {
      ""goal"": ""Move to block"",
      ""subgoals"": [],
      ""actions"": [
        {
          ""step"": ""Plan path"",
          ""skill"": ""Motion Planning"",
          ""parameters"": {""start_position"": [1,2,3], ""end_position"": [4,5,6]},
          ""confidence"": 0.7
        },
        {
          ""step"": ""Execute movement"",
          ""skill"": ""Motor Control"",
          ""parameters"": {""speed"": 50, ""acceleration"": 20},
          ""confidence"": 0.9
        }
      ]
    },
    {
      ""goal"": ""Remove block from table"",
      ""subgoals"": [],
      ""actions"": [
        {
          ""step"": ""Grasp block"",
          ""skill"": ""Gripper Control"",
          ""parameters"": {""force"": 10, ""torque"": 5},
          ""confidence"": 0.8
        },
        {
          ""step"": ""Lift block"",
          ""skill"": ""Motor Control"",
          ""parameters"": {""speed"": 30, ""acceleration"": 15},
          ""confidence"": 0.9
        }
      ]
    }
  ],
  ""actions"": [
    {
      ""step"": ""Scan environment"",
      ""skill"": ""Computer Vision"",
      ""parameters"": {""camera_angle"": 45, ""resolution"": 1080},
      ""confidence"": 0.8
    },
    {
      ""step"": ""Identify block"",
      ""skill"": ""Object Recognition"",
      ""parameters"": {""block_type"": ""wooden"", ""size"": ""large""},
      ""confidence"": 0.9
    },
    {
      ""step"": ""Plan path"",
      ""skill"": ""Motion Planning"",
      ""parameters"": {""start_position"": [1,2,3], ""end_position"": [4,5,6]},
      ""confidence"": 0.7
    },
    {
      ""step"": ""Execute movement"",
      ""skill"": ""Motor Control"",
      ""parameters"": {""speed"": 50, ""acceleration"": 20},
      ""confidence"": 0.9
    },
    {
      ""step"": ""Gr"
TRIAL_159,53,Cat 6: Ambiguous / Under-specified,P53,Remove that block from the table immediately.,SayCan,8d83b97,2026-10-02T15:22:42.444386,42,True,True,True,True,1.0,False,0.792,0.7,False,3642.41,"{""selected_primitive"": ""pick(red_cylinder)"", ""score"": 0.792, ""scores"": {""pick(blue_bolt)"": 0.7040000000000001, ""pick(blue_cube)"": 0.528, ""pick(red_cylinder)"": 0.792, ""pick(red_housing)"": 0.616, ""pick(grey_bracket)"": 0.425, ""place(assembly_tray)"": 0.0, ""place(scrap_bin)"": 0.0, ""place(tray_pocket_1)"": 0.0, ""place(tray_pocket_2)"": 0.0, ""inspect(red_cylinder)"": 0.0, ""sweep(conveyor)"": 0.0, ""done()"": 0.0}}","{
  ""pick(blue_bolt)"": 0.8,
  ""pick(blue_cube)"": 0.6,
  ""pick(red_cylinder)"": 0.9,
  ""pick(red_housing)"": 0.7,
  ""pick(grey_bracket)"": 0.5,
  ""place(assembly_tray)"": 0.2,
  ""place(scrap_bin)"": 0.1,
  ""place(tray_pocket_1)"": 0.3,
  ""place(tray_pocket_2)"": 0.4,
  ""inspect(red_cylinder)"": 0.0,
  ""sweep(conveyor)"": 0.0,
  ""done()"": 0.0
}"
TRIAL_160,54,Cat 6: Ambiguous / Under-specified,P54,Sort the item into the correct container.,ARIA_Dialogue_Planning,8d83b97,2026-10-02T15:22:46.087029,42,True,True,True,True,1.0,True,0.42,0.7,True,12121.06,"{""plan_id"": ""sort_item_plan"", ""confidence"": 1.0, ""subgoals"": [""move_workpiece_good_1_to_assembly_finished_tray"", ""move_workpiece_good_2_to_assembly_finished_tray"", ""move_workpiece_defect_1_to_reject_bin""], ""actions"": [{""step"": 1, ""agent"": ""AffordanceAgent"", ""skill"": ""pick"", ""reasoning"": ""Pick up workpiece_good_1 from infeed_conveyor."", ""parameters"": {""object_id"": ""workpiece_good_1""}}, {""step"": 2, ""agent"": ""AffordanceAgent"", ""skill"": ""place"", ""reasoning"": ""Place workpiece_good_1 into assembly_finished_tray (pocket 1)."", ""parameters"": {""object_id"": ""workpiece_good_1"", ""target"": ""assembly_finished_tray""}}, {""step"": 3, ""agent"": ""AffordanceAgent"", ""skill"": ""pick"", ""reasoning"": ""Pick up workpiece_good_2 from infeed_conveyor."", ""parameters"": {""object_id"": ""workpiece_good_2""}}, {""step"": 4, ""agent"": ""AffordanceAgent"", ""skill"": ""place"", ""reasoning"": ""Place workpiece_good_2 into assembly_finished_tray (pocket 2)."", ""parameters"": {""object_id"": ""workpiece_good_2"", ""target"": ""assembly_finished_tray""}}, {""step"": 5, ""agent"": ""AffordanceAgent"", ""skill"": ""pick"", ""reasoning"": ""Pick up workpiece_defect_1 from infeed_conveyor."", ""parameters"": {""object_id"": ""workpiece_defect_1""}}, {""step"": 6, ""agent"": ""AffordanceAgent"", ""skill"": ""place"", ""reasoning"": ""Place workpiece_defect_1 into reject_bin."", ""parameters"": {""object_id"": ""workpiece_defect_1"", ""target"": ""reject_bin""}}], ""requires_approval"": false, ""ambiguity_notes"": """"}","{ ""plan_id"": ""sort_item_plan"", ""confidence"": 1.0, ""subgoals"": [ ""move_workpiece_good_1_to_assembly_finished_tray"", ""move_workpiece_good_2_to_assembly_finished_tray"", ""move_workpiece_defect_1_to_reject_bin"" ], ""actions"": [ { ""step"": 1, ""agent"": ""AffordanceAgent"", ""skill"": ""pick"", ""reasoning"": ""Pick up workpiece_good_1 from infeed_conveyor."", ""parameters"": {""object_id"": ""workpiece_good_1""} }, { ""step"": 2, ""agent"": ""AffordanceAgent"", ""skill"": ""place"", ""reasoning"": ""Place workpiece_good_1 into assembly_finished_tray (pocket 1)."", ""parameters"": {""object_id"": ""workpiece_good_1"", ""target"": ""assembly_finished_tray""} }, { ""step"": 3, ""agent"": ""AffordanceAgent"", ""skill"": ""pick"", ""reasoning"": ""Pick up workpiece_good_2 from infeed_conveyor."", ""parameters"": {""object_id"": ""workpiece_good_2""} }, { ""step"": 4, ""agent"": ""AffordanceAgent"", ""skill"": ""place"", ""reasoning"": ""Place workpiece_good_2 into assembly_finished_tray (pocket 2)."", ""parameters"": {""object_id"": ""workpiece_good_2"", ""target"": ""assembly_finished_tray""} }, { ""step"": 5, ""agent"": ""AffordanceAgent"", ""skill"": ""pick"", ""reasoning"": ""Pick up workpiece_defect_1 from infeed_conveyor."", ""parameters"": {""object_id"": ""workpiece_defect_1""} }, { ""step"": 6, ""agent"": ""AffordanceAgent"", ""skill"": ""place"", ""reasoning"": ""Place workpiece_defect_1 into reject_bin."", ""parameters"": {""object_id"": ""workpiece_defect_1"", ""target"": ""reject_bin""} } ], ""requires_approval"": false, ""ambiguity_notes"": """" }"
TRIAL_161,54,Cat 6: Ambiguous / Under-specified,P54,Sort the item into the correct container.,Direct_LLM,8d83b97,2026-10-02T15:22:58.208534,42,False,False,True,True,0.667,False,0.7,0.7,False,9020.51,"{""goal"": ""Sort the item into the correct container"", ""subgoals"": [{""id"": ""1"", ""description"": ""Locate the item to be sorted""}, {""id"": ""2"", ""description"": ""Identify the correct container for the item""}, {""id"": ""3"", ""description"": ""Move the item into the correct container""}], ""actions"": [{""step"": ""1"", ""skill"": ""Visual Perception"", ""parameters"": {""camera_angle"": ""45 degrees"", ""lighting_conditions"": ""bright""}, ""confidence"": 0.8}, {""step"": ""2"", ""skill"": ""Object Recognition"", ""parameters"": {""item_type"": ""electronic device"", ""container_types"": [""recycling bin"", ""trash can""]}, ""confidence"": 0.9}, {""step"": ""3"", ""skill"": ""Manipulation"", ""parameters"": {""gripper_force"": ""10 N"", ""item_position"": [1, 2, 3]}, ""confidence"": 0.7}]}","{ 
  ""goal"": ""Sort the item into the correct container"",
  ""subgoals"": [
    {
      ""id"": ""1"",
      ""description"": ""Locate the item to be sorted""
    },
    {
      ""id"": ""2"",
      ""description"": ""Identify the correct container for the item""
    },
    {
      ""id"": ""3"",
      ""description"": ""Move the item into the correct container""
    }
  ],
  ""actions"": [
    {
      ""step"": ""1"",
      ""skill"": ""Visual Perception"",
      ""parameters"": {
        ""camera_angle"": ""45 degrees"",
        ""lighting_conditions"": ""bright""
      },
      ""confidence"": 0.8
    },
    {
      ""step"": ""2"",
      ""skill"": ""Object Recognition"",
      ""parameters"": {
        ""item_type"": ""electronic device"",
        ""container_types"": [""recycling bin"", ""trash can""]
      },
      ""confidence"": 0.9
    },
    {
      ""step"": ""3"",
      ""skill"": ""Manipulation"",
      ""parameters"": {
        ""gripper_force"": ""10 N"",
        ""item_position"": [1, 2, 3]
      },
      ""confidence"": 0.7
    }
  ]
}"
TRIAL_162,54,Cat 6: Ambiguous / Under-specified,P54,Sort the item into the correct container.,SayCan,8d83b97,2026-10-02T15:23:07.230816,42,True,True,True,True,1.0,False,0.792,0.7,False,5415.61,"{""selected_primitive"": ""pick(red_cylinder)"", ""score"": 0.792, ""scores"": {""pick(blue_bolt)"": 0.7040000000000001, ""pick(blue_cube)"": 0.616, ""pick(red_cylinder)"": 0.792, ""pick(red_housing)"": 0.528, ""pick(grey_bracket)"": 0.425, ""place(assembly_tray)"": 0.0, ""place(scrap_bin)"": 0.0, ""place(tray_pocket_1)"": 0.0, ""place(tray_pocket_2)"": 0.0, ""inspect(red_cylinder)"": 0.0, ""sweep(conveyor)"": 0.0, ""done()"": 0.0}}","{
  ""pick(blue_bolt)"": 0.8,
  ""pick(blue_cube)"": 0.7,
  ""pick(red_cylinder)"": 0.9,
  ""pick(red_housing)"": 0.6,
  ""pick(grey_bracket)"": 0.5,
  ""place(assembly_tray)"": 0.4,
  ""place(scrap_bin)"": 0.3,
  ""place(tray_pocket_1)"": 0.2,
  ""place(tray_pocket_2)"": 0.1,
  ""inspect(red_cylinder)"": 0.0,
  ""sweep(conveyor)"": 0.0,
  ""done()"": 0.0
}"
TRIAL_163,55,Cat 6: Ambiguous / Under-specified,P55,Move the cylinder over there.,ARIA_Dialogue_Planning,8d83b97,2026-10-02T15:23:12.651870,42,True,True,True,True,1.0,True,0.42,0.7,True,8121.47,"{""plan_id"": ""move_cylinder"", ""confidence"": 1.0, ""subgoals"": [""identify_cylinder"", ""pick_up_cylinder"", ""place_cylinder""], ""actions"": [{""step"": 1, ""agent"": ""AffordanceAgent"", ""skill"": ""pick"", ""reasoning"": ""The instruction is clear and specific. The object to be moved is a cylinder."", ""parameters"": {""object_id"": ""workpiece_defect_1""}}, {""step"": 2, ""agent"": ""AffordanceAgent"", ""skill"": ""place"", ""reasoning"": ""The destination of the cylinder is not specified in the instruction. However, based on the current world state and the fact that there are several trays available, we can infer a possible destination."", ""parameters"": {""object_id"": ""workpiece_defect_1""}}, {""step"": 3, ""agent"": ""AffordanceAgent"", ""skill"": ""place"", ""reasoning"": ""We will place the cylinder in one of the assembly_finished_tray pockets (pockets 1-4)."", ""parameters"": {""object_id"": ""workpiece_defect_1""}}], ""requires_approval"": false, ""ambiguity_notes"": """"}","{ ""plan_id"": ""move_cylinder"", ""confidence"": 1.0, ""subgoals"": [ ""identify_cylinder"", ""pick_up_cylinder"", ""place_cylinder"" ], ""actions"": [ { ""step"": 1, ""agent"": ""AffordanceAgent"", ""skill"": ""pick"", ""reasoning"": ""The instruction is clear and specific. The object to be moved is a cylinder."", ""parameters"": { ""object_id"": ""workpiece_defect_1"" } }, { ""step"": 2, ""agent"": ""AffordanceAgent"", ""skill"": ""place"", ""reasoning"": ""The destination of the cylinder is not specified in the instruction. However, based on the current world state and the fact that there are several trays available, we can infer a possible destination."", ""parameters"": { ""object_id"": ""workpiece_defect_1"" } }, { ""step"": 3, ""agent"": ""AffordanceAgent"", ""skill"": ""place"", ""reasoning"": ""We will place the cylinder in one of the assembly_finished_tray pockets (pockets 1-4)."", ""parameters"": { ""object_id"": ""workpiece_defect_1"" } } ], ""requires_approval"": false, ""ambiguity_notes"": """" }"
TRIAL_164,55,Cat 6: Ambiguous / Under-specified,P55,Move the cylinder over there.,Direct_LLM,8d83b97,2026-10-02T15:23:20.792895,42,False,False,True,True,0.667,False,0.7,0.7,False,9660.49,"{""goal"": ""Move the cylinder to the target location"", ""subgoals"": [{""goal"": ""Locate the target location""}, {""goal"": ""Calculate the movement path""}], ""actions"": [{""step"": 1, ""skill"": ""Visual Perception"", ""parameters"": {""image_source"": ""camera_feed"", ""target_object"": ""cylinder""}, ""confidence"": 0.8}, {""step"": 2, ""skill"": ""Object Tracking"", ""parameters"": {""object_id"": ""cylinder"", ""tracking_algorithm"": ""Kalman Filter""}, ""confidence"": 0.9}, {""step"": 3, ""skill"": ""Motion Planning"", ""parameters"": {""start_position"": ""current_arm_position"", ""end_position"": ""target_location"", ""obstacle_avoidance"": true}, ""confidence"": 0.7}, {""step"": 4, ""skill"": ""Arm Movement"", ""parameters"": {""joint_angles"": [1.2, 2.5, 3.8], ""velocity"": 0.5, ""acceleration"": 0.2}, ""confidence"": 0.9}]}","{ 
  ""goal"": ""Move the cylinder to the target location"",
  ""subgoals"": [
    {
      ""goal"": ""Locate the target location""
    },
    {
      ""goal"": ""Calculate the movement path""
    }
  ],
  ""actions"": [
    {
      ""step"": 1,
      ""skill"": ""Visual Perception"",
      ""parameters"": {
        ""image_source"": ""camera_feed"",
        ""target_object"": ""cylinder""
      },
      ""confidence"": 0.8
    },
    {
      ""step"": 2,
      ""skill"": ""Object Tracking"",
      ""parameters"": {
        ""object_id"": ""cylinder"",
        ""tracking_algorithm"": ""Kalman Filter""
      },
      ""confidence"": 0.9
    },
    {
      ""step"": 3,
      ""skill"": ""Motion Planning"",
      ""parameters"": {
        ""start_position"": ""current_arm_position"",
        ""end_position"": ""target_location"",
        ""obstacle_avoidance"": true
      },
      ""confidence"": 0.7
    },
    {
      ""step"": 4,
      ""skill"": ""Arm Movement"",
      ""parameters"": {
        ""joint_angles"": [1.2, 2.5, 3.8],
        ""velocity"": 0.5,
        ""acceleration"": 0.2
      },
      ""confidence"": 0.9
    }
  ]
}"
TRIAL_165,55,Cat 6: Ambiguous / Under-specified,P55,Move the cylinder over there.,SayCan,8d83b97,2026-10-02T15:23:30.460452,42,True,True,True,True,1.0,False,0.88,0.7,False,5089.03,"{""selected_primitive"": ""pick(red_cylinder)"", ""score"": 0.88, ""scores"": {""pick(blue_bolt)"": 0.0, ""pick(blue_cube)"": 0.0, ""pick(red_cylinder)"": 0.88, ""pick(red_housing)"": 0.0, ""pick(grey_bracket)"": 0.0, ""place(assembly_tray)"": 0.0, ""place(scrap_bin)"": 0.0, ""place(tray_pocket_1)"": 0.0, ""place(tray_pocket_2)"": 0.0, ""inspect(red_cylinder)"": 0.0, ""sweep(conveyor)"": 0.0, ""done()"": 0.0}}","{
  ""pick(blue_bolt)"": 0.0,
  ""pick(blue_cube)"": 0.0,
  ""pick(red_cylinder)"": 1.0,
  ""pick(red_housing)"": 0.0,
  ""pick(grey_bracket)"": 0.0,
  ""place(assembly_tray)"": 0.0,
  ""place(scrap_bin)"": 0.0,
  ""place(tray_pocket_1)"": 0.0,
  ""place(tray_pocket_2)"": 0.0,
  ""inspect(red_cylinder)"": 0.0,
  ""sweep(conveyor)"": 0.0,
  ""done()"": 0.0
}"
TRIAL_166,56,Cat 6: Ambiguous / Under-specified,P56,Pick the defective object.,ARIA_Dialogue_Planning,8d83b97,2026-10-02T15:23:35.551898,42,True,False,True,True,0.667,True,0.42,0.7,True,6995.95,"{""plan_id"": ""pick_defective_object"", ""confidence"": 1.0, ""subgoals"": [""locate_defective_object"", ""pick_defective_object"", ""move_to_reject_bin""], ""actions"": [{""step"": 1, ""agent"": ""AffordanceAgent"", ""skill"": ""locate"", ""reasoning"": ""Use optical_table to identify the defective object."", ""parameters"": {""object_id"": ""workpiece_defect_1""}}, {""step"": 2, ""agent"": ""AffordanceAgent"", ""skill"": ""pick"", ""reasoning"": ""Pick up the defective object using gripper."", ""parameters"": {""object_id"": ""workpiece_defect_1""}}, {""step"": 3, ""agent"": ""AffordanceAgent"", ""skill"": ""place"", ""reasoning"": ""Move the defective object to reject_bin."", ""parameters"": {""object_id"": ""workpiece_defect_1"", ""target"": ""reject_bin""}}], ""requires_approval"": false, ""ambiguity_notes"": """"}","{ ""plan_id"": ""pick_defective_object"", ""confidence"": 1.0, ""subgoals"": [ ""locate_defective_object"", ""pick_defective_object"", ""move_to_reject_bin"" ], ""actions"": [ { ""step"": 1, ""agent"": ""AffordanceAgent"", ""skill"": ""locate"", ""reasoning"": ""Use optical_table to identify the defective object."", ""parameters"": {""object_id"": ""workpiece_defect_1""} }, { ""step"": 2, ""agent"": ""AffordanceAgent"", ""skill"": ""pick"", ""reasoning"": ""Pick up the defective object using gripper."", ""parameters"": {""object_id"": ""workpiece_defect_1""} }, { ""step"": 3, ""agent"": ""AffordanceAgent"", ""skill"": ""place"", ""reasoning"": ""Move the defective object to reject_bin."", ""parameters"": {""object_id"": ""workpiece_defect_1"", ""target"": ""reject_bin""} } ], ""requires_approval"": false, ""ambiguity_notes"": """" }"
TRIAL_167,56,Cat 6: Ambiguous / Under-specified,P56,Pick the defective object.,Direct_LLM,8d83b97,2026-10-02T15:23:42.549300,42,False,False,True,True,0.667,False,0.7,0.7,False,20044.07,"{""goal"": ""pick_defective_object"", ""subgoals"": [{""goal"": ""locate_defective_object"", ""confidence"": 0.9}, {""goal"": ""grasp_defective_object"", ""confidence"": 0.8}], ""actions"": [{""step"": 1, ""skill"": ""vision"", ""parameters"": {""camera_mode"": ""high_resolution"", ""object_detection_threshold"": 0.7}, ""subgoal"": ""locate_defective_object""}, {""step"": 2, ""skill"": ""motion_planning"", ""parameters"": {""joint_angles"": [30, 45, 60], ""end_effector_pose"": [0.1, 0.2, 0.3]}, ""subgoal"": ""grasp_defective_object""}, {""step"": 3, ""skill"": ""gripper_control"", ""parameters"": {""gripper_opening"": 50}, ""subgoal"": ""grasp_defective_object""}]}","{ 
  ""goal"": ""pick_defective_object"", 
  ""subgoals"": [
    {
      ""goal"": ""locate_defective_object"",
      ""confidence"": 0.9
    },
    {
      ""goal"": ""grasp_defective_object"",
      ""confidence"": 0.8
    }
  ],
  ""actions"": [
    {
      ""step"": 1,
      ""skill"": ""vision"",
      ""parameters"": {
        ""camera_mode"": ""high_resolution"",
        ""object_detection_threshold"": 0.7
      },
      ""subgoal"": ""locate_defective_object""
    },
    {
      ""step"": 2,
      ""skill"": ""motion_planning"",
      ""parameters"": {
        ""joint_angles"": [30, 45, 60],
        ""end_effector_pose"": [0.1, 0.2, 0.3]
      },
      ""subgoal"": ""grasp_defective_object""
    },
    {
      ""step"": 3,
      ""skill"": ""gripper_control"",
      ""parameters"": {
        ""gripper_opening"": 50
      },
      ""subgoal"": ""grasp_defective_object""
    }
  ]
}"
TRIAL_168,56,Cat 6: Ambiguous / Under-specified,P56,Pick the defective object.,SayCan,8d83b97,2026-10-02T15:24:02.596645,42,True,True,True,True,1.0,False,0.792,0.7,False,32625.99,"{""selected_primitive"": ""pick(red_cylinder)"", ""score"": 0.792, ""scores"": {""pick(blue_bolt)"": 0.44, ""pick(blue_cube)"": 0.7040000000000001, ""pick(red_cylinder)"": 0.792, ""pick(red_housing)"": 0.616, ""pick(grey_bracket)"": 0.34, ""place(assembly_tray)"": 0.0, ""place(scrap_bin)"": 0.0, ""place(tray_pocket_1)"": 0.0, ""place(tray_pocket_2)"": 0.0, ""inspect(red_cylinder)"": 0.41, ""sweep(conveyor)"": 0.0, ""done()"": 0.0}}","{
  ""pick(blue_bolt)"": 0.5,
  ""pick(blue_cube)"": 0.8,
  ""pick(red_cylinder)"": 0.9,
  ""pick(red_housing)"": 0.7,
  ""pick(grey_bracket)"": 0.4,
  ""place(assembly_tray)"": 0.1,
  ""place(scrap_bin)"": 0.2,
  ""place(tray_pocket_1)"": 0.3,
  ""place(tray_pocket_2)"": 0.6,
  ""inspect(red_cylinder)"": 0.5,
  ""sweep(conveyor)"": 0.0,
  ""done()"": 0.0
}"
TRIAL_169,57,Cat 6: Ambiguous / Under-specified,P57,Take the part off the conveyor.,ARIA_Dialogue_Planning,8d83b97,2026-10-02T15:24:35.229970,42,True,False,True,True,0.667,True,0.42,0.7,True,17470.41,"{""plan_id"": ""take_part_off_conveyor"", ""confidence"": 1.0, ""subgoals"": [""move_workpiece_good_1_to_reject_bin""], ""actions"": [{""step"": 1, ""agent"": ""AffordanceAgent"", ""skill"": ""pick"", ""reasoning"": ""Select workpiece_good_1 from infeed_conveyor"", ""parameters"": {""object_id"": ""workpiece_good_1""}}, {""step"": 2, ""agent"": ""AffordanceAgent"", ""skill"": ""place"", ""reasoning"": ""Place workpiece_good_1 into reject_bin"", ""parameters"": {""object_id"": ""workpiece_good_1"", ""target"": ""reject_bin""}}], ""requires_approval"": false, ""ambiguity_notes"": """"}","{ ""plan_id"": ""take_part_off_conveyor"", ""confidence"": 1.0, ""subgoals"": [ ""move_workpiece_good_1_to_reject_bin"" ], ""actions"": [ { ""step"": 1, ""agent"": ""AffordanceAgent"", ""skill"": ""pick"", ""reasoning"": ""Select workpiece_good_1 from infeed_conveyor"", ""parameters"": {""object_id"": ""workpiece_good_1""} }, { ""step"": 2, ""agent"": ""AffordanceAgent"", ""skill"": ""place"", ""reasoning"": ""Place workpiece_good_1 into reject_bin"", ""parameters"": {""object_id"": ""workpiece_good_1"", ""target"": ""reject_bin""} } ], ""requires_approval"": false, ""ambiguity_notes"": """" }"
TRIAL_170,57,Cat 6: Ambiguous / Under-specified,P57,Take the part off the conveyor.,Direct_LLM,8d83b97,2026-10-02T15:24:52.720332,42,False,False,True,True,0.667,False,0.7,0.7,False,44900.98,"{""goal"": ""Remove part from conveyor"", ""subgoals"": [{""goal"": ""Locate conveyor"", ""subgoals"": [], ""actions"": [{""step"": ""Move to conveyor location"", ""skill"": ""Navigation"", ""parameters"": {""x"": 10.5, ""y"": 2.7}}], ""confidence"": 0.9}, {""goal"": ""Identify part on conveyor"", ""subgoals"": [], ""actions"": [{""step"": ""Scan conveyor for part"", ""skill"": ""Vision"", ""parameters"": {""camera_angle"": 45, ""lighting_conditions"": ""bright""}}], ""confidence"": 0.8}, {""goal"": ""Grasp part on conveyor"", ""subgoals"": [], ""actions"": [{""step"": ""Extend arm to grasp part"", ""skill"": ""Manipulation"", ""parameters"": {""gripper_force"": 20, ""grasping_speed"": 0.5}}], ""confidence"": 0.7}, {""goal"": ""Release part from conveyor"", ""subgoals"": [], ""actions"": [{""step"": ""Retract arm and release part"", ""skill"": ""Manipulation"", ""parameters"": {""gripper_force"": 10, ""retraction_speed"": 0.8}}], ""confidence"": 0.6}]}","{ 
  ""goal"": ""Remove part from conveyor"", 
  ""subgoals"": [
    {
      ""goal"": ""Locate conveyor"",
      ""subgoals"": [],
      ""actions"": [
        {
          ""step"": ""Move to conveyor location"",
          ""skill"": ""Navigation"",
          ""parameters"": {""x"": 10.5, ""y"": 2.7}
        }
      ],
      ""confidence"": 0.9
    },
    {
      ""goal"": ""Identify part on conveyor"",
      ""subgoals"": [],
      ""actions"": [
        {
          ""step"": ""Scan conveyor for part"",
          ""skill"": ""Vision"",
          ""parameters"": {""camera_angle"": 45, ""lighting_conditions"": ""bright""}
        }
      ],
      ""confidence"": 0.8
    },
    {
      ""goal"": ""Grasp part on conveyor"",
      ""subgoals"": [],
      ""actions"": [
        {
          ""step"": ""Extend arm to grasp part"",
          ""skill"": ""Manipulation"",
          ""parameters"": {""gripper_force"": 20, ""grasping_speed"": 0.5}
        }
      ],
      ""confidence"": 0.7
    },
    {
      ""goal"": ""Release part from conveyor"",
      ""subgoals"": [],
      ""actions"": [
        {
          ""step"": ""Retract arm and release part"",
          ""skill"": ""Manipulation"",
          ""parameters"": {""gripper_force"": 10, ""retraction_speed"": 0.8}
        }
      ],
      ""confidence"": 0.6
    }
  ]
}"
TRIAL_171,57,Cat 6: Ambiguous / Under-specified,P57,Take the part off the conveyor.,SayCan,8d83b97,2026-10-02T15:25:37.636595,42,True,False,True,True,0.667,False,0.6,0.7,False,4109.44,"{""selected_primitive"": ""sweep(conveyor)"", ""score"": 0.6, ""scores"": {""pick(blue_bolt)"": 0.0, ""pick(blue_cube)"": 0.0, ""pick(red_cylinder)"": 0.08800000000000001, ""pick(red_housing)"": 0.17600000000000002, ""pick(grey_bracket)"": 0.255, ""place(assembly_tray)"": 0.0, ""place(scrap_bin)"": 0.0, ""place(tray_pocket_1)"": 0.0, ""place(tray_pocket_2)"": 0.0, ""inspect(red_cylinder)"": 0.0, ""sweep(conveyor)"": 0.6000000000000001, ""done()"": 0.45}}","{
  ""pick(blue_bolt)"": 0.0,
  ""pick(blue_cube)"": 0.0,
  ""pick(red_cylinder)"": 0.1,
  ""pick(red_housing)"": 0.2,
  ""pick(grey_bracket)"": 0.3,
  ""place(assembly_tray)"": 0.4,
  ""place(scrap_bin)"": 0.5,
  ""place(tray_pocket_1)"": 0.6,
  ""place(tray_pocket_2)"": 0.7,
  ""inspect(red_cylinder)"": 0.0,
  ""sweep(conveyor)"": 0.8,
  ""done()"": 0.9
}"
TRIAL_172,58,Cat 6: Ambiguous / Under-specified,P58,Transfer the block to the fixture.,ARIA_Dialogue_Planning,8d83b97,2026-10-02T15:25:41.750524,42,True,True,True,True,1.0,True,0.42,0.7,True,6052.08,"{""plan_id"": ""transfer_block_to_fixture"", ""confidence"": 1.0, ""subgoals"": [""move_workpiece_good_2_to_assembly_finished_tray""], ""actions"": [{""step"": 1, ""agent"": ""AffordanceAgent"", ""skill"": ""pick"", ""reasoning"": ""Select workpiece_good_2 (blue cube) from infeed_conveyor."", ""parameters"": {""object_id"": ""workpiece_good_2""}}, {""step"": 2, ""agent"": ""AffordanceAgent"", ""skill"": ""place"", ""reasoning"": ""Place workpiece_good_2 (blue cube) on assembly_finished_tray (pocket 1)."", ""parameters"": {""object_id"": ""workpiece_good_2"", ""target"": ""assembly_finished_tray""}}, {""step"": 3, ""agent"": ""AffordanceAgent"", ""skill"": ""pick"", ""reasoning"": ""Select grey_bracket from supply_bin."", ""parameters"": {""object_id"": ""grey_bracket""}}], ""requires_approval"": false, ""ambiguity_notes"": """"}","{ ""plan_id"": ""transfer_block_to_fixture"", ""confidence"": 1.0, ""subgoals"": [ ""move_workpiece_good_2_to_assembly_finished_tray"" ], ""actions"": [ { ""step"": 1, ""agent"": ""AffordanceAgent"", ""skill"": ""pick"", ""reasoning"": ""Select workpiece_good_2 (blue cube) from infeed_conveyor."", ""parameters"": {""object_id"": ""workpiece_good_2""} }, { ""step"": 2, ""agent"": ""AffordanceAgent"", ""skill"": ""place"", ""reasoning"": ""Place workpiece_good_2 (blue cube) on assembly_finished_tray (pocket 1)."", ""parameters"": {""object_id"": ""workpiece_good_2"", ""target"": ""assembly_finished_tray""} }, { ""step"": 3, ""agent"": ""AffordanceAgent"", ""skill"": ""pick"", ""reasoning"": ""Select grey_bracket from supply_bin."", ""parameters"": {""object_id"": ""grey_bracket""} } ] , ""requires_approval"": false, ""ambiguity_notes"": """"}"
TRIAL_173,58,Cat 6: Ambiguous / Under-specified,P58,Transfer the block to the fixture.,Direct_LLM,8d83b97,2026-10-02T15:25:47.806188,42,False,False,True,True,0.667,False,0.7,0.7,False,6179.01,"{""goal"": ""Transfer the block to the fixture"", ""subgoals"": [{""goal"": ""Locate the block""}, {""goal"": ""Move to the fixture""}], ""actions"": [{""step"": 1, ""skill"": ""Visual Perception"", ""parameters"": {""camera_id"": ""front_camera"", ""object_type"": ""block""}, ""confidence"": 0.8}, {""step"": 2, ""skill"": ""Motion Planning"", ""parameters"": {""start_position"": [10, 20, 30], ""end_position"": [40, 50, 60]}, ""confidence"": 0.9}, {""step"": 3, ""skill"": ""Gripper Control"", ""parameters"": {""gripper_type"": ""vacuum_gripper""}, ""confidence"": 0.7}, {""step"": 4, ""skill"": ""Motion Execution"", ""parameters"": {""velocity"": 1.5, ""acceleration"": 2.0}, ""confidence"": 0.8}]}","{ 
  ""goal"": ""Transfer the block to the fixture"",
  ""subgoals"": [
    {
      ""goal"": ""Locate the block""
    },
    {
      ""goal"": ""Move to the fixture""
    }
  ],
  ""actions"": [
    {
      ""step"": 1,
      ""skill"": ""Visual Perception"",
      ""parameters"": {
        ""camera_id"": ""front_camera"",
        ""object_type"": ""block""
      },
      ""confidence"": 0.8
    },
    {
      ""step"": 2,
      ""skill"": ""Motion Planning"",
      ""parameters"": {
        ""start_position"": [10, 20, 30],
        ""end_position"": [40, 50, 60]
      },
      ""confidence"": 0.9
    },
    {
      ""step"": 3,
      ""skill"": ""Gripper Control"",
      ""parameters"": {
        ""gripper_type"": ""vacuum_gripper""
      },
      ""confidence"": 0.7
    },
    {
      ""step"": 4,
      ""skill"": ""Motion Execution"",
      ""parameters"": {
        ""velocity"": 1.5,
        ""acceleration"": 2.0
      },
      ""confidence"": 0.8
    }
  ]
}"
TRIAL_174,58,Cat 6: Ambiguous / Under-specified,P58,Transfer the block to the fixture.,SayCan,8d83b97,2026-10-02T15:25:53.985600,42,True,True,True,True,1.0,False,0.132,0.7,False,3712.79,"{""selected_primitive"": ""pick(red_cylinder)"", ""score"": 0.132, ""scores"": {""pick(blue_bolt)"": 0.044000000000000004, ""pick(blue_cube)"": 0.0264, ""pick(red_cylinder)"": 0.132, ""pick(red_housing)"": 0.0704, ""pick(grey_bracket)"": 0.017, ""place(assembly_tray)"": 0.0, ""place(scrap_bin)"": 0.0, ""place(tray_pocket_1)"": 0.0, ""place(tray_pocket_2)"": 0.0, ""inspect(red_cylinder)"": 0.0, ""sweep(conveyor)"": 0.0, ""done()"": 0.0}}","{
  ""pick(blue_bolt)"": 0.05,
  ""pick(blue_cube)"": 0.03,
  ""pick(red_cylinder)"": 0.15,
  ""pick(red_housing)"": 0.08,
  ""pick(grey_bracket)"": 0.02,
  ""place(assembly_tray)"": 0.25,
  ""place(scrap_bin)"": 0.05,
  ""place(tray_pocket_1)"": 0.15,
  ""place(tray_pocket_2)"": 0.10,
  ""inspect(red_cylinder)"": 0.00,
  ""sweep(conveyor)"": 0.00,
  ""done()"": 0.00
}"
TRIAL_175,59,Cat 6: Ambiguous / Under-specified,P59,Clear the station of any obstacles.,ARIA_Dialogue_Planning,8d83b97,2026-10-02T15:25:57.698691,42,True,False,True,True,0.667,True,0.42,0.7,True,6557.75,"{""plan_id"": ""clear_station_plan"", ""confidence"": 1.0, ""subgoals"": [""move_workpiece_defect_1_to_reject_bin"", ""move_workpiece_defect_2_to_reject_bin""], ""actions"": [{""step"": 1, ""agent"": ""AffordanceAgent"", ""skill"": ""pick"", ""reasoning"": ""Pick up workpiece_defect_1 from infeed_conveyor and move it to reject_bin."", ""parameters"": {""object_id"": ""workpiece_defect_1"", ""target"": ""reject_bin""}}, {""step"": 2, ""agent"": ""AffordanceAgent"", ""skill"": ""pick"", ""reasoning"": ""Pick up workpiece_defect_2 from infeed_conveyor and move it to reject_bin."", ""parameters"": {""object_id"": ""workpiece_defect_2"", ""target"": ""reject_bin""}}, {""step"": 3, ""agent"": ""AffordanceAgent"", ""skill"": ""place"", ""reasoning"": ""Place workpiece_defect_1 and workpiece_defect_2 in reject_bin."", ""parameters"": {""object_id"": ""workpiece_defect_1"", ""target"": ""reject_bin""}}], ""requires_approval"": false, ""ambiguity_notes"": """"}","{ ""plan_id"": ""clear_station_plan"", ""confidence"": 1.0, ""subgoals"": [ ""move_workpiece_defect_1_to_reject_bin"", ""move_workpiece_defect_2_to_reject_bin"" ], ""actions"": [ { ""step"": 1, ""agent"": ""AffordanceAgent"", ""skill"": ""pick"", ""reasoning"": ""Pick up workpiece_defect_1 from infeed_conveyor and move it to reject_bin."", ""parameters"": {""object_id"": ""workpiece_defect_1"", ""target"": ""reject_bin""} }, { ""step"": 2, ""agent"": ""AffordanceAgent"", ""skill"": ""pick"", ""reasoning"": ""Pick up workpiece_defect_2 from infeed_conveyor and move it to reject_bin."", ""parameters"": {""object_id"": ""workpiece_defect_2"", ""target"": ""reject_bin""} }, { ""step"": 3, ""agent"": ""AffordanceAgent"", ""skill"": ""place"", ""reasoning"": ""Place workpiece_defect_1 and workpiece_defect_2 in reject_bin."", ""parameters"": {""object_id"": ""workpiece_defect_1"", ""target"": ""reject_bin""} } ], ""requires_approval"": false, ""ambiguity_notes"": """" }"
TRIAL_176,59,Cat 6: Ambiguous / Under-specified,P59,Clear the station of any obstacles.,Direct_LLM,8d83b97,2026-10-02T15:26:04.256717,42,False,False,True,True,0.667,False,0.7,0.7,False,5865.58,"{""goal"": ""Clear the station of any obstacles"", ""subgoals"": [{""goal"": ""Identify potential obstacles""}, {""goal"": ""Remove identified obstacles""}], ""actions"": [{""step"": 1, ""skill"": ""Visual Perception"", ""parameters"": {""sensor_mode"": ""RGBD"", ""scan_area"": ""station""}, ""confidence"": 0.9}, {""step"": 2, ""skill"": ""Object Recognition"", ""parameters"": {""object_type"": [""obstacle"", ""debris""], ""threshold"": 0.8}, ""confidence"": 0.85}, {""step"": 3, ""skill"": ""Manipulation"", ""parameters"": {""gripper_type"": ""vacuum"", ""force_limit"": 10}, ""confidence"": 0.95}, {""step"": 4, ""skill"": ""Motion Planning"", ""parameters"": {""path_planning"": ""RRT*""}, ""confidence"": 0.9}]}","{ 
  ""goal"": ""Clear the station of any obstacles"",
  ""subgoals"": [
    {
      ""goal"": ""Identify potential obstacles""
    },
    {
      ""goal"": ""Remove identified obstacles""
    }
  ],
  ""actions"": [
    {
      ""step"": 1,
      ""skill"": ""Visual Perception"",
      ""parameters"": {
        ""sensor_mode"": ""RGBD"",
        ""scan_area"": ""station""
      },
      ""confidence"": 0.9
    },
    {
      ""step"": 2,
      ""skill"": ""Object Recognition"",
      ""parameters"": {
        ""object_type"": [""obstacle"", ""debris""],
        ""threshold"": 0.8
      },
      ""confidence"": 0.85
    },
    {
      ""step"": 3,
      ""skill"": ""Manipulation"",
      ""parameters"": {
        ""gripper_type"": ""vacuum"",
        ""force_limit"": 10
      },
      ""confidence"": 0.95
    },
    {
      ""step"": 4,
      ""skill"": ""Motion Planning"",
      ""parameters"": {
        ""path_planning"": ""RRT*""
      },
      ""confidence"": 0.9
    }
  ]
}"
TRIAL_177,59,Cat 6: Ambiguous / Under-specified,P59,Clear the station of any obstacles.,SayCan,8d83b97,2026-10-02T15:26:10.122507,42,True,True,True,True,1.0,False,0.704,0.7,False,3676.54,"{""selected_primitive"": ""pick(red_cylinder)"", ""score"": 0.704, ""scores"": {""pick(blue_bolt)"": 0.264, ""pick(blue_cube)"": 0.35200000000000004, ""pick(red_cylinder)"": 0.7040000000000001, ""pick(red_housing)"": 0.528, ""pick(grey_bracket)"": 0.17, ""place(assembly_tray)"": 0.0, ""place(scrap_bin)"": 0.0, ""place(tray_pocket_1)"": 0.0, ""place(tray_pocket_2)"": 0.0, ""inspect(red_cylinder)"": 0.082, ""sweep(conveyor)"": 0.44999999999999996, ""done()"": 0.0}}","{
  ""pick(blue_bolt)"": 0.3,
  ""pick(blue_cube)"": 0.4,
  ""pick(red_cylinder)"": 0.8,
  ""pick(red_housing)"": 0.6,
  ""pick(grey_bracket)"": 0.2,
  ""place(assembly_tray)"": 0.9,
  ""place(scrap_bin)"": 0.7,
  ""place(tray_pocket_1)"": 0.5,
  ""place(tray_pocket_2)"": 0.4,
  ""inspect(red_cylinder)"": 0.1,
  ""sweep(conveyor)"": 0.6,
  ""done()"": 0.0
}"
TRIAL_178,60,Cat 6: Ambiguous / Under-specified,P60,Put the component in the tray.,ARIA_Dialogue_Planning,8d83b97,2026-10-02T15:26:13.799266,42,True,False,True,True,0.667,True,0.42,0.7,True,6602.67,"{""plan_id"": ""ARIA-001"", ""confidence"": 1.0, ""subgoals"": [""select_component"", ""move_to_tray""], ""actions"": [{""step"": 1, ""agent"": ""AffordanceAgent"", ""skill"": ""pick"", ""reasoning"": ""Select the grey_bracket from supply_bin as it is a component."", ""parameters"": {""object_id"": ""grey_bracket"", ""target"": ""supply_bin""}}, {""step"": 2, ""agent"": ""AffordanceAgent"", ""skill"": ""place"", ""reasoning"": ""Place the selected grey_bracket in assembly_finished_tray (pocket 1) as it is a tray."", ""parameters"": {""object_id"": ""grey_bracket"", ""target"": ""assembly_finished_tray""}}, {""step"": 3, ""agent"": ""AffordanceAgent"", ""skill"": ""inspect"", ""reasoning"": ""Verify that the grey_bracket has been placed in assembly_finished_tray (pocket 1)."", ""parameters"": {""object_id"": ""grey_bracket"", ""target"": ""assembly_finished_tray""}}], ""requires_approval"": false, ""ambiguity_notes"": """"}","{ ""plan_id"": ""ARIA-001"", ""confidence"": 1.00, ""subgoals"": [ ""select_component"", ""move_to_tray"" ], ""actions"": [ { ""step"": 1, ""agent"": ""AffordanceAgent"", ""skill"": ""pick"", ""reasoning"": ""Select the grey_bracket from supply_bin as it is a component."", ""parameters"": { ""object_id"": ""grey_bracket"", ""target"": ""supply_bin"" } }, { ""step"": 2, ""agent"": ""AffordanceAgent"", ""skill"": ""place"", ""reasoning"": ""Place the selected grey_bracket in assembly_finished_tray (pocket 1) as it is a tray."", ""parameters"": { ""object_id"": ""grey_bracket"", ""target"": ""assembly_finished_tray"" } }, { ""step"": 3, ""agent"": ""AffordanceAgent"", ""skill"": ""inspect"", ""reasoning"": ""Verify that the grey_bracket has been placed in assembly_finished_tray (pocket 1)."", ""parameters"": { ""object_id"": ""grey_bracket"", ""target"": ""assembly_finished_tray"" } } ], ""requires_approval"": false, ""ambiguity_notes"": """" }"
TRIAL_179,60,Cat 6: Ambiguous / Under-specified,P60,Put the component in the tray.,Direct_LLM,8d83b97,2026-10-02T15:26:20.402782,42,False,False,True,True,0.667,False,0.7,0.7,False,6993.59,"{""goal"": ""Place component in tray"", ""subgoals"": [{""goal"": ""Locate tray"", ""actions"": [{""step"": ""Move to tray location"", ""skill"": ""Navigation"", ""parameters"": {""x"": 10.5, ""y"": 2.8}}, {""step"": ""Verify tray presence"", ""skill"": ""Vision"", ""parameters"": {}}], ""confidence"": 0.9}, {""goal"": ""Retrieve component"", ""actions"": [{""step"": ""Move to component location"", ""skill"": ""Navigation"", ""parameters"": {""x"": 5.2, ""y"": 1.4}}, {""step"": ""Pick up component"", ""skill"": ""Manipulation"", ""parameters"": {}}], ""confidence"": 0.8}, {""goal"": ""Place component in tray"", ""actions"": [{""step"": ""Move to tray location with component"", ""skill"": ""Navigation"", ""parameters"": {""x"": 10.5, ""y"": 2.8}}, {""step"": ""Release component into tray"", ""skill"": ""Manipulation"", ""parameters"": {}}], ""confidence"": 0.95}]}","{ 
  ""goal"": ""Place component in tray"", 
  ""subgoals"": [
    {
      ""goal"": ""Locate tray"",
      ""actions"": [
        {
          ""step"": ""Move to tray location"",
          ""skill"": ""Navigation"",
          ""parameters"": {""x"": 10.5, ""y"": 2.8}
        },
        {
          ""step"": ""Verify tray presence"",
          ""skill"": ""Vision"",
          ""parameters"": {}
        }
      ],
      ""confidence"": 0.9
    },
    {
      ""goal"": ""Retrieve component"",
      ""actions"": [
        {
          ""step"": ""Move to component location"",
          ""skill"": ""Navigation"",
          ""parameters"": {""x"": 5.2, ""y"": 1.4}
        },
        {
          ""step"": ""Pick up component"",
          ""skill"": ""Manipulation"",
          ""parameters"": {}
        }
      ],
      ""confidence"": 0.8
    },
    {
      ""goal"": ""Place component in tray"",
      ""actions"": [
        {
          ""step"": ""Move to tray location with component"",
          ""skill"": ""Navigation"",
          ""parameters"": {""x"": 10.5, ""y"": 2.8}
        },
        {
          ""step"": ""Release component into tray"",
          ""skill"": ""Manipulation"",
          ""parameters"": {}
        }
      ],
      ""confidence"": 0.95
    }
  ]
}"
TRIAL_180,60,Cat 6: Ambiguous / Under-specified,P60,Put the component in the tray.,SayCan,8d83b97,2026-10-02T15:26:27.397264,42,True,True,True,True,1.0,False,0.17,0.7,False,3900.19,"{""selected_primitive"": ""pick(grey_bracket)"", ""score"": 0.17, ""scores"": {""pick(blue_bolt)"": 0.044000000000000004, ""pick(blue_cube)"": 0.044000000000000004, ""pick(red_cylinder)"": 0.08800000000000001, ""pick(red_housing)"": 0.132, ""pick(grey_bracket)"": 0.17, ""place(assembly_tray)"": 0.0, ""place(scrap_bin)"": 0.0, ""place(tray_pocket_1)"": 0.0, ""place(tray_pocket_2)"": 0.0, ""inspect(red_cylinder)"": 0.008199999999999999, ""sweep(conveyor)"": 0.0075, ""done()"": 0.0}}","{
  ""pick(blue_bolt)"": 0.05,
  ""pick(blue_cube)"": 0.05,
  ""pick(red_cylinder)"": 0.1,
  ""pick(red_housing)"": 0.15,
  ""pick(grey_bracket)"": 0.2,
  ""place(assembly_tray)"": 0.8,
  ""place(scrap_bin)"": 0.01,
  ""place(tray_pocket_1)"": 0.05,
  ""place(tray_pocket_2)"": 0.05,
  ""inspect(red_cylinder)"": 0.01,
  ""sweep(conveyor)"": 0.01,
  ""done()"": 0.0
}"
