trial_id,episode_id,prompt_id,category,instruction,method,seed,temperature,commit_hash,timestamp,syntax_valid,slot_action_correct,slot_target_correct,slot_destination_correct,slot_accuracy,clarification_triggered,confidence_value,threshold_value,execution_success,latency_ms,parsed_plan,raw_output
LG_TRIAL_00001,1,P01,Cat 1: Direct Imperative,Pick up the blue bolt and place it in tray pocket 1.,ARIA_Dialogue_Planning,42,0.7,8d83b97,2026-10-03T21:17:47.946619Z,True,True,True,True,1.0,False,1.0,0.7,True,3607.68,"{""plan_id"": ""pick_blue_bolt"", ""confidence"": 1.0, ""subgoals"": [""move_arm_to_grasp_workpiece_good_1""], ""actions"": [{""step"": 1, ""agent"": ""AffordanceAgent"", ""skill"": ""pick"", ""reasoning"": ""The object is within reach and visible."", ""parameters"": {""object_id"": ""workpiece_good_1""}}, {""step"": 2, ""agent"": ""AffordanceAgent"", ""skill"": ""place"", ""reasoning"": ""A free tray pocket is available."", ""parameters"": {""object_id"": ""workpiece_good_1"", ""target"": ""tray pocket 1""}}], ""requires_approval"": false, ""ambiguity_notes"": """"}","{ ""plan_id"": ""pick_blue_bolt"", ""confidence"": 1.00, ""subgoals"": [ ""move_arm_to_grasp_workpiece_good_1"" ] , ""actions"": [ { ""step"": 1, ""agent"": ""AffordanceAgent"", ""skill"": ""pick"", ""reasoning"": ""The object is within reach and visible."", ""parameters"": {""object_id"": ""workpiece_good_1""} }, { ""step"": 2, ""agent"": ""AffordanceAgent"", ""skill"": ""place"", ""reasoning"": ""A free tray pocket is available."", ""parameters"": {""object_id"": ""workpiece_good_1"", ""target"": ""tray pocket 1""}} ] , ""requires_approval"": false, ""ambiguity_notes"": """" }"
LG_TRIAL_00002,1,P01,Cat 1: Direct Imperative,Pick up the blue bolt and place it in tray pocket 1.,Direct_LLM,42,0.7,8d83b97,2026-10-03T21:17:51.570241Z,True,False,True,False,0.3333333333333333,False,0.95,0.7,False,3623.43,"{""plan_id"": ""bolt_planning_001"", ""confidence"": 0.95, ""subgoals"": [""pick blue bolt"", ""place in tray pocket 1""], ""actions"": [{""step"": 1, ""agent"": ""ControlAgent"", ""skill"": ""pick"", ""parameters"": {""object_id"": ""bolt_blue_001"", ""target"": ""gripper""}, ""reasoning"": ""grasping logic applied""}, {""step"": 2, ""agent"": ""ControlAgent"", ""skill"": ""place"", ""parameters"": {""object_id"": ""bolt_blue_001"", ""target"": ""tray_pocket_1""}, ""reasoning"": ""placement logic applied""}], ""requires_approval"": false, ""ambiguity_notes"": """"}","{
  ""plan_id"": ""bolt_planning_001"",
  ""confidence"": 0.95,
  ""subgoals"": [""pick blue bolt"", ""place in tray pocket 1""],
  ""actions"": [
    {
      ""step"": 1,
      ""agent"": ""ControlAgent"",
      ""skill"": ""pick"",
      ""parameters"": {""object_id"": ""bolt_blue_001"", ""target"": ""gripper""},
      ""reasoning"": ""grasping logic applied""
    },
    {
      ""step"": 2,
      ""agent"": ""ControlAgent"",
      ""skill"": ""place"",
      ""parameters"": {""object_id"": ""bolt_blue_001"", ""target"": ""tray_pocket_1""},
      ""reasoning"": ""placement logic applied""
    }
  ],
  ""requires_approval"": false,
  ""ambiguity_notes"": """"
}"
LG_TRIAL_00003,1,P01,Cat 1: Direct Imperative,Pick up the blue bolt and place it in tray pocket 1.,SayCan,42,0.7,8d83b97,2026-10-03T21:17:54.577754Z,True,False,True,True,0.6666666666666666,False,0.836,0.7,True,3007.22,"{""selected_primitive"": ""pick(blue_bolt)"", ""score"": 0.836}","{
  ""pick(blue_bolt)"": 0.95,
  ""pick(blue_cube)"": 0.05,
  ""pick(red_cylinder)"": 0.00,
  ""pick(red_housing)"": 0.00,
  ""pick(grey_bracket)"": 0.00,
  ""place(assembly_tray)"": 0.00,
  ""place(scrap_bin)"": 0.00,
  ""place(tray_pocket_1)"": 0.95,
  ""place(tray_pocket_2)"": 0.05,
  ""inspect(red_cylinder)"": 0.00,
  ""sweep(conveyor)"": 0.00,
  ""done()"": 0.00
}"
LG_TRIAL_00004,1,P01,Cat 1: Direct Imperative,Pick up the blue bolt and place it in tray pocket 1.,ARIA_Dialogue_Planning,1337,0.7,8d83b97,2026-10-03T21:17:58.876164Z,True,True,True,True,1.0,False,1.0,0.7,True,4298.2,"{""plan_id"": ""pick_blue_bolt"", ""confidence"": 1.0, ""subgoals"": [""move_to_workpiece_good_1"", ""pick_up_workpiece_good_1"", ""move_to_tray_pocket_1""], ""actions"": [{""step"": 1, ""agent"": ""AffordanceAgent"", ""skill"": ""pull"", ""reasoning"": ""Reasoner predicts that the blue bolt can be pulled towards the robot arm.""}, {""step"": 2, ""agent"": ""AffordanceAgent"", ""skill"": ""push"", ""reasoning"": ""Reasoner infers that pushing the gripper down will pick up the blue bolt.""}, {""step"": 3, ""agent"": ""AffordanceAgent"", ""skill"": ""place"", ""reasoning"": ""Reasoner deduces that placing the blue bolt in tray pocket 1 will accomplish the instruction.""}], ""requires_approval"": false, ""ambiguity_notes"": """"}","{ ""plan_id"": ""pick_blue_bolt"", ""confidence"": 1.00, ""subgoals"": [ ""move_to_workpiece_good_1"", ""pick_up_workpiece_good_1"", ""move_to_tray_pocket_1"" ], ""actions"": [ { ""step"": 1, ""agent"": ""AffordanceAgent"", ""skill"": ""pull"", ""reasoning"": ""Reasoner predicts that the blue bolt can be pulled towards the robot arm."" }, { ""step"": 2, ""agent"": ""AffordanceAgent"", ""skill"": ""push"", ""reasoning"": ""Reasoner infers that pushing the gripper down will pick up the blue bolt."" }, { ""step"": 3, ""agent"": ""AffordanceAgent"", ""skill"": ""place"", ""reasoning"": ""Reasoner deduces that placing the blue bolt in tray pocket 1 will accomplish the instruction."" } ], ""requires_approval"": false, ""ambiguity_notes"": """" }"
LG_TRIAL_00005,1,P01,Cat 1: Direct Imperative,Pick up the blue bolt and place it in tray pocket 1.,Direct_LLM,1337,0.7,8d83b97,2026-10-03T21:18:04.607842Z,True,False,True,True,0.6666666666666666,False,0.95,0.7,True,5731.51,"{""plan_id"": ""bolt_placement_plan"", ""confidence"": 0.95, ""subgoals"": [""pick up blue bolt"", ""place in tray pocket 1""], ""actions"": [{""step"": 1, ""agent"": ""VisionAgent"", ""skill"": ""locate"", ""parameters"": {""object_id"": ""blue_bolt""}, ""reasoning"": ""Identify blue bolt using vision""}, {""step"": 2, ""agent"": ""ControlAgent"", ""skill"": ""pick"", ""parameters"": {""object_id"": ""blue_bolt"", ""target"": ""gripper""}, ""reasoning"": ""Pick up blue bolt with gripper""}, {""step"": 3, ""agent"": ""VisionAgent"", ""skill"": ""locate"", ""parameters"": {""object_id"": ""tray_pocket_1""}, ""reasoning"": ""Identify tray pocket 1 using vision""}, {""step"": 4, ""agent"": ""ControlAgent"", ""skill"": ""place"", ""parameters"": {""object_id"": ""blue_bolt"", ""target"": ""tray_pocket_1""}, ""reasoning"": ""Place blue bolt in tray pocket 1""}], ""requires_approval"": false, ""ambiguity_notes"": """"}","{
  ""plan_id"": ""bolt_placement_plan"",
  ""confidence"": 0.95,
  ""subgoals"": [""pick up blue bolt"", ""place in tray pocket 1""],
  ""actions"": [
    {
      ""step"": 1,
      ""agent"": ""VisionAgent"",
      ""skill"": ""locate"",
      ""parameters"": {""object_id"": ""blue_bolt""},
      ""reasoning"": ""Identify blue bolt using vision""
    },
    {
      ""step"": 2,
      ""agent"": ""ControlAgent"",
      ""skill"": ""pick"",
      ""parameters"": {""object_id"": ""blue_bolt"", ""target"": ""gripper""},
      ""reasoning"": ""Pick up blue bolt with gripper""
    },
    {
      ""step"": 3,
      ""agent"": ""VisionAgent"",
      ""skill"": ""locate"",
      ""parameters"": {""object_id"": ""tray_pocket_1""},
      ""reasoning"": ""Identify tray pocket 1 using vision""
    },
    {
      ""step"": 4,
      ""agent"": ""ControlAgent"",
      ""skill"": ""place"",
      ""parameters"": {""object_id"": ""blue_bolt"", ""target"": ""tray_pocket_1""},
      ""reasoning"": ""Place blue bolt in tray pocket 1""
    }
  ],
  ""requires_approval"": false,
  ""ambiguity_notes"": """"
}"
LG_TRIAL_00006,1,P01,Cat 1: Direct Imperative,Pick up the blue bolt and place it in tray pocket 1.,SayCan,1337,0.7,8d83b97,2026-10-03T21:18:07.690056Z,True,False,True,True,0.6666666666666666,False,0.836,0.7,True,3082.02,"{""selected_primitive"": ""pick(blue_bolt)"", ""score"": 0.836}","{
  ""pick(blue_bolt)"": 0.95,
  ""pick(blue_cube)"": 0.05,
  ""pick(red_cylinder)"": 0.01,
  ""pick(red_housing)"": 0.00,
  ""pick(grey_bracket)"": 0.00,
  ""place(assembly_tray)"": 0.00,
  ""place(scrap_bin)"": 0.00,
  ""place(tray_pocket_1)"": 0.95,
  ""place(tray_pocket_2)"": 0.05,
  ""inspect(red_cylinder)"": 0.01,
  ""sweep(conveyor)"": 0.00,
  ""done()"": 0.00
}"
LG_TRIAL_00007,1,P01,Cat 1: Direct Imperative,Pick up the blue bolt and place it in tray pocket 1.,ARIA_Dialogue_Planning,2026,0.7,8d83b97,2026-10-03T21:18:12.532786Z,True,True,True,True,1.0,False,1.0,0.7,True,4842.42,"{""plan_id"": ""PICK_UP_BLUE_BOLT"", ""confidence"": 1.0, ""subgoals"": [""Move to workpiece_good_1 (blue bolt)"", ""Pick up workpiece_good_1 (blue bolt) using gripper"", ""Place workpiece_good_1 (blue bolt) in tray pocket 1""], ""actions"": [{""step"": 1, ""agent"": ""AffordanceAgent"", ""skill"": ""pick"", ""reasoning"": ""Move to the location of the blue bolt.""}, {""step"": 2, ""agent"": ""AffordanceAgent"", ""skill"": ""pick"", ""reasoning"": ""Pick up the blue bolt using gripper.""}, {""step"": 3, ""agent"": ""AffordanceAgent"", ""skill"": ""place"", ""reasoning"": ""Place the blue bolt in tray pocket 1.""}], ""requires_approval"": false, ""ambiguity_notes"": """"}","{

    ""plan_id"": ""PICK_UP_BLUE_BOLT"",
    ""confidence"": 1.0,
    ""subgoals"": [
        ""Move to workpiece_good_1 (blue bolt)"",
        ""Pick up workpiece_good_1 (blue bolt) using gripper"",
        ""Place workpiece_good_1 (blue bolt) in tray pocket 1""
    ],
    ""actions"": [
        {
            ""step"": 1,
            ""agent"": ""AffordanceAgent"",
            ""skill"": ""pick"",
            ""reasoning"": ""Move to the location of the blue bolt.""
        },
        {
            ""step"": 2,
            ""agent"": ""AffordanceAgent"",
            ""skill"": ""pick"",
            ""reasoning"": ""Pick up the blue bolt using gripper.""
        },
        {
            ""step"": 3,
            ""agent"": ""AffordanceAgent"",
            ""skill"": ""place"",
            ""reasoning"": ""Place the blue bolt in tray pocket 1.""
        }
    ],
    ""requires_approval"": false
  , ""ambiguity_notes"": """"
}"
LG_TRIAL_00008,1,P01,Cat 1: Direct Imperative,Pick up the blue bolt and place it in tray pocket 1.,Direct_LLM,2026,0.7,8d83b97,2026-10-03T21:18:14.312140Z,True,False,True,True,0.6666666666666666,False,0.95,0.7,True,1779.15,"{""plan_id"": ""blue_bolt_plan"", ""confidence"": 0.95, ""subgoals"": [""pick up blue bolt"", ""place in tray pocket 1""], ""actions"": [{""step"": 1, ""agent"": ""ControlAgent"", ""skill"": ""pick"", ""parameters"": {""object_id"": ""blue_bolt"", ""target"": """"}, ""reasoning"": ""pick up blue bolt from current location""}], ""requires_approval"": false, ""ambiguity_notes"": """"}","{""plan_id"":""blue_bolt_plan"",""confidence"":0.95,""subgoals"":[""pick up blue bolt"",""place in tray pocket 1""],""actions"":[{""step"":1,""agent"":""ControlAgent"",""skill"":""pick"",""parameters"":{""object_id"":""blue_bolt"",""target"":""""},""reasoning"":""pick up blue bolt from current location""}],""requires_approval"":false,""ambiguity_notes"":""""}"
LG_TRIAL_00009,1,P01,Cat 1: Direct Imperative,Pick up the blue bolt and place it in tray pocket 1.,SayCan,2026,0.7,8d83b97,2026-10-03T21:18:17.385069Z,True,False,True,True,0.6666666666666666,False,0.66,0.7,True,3072.79,"{""selected_primitive"": ""pick(blue_bolt)"", ""score"": 0.66}","{
  ""pick(blue_bolt)"": 0.75,
  ""pick(blue_cube)"": 0.00,
  ""pick(red_cylinder)"": 0.25,
  ""pick(red_housing)"": 0.00,
  ""pick(grey_bracket)"": 0.00,
  ""place(assembly_tray)"": 0.00,
  ""place(scrap_bin)"": 0.00,
  ""place(tray_pocket_1)"": 0.80,
  ""place(tray_pocket_2)"": 0.20,
  ""inspect(red_cylinder)"": 0.00,
  ""sweep(conveyor)"": 0.00,
  ""done()"": 0.00
}"
LG_TRIAL_00010,2,P02,Cat 1: Direct Imperative,Grasp the red cylinder and transfer it to the assembly fixture.,ARIA_Dialogue_Planning,42,0.7,8d83b97,2026-10-03T21:18:23.423702Z,False,False,True,True,0.6666666666666666,True,0.5,0.7,False,6038.4,{},"{ ""plan_id"": ""Grasp_and_Transfer"", ""confidence"": 1.00, ""subgoals"": [ ""grasp_object"", ""transfer_object"" ], ""actions"": [ { ""step"": 1, ""agent"": ""AffordanceAgent"", ""skill"": ""pick"", ""reasoning"": ""Grasp the red cylinder with a gripper"", ""parameters"": { ""object_id"": ""workpiece_defect_1"" } }, { ""step"": 2, ""agent"": ""AffordanceAgent"", ""skill"": ""place"", ""reasoning"": ""Transfer the red cylinder to the assembly fixture"", ""parameters"": { ""object_id"": ""workpiece_defect_1"", ""target"": ""assembly_fixture"" } }, { ""step"": 3, ""agent"": ""AffordanceAgent"", ""skill"": ""inspect"", ""reasoning"": ""Verify that the red cylinder is placed correctly in the assembly fixture"", ""parameters"": { ""object_id"": ""workpiece_defect_1"", ""target"": ""assembly_fixture"" } }, { ""step"": 4, ""agent"": ""AffordanceAgent"", ""skill"": ""inspect"", ""reasoning"": ""Verify that the red cylinder is placed correctly in the assembly fixture"", ""parameters"": { ""object_id"": ""workpiece_defect_1"", ""target"": ""assembly_fixture"" } }, { ""step"": 5, """
LG_TRIAL_00011,2,P02,Cat 1: Direct Imperative,Grasp the red cylinder and transfer it to the assembly fixture.,Direct_LLM,42,0.7,8d83b97,2026-10-03T21:18:26.982965Z,True,False,True,True,0.6666666666666666,False,0.95,0.7,True,3559.08,"{""plan_id"": ""CylinderTransferPlan"", ""confidence"": 0.95, ""subgoals"": [""Grasp red cylinder"", ""Transfer to assembly fixture""], ""actions"": [{""step"": 1, ""agent"": ""VisionAgent"", ""skill"": ""locate"", ""parameters"": {""object_id"": ""red_cylinder""}, ""reasoning"": ""Identify target object""}, {""step"": 2, ""agent"": ""SkillAgent"", ""skill"": ""pick"", ""parameters"": {""object_id"": ""red_cylinder"", ""target"": ""assembly_fixture""}, ""reasoning"": ""Grasp red cylinder with gripper""}], ""requires_approval"": false, ""ambiguity_notes"": """"}","{
  ""plan_id"": ""CylinderTransferPlan"",
  ""confidence"": 0.95,
  ""subgoals"": [""Grasp red cylinder"", ""Transfer to assembly fixture""],
  ""actions"": [
    {
      ""step"": 1,
      ""agent"": ""VisionAgent"",
      ""skill"": ""locate"",
      ""parameters"": {""object_id"": ""red_cylinder""},
      ""reasoning"": ""Identify target object""
    },
    {
      ""step"": 2,
      ""agent"": ""SkillAgent"",
      ""skill"": ""pick"",
      ""parameters"": {""object_id"": ""red_cylinder"", ""target"": ""assembly_fixture""},
      ""reasoning"": ""Grasp red cylinder with gripper""
    }
  ],
  ""requires_approval"": false,
  ""ambiguity_notes"": """"
}"
LG_TRIAL_00012,2,P02,Cat 1: Direct Imperative,Grasp the red cylinder and transfer it to the assembly fixture.,SayCan,42,0.7,8d83b97,2026-10-03T21:18:30.127429Z,True,False,True,True,0.6666666666666666,False,0.88,0.7,True,3144.28,"{""selected_primitive"": ""pick(red_cylinder)"", ""score"": 0.88}","{
  ""pick(blue_bolt)"": 0.0,
  ""pick(blue_cube)"": 0.0,
  ""pick(red_cylinder)"": 1.0,
  ""pick(red_housing)"": 0.3,
  ""pick(grey_bracket)"": 0.2,
  ""place(assembly_tray)"": 0.4,
  ""place(scrap_bin)"": 0.1,
  ""place(tray_pocket_1)"": 0.2,
  ""place(tray_pocket_2)"": 0.1,
  ""inspect(red_cylinder)"": 0.6,
  ""sweep(conveyor)"": 0.0,
  ""done()"": 0.0
}"
LG_TRIAL_00013,2,P02,Cat 1: Direct Imperative,Grasp the red cylinder and transfer it to the assembly fixture.,ARIA_Dialogue_Planning,1337,0.7,8d83b97,2026-10-03T21:18:34.952044Z,True,True,True,True,1.0,False,1.0,0.7,True,4824.44,"{""plan_id"": ""grasp_and_transfer_defective_cylinder"", ""confidence"": 1.0, ""subgoals"": [""find_red_cylinder"", ""grasp_red_cylinder"", ""transfer_red_cylinder_to_fixture""], ""actions"": [{""step"": 1, ""agent"": ""AffordanceAgent"", ""skill"": ""locate"", ""reasoning"": ""Find the red cylinder among the detected objects."", ""parameters"": {""object_id"": ""workpiece_defect_1""}}, {""step"": 2, ""agent"": ""AffordanceAgent"", ""skill"": ""pick"", ""reasoning"": ""Grasp the located red cylinder with a proper gripper."", ""parameters"": {""object_id"": ""workpiece_defect_1""}}, {""step"": 3, ""agent"": ""AffordanceAgent"", ""skill"": ""place"", ""reasoning"": ""Transfer the grasped red cylinder to the assembly fixture."", ""parameters"": {""object_id"": ""workpiece_defect_1"", ""target"": ""assembly_fixture""}}], ""requires_approval"": false, ""ambiguity_notes"": """"}","{ ""plan_id"": ""grasp_and_transfer_defective_cylinder"", ""confidence"": 1.00, ""subgoals"": [ ""find_red_cylinder"", ""grasp_red_cylinder"", ""transfer_red_cylinder_to_fixture"" ], ""actions"": [ { ""step"": 1, ""agent"": ""AffordanceAgent"", ""skill"": ""locate"", ""reasoning"": ""Find the red cylinder among the detected objects."", ""parameters"": {""object_id"": ""workpiece_defect_1""} }, { ""step"": 2, ""agent"": ""AffordanceAgent"", ""skill"": ""pick"", ""reasoning"": ""Grasp the located red cylinder with a proper gripper."", ""parameters"": {""object_id"": ""workpiece_defect_1""} }, { ""step"": 3, ""agent"": ""AffordanceAgent"", ""skill"": ""place"", ""reasoning"": ""Transfer the grasped red cylinder to the assembly fixture."", ""parameters"": {""object_id"": ""workpiece_defect_1"", ""target"": ""assembly_fixture""} } ], ""requires_approval"": false, ""ambiguity_notes"": """" }"
LG_TRIAL_00014,2,P02,Cat 1: Direct Imperative,Grasp the red cylinder and transfer it to the assembly fixture.,Direct_LLM,1337,0.7,8d83b97,2026-10-03T21:18:38.587163Z,True,False,True,True,0.6666666666666666,False,0.95,0.7,True,3634.97,"{""plan_id"": ""red_cylinder_transfer"", ""confidence"": 0.95, ""subgoals"": [""Grasp red cylinder"", ""Transfer to assembly fixture""], ""actions"": [{""step"": 1, ""agent"": ""VisionAgent"", ""skill"": ""locate"", ""parameters"": {""object_id"": ""red_cylinder""}, ""reasoning"": ""Identify the target object using visual recognition""}, {""step"": 2, ""agent"": ""ControlAgent"", ""skill"": ""pick"", ""parameters"": {""object_id"": ""red_cylinder"", ""target"": ""assembly_fixture""}, ""reasoning"": ""Grasp the red cylinder based on its location and orientation""}], ""requires_approval"": false, ""ambiguity_notes"": """"}","{
  ""plan_id"": ""red_cylinder_transfer"",
  ""confidence"": 0.95,
  ""subgoals"": [""Grasp red cylinder"", ""Transfer to assembly fixture""],
  ""actions"": [
    {
      ""step"": 1,
      ""agent"": ""VisionAgent"",
      ""skill"": ""locate"",
      ""parameters"": {""object_id"": ""red_cylinder""},
      ""reasoning"": ""Identify the target object using visual recognition""
    },
    {
      ""step"": 2,
      ""agent"": ""ControlAgent"",
      ""skill"": ""pick"",
      ""parameters"": {""object_id"": ""red_cylinder"", ""target"": ""assembly_fixture""},
      ""reasoning"": ""Grasp the red cylinder based on its location and orientation""
    }
  ],
  ""requires_approval"": false,
  ""ambiguity_notes"": """"
}"
LG_TRIAL_00015,2,P02,Cat 1: Direct Imperative,Grasp the red cylinder and transfer it to the assembly fixture.,SayCan,1337,0.7,8d83b97,2026-10-03T21:18:41.669981Z,True,False,True,True,0.6666666666666666,False,0.88,0.7,True,3082.63,"{""selected_primitive"": ""pick(red_cylinder)"", ""score"": 0.88}","{
  ""pick(blue_bolt)"": 0.0,
  ""pick(blue_cube)"": 0.0,
  ""pick(red_cylinder)"": 1.0,
  ""pick(red_housing)"": 0.2,
  ""pick(grey_bracket)"": 0.0,
  ""place(assembly_tray)"": 0.8,
  ""place(scrap_bin)"": 0.0,
  ""place(tray_pocket_1)"": 0.2,
  ""place(tray_pocket_2)"": 0.0,
  ""inspect(red_cylinder)"": 0.2,
  ""sweep(conveyor)"": 0.0,
  ""done()"": 0.0
}"
LG_TRIAL_00016,2,P02,Cat 1: Direct Imperative,Grasp the red cylinder and transfer it to the assembly fixture.,ARIA_Dialogue_Planning,2026,0.7,8d83b97,2026-10-03T21:18:46.681920Z,True,True,True,True,1.0,False,1.0,0.7,True,5011.72,"{""plan_id"": ""GRASP_AND_TRANSFER"", ""confidence"": 1.0, ""subgoals"": [""SELECT_OBJECT"", ""GRASP_OBJECT"", ""TRANSFER_OBJECT""], ""actions"": [{""step"": 1, ""agent"": ""AffordanceAgent"", ""skill"": ""pick"", ""reasoning"": ""Select the red cylinder from the workcell."", ""parameters"": {""object_id"": ""workpiece_defect_1""}}, {""step"": 2, ""agent"": ""AffordanceAgent"", ""skill"": ""pick"", ""reasoning"": ""Grasp the selected object using gripper."", ""parameters"": {}}, {""step"": 3, ""agent"": ""AffordanceAgent"", ""skill"": ""place"", ""reasoning"": ""Transfer the grasped object to assembly fixture."", ""parameters"": {""object_id"": ""workpiece_defect_1"", ""target"": ""assembly_fixture""}}], ""requires_approval"": false, ""ambiguity_notes"": """"}","{

    ""plan_id"": ""GRASP_AND_TRANSFER"",
    ""confidence"": 1.0,
    ""subgoals"": [
        ""SELECT_OBJECT"",
        ""GRASP_OBJECT"",
        ""TRANSFER_OBJECT""
    ],
    ""actions"": [
        {
            ""step"": 1,
            ""agent"": ""AffordanceAgent"",
            ""skill"": ""pick"",
            ""reasoning"": ""Select the red cylinder from the workcell."",
            ""parameters"": {""object_id"": ""workpiece_defect_1""}
        },
        {
            ""step"": 2,
            ""agent"": ""AffordanceAgent"",
            ""skill"": ""pick"",
            ""reasoning"": ""Grasp the selected object using gripper."",
            ""parameters"": {}
        },
        {
            ""step"": 3,
            ""agent"": ""AffordanceAgent"",
            ""skill"": ""place"",
            ""reasoning"": ""Transfer the grasped object to assembly fixture."",
            ""parameters"": {""object_id"": ""workpiece_defect_1"", ""target"": ""assembly_fixture""}
        }
    ],
    ""requires_approval"": false,
    ""ambiguity_notes"": """"
}"
LG_TRIAL_00017,2,P02,Cat 1: Direct Imperative,Grasp the red cylinder and transfer it to the assembly fixture.,Direct_LLM,2026,0.7,8d83b97,2026-10-03T21:18:48.405430Z,True,False,True,True,0.6666666666666666,False,0.8,0.7,True,1723.28,"{""plan_id"": ""cylinder_transfer"", ""confidence"": 0.8, ""subgoals"": [""grasp_red_cylinder"", ""transfer_to_assembly_fixture""], ""actions"": [{""step"": 1, ""agent"": ""SkillAgent"", ""skill"": ""pick"", ""parameters"": {""object_id"": ""red_cylinder"", ""target"": """"}, ""reasoning"": ""Grasp the red cylinder""}], ""requires_approval"": false, ""ambiguity_notes"": """"}","{""plan_id"":""cylinder_transfer"",""confidence"":0.8,""subgoals"":[""grasp_red_cylinder"",""transfer_to_assembly_fixture""],""actions"":[{""step"":1,""agent"":""SkillAgent"",""skill"":""pick"",""parameters"":{""object_id"":""red_cylinder"",""target"":""""},""reasoning"":""Grasp the red cylinder""}],""requires_approval"":false,""ambiguity_notes"":""""}"
LG_TRIAL_00018,2,P02,Cat 1: Direct Imperative,Grasp the red cylinder and transfer it to the assembly fixture.,SayCan,2026,0.7,8d83b97,2026-10-03T21:18:51.482822Z,True,False,True,True,0.6666666666666666,False,0.862,0.7,True,3077.16,"{""selected_primitive"": ""pick(red_cylinder)"", ""score"": 0.862}","{
  ""pick(blue_bolt)"": 0.02,
  ""pick(blue_cube)"": 0.04,
  ""pick(red_cylinder)"": 0.98,
  ""pick(red_housing)"": 0.03,
  ""pick(grey_bracket)"": 0.01,
  ""place(assembly_tray)"": 0.05,
  ""place(scrap_bin)"": 0.02,
  ""place(tray_pocket_1)"": 0.06,
  ""place(tray_pocket_2)"": 0.08,
  ""inspect(red_cylinder)"": 0.04,
  ""sweep(conveyor)"": 0.01,
  ""done()"": 0.0
}"
LG_TRIAL_00019,3,P03,Cat 1: Direct Imperative,Pick the grey bracket from the table and drop it into bin A.,ARIA_Dialogue_Planning,42,0.7,8d83b97,2026-10-03T21:18:55.414430Z,True,True,True,True,1.0,False,1.0,0.7,True,3931.28,"{""plan_id"": ""pick-grey-bracket"", ""confidence"": 1.0, ""subgoals"": [""step_1: Move to pick up grey bracket from table""], ""actions"": [{""step"": 1, ""agent"": ""AffordanceAgent"", ""skill"": ""pick"", ""reasoning"": ""grey_bracket is located on the table and needs to be picked up."", ""parameters"": {""object_id"": ""grey_bracket""}}, {""step"": 2, ""agent"": ""AffordanceAgent"", ""skill"": ""place"", ""reasoning"": ""The grey bracket needs to be dropped into bin A."", ""parameters"": {""object_id"": ""grey_bracket"", ""target"": ""bin_A""}}], ""requires_approval"": false, ""ambiguity_notes"": """"}","{ ""plan_id"": ""pick-grey-bracket"", ""confidence"": 1.00, ""subgoals"": [ ""step_1: Move to pick up grey bracket from table"" ] , ""actions"": [ { ""step"": 1, ""agent"": ""AffordanceAgent"", ""skill"": ""pick"", ""reasoning"": ""grey_bracket is located on the table and needs to be picked up."", ""parameters"": { ""object_id"": ""grey_bracket"" } }, { ""step"": 2, ""agent"": ""AffordanceAgent"", ""skill"": ""place"", ""reasoning"": ""The grey bracket needs to be dropped into bin A."", ""parameters"": { ""object_id"": ""grey_bracket"", ""target"": ""bin_A"" } } ] , ""requires_approval"": false, ""ambiguity_notes"": """" }"
LG_TRIAL_00020,3,P03,Cat 1: Direct Imperative,Pick the grey bracket from the table and drop it into bin A.,Direct_LLM,42,0.7,8d83b97,2026-10-03T21:19:01.270718Z,False,False,True,True,0.6666666666666666,False,0.7,0.7,False,5856.13,{},"{
  ""plan_id"": ""PickGreyBracketAndDropIntoBinA"",
  ""confidence"": 0.95,
  ""subgoals"": [""pick grey bracket from table"", ""drop into bin A""],
  ""actions"": [
    {
      ""step"": 1,
      ""agent"": ""ControlAgent"",
      ""skill"": ""move_joints"",
      ""parameters"": {""joint_angles"": ""[...]""},  	""reasoning"": ""Align robotic arm to table""
    },
    {
      ""step"": 2,
      ""agent"": ""VisionAgent"",
      ""skill"": ""locate"",
      ""parameters"": {""object_id"": ""grey_bracket"", ""target"": ""table""},
      ""reasoning"": ""Identify grey bracket on table""
    },
    {
      ""step"": 3,
      ""agent"": ""ControlAgent"",
      ""skill"": ""pick"",
      ""parameters"": {""object_id"": ""grey_bracket"", ""gripper_position"": ""[...]""}, 	""reasoning"": ""Pick grey bracket from table""
    },
    {
      ""step"": 4,
      ""agent"": ""VisionAgent"",
      ""skill"": ""locate"",
      ""parameters"": {""object_id"": ""bin_A"", ""target"": ""workspace""},
      ""reasoning"": ""Identify bin A in workspace""
    },
    {
      ""step"": 5,
      ""agent"": ""ControlAgent"",
      ""skill"": """
LG_TRIAL_00021,3,P03,Cat 1: Direct Imperative,Pick the grey bracket from the table and drop it into bin A.,SayCan,42,0.7,8d83b97,2026-10-03T21:19:04.436657Z,True,False,True,True,0.6666666666666666,False,0.722,0.7,True,3165.75,"{""selected_primitive"": ""pick(grey_bracket)"", ""score"": 0.722}","{
  ""pick(blue_bolt)"": 0.05,
  ""pick(blue_cube)"": 0.03,
  ""pick(red_cylinder)"": 0.07,
  ""pick(red_housing)"": 0.04,
  ""pick(grey_bracket)"": 0.85,
  ""place(assembly_tray)"": 0.01,
  ""place(scrap_bin)"": 0.02,
  ""place(tray_pocket_1)"": 0.06,
  ""place(tray_pocket_2)"": 0.09,
  ""inspect(red_cylinder)"": 0.08,
  ""sweep(conveyor)"": 0.13,
  ""done()"": 0.01
}"
LG_TRIAL_00022,3,P03,Cat 1: Direct Imperative,Pick the grey bracket from the table and drop it into bin A.,ARIA_Dialogue_Planning,1337,0.7,8d83b97,2026-10-03T21:19:08.425545Z,True,True,True,True,1.0,False,1.0,0.7,True,3988.68,"{""plan_id"": ""pick-grey-bracket"", ""confidence"": 1.0, ""subgoals"": [""move-to-gripper"", ""release-at-destination""], ""actions"": [{""step"": 1, ""agent"": ""AffordanceAgent"", ""skill"": ""pick"", ""reasoning"": ""The grey bracket is the only object in the workcell that matches the instruction."", ""parameters"": {""target"": ""grey_bracket"", ""distance_m"": 0.2}}, {""step"": 2, ""agent"": ""AffordanceAgent"", ""skill"": ""place"", ""reasoning"": ""Bin A is a designated destination for placing objects."", ""parameters"": {""target"": ""bin_A"", ""distance_m"": 0.5}}], ""requires_approval"": false, ""ambiguity_notes"": """"}","{ ""plan_id"": ""pick-grey-bracket"", ""confidence"": 1.00, ""subgoals"": [ ""move-to-gripper"", ""release-at-destination"" ], ""actions"": [ { ""step"": 1, ""agent"": ""AffordanceAgent"", ""skill"": ""pick"", ""reasoning"": ""The grey bracket is the only object in the workcell that matches the instruction."", ""parameters"": { ""target"": ""grey_bracket"", ""distance_m"": 0.2 } }, { ""step"": 2, ""agent"": ""AffordanceAgent"", ""skill"": ""place"", ""reasoning"": ""Bin A is a designated destination for placing objects."", ""parameters"": { ""target"": ""bin_A"", ""distance_m"": 0.5 } } ], ""requires_approval"": false, ""ambiguity_notes"": """" }"
LG_TRIAL_00023,3,P03,Cat 1: Direct Imperative,Pick the grey bracket from the table and drop it into bin A.,Direct_LLM,1337,0.7,8d83b97,2026-10-03T21:19:12.020904Z,True,False,True,False,0.3333333333333333,False,0.95,0.7,False,3595.13,"{""plan_id"": ""grey_bracket_pick"", ""confidence"": 0.95, ""subgoals"": [""pick grey bracket from table""], ""actions"": [{""step"": 1, ""agent"": ""VisionAgent"", ""skill"": ""locate"", ""parameters"": {""object_id"": ""grey_bracket"", ""target"": ""table""}, ""reasoning"": ""Detect the grey bracket on the table""}, {""step"": 2, ""agent"": ""ControlAgent"", ""skill"": ""pick"", ""parameters"": {""object_id"": ""grey_bracket"", ""target"": ""bin_A""}, ""reasoning"": ""Grasp and lift the grey bracket from the table""}], ""requires_approval"": false, ""ambiguity_notes"": """"}","{
  ""plan_id"": ""grey_bracket_pick"",
  ""confidence"": 0.95,
  ""subgoals"": [""pick grey bracket from table""],
  ""actions"": [
    {
      ""step"": 1,
      ""agent"": ""VisionAgent"",
      ""skill"": ""locate"",
      ""parameters"": {""object_id"": ""grey_bracket"", ""target"": ""table""},
      ""reasoning"": ""Detect the grey bracket on the table""
    },
    {
      ""step"": 2,
      ""agent"": ""ControlAgent"",
      ""skill"": ""pick"",
      ""parameters"": {""object_id"": ""grey_bracket"", ""target"": ""bin_A""},
      ""reasoning"": ""Grasp and lift the grey bracket from the table""
    }
  ],
  ""requires_approval"": false,
  ""ambiguity_notes"": """"
}"
LG_TRIAL_00024,3,P03,Cat 1: Direct Imperative,Pick the grey bracket from the table and drop it into bin A.,SayCan,1337,0.7,8d83b97,2026-10-03T21:19:15.130517Z,True,False,True,True,0.6666666666666666,False,0.765,0.7,True,3109.44,"{""selected_primitive"": ""pick(grey_bracket)"", ""score"": 0.765}","{
  ""pick(blue_bolt)"": 0.0,
  ""pick(blue_cube)"": 0.0,
  ""pick(red_cylinder)"": 0.1,
  ""pick(red_housing)"": 0.2,
  ""pick(grey_bracket)"": 0.9,
  ""place(assembly_tray)"": 0.1,
  ""place(scrap_bin)"": 0.8,
  ""place(tray_pocket_1)"": 0.1,
  ""place(tray_pocket_2)"": 0.1,
  ""inspect(red_cylinder)"": 0.0,
  ""sweep(conveyor)"": 0.0,
  ""done()"": 0.0
}"
LG_TRIAL_00025,3,P03,Cat 1: Direct Imperative,Pick the grey bracket from the table and drop it into bin A.,ARIA_Dialogue_Planning,2026,0.7,8d83b97,2026-10-03T21:19:20.159732Z,True,True,True,True,1.0,False,1.0,0.7,True,5029.04,"{""plan_id"": ""PickGreyBracket"", ""confidence"": 1.0, ""subgoals"": [""MoveArmToGreyBracket"", ""PickGreyBracketWithGripper"", ""DropGreyBracketInBinA""], ""actions"": [{""step"": 1, ""agent"": ""AffordanceAgent"", ""skill"": ""pick"", ""reasoning"": ""Move arm to grey bracket"", ""parameters"": {""object_id"": ""grey_bracket""}}, {""step"": 2, ""agent"": ""AffordanceAgent"", ""skill"": ""pick"", ""reasoning"": ""Pick grey bracket with gripper"", ""parameters"": {""object_id"": ""grey_bracket""}}, {""step"": 3, ""agent"": ""AffordanceAgent"", ""skill"": ""place"", ""reasoning"": ""Drop grey bracket in bin A"", ""parameters"": {""object_id"": ""grey_bracket"", ""target"": ""bin_A""}}], ""requires_approval"": false, ""ambiguity_notes"": """"}","{
    ""plan_id"": ""PickGreyBracket"",
    ""confidence"": 1.0,
    ""subgoals"": [
        ""MoveArmToGreyBracket"",
        ""PickGreyBracketWithGripper"",
        ""DropGreyBracketInBinA""
    ],
    ""actions"": [
        {
            ""step"": 1,
            ""agent"": ""AffordanceAgent"",
            ""skill"": ""pick"",
            ""reasoning"": ""Move arm to grey bracket"",
            ""parameters"": {""object_id"": ""grey_bracket""}
        },
        {
            ""step"": 2,
            ""agent"": ""AffordanceAgent"",
            ""skill"": ""pick"",
            ""reasoning"": ""Pick grey bracket with gripper"",
            ""parameters"": {""object_id"": ""grey_bracket""}
        },
        {
            ""step"": 3,
            ""agent"": ""AffordanceAgent"",
            ""skill"": ""place"",
            ""reasoning"": ""Drop grey bracket in bin A"",
            ""parameters"": {""object_id"": ""grey_bracket"", ""target"": ""bin_A""}
        }
    ],
    ""requires_approval"": false,
    ""ambiguity_notes"": """"
}"
LG_TRIAL_00026,3,P03,Cat 1: Direct Imperative,Pick the grey bracket from the table and drop it into bin A.,Direct_LLM,2026,0.7,8d83b97,2026-10-03T21:19:24.158496Z,False,False,True,True,0.6666666666666666,False,0.95,0.7,False,3998.52,"{""plan_id"": ""GreyBracketPickAndPlace"", ""confidence"": 0.95, ""subgoals"": [""pick grey bracket from table"", ""place grey bracket in bin A""], ""actions"": [{""step"": 1, ""agent"": ""ControlAgent"", ""skill"": ""move_to"", ""parameters"": {""object_id"": ""grey_bracket"", ""target"": ""table""}, ""reasoning"": ""Move control arm to pick up grey bracket.""}, {""step"": 2, ""agent"": ""VisionAgent"", ""skill"": ""find_object"", ""parameters"": {""object_id"": ""grey_bracket""}, ""reasoning"": ""Locate grey bracket on table using vision agent.""}, {""step"": 3, ""agent"": ""ControlAgent"", ""skill"": ""pick"", ""parameters"": {""object_id"": ""grey_bracket""}, ""reasoning"": ""Pick up grey bracket with control arm.""}, {""step"": 4, ""agent"": ""ControlAgent"", ""skill"": ""move_to"", ""parameters"": {""object_id"": ""grey_bracket"", ""target"": ""bin A""}, ""reasoning"": ""Move picked grey bracket to bin A using control arm.""}], ""requires_approval"": false, ""ambiguity_notes"": """"}","{""plan_id"":""GreyBracketPickAndPlace"",""confidence"":0.95,""subgoals"":[""pick grey bracket from table"",""place grey bracket in bin A""],""actions"":[{""step"":1,""agent"":""ControlAgent"",""skill"":""move_to"",""parameters"":{""object_id"":""grey_bracket"",""target"":""table""},""reasoning"":""Move control arm to pick up grey bracket.""},{""step"":2,""agent"":""VisionAgent"",""skill"":""find_object"",""parameters"":{""object_id"":""grey_bracket""},""reasoning"":""Locate grey bracket on table using vision agent.""},{""step"":3,""agent"":""ControlAgent"",""skill"":""pick"",""parameters"":{""object_id"":""grey_bracket""},""reasoning"":""Pick up grey bracket with control arm.""},{""step"":4,""agent"":""ControlAgent"",""skill"":""move_to"",""parameters"":{""object_id"":""grey_bracket"",""target"":""bin A""},""reasoning"":""Move picked grey bracket to bin A using control arm.""}],""requires_approval"":false,""ambiguity_notes"":""""}"
LG_TRIAL_00027,3,P03,Cat 1: Direct Imperative,Pick the grey bracket from the table and drop it into bin A.,SayCan,2026,0.7,8d83b97,2026-10-03T21:19:27.051532Z,True,False,True,True,0.6666666666666666,False,0.68,0.7,True,2892.86,"{""selected_primitive"": ""pick(grey_bracket)"", ""score"": 0.68}","{ ""pick(blue_bolt)"": 0.0, 
""pick(blue_cube)"": 0.0,
""pick(red_cylinder)"": 0.1,
""pick(red_housing)"": 0.05,
""pick(grey_bracket)"": 0.8,
""place(assembly_tray)"": 0.0,
""place(scrap_bin)"": 0.2,
""place(tray_pocket_1)"": 0.0,
""place(tray_pocket_2)"": 0.0,
""inspect(red_cylinder)"": 0.01,
""sweep(conveyor)"": 0.0,
""done()"": 0.0 }"
LG_TRIAL_00028,4,P04,Cat 1: Direct Imperative,Transfer the blue cube from the pickup zone to the pallet.,ARIA_Dialogue_Planning,42,0.7,8d83b97,2026-10-03T21:19:30.262182Z,True,True,True,True,1.0,False,1.0,0.7,True,3210.43,"{""plan_id"": ""transfer_blue_cube"", ""confidence"": 1.0, ""subgoals"": [""move_arm_to_pickup_zone"", ""pick_up_workpiece_good_2"", ""move_arm_to_pallet""], ""actions"": [{""step"": 1, ""agent"": ""AffordanceAgent"", ""skill"": ""pick"", ""reasoning"": ""Affordance reasoning for workpiece_good_2""}, {""step"": 2, ""agent"": ""AffordanceAgent"", ""skill"": ""place"", ""reasoning"": ""Affordance reasoning for pallet""}], ""requires_approval"": false, ""ambiguity_notes"": """"}","{ ""plan_id"": ""transfer_blue_cube"", ""confidence"": 1.0, ""subgoals"":
[
    ""move_arm_to_pickup_zone"", ""pick_up_workpiece_good_2"",
    ""move_arm_to_pallet""
],
""actions"":
[
    {""step"": 1, ""agent"": ""AffordanceAgent"", ""skill"": ""pick"", ""reasoning"": ""Affordance reasoning for workpiece_good_2""},
    {""step"": 2, ""agent"": ""AffordanceAgent"", ""skill"": ""place"", ""reasoning"": ""Affordance reasoning for pallet""}
],
""requires_approval"": false,
""ambiguity_notes"": """"
}"
LG_TRIAL_00029,4,P04,Cat 1: Direct Imperative,Transfer the blue cube from the pickup zone to the pallet.,Direct_LLM,42,0.7,8d83b97,2026-10-03T21:19:35.172721Z,True,False,True,False,0.3333333333333333,False,0.95,0.7,False,4910.34,"{""plan_id"": ""TransferBlueCube"", ""confidence"": 0.95, ""subgoals"": [""Transfer blue cube""], ""actions"": [{""step"": 1, ""agent"": ""VisionAgent"", ""skill"": ""locate"", ""parameters"": {""object_id"": ""blue_cube"", ""target"": ""pickup_zone""}, ""reasoning"": ""Locate the blue cube in the pickup zone.""}, {""step"": 2, ""agent"": ""ControlAgent"", ""skill"": ""pick"", ""parameters"": {""object_id"": ""blue_cube"", ""target"": ""pallet""}, ""reasoning"": ""Pick up the blue cube from the pickup zone and move it to the pallet.""}, {""step"": 3, ""agent"": ""VisionAgent"", ""skill"": ""inspect"", ""parameters"": {""object_id"": ""blue_cube"", ""target"": ""pallet""}, ""reasoning"": ""Inspect the blue cube on the pallet to confirm successful transfer.""}], ""requires_approval"": false, ""ambiguity_notes"": """"}","{
  ""plan_id"": ""TransferBlueCube"",
  ""confidence"": 0.95,
  ""subgoals"": [""Transfer blue cube""],
  ""actions"": [
    {
      ""step"": 1,
      ""agent"": ""VisionAgent"",
      ""skill"": ""locate"",
      ""parameters"": {""object_id"": ""blue_cube"", ""target"": ""pickup_zone""},
      ""reasoning"": ""Locate the blue cube in the pickup zone.""
    },
    {
      ""step"": 2,
      ""agent"": ""ControlAgent"",
      ""skill"": ""pick"",
      ""parameters"": {""object_id"": ""blue_cube"", ""target"": ""pallet""},
      ""reasoning"": ""Pick up the blue cube from the pickup zone and move it to the pallet.""
    },
    {
      ""step"": 3,
      ""agent"": ""VisionAgent"",
      ""skill"": ""inspect"",
      ""parameters"": {""object_id"": ""blue_cube"", ""target"": ""pallet""},
      ""reasoning"": ""Inspect the blue cube on the pallet to confirm successful transfer.""
    }
  ],
  ""requires_approval"": false,
  ""ambiguity_notes"": """"
}"
LG_TRIAL_00030,4,P04,Cat 1: Direct Imperative,Transfer the blue cube from the pickup zone to the pallet.,SayCan,42,0.7,8d83b97,2026-10-03T21:19:38.374054Z,True,False,True,True,0.6666666666666666,False,0.88,0.7,True,3201.15,"{""selected_primitive"": ""pick(blue_cube)"", ""score"": 0.88}","{
  ""pick(blue_bolt)"": 0.0,
  ""pick(blue_cube)"": 1.0,
  ""pick(red_cylinder)"": 0.0,
  ""pick(red_housing)"": 0.0,
  ""pick(grey_bracket)"": 0.0,
  ""place(assembly_tray)"": 0.0,
  ""place(scrap_bin)"": 0.0,
  ""place(tray_pocket_1)"": 0.0,
  ""place(tray_pocket_2)"": 0.0,
  ""inspect(red_cylinder)"": 0.0,
  ""sweep(conveyor)"": 0.0,
  ""done()"": 0.0
}"
LG_TRIAL_00031,4,P04,Cat 1: Direct Imperative,Transfer the blue cube from the pickup zone to the pallet.,ARIA_Dialogue_Planning,1337,0.7,8d83b97,2026-10-03T21:19:42.494324Z,True,True,True,True,1.0,False,1.0,0.7,True,4120.05,"{""plan_id"": ""transfer_blue_cube"", ""confidence"": 1.0, ""subgoals"": [""Move blue cube to pallet""], ""actions"": [{""step"": 1, ""agent"": ""AffordanceAgent"", ""skill"": ""pick"", ""reasoning"": ""The AffordanceAgent is responsible for picking the workpiece."", ""parameters"": {""object_id"": ""workpiece_good_2"", ""distance_m"": 0.2}}, {""step"": 2, ""agent"": ""AffordanceAgent"", ""skill"": ""place"", ""reasoning"": ""The AffordanceAgent is responsible for placing the workpiece."", ""parameters"": {""object_id"": ""grey_bracket"", ""distance_m"": 0.3}}], ""requires_approval"": false, ""ambiguity_notes"": """"}","{ ""plan_id"": ""transfer_blue_cube"", ""confidence"": 1.0, ""subgoals"": [ ""Move blue cube to pallet"" ] , ""actions"": [ { ""step"": 1, ""agent"": ""AffordanceAgent"", ""skill"": ""pick"", ""reasoning"": ""The AffordanceAgent is responsible for picking the workpiece."", ""parameters"": {""object_id"": ""workpiece_good_2"", ""distance_m"": 0.2} }, { ""step"": 2, ""agent"": ""AffordanceAgent"", ""skill"": ""place"", ""reasoning"": ""The AffordanceAgent is responsible for placing the workpiece."", ""parameters"": {""object_id"": ""grey_bracket"", ""distance_m"": 0.3} } ] , ""requires_approval"": false, ""ambiguity_notes"": """" }

  	"
LG_TRIAL_00032,4,P04,Cat 1: Direct Imperative,Transfer the blue cube from the pickup zone to the pallet.,Direct_LLM,1337,0.7,8d83b97,2026-10-03T21:19:48.283543Z,True,False,True,False,0.3333333333333333,False,0.95,0.7,False,5789.04,"{""plan_id"": ""TransferBlueCube"", ""confidence"": 0.95, ""subgoals"": [""Transfer blue cube to pallet""], ""actions"": [{""step"": 1, ""agent"": ""VisionAgent"", ""skill"": ""locate"", ""parameters"": {""object_id"": ""blue_cube"", ""target"": ""pickup_zone""}, ""reasoning"": ""Identify the location of the blue cube in the pickup zone""}, {""step"": 2, ""agent"": ""ControlAgent"", ""skill"": ""pick"", ""parameters"": {""object_id"": ""blue_cube"", ""target"": ""gripper""}, ""reasoning"": ""Grasp the blue cube with the gripper""}, {""step"": 3, ""agent"": ""VisionAgent"", ""skill"": ""locate"", ""parameters"": {""object_id"": ""pallet"", ""target"": ""destination""}, ""reasoning"": ""Identify the destination location of the pallet""}, {""step"": 4, ""agent"": ""ControlAgent"", ""skill"": ""place"", ""parameters"": {""object_id"": ""blue_cube"", ""target"": ""pallet""}, ""reasoning"": ""Place the blue cube on the pallet""}], ""requires_approval"": false, ""ambiguity_notes"": """"}","{
  ""plan_id"": ""TransferBlueCube"",
  ""confidence"": 0.95,
  ""subgoals"": [""Transfer blue cube to pallet""],
  ""actions"": [
    {
      ""step"": 1,
      ""agent"": ""VisionAgent"",
      ""skill"": ""locate"",
      ""parameters"": {""object_id"": ""blue_cube"", ""target"": ""pickup_zone""},
      ""reasoning"": ""Identify the location of the blue cube in the pickup zone""
    },
    {
      ""step"": 2,
      ""agent"": ""ControlAgent"",
      ""skill"": ""pick"",
      ""parameters"": {""object_id"": ""blue_cube"", ""target"": ""gripper""},
      ""reasoning"": ""Grasp the blue cube with the gripper""
    },
    {
      ""step"": 3,
      ""agent"": ""VisionAgent"",
      ""skill"": ""locate"",
      ""parameters"": {""object_id"": ""pallet"", ""target"": ""destination""},
      ""reasoning"": ""Identify the destination location of the pallet""
    },
    {
      ""step"": 4,
 ""agent"": ""ControlAgent"",
      ""skill"": ""place"",
      ""parameters"": {""object_id"": ""blue_cube"", ""target"": ""pallet""},
      ""reasoning"": ""Place the blue cube on the pallet""
    }
  ],
  ""requires_approval"": false,
  ""ambiguity_notes"": """"
}"
LG_TRIAL_00033,4,P04,Cat 1: Direct Imperative,Transfer the blue cube from the pickup zone to the pallet.,SayCan,1337,0.7,8d83b97,2026-10-03T21:19:51.354991Z,True,False,True,True,0.6666666666666666,False,0.792,0.7,True,3071.25,"{""selected_primitive"": ""pick(blue_cube)"", ""score"": 0.792}","{
  ""pick(blue_bolt)"": 0.0,
  ""pick(blue_cube)"": 0.9,
  ""pick(red_cylinder)"": 0.1,
  ""pick(red_housing)"": 0.0,
  ""pick(grey_bracket)"": 0.0,
  ""place(assembly_tray)"": 0.0,
  ""place(scrap_bin)"": 0.0,
  ""place(tray_pocket_1)"": 0.0,
  ""place(tray_pocket_2)"": 0.0,
  ""inspect(red_cylinder)"": 0.0,
  ""sweep(conveyor)"": 0.0,
  ""done()"": 0.0
}"
LG_TRIAL_00034,4,P04,Cat 1: Direct Imperative,Transfer the blue cube from the pickup zone to the pallet.,ARIA_Dialogue_Planning,2026,0.7,8d83b97,2026-10-03T21:19:57.200301Z,True,True,True,True,1.0,False,1.0,0.7,True,5845.06,"{""plan_id"": ""transfer_blue_cube"", ""confidence"": 1.0, ""subgoals"": [""Move gripper to workpiece_good_2 (blue cube)"", ""Pick up workpiece_good_2 (blue cube) with gripper"", ""Move gripper to pallet""], ""actions"": [{""step"": 1, ""agent"": ""AffordanceAgent"", ""skill"": ""pick"", ""reasoning"": ""The blue cube is in the pickup zone, so we need to move the gripper there."", ""parameters"": {""object_id"": ""workpiece_good_2""}}, {""step"": 2, ""agent"": ""AffordanceAgent"", ""skill"": ""pick"", ""reasoning"": ""The blue cube is now in the gripper, so we can pick it up."", ""parameters"": {}}, {""step"": 3, ""agent"": ""AffordanceAgent"", ""skill"": ""place"", ""reasoning"": ""We need to move the blue cube from the gripper to the pallet."", ""parameters"": {""object_id"": ""workpiece_good_2"", ""target"": ""pallet""}}], ""requires_approval"": false, ""ambiguity_notes"": """"}","{

    ""plan_id"": ""transfer_blue_cube"",
    ""confidence"": 1.0,
    ""subgoals"": [
        ""Move gripper to workpiece_good_2 (blue cube)"",
        ""Pick up workpiece_good_2 (blue cube) with gripper"",
        ""Move gripper to pallet""
    ],
    ""actions"": [
        {
            ""step"": 1,
            ""agent"": ""AffordanceAgent"",
            ""skill"": ""pick"",
            ""reasoning"": ""The blue cube is in the pickup zone, so we need to move the gripper there."",
            ""parameters"": {
                ""object_id"": ""workpiece_good_2""
            }
        },
        {
            ""step"": 2,
            ""agent"": ""AffordanceAgent"",
            ""skill"": ""pick"",
            ""reasoning"": ""The blue cube is now in the gripper, so we can pick it up."",
            ""parameters"": {}
        },
        {
            ""step"": 3,
            ""agent"": ""AffordanceAgent"",
            ""skill"": ""place"",
            ""reasoning"": ""We need to move the blue cube from the gripper to the pallet."",
            ""parameters"": {
                ""object_id"": ""workpiece_good_2"",
                ""target"": ""pallet""
            }
        }
    ],
    ""requires_approval"": false,
    ""ambiguity_notes"": """"
}"
LG_TRIAL_00035,4,P04,Cat 1: Direct Imperative,Transfer the blue cube from the pickup zone to the pallet.,Direct_LLM,2026,0.7,8d83b97,2026-10-03T21:19:59.710466Z,True,False,True,False,0.3333333333333333,False,0.95,0.7,False,2509.99,"{""plan_id"": ""TransferBlueCube"", ""confidence"": 0.95, ""subgoals"": [""Transfer blue cube from pickup zone to pallet""], ""actions"": [{""step"": 1, ""agent"": ""VisionAgent"", ""skill"": ""locate"", ""parameters"": {""object_id"": ""blue_cube"", ""target"": ""pickup_zone""}, ""reasoning"": ""Locate the blue cube in the pickup zone""}, {""step"": 2, ""agent"": ""ControlAgent"", ""skill"": ""pick"", ""parameters"": {""object_id"": ""blue_cube"", ""target"": ""pallet""}, ""reasoning"": ""Pick up the blue cube from the pickup zone""}], ""requires_approval"": false, ""ambiguity_notes"": """"}","{""plan_id"":""TransferBlueCube"",""confidence"":0.95,""subgoals"":[""Transfer blue cube from pickup zone to pallet""],""actions"":[{""step"":1,""agent"":""VisionAgent"",""skill"":""locate"",""parameters"":{""object_id"":""blue_cube"",""target"":""pickup_zone""},""reasoning"":""Locate the blue cube in the pickup zone""},{""step"":2,""agent"":""ControlAgent"",""skill"":""pick"",""parameters"":{""object_id"":""blue_cube"",""target"":""pallet""},""reasoning"":""Pick up the blue cube from the pickup zone""}],""requires_approval"":false,""ambiguity_notes"":""""}"
LG_TRIAL_00036,4,P04,Cat 1: Direct Imperative,Transfer the blue cube from the pickup zone to the pallet.,SayCan,2026,0.7,8d83b97,2026-10-03T21:20:02.765370Z,True,False,True,True,0.6666666666666666,False,0.862,0.7,True,3054.73,"{""selected_primitive"": ""pick(blue_cube)"", ""score"": 0.862}","{
  ""pick(blue_bolt)"": 0.01,
  ""pick(blue_cube)"": 0.98,
  ""pick(red_cylinder)"": 0.02,
  ""pick(red_housing)"": 0.01,
  ""pick(grey_bracket)"": 0.00,
  ""place(assembly_tray)"": 0.00,
  ""place(scrap_bin)"": 0.00,
  ""place(tray_pocket_1)"": 0.00,
  ""place(tray_pocket_2)"": 0.00,
  ""inspect(red_cylinder)"": 0.01,
  ""sweep(conveyor)"": 0.00,
  ""done()"": 0.00
}"
LG_TRIAL_00037,5,P05,Cat 1: Direct Imperative,Move the red hex nut from the feeder to tray pocket 3.,ARIA_Dialogue_Planning,42,0.7,8d83b97,2026-10-03T21:20:04.245520Z,True,False,True,True,0.6666666666666666,False,1.0,0.7,True,1479.91,"{""plan_id"": ""move_red_hex_nut"", ""confidence"": 1.0, ""subgoals"": [], ""actions"": [], ""requires_approval"": false, ""ambiguity_notes"": """"}","{ ""plan_id"": ""move_red_hex_nut"", ""confidence"": 1.00, ""subgoals"": [ ],""actions"":[ ],""requires_approval"": false, ""ambiguity_notes"": """" }

  			  			"
LG_TRIAL_00038,5,P05,Cat 1: Direct Imperative,Move the red hex nut from the feeder to tray pocket 3.,Direct_LLM,42,0.7,8d83b97,2026-10-03T21:20:09.272445Z,True,False,True,True,0.6666666666666666,False,0.95,0.7,True,5026.71,"{""plan_id"": ""hex_nut_move"", ""confidence"": 0.95, ""subgoals"": [""Move red hex nut to tray pocket 3""], ""actions"": [{""step"": 1, ""agent"": ""VisionAgent"", ""skill"": ""locate"", ""parameters"": {""object_id"": ""red_hex_nut"", ""target"": null}, ""reasoning"": ""Identify red hex nut in feeder""}, {""step"": 2, ""agent"": ""ControlAgent"", ""skill"": ""pick"", ""parameters"": {""object_id"": ""red_hex_nut"", ""target"": ""tray_pocket_3""}, ""reasoning"": ""Pick up red hex nut from feeder""}, {""step"": 3, ""agent"": ""WorldModelAgent"", ""skill"": ""move_to"", ""parameters"": {""object_id"": ""red_hex_nut"", ""target"": ""tray_pocket_3""}, ""reasoning"": ""Move red hex nut to tray pocket 3""}], ""requires_approval"": false, ""ambiguity_notes"": """"}","{
  ""plan_id"": ""hex_nut_move"",
  ""confidence"": 0.95,
  ""subgoals"": [""Move red hex nut to tray pocket 3""],
  ""actions"": [
    {
      ""step"": 1,
      ""agent"": ""VisionAgent"",
      ""skill"": ""locate"",
      ""parameters"": {""object_id"": ""red_hex_nut"", ""target"": null},
      ""reasoning"": ""Identify red hex nut in feeder""
    },
    {
      ""step"": 2,
      ""agent"": ""ControlAgent"",
      ""skill"": ""pick"",
      ""parameters"": {""object_id"": ""red_hex_nut"", ""target"": ""tray_pocket_3""},
      ""reasoning"": ""Pick up red hex nut from feeder""
    },
    {
      ""step"": 3,
      ""agent"": ""WorldModelAgent"",
      ""skill"": ""move_to"",
      ""parameters"": {""object_id"": ""red_hex_nut"", ""target"": ""tray_pocket_3""},
      ""reasoning"": ""Move red hex nut to tray pocket 3""
    }
  ],
  ""requires_approval"": false,
  ""ambiguity_notes"": """"
}"
LG_TRIAL_00039,5,P05,Cat 1: Direct Imperative,Move the red hex nut from the feeder to tray pocket 3.,SayCan,42,0.7,8d83b97,2026-10-03T21:20:12.442939Z,True,False,False,True,0.3333333333333333,False,0.083,0.7,False,3170.29,"{""selected_primitive"": ""sweep(conveyor)"", ""score"": 0.083}","{
  ""pick(blue_bolt)"": 0.01,
  ""pick(blue_cube)"": 0.02,
  ""pick(red_cylinder)"": 0.03,
  ""pick(red_housing)"": 0.04,
  ""pick(grey_bracket)"": 0.05,
  ""place(assembly_tray)"": 0.06,
  ""place(scrap_bin)"": 0.07,
  ""place(tray_pocket_1)"": 0.08,
  ""place(tray_pocket_2)"": 0.09,
  ""inspect(red_cylinder)"": 0.10,
  ""sweep(conveyor)"": 0.11,
  ""done()"": 0.00
}"
LG_TRIAL_00040,5,P05,Cat 1: Direct Imperative,Move the red hex nut from the feeder to tray pocket 3.,ARIA_Dialogue_Planning,1337,0.7,8d83b97,2026-10-03T21:20:15.670378Z,True,True,True,True,1.0,False,1.0,0.7,True,3227.22,"{""plan_id"": ""move_red_hex_nut"", ""confidence"": 1.0, ""subgoals"": [""retrieve_red_hex_nut_from_feeder"", ""transport_red_hex_nut_to_tray_pocket_3""], ""actions"": [{""step"": 1, ""agent"": ""AffordanceAgent"", ""skill"": ""pick"", ""reasoning"": ""Select red hex nut from feeder using end-effector""}, {""step"": 2, ""agent"": ""AffordanceAgent"", ""skill"": ""place"", ""reasoning"": ""Position red hex nut in tray pocket 3""}], ""requires_approval"": false, ""ambiguity_notes"": """"}","{ ""plan_id"": ""move_red_hex_nut"", ""confidence"": 1.0, ""subgoals"": [ ""retrieve_red_hex_nut_from_feeder"", ""transport_red_hex_nut_to_tray_pocket_3"" ], ""actions"": [ { ""step"": 1, ""agent"": ""AffordanceAgent"", ""skill"": ""pick"", ""reasoning"": ""Select red hex nut from feeder using end-effector"" }, { ""step"": 2, ""agent"": ""AffordanceAgent"", ""skill"": ""place"", ""reasoning"": ""Position red hex nut in tray pocket 3"" } ] , ""requires_approval"": false, ""ambiguity_notes"": """" }"
LG_TRIAL_00041,5,P05,Cat 1: Direct Imperative,Move the red hex nut from the feeder to tray pocket 3.,Direct_LLM,1337,0.7,8d83b97,2026-10-03T21:20:20.665742Z,False,False,True,True,0.6666666666666666,False,0.95,0.7,False,4995.11,"{""plan_id"": ""move_red_hex_nut_to_tray_pocket_3"", ""confidence"": 0.95, ""subgoals"": [""Move red hex nut from feeder to tray pocket 3""], ""actions"": [{""step"": 1, ""agent"": ""ControlAgent"", ""skill"": ""move_arm"", ""parameters"": {""object_id"": ""red_hex_nut"", ""target"": ""feeder""}, ""reasoning"": ""Move arm to feeder position""}, {""step"": 2, ""agent"": ""VisionAgent"", ""skill"": ""locate_object"", ""parameters"": {""object_id"": ""red_hex_nut""}, ""reasoning"": ""Locate red hex nut in feeder""}, {""step"": 3, ""agent"": ""ControlAgent"", ""skill"": ""pick"", ""parameters"": {""object_id"": ""red_hex_nut"", ""target"": ""tray_pocket_3""}, ""reasoning"": ""Pick up red hex nut and move to tray pocket 3""}], ""requires_approval"": false, ""ambiguity_notes"": """"}","{
  ""plan_id"": ""move_red_hex_nut_to_tray_pocket_3"",
  ""confidence"": 0.95,
  ""subgoals"": [""Move red hex nut from feeder to tray pocket 3""],
  ""actions"": [
    {
      ""step"": 1,
      ""agent"": ""ControlAgent"",
      ""skill"": ""move_arm"",
      ""parameters"": {""object_id"": ""red_hex_nut"", ""target"": ""feeder""},
      ""reasoning"": ""Move arm to feeder position""
    },
    {
      ""step"": 2,
      ""agent"": ""VisionAgent"",
      ""skill"": ""locate_object"",
      ""parameters"": {""object_id"": ""red_hex_nut""},
      ""reasoning"": ""Locate red hex nut in feeder""
    },
    {
      ""step"": 3,
      ""agent"": ""ControlAgent"",
      ""skill"": ""pick"",
      ""parameters"": {""object_id"": ""red_hex_nut"", ""target"": ""tray_pocket_3""},
      ""reasoning"": ""Pick up red hex nut and move to tray pocket 3""
    }
  ],
  ""requires_approval"": false,
  ""ambiguity_notes"": """"
}"
LG_TRIAL_00042,5,P05,Cat 1: Direct Imperative,Move the red hex nut from the feeder to tray pocket 3.,SayCan,1337,0.7,8d83b97,2026-10-03T21:20:23.754294Z,True,False,True,True,0.6666666666666666,False,0.088,0.7,True,3088.32,"{""selected_primitive"": ""pick(red_cylinder)"", ""score"": 0.088}","{
  ""pick(blue_bolt)"": 0.0,
  ""pick(blue_cube)"": 0.0,
  ""pick(red_cylinder)"": 0.1,
  ""pick(red_housing)"": 0.0,
  ""pick(grey_bracket)"": 0.0,
  ""place(assembly_tray)"": 0.0,
  ""place(scrap_bin)"": 0.0,
  ""place(tray_pocket_1)"": 0.0,
  ""place(tray_pocket_2)"": 0.0,
  ""inspect(red_cylinder)"": 0.0,
  ""sweep(conveyor)"": 0.0,
  ""done()"": 0.0
}"
LG_TRIAL_00043,5,P05,Cat 1: Direct Imperative,Move the red hex nut from the feeder to tray pocket 3.,ARIA_Dialogue_Planning,2026,0.7,8d83b97,2026-10-03T21:20:29.226901Z,True,True,True,True,1.0,False,1.0,0.7,True,5472.41,"{""plan_id"": ""Move_red_hex_nut"", ""confidence"": 1.0, ""subgoals"": [""Locate red hex nut in feeder"", ""Pick up the red hex nut from feeder"", ""Place red hex nut into tray pocket 3""], ""actions"": [{""step"": 1, ""agent"": ""AffordanceAgent"", ""skill"": ""locate"", ""reasoning"": ""Find the red hex nut in the feeder using visual inspection."", ""parameters"": {""object_id"": ""red_hex_nut""}}, {""step"": 2, ""agent"": ""AffordanceAgent"", ""skill"": ""pick"", ""reasoning"": ""Pick up the red hex nut from the feeder using gripper.""}, {""step"": 3, ""agent"": ""AffordanceAgent"", ""skill"": ""place"", ""reasoning"": ""Place the red hex nut into tray pocket 3 precisely to ensure proper fit and safety."", ""parameters"": {""object_id"": ""red_hex_nut"", ""target"": ""tray_pocket_3""}}], ""requires_approval"": false, ""ambiguity_notes"": """"}","{

    ""plan_id"": ""Move_red_hex_nut"",
    ""confidence"": 1.00,
    ""subgoals"":
        [
            ""Locate red hex nut in feeder"",
            ""Pick up the red hex nut from feeder"",
            ""Place red hex nut into tray pocket 3""
        ],
    ""actions"":
        [
            {
                ""step"": 1,
                ""agent"": ""AffordanceAgent"",
                ""skill"": ""locate"",
                ""reasoning"": ""Find the red hex nut in the feeder using visual inspection."",
                ""parameters"": {""object_id"": ""red_hex_nut""}
            },
            {
                ""step"": 2,
                ""agent"": ""AffordanceAgent"",
                ""skill"": ""pick"",
                ""reasoning"": ""Pick up the red hex nut from the feeder using gripper.""
            },
            {
                ""step"": 3,
                ""agent"": ""AffordanceAgent"",
                ""skill"": ""place"",
                ""reasoning"": ""Place the red hex nut into tray pocket 3 precisely to ensure proper fit and safety."",
                ""parameters"": {""object_id"": ""red_hex_nut"", ""target"": ""tray_pocket_3""}
            }
        ],
    ""requires_approval"": false,
    ""ambiguity_notes"": """"
}"
LG_TRIAL_00044,5,P05,Cat 1: Direct Imperative,Move the red hex nut from the feeder to tray pocket 3.,Direct_LLM,2026,0.7,8d83b97,2026-10-03T21:20:31.941454Z,True,False,True,False,0.3333333333333333,False,0.9,0.7,False,2714.28,"{""plan_id"": ""MoveRedHexNutToTrayPocket3"", ""confidence"": 0.9, ""subgoals"": [""move_red_hex_nut""], ""actions"": [{""step"": 1, ""agent"": ""SkillAgent"", ""skill"": ""pick"", ""parameters"": {""object_id"": ""red_hex_nut"", ""target"": ""feeder""}, ""reasoning"": ""pick red hex nut from feeder""}, {""step"": 2, ""agent"": ""ControlAgent"", ""skill"": ""move_to_tray"", ""parameters"": {""object_id"": ""red_hex_nut"", ""target"": ""tray_pocket_3""}, ""reasoning"": ""move red hex nut to tray pocket 3""}], ""requires_approval"": false, ""ambiguity_notes"": """"}","{""plan_id"":""MoveRedHexNutToTrayPocket3"",""confidence"":0.9,""subgoals"":[""move_red_hex_nut""],""actions"":[{""step"":1,""agent"":""SkillAgent"",""skill"":""pick"",""parameters"":{""object_id"":""red_hex_nut"",""target"":""feeder""},""reasoning"":""pick red hex nut from feeder""},{""step"":2,""agent"":""ControlAgent"",""skill"":""move_to_tray"",""parameters"":{""object_id"":""red_hex_nut"",""target"":""tray_pocket_3""},""reasoning"":""move red hex nut to tray pocket 3""}],""requires_approval"":false,""ambiguity_notes"":""""}"
LG_TRIAL_00045,5,P05,Cat 1: Direct Imperative,Move the red hex nut from the feeder to tray pocket 3.,SayCan,2026,0.7,8d83b97,2026-10-03T21:20:35.018907Z,True,False,True,True,0.6666666666666666,False,0.044,0.7,True,3077.24,"{""selected_primitive"": ""pick(red_cylinder)"", ""score"": 0.044}","{
  ""pick(blue_bolt)"": 0.02,
  ""pick(blue_cube)"": 0.01,
  ""pick(red_cylinder)"": 0.05,
  ""pick(red_housing)"": 0.03,
  ""pick(grey_bracket)"": 0.00,
  ""place(assembly_tray)"": 0.00,
  ""place(scrap_bin)"": 0.00,
  ""place(tray_pocket_1)"": 0.00,
  ""place(tray_pocket_2)"": 0.01,
  ""inspect(red_cylinder)"": 0.00,
  ""sweep(conveyor)"": 0.00,
  ""done()"": 0.00
}"
LG_TRIAL_00046,6,P06,Cat 1: Direct Imperative,Pick the grey spacer and place it into tray pocket 4.,ARIA_Dialogue_Planning,42,0.7,8d83b97,2026-10-03T21:20:39.663886Z,True,False,True,True,0.6666666666666666,False,1.0,0.7,True,4644.68,"{""plan_id"": ""pick_grey_bracket"", ""confidence"": 1.0, ""subgoals"": [""Locate grey_bracket in workcell""], ""actions"": [{""step"": 1, ""agent"": ""AffordanceAgent"", ""skill"": ""pick"", ""reasoning"": ""The instruction is clear and unambiguous. We can identify the object to be picked (grey_bracket) and its destination (tray pocket 4).""}, {""step"": 2, ""agent"": ""AffordanceAgent"", ""skill"": ""place"", ""reasoning"": ""The instruction specifies the destination of the grey_bracket.""}, {""step"": 3, ""agent"": ""AffordanceAgent"", ""skill"": ""inspect"", ""reasoning"": ""To ensure that the correct object is placed in tray pocket 4, we perform an inspection to confirm that the grey_bracket has been successfully picked and placed.""}], ""requires_approval"": false, ""ambiguity_notes"": """"}","{ ""plan_id"": ""pick_grey_bracket"", ""confidence"": 1.0, ""subgoals"": [ ""Locate grey_bracket in workcell"" ] , ""actions"": [ { ""step"": 1, ""agent"": ""AffordanceAgent"", ""skill"": ""pick"", ""reasoning"": ""The instruction is clear and unambiguous. We can identify the object to be picked (grey_bracket) and its destination (tray pocket 4)."" } , { ""step"": 2, ""agent"": ""AffordanceAgent"", ""skill"": ""place"", ""reasoning"": ""The instruction specifies the destination of the grey_bracket."" }, { ""step"": 3, ""agent"": ""AffordanceAgent"", ""skill"": ""inspect"", ""reasoning"": ""To ensure that the correct object is placed in tray pocket 4, we perform an inspection to confirm that the grey_bracket has been successfully picked and placed."" } ] , ""requires_approval"": false, ""ambiguity_notes"": """" }"
LG_TRIAL_00047,6,P06,Cat 1: Direct Imperative,Pick the grey spacer and place it into tray pocket 4.,Direct_LLM,42,0.7,8d83b97,2026-10-03T21:20:44.258309Z,True,False,True,True,0.6666666666666666,False,0.95,0.7,True,4594.18,"{""plan_id"": ""SpacerPlacementPlan"", ""confidence"": 0.95, ""subgoals"": [""Pick grey spacer"", ""Place in tray pocket 4""], ""actions"": [{""step"": 1, ""agent"": ""VisionAgent"", ""skill"": ""locate"", ""parameters"": {""object_id"": ""greySpacer""}, ""reasoning"": ""Visual recognition of the grey spacer""}, {""step"": 2, ""agent"": ""ControlAgent"", ""skill"": ""pick"", ""parameters"": {""object_id"": ""greySpacer"", ""target"": ""trayPocket4""}, ""reasoning"": ""End effector movement to pick up the spacer""}, {""step"": 3, ""agent"": ""WorldModelAgent"", ""skill"": ""verify"", ""parameters"": {}, ""reasoning"": ""Verify that the grey spacer is placed in tray pocket 4""}], ""requires_approval"": false, ""ambiguity_notes"": """"}","{
  ""plan_id"": ""SpacerPlacementPlan"",
  ""confidence"": 0.95,
  ""subgoals"": [""Pick grey spacer"", ""Place in tray pocket 4""],
  ""actions"": [
    {
      ""step"": 1,
      ""agent"": ""VisionAgent"",
      ""skill"": ""locate"",
      ""parameters"": {""object_id"": ""greySpacer""},
      ""reasoning"": ""Visual recognition of the grey spacer""
    },
    {
      ""step"": 2,
      ""agent"": ""ControlAgent"",
      ""skill"": ""pick"",
      ""parameters"": {""object_id"": ""greySpacer"", ""target"": ""trayPocket4""},
      ""reasoning"": ""End effector movement to pick up the spacer""
    },
    {
      ""step"": 3,
      ""agent"": ""WorldModelAgent"",
      ""skill"": ""verify"",
      ""parameters"": {},
      ""reasoning"": ""Verify that the grey spacer is placed in tray pocket 4""
    }
  ],
  ""requires_approval"": false,
  ""ambiguity_notes"": """"
}"
LG_TRIAL_00048,6,P06,Cat 1: Direct Imperative,Pick the grey spacer and place it into tray pocket 4.,SayCan,42,0.7,8d83b97,2026-10-03T21:20:48.269810Z,True,False,True,True,0.6666666666666666,False,0.68,0.7,True,4011.3,"{""selected_primitive"": ""pick(grey_bracket)"", ""score"": 0.68}","{
  ""pick(blue_bolt)"": 0.01,
  ""pick(blue_cube)"": 0.01,
  ""pick(grey_bracket)"": 0.8,
  ""place(assembly_tray)"": 0.1,
  ""place(scrap_bin)"": 0.0,
  ""place(tray_pocket_1)"": 0.0,
  ""place(tray_pocket_2)"": 0.05,
  ""pick(red_cylinder)"": 0.01,
  ""pick(red_housing)"": 0.01,
  ""pick(grey_spacer)"": 0.9,
  ""place(tray_pocket_3)"": 0.0,
  ""place(tray_pocket_4)"": 0.95,
  ""inspect(red_cylinder)"": 0.0,
  ""sweep(conveyor)"": 0.01,
  ""done()"": 0.0
}"
LG_TRIAL_00049,6,P06,Cat 1: Direct Imperative,Pick the grey spacer and place it into tray pocket 4.,ARIA_Dialogue_Planning,1337,0.7,8d83b97,2026-10-03T21:20:51.235705Z,True,True,True,True,1.0,False,1.0,0.7,True,2965.72,"{""plan_id"": ""pick_grey_bracket"", ""confidence"": 1.0, ""subgoals"": [""locate grey_bracket"", ""move grey_bracket to tray pocket 4""], ""actions"": [{""step"": 1, ""agent"": ""AffordanceAgent"", ""skill"": ""pick"", ""reasoning"": ""affordance-based object recognition and grasping""}, {""step"": 2, ""agent"": ""AffordanceAgent"", ""skill"": ""place"", ""reasoning"": ""affordance-based spatial reasoning for tray pocket selection""}], ""requires_approval"": false, ""ambiguity_notes"": """"}","{ ""plan_id"": ""pick_grey_bracket"", ""confidence"": 1.0, ""subgoals"": [ ""locate grey_bracket"", ""move grey_bracket to tray pocket 4"" ], ""actions"": [ {""step"": 1, ""agent"": ""AffordanceAgent"", ""skill"": ""pick"", ""reasoning"": ""affordance-based object recognition and grasping""}, {""step"": 2, ""agent"": ""AffordanceAgent"", ""skill"": ""place"", ""reasoning"": ""affordance-based spatial reasoning for tray pocket selection""} ], ""requires_approval"": false, ""ambiguity_notes"": """" }"
LG_TRIAL_00050,6,P06,Cat 1: Direct Imperative,Pick the grey spacer and place it into tray pocket 4.,Direct_LLM,1337,0.7,8d83b97,2026-10-03T21:20:55.853947Z,True,False,True,True,0.6666666666666666,False,0.95,0.7,True,4618.1,"{""plan_id"": ""P001"", ""confidence"": 0.95, ""subgoals"": [""Pick grey spacer"", ""Place in tray pocket 4""], ""actions"": [{""step"": 1, ""agent"": ""VisionAgent"", ""skill"": ""locate"", ""parameters"": {""object_id"": ""grey_spacer""}, ""reasoning"": ""Identify target object using visual recognition""}, {""step"": 2, ""agent"": ""ControlAgent"", ""skill"": ""pick"", ""parameters"": {""object_id"": ""grey_spacer"", ""target"": ""tray_pocket_4""}, ""reasoning"": ""Move robotic arm to pick up grey spacer""}, {""step"": 3, ""agent"": ""ControlAgent"", ""skill"": ""place"", ""parameters"": {""object_id"": ""grey_spacer"", ""target"": ""tray_pocket_4""}, ""reasoning"": ""Place picked object into designated tray pocket""}], ""requires_approval"": false, ""ambiguity_notes"": """"}","{
  ""plan_id"": ""P001"",
  ""confidence"": 0.95,
  ""subgoals"": [""Pick grey spacer"", ""Place in tray pocket 4""],
  ""actions"": [
    {
      ""step"": 1,
      ""agent"": ""VisionAgent"",
      ""skill"": ""locate"",
      ""parameters"": {""object_id"": ""grey_spacer""},
      ""reasoning"": ""Identify target object using visual recognition""
    },
    {
      ""step"": 2,
      ""agent"": ""ControlAgent"",
      ""skill"": ""pick"",
      ""parameters"": {""object_id"": ""grey_spacer"", ""target"": ""tray_pocket_4""},
      ""reasoning"": ""Move robotic arm to pick up grey spacer""
    },
    {
      ""step"": 3,
      ""agent"": ""ControlAgent"",
      ""skill"": ""place"",
      ""parameters"": {""object_id"": ""grey_spacer"", ""target"": ""tray_pocket_4""},
      ""reasoning"": ""Place picked object into designated tray pocket""
    }
  ],
  ""requires_approval"": false,
  ""ambiguity_notes"": """"
}"
LG_TRIAL_00051,6,P06,Cat 1: Direct Imperative,Pick the grey spacer and place it into tray pocket 4.,SayCan,1337,0.7,8d83b97,2026-10-03T21:20:58.782475Z,True,False,True,True,0.6666666666666666,False,0.17,0.7,True,2928.35,"{""selected_primitive"": ""pick(grey_bracket)"", ""score"": 0.17}","{
  ""pick(blue_bolt)"": 0.0,
  ""pick(blue_cube)"": 0.0,
  ""pick(red_cylinder)"": 0.0,
  ""pick(red_housing)"": 0.0,
  ""pick(grey_bracket)"": 0.2,
  ""place(assembly_tray)"": 0.1,
  ""place(scrap_bin)"": 0.0,
  ""place(tray_pocket_1)"": 0.0,
  ""place(tray_pocket_2)"": 0.4,
  ""inspect(red_cylinder)"": 0.0,
  ""sweep(conveyor)"": 0.0,
  ""done()"": 0.3
}"
LG_TRIAL_00052,6,P06,Cat 1: Direct Imperative,Pick the grey spacer and place it into tray pocket 4.,ARIA_Dialogue_Planning,2026,0.7,8d83b97,2026-10-03T21:21:02.875639Z,True,True,True,True,1.0,False,1.0,0.7,True,4092.88,"{""plan_id"": ""PICK_GREY_SPACER"", ""confidence"": 1, ""subgoals"": [""SELECT_GREY_BRACKET""], ""actions"": [{""step"": 1, ""agent"": ""AffordanceAgent"", ""skill"": ""pick"", ""reasoning"": ""Pick the grey_bracket object from the workcell."", ""parameters"": {""object_id"": ""grey_bracket""}}, {""step"": 2, ""agent"": ""AffordanceAgent"", ""skill"": ""place"", ""reasoning"": ""Place the picked grey_bracket object into tray pocket 4."", ""parameters"": {""object_id"": ""grey_bracket"", ""target"": ""tray_pocket_4""}}], ""requires_approval"": false, ""ambiguity_notes"": """"}","{

    ""plan_id"": ""PICK_GREY_SPACER"",
    ""confidence"": 1,
    ""subgoals"": [
        ""SELECT_GREY_BRACKET""
    ],
    ""actions"": [
        {
            ""step"": 1,
            ""agent"": ""AffordanceAgent"",
            ""skill"": ""pick"",
            ""reasoning"": ""Pick the grey_bracket object from the workcell."",
            ""parameters"": {
                ""object_id"": ""grey_bracket""
            }
        },
        {
            ""step"": 2,
            ""agent"": ""AffordanceAgent"",
            ""skill"": ""place"",
            ""reasoning"": ""Place the picked grey_bracket object into tray pocket 4."",
            ""parameters"": {
                ""object_id"": ""grey_bracket"",
                ""target"": ""tray_pocket_4""
            }
        }
    ],
    ""requires_approval"": false,
    ""ambiguity_notes"": """"
}"
LG_TRIAL_00053,6,P06,Cat 1: Direct Imperative,Pick the grey spacer and place it into tray pocket 4.,Direct_LLM,2026,0.7,8d83b97,2026-10-03T21:21:07.811374Z,True,False,True,True,0.6666666666666666,False,0.95,0.7,True,4935.53,"{""plan_id"": ""pick_and_place"", ""confidence"": 0.95, ""subgoals"": [""pick grey spacer"", ""place in tray pocket 4""], ""actions"": [{""step"": 1, ""agent"": ""ControlAgent"", ""skill"": ""pick"", ""parameters"": {""object_id"": ""grey_spacer"", ""target"": ""tray""}, ""reasoning"": ""control plan: pick grey spacer at tray location""}, {""step"": 2, ""agent"": ""VisionAgent"", ""skill"": ""locate"", ""parameters"": {""object_id"": ""tray_pocket_4"", ""target"": ""tray""}, ""reasoning"": ""vision plan: identify tray pocket 4 location""}, {""step"": 3, ""agent"": ""ControlAgent"", ""skill"": ""place"", ""parameters"": {""object_id"": ""grey_spacer"", ""target"": ""tray_pocket_4""}, ""reasoning"": ""control plan: place grey spacer in tray pocket 4""}], ""requires_approval"": false, ""ambiguity_notes"": """"}","{  
  ""plan_id"": ""pick_and_place"",
  ""confidence"": 0.95,
  ""subgoals"": [""pick grey spacer"", ""place in tray pocket 4""],
  ""actions"": [  
    {  
      ""step"": 1,
      ""agent"": ""ControlAgent"",
      ""skill"": ""pick"",
      ""parameters"": {""object_id"": ""grey_spacer"", ""target"": ""tray""},
      ""reasoning"": ""control plan: pick grey spacer at tray location""
    },
    {  
      ""step"": 2,
      ""agent"": ""VisionAgent"",
      ""skill"": ""locate"",
      ""parameters"": {""object_id"": ""tray_pocket_4"", ""target"": ""tray""},
      ""reasoning"": ""vision plan: identify tray pocket 4 location""
    },
    {  
      ""step"": 3,
      ""agent"": ""ControlAgent"",
      ""skill"": ""place"",
      ""parameters"": {""object_id"": ""grey_spacer"", ""target"": ""tray_pocket_4""},
      ""reasoning"": ""control plan: place grey spacer in tray pocket 4""
    }
  ],
  ""requires_approval"": false,
  ""ambiguity_notes"": """"
}"
LG_TRIAL_00054,6,P06,Cat 1: Direct Imperative,Pick the grey spacer and place it into tray pocket 4.,SayCan,2026,0.7,8d83b97,2026-10-03T21:21:10.751499Z,True,False,False,True,0.3333333333333333,False,0.002,0.7,False,2939.9,"{""selected_primitive"": ""pick(red_cylinder)"", ""score"": 0.002}","{
  ""pick(blue_bolt)"": 0.001,
  ""pick(blue_cube)"": 0.001,
  ""pick(red_cylinder)"": 0.002,
  ""pick(red_housing)"": 0.001,
  ""pick(grey_bracket)"": 0.0005,
  ""place(assembly_tray)"": 0.0001,
  ""place(scrap_bin)"": 0.0002,
  ""place(tray_pocket_1)"": 0.003,
  ""place(tray_pocket_2)"": 0.002,
  ""inspect(red_cylinder)"": 0.001,
  ""sweep(conveyor)"": 0.0005,
  ""done()"": 0
}"
LG_TRIAL_00055,7,P07,Cat 1: Direct Imperative,Grasp the blue peg and insert it into slot 2.,ARIA_Dialogue_Planning,42,0.7,8d83b97,2026-10-03T21:21:14.150295Z,True,True,False,True,0.6666666666666666,False,1.0,0.7,True,3398.43,"{""plan_id"": ""grasp_and_insert"", ""confidence"": 1.0, ""subgoals"": [""grasp_blue_peg"", ""insert_into_slot_2""], ""actions"": [{""step"": 1, ""agent"": ""AffordanceAgent"", ""skill"": ""pick"", ""reasoning"": ""nearest_affordance"", ""parameters"": {""object_id"": ""workpiece_good_1""}}, {""step"": 2, ""agent"": ""AffordanceAgent"", ""skill"": ""place"", ""reasoning"": ""nearest_affordance"", ""parameters"": {""object_id"": ""workpiece_good_1"", ""target"": ""slot_2""}}], ""requires_approval"": false, ""ambiguity_notes"": """"}","{ ""plan_id"": ""grasp_and_insert"", ""confidence"": 1.00, ""subgoals"": [ ""grasp_blue_peg"", ""insert_into_slot_2"" ] , ""actions"": [ {""step"": 1, ""agent"": ""AffordanceAgent"", ""skill"": ""pick"", ""reasoning"": ""nearest_affordance"", ""parameters"": {""object_id"": ""workpiece_good_1""}}, {""step"": 2, ""agent"": ""AffordanceAgent"", ""skill"": ""place"", ""reasoning"": ""nearest_affordance"", ""parameters"": {""object_id"": ""workpiece_good_1"", ""target"": ""slot_2""}} ] , ""requires_approval"": false, ""ambiguity_notes"": """" }"
LG_TRIAL_00056,7,P07,Cat 1: Direct Imperative,Grasp the blue peg and insert it into slot 2.,Direct_LLM,42,0.7,8d83b97,2026-10-03T21:21:18.945305Z,True,False,True,True,0.6666666666666666,False,0.95,0.7,True,4794.86,"{""plan_id"": ""grasp_and_insert_blue_peg"", ""confidence"": 0.95, ""subgoals"": [""Grasp blue peg"", ""Insert peg into slot 2""], ""actions"": [{""step"": 1, ""agent"": ""VisionAgent"", ""skill"": ""locate"", ""parameters"": {""object_id"": ""blue_peg"", ""target"": ""slot_2""}, ""reasoning"": ""Identify blue peg and its location""}, {""step"": 2, ""agent"": ""ControlAgent"", ""skill"": ""pick"", ""parameters"": {""object_id"": ""blue_peg"", ""target"": ""grasping_position""}, ""reasoning"": ""Grasp the blue peg using a gripper""}, {""step"": 3, ""agent"": ""ControlAgent"", ""skill"": ""place"", ""parameters"": {""object_id"": ""blue_peg"", ""target"": ""slot_2""}, ""reasoning"": ""Insert the blue peg into slot 2""}], ""requires_approval"": false, ""ambiguity_notes"": """"}","{
  ""plan_id"": ""grasp_and_insert_blue_peg"",
  ""confidence"": 0.95,
  ""subgoals"": [""Grasp blue peg"", ""Insert peg into slot 2""],
  ""actions"": [
    {
      ""step"": 1,
      ""agent"": ""VisionAgent"",
      ""skill"": ""locate"",
      ""parameters"": {""object_id"": ""blue_peg"", ""target"": ""slot_2""},
      ""reasoning"": ""Identify blue peg and its location""
    },
    {
      ""step"": 2,
      ""agent"": ""ControlAgent"",
      ""skill"": ""pick"",
      ""parameters"": {""object_id"": ""blue_peg"", ""target"": ""grasping_position""},
      ""reasoning"": ""Grasp the blue peg using a gripper""
    },
    {
      ""step"": 3,
      ""agent"": ""ControlAgent"",
      ""skill"": ""place"",
      ""parameters"": {""object_id"": ""blue_peg"", ""target"": ""slot_2""},
      ""reasoning"": ""Insert the blue peg into slot 2""
    }
  ],
  ""requires_approval"": false,
  ""ambiguity_notes"": """"
}"
LG_TRIAL_00057,7,P07,Cat 1: Direct Imperative,Grasp the blue peg and insert it into slot 2.,SayCan,42,0.7,8d83b97,2026-10-03T21:21:21.905827Z,True,False,True,True,0.6666666666666666,False,0.704,0.7,True,2960.34,"{""selected_primitive"": ""pick(blue_cube)"", ""score"": 0.704}","{
  ""pick(blue_bolt)"": 0.0,
  ""pick(blue_cube)"": 0.8,
  ""pick(red_cylinder)"": 0.0,
  ""pick(red_housing)"": 0.0,
  ""pick(grey_bracket)"": 0.0,
  ""place(assembly_tray)"": 0.2,
  ""place(scrap_bin)"": 0.0,
  ""place(tray_pocket_1)"": 0.0,
  ""place(tray_pocket_2)"": 0.0,
  ""inspect(red_cylinder)"": 0.0,
  ""sweep(conveyor)"": 0.0,
  ""done()"": 0.0
}"
LG_TRIAL_00058,7,P07,Cat 1: Direct Imperative,Grasp the blue peg and insert it into slot 2.,ARIA_Dialogue_Planning,1337,0.7,8d83b97,2026-10-03T21:21:27.507259Z,False,False,True,True,0.6666666666666666,True,0.5,0.7,False,5601.25,{},"{ ""plan_id"": ""insert_blue_peg"", ""confidence"": 1.0, ""subgoals"": [ ""grasp_blue_peg"" ] , ""actions"": [ { ""step"": 1, ""agent"": ""AffordanceAgent"", ""skill"": ""pick"", ""reasoning"": ""To perform the instruction 'Grasp the blue peg and insert it into slot 2', first we need to grasp the blue peg. This can be done by the Affordance Agent using its manipulation capabilities."", ""parameters"": { ""object_id"": ""workpiece_good_1"" } }, { ""step"": 2, ""agent"": ""AffordanceAgent"", ""skill"": ""place"", ""reasoning"": ""After grasping the blue peg, we need to insert it into slot 2. This can be done by the Affordance Agent using its manipulation capabilities."", ""parameters"": { ""object_id"": ""workpiece_good_1"" , ""target"": ""slot_2"" } }, { ""step"": 3, ""agent"": ""AffordanceAgent"", ""skill"": ""push"", ""reasoning"": ""If the peg is not aligned with the slot, we may need to push it gently into place. This can be done by the Affordance Agent using its manipulation capabilities."", ""parameters"": { ""object_id"": ""workpiece_good_1"" , ""target"": ""slot_2"""
LG_TRIAL_00059,7,P07,Cat 1: Direct Imperative,Grasp the blue peg and insert it into slot 2.,Direct_LLM,1337,0.7,8d83b97,2026-10-03T21:21:32.786429Z,True,False,True,True,0.6666666666666666,False,0.95,0.7,True,5279.0,"{""plan_id"": ""peg_insertion_plan"", ""confidence"": 0.95, ""subgoals"": [""Grasp blue peg"", ""Insert into slot 2""], ""actions"": [{""step"": 1, ""agent"": ""VisionAgent"", ""skill"": ""locate"", ""parameters"": {""object_id"": ""blue_peg""}, ""reasoning"": ""Identify blue peg in workspace""}, {""step"": 2, ""agent"": ""ControlAgent"", ""skill"": ""pick"", ""parameters"": {""object_id"": ""blue_peg"", ""target"": ""gripper""}, ""reasoning"": ""Grasp blue peg with gripper""}, {""step"": 3, ""agent"": ""VisionAgent"", ""skill"": ""locate"", ""parameters"": {""object_id"": ""slot_2""}, ""reasoning"": ""Identify slot 2 in workspace""}, {""step"": 4, ""agent"": ""ControlAgent"", ""skill"": ""place"", ""parameters"": {""object_id"": ""blue_peg"", ""target"": ""slot_2""}, ""reasoning"": ""Insert blue peg into slot 2""}], ""requires_approval"": false, ""ambiguity_notes"": """"}","{
  ""plan_id"": ""peg_insertion_plan"",
  ""confidence"": 0.95,
  ""subgoals"": [""Grasp blue peg"", ""Insert into slot 2""],
  ""actions"": [
    {
      ""step"": 1,
      ""agent"": ""VisionAgent"",
      ""skill"": ""locate"",
      ""parameters"": {""object_id"": ""blue_peg""},
      ""reasoning"": ""Identify blue peg in workspace""
    },
    {
      ""step"": 2,
      ""agent"": ""ControlAgent"",
      ""skill"": ""pick"",
      ""parameters"": {""object_id"": ""blue_peg"", ""target"": ""gripper""},
      ""reasoning"": ""Grasp blue peg with gripper""
    },
    {
      ""step"": 3,
      ""agent"": ""VisionAgent"",
      ""skill"": ""locate"",
      ""parameters"": {""object_id"": ""slot_2""},
      ""reasoning"": ""Identify slot 2 in workspace""
    },
    {
      ""step"": 4,
      ""agent"": ""ControlAgent"",
      ""skill"": ""place"",
      ""parameters"": {""object_id"": ""blue_peg"", ""target"": ""slot_2""},
      ""reasoning"": ""Insert blue peg into slot 2""
    }
  ],
  ""requires_approval"": false,
  ""ambiguity_notes"": """"
}"
LG_TRIAL_00060,7,P07,Cat 1: Direct Imperative,Grasp the blue peg and insert it into slot 2.,SayCan,1337,0.7,8d83b97,2026-10-03T21:21:35.693948Z,True,False,True,True,0.6666666666666666,False,0.44,0.7,True,2907.35,"{""selected_primitive"": ""pick(blue_cube)"", ""score"": 0.44}","{
  ""pick(blue_bolt)"": 0.0,
  ""pick(blue_cube)"": 0.5,
  ""pick(red_cylinder)"": 0.0,
  ""pick(red_housing)"": 0.0,
  ""pick(grey_bracket)"": 0.0,
  ""place(assembly_tray)"": 0.2,
  ""place(scrap_bin)"": 0.1,
  ""place(tray_pocket_1)"": 0.3,
  ""place(tray_pocket_2)"": 0.4,
  ""inspect(red_cylinder)"": 0.0,
  ""sweep(conveyor)"": 0.0,
  ""done()"": 0.0
}"
LG_TRIAL_00061,7,P07,Cat 1: Direct Imperative,Grasp the blue peg and insert it into slot 2.,ARIA_Dialogue_Planning,2026,0.7,8d83b97,2026-10-03T21:21:41.331110Z,False,False,True,True,0.6666666666666666,True,0.5,0.7,False,5636.99,{},"{

    ""plan_id"": ""ARIA-001"",
    ""confidence"": 1.0,
    ""subgoals"": [
        ""Grasp workpiece_good_1 (blue bolt)"",
        ""Insert workpiece_good_1 into slot 2""
    ],
    ""actions"": [
        {
            ""step"": 1,
            ""agent"": ""AffordanceAgent"",
            ""skill"": ""pick"",
            ""reasoning"": ""The instruction requires the agent to grasp an object. The only blue objects in the workcell are workpiece_good_1 and workpiece_good_2, but the instruction specifies 'the blue peg'. Therefore, it is reasonable to assume that workpiece_good_1 (blue bolt) is the intended target."",
            ""parameters"": {
                ""object_id"": ""workpiece_good_1""
            }
        },
        {
            ""step"": 2,
            ""agent"": ""AffordanceAgent"",
            ""skill"": ""place"",
            ""reasoning"": ""The instruction requires the agent to insert an object into a slot. Since there is only one blue bolt and one slot 2 in the workcell, it is reasonable to assume that the intended action is to insert workpiece_good_1 into slot 2."",
            ""parameters"": {
                ""object_id"": ""workpiece_good_1"",
                ""target"": ""slot 2""
            }
        },
        {
            ""step"
LG_TRIAL_00062,7,P07,Cat 1: Direct Imperative,Grasp the blue peg and insert it into slot 2.,Direct_LLM,2026,0.7,8d83b97,2026-10-03T21:21:43.716969Z,True,False,True,True,0.6666666666666666,False,0.95,0.7,True,2385.6,"{""plan_id"": "" PegInsertionPlan"", ""confidence"": 0.95, ""subgoals"": [""Grasp blue peg"", ""Insert peg into slot""], ""actions"": [{""step"": 1, ""agent"": ""ControlAgent"", ""skill"": ""pick"", ""parameters"": {""object_id"": ""blue_peg"", ""target"": ""slot2""}, ""reasoning"": ""nearest available peg to grasp""}, {""step"": 2, ""agent"": ""WorldModelAgent"", ""skill"": ""locate"", ""parameters"": {""object_id"": ""slot2""}, ""reasoning"": ""verify destination slot""}], ""requires_approval"": false, ""ambiguity_notes"": """"}","{""plan_id"":"" PegInsertionPlan"",
""confidence"":0.95,
""subgoals"":[""Grasp blue peg"",""Insert peg into slot""],
""actions"":[
    {""step"":1,""agent"":""ControlAgent"",""skill"":""pick"",""parameters"":{""object_id"":""blue_peg"",""target"":""slot2""},""reasoning"":""nearest available peg to grasp""},
    {""step"":2,""agent"":""WorldModelAgent"",""skill"":""locate"",""parameters"":{""object_id"":""slot2""},""reasoning"":""verify destination slot""}
],
""requires_approval"":false,
""ambiguity_notes"":""""}"
LG_TRIAL_00063,7,P07,Cat 1: Direct Imperative,Grasp the blue peg and insert it into slot 2.,SayCan,2026,0.7,8d83b97,2026-10-03T21:21:46.431754Z,True,False,True,True,0.6666666666666666,False,0.044,0.7,True,2714.59,"{""selected_primitive"": ""pick(blue_cube)"", ""score"": 0.044}","{ ""pick(blue_bolt)"": 0.0, ""pick(blue_cube)"": 0.05, ""pick(red_cylinder)"": 0.0, ""pick(red_housing)"": 0.0, ""pick(grey_bracket)"": 0.0, ""place(assembly_tray)"": 0.0, ""place(scrap_bin)"": 0.0, ""place(tray_pocket_1)"": 0.0, ""place(tray_pocket_2)"": 0.0, ""inspect(red_cylinder)"": 0.0, ""sweep(conveyor)"": 0.0, ""done()"": 0.0 }"
LG_TRIAL_00064,8,P08,Cat 1: Direct Imperative,Pick the red washer and place it in the center container.,ARIA_Dialogue_Planning,42,0.7,8d83b97,2026-10-03T21:21:50.212085Z,True,True,False,False,0.3333333333333333,False,1.0,0.7,False,3778.85,"{""plan_id"": ""pick_red_washer"", ""confidence"": 1.0, ""subgoals"": [""identify_red_object""], ""actions"": [{""step"": 1, ""agent"": ""AffordanceAgent"", ""skill"": ""pick"", ""reasoning"": ""To pick the red washer, we first need to identify it among the detected objects."", ""parameters"": {""object_id"": ""red_washer""}}, {""step"": 2, ""agent"": ""AffordanceAgent"", ""skill"": ""place"", ""reasoning"": ""Once we have picked the red washer, we need to place it in the center container as instructed."", ""parameters"": {""object_id"": ""center_container"", ""target"": ""red_washer""}}], ""requires_approval"": false, ""ambiguity_notes"": """"}","{ ""plan_id"": ""pick_red_washer"", ""confidence"": 1.00, ""subgoals"": [ ""identify_red_object"" ] , ""actions"": [ { ""step"": 1, ""agent"": ""AffordanceAgent"", ""skill"": ""pick"", ""reasoning"": ""To pick the red washer, we first need to identify it among the detected objects."", ""parameters"": { ""object_id"": ""red_washer"" } }, { ""step"": 2, ""agent"": ""AffordanceAgent"", ""skill"": ""place"", ""reasoning"": ""Once we have picked the red washer, we need to place it in the center container as instructed."", ""parameters"": { ""object_id"": ""center_container"", ""target"": ""red_washer"" } } ] , ""requires_approval"": false, ""ambiguity_notes"": """" }"
LG_TRIAL_00065,8,P08,Cat 1: Direct Imperative,Pick the red washer and place it in the center container.,Direct_LLM,42,0.7,8d83b97,2026-10-03T21:21:54.778185Z,True,False,True,True,0.6666666666666666,False,0.95,0.7,True,4565.9,"{""plan_id"": ""washers_001"", ""confidence"": 0.95, ""subgoals"": [""pick_red_washer"", ""place_in_center_container""], ""actions"": [{""step"": 1, ""agent"": ""VisionAgent"", ""skill"": ""locate"", ""parameters"": {""object_id"": ""red_washer""}, ""reasoning"": ""Identify the red washer in the workspace""}, {""step"": 2, ""agent"": ""ControlAgent"", ""skill"": ""pick"", ""parameters"": {""object_id"": ""red_washer"", ""target"": ""gripper""}, ""reasoning"": ""Grasp the red washer with the gripper""}, {""step"": 3, ""agent"": ""ControlAgent"", ""skill"": ""place"", ""parameters"": {""object_id"": ""red_washer"", ""target"": ""center_container""}, ""reasoning"": ""Place the red washer in the center container""}], ""requires_approval"": false, ""ambiguity_notes"": """"}","{
  ""plan_id"": ""washers_001"",
  ""confidence"": 0.95,
  ""subgoals"": [""pick_red_washer"", ""place_in_center_container""],
  ""actions"": [
    {
      ""step"": 1,
      ""agent"": ""VisionAgent"",
      ""skill"": ""locate"",
      ""parameters"": {""object_id"": ""red_washer""},
      ""reasoning"": ""Identify the red washer in the workspace""
    },
    {
      ""step"": 2,
      ""agent"": ""ControlAgent"",
      ""skill"": ""pick"",
      ""parameters"": {""object_id"": ""red_washer"", ""target"": ""gripper""},
      ""reasoning"": ""Grasp the red washer with the gripper""
    },
    {
      ""step"": 3,
      ""agent"": ""ControlAgent"",
      ""skill"": ""place"",
      ""parameters"": {""object_id"": ""red_washer"", ""target"": ""center_container""},
      ""reasoning"": ""Place the red washer in the center container""
    }
  ],
  ""requires_approval"": false,
  ""ambiguity_notes"": """"
}"
LG_TRIAL_00066,8,P08,Cat 1: Direct Imperative,Pick the red washer and place it in the center container.,SayCan,42,0.7,8d83b97,2026-10-03T21:21:57.729485Z,True,False,True,True,0.6666666666666666,False,0.862,0.7,True,2951.14,"{""selected_primitive"": ""pick(red_cylinder)"", ""score"": 0.862}","{
  ""pick(blue_bolt)"": 0.01,
  ""pick(blue_cube)"": 0.01,
  ""pick(red_cylinder)"": 0.98,
  ""pick(red_housing)"": 0.01,
  ""pick(grey_bracket)"": 0.01,
  ""place(assembly_tray)"": 0.05,
  ""place(scrap_bin)"": 0.01,
  ""place(tray_pocket_1)"": 0.02,
  ""place(tray_pocket_2)"": 0.02,
  ""inspect(red_cylinder)"": 0.06,
  ""sweep(conveyor)"": 0.01,
  ""done()"": 0
}"
LG_TRIAL_00067,8,P08,Cat 1: Direct Imperative,Pick the red washer and place it in the center container.,ARIA_Dialogue_Planning,1337,0.7,8d83b97,2026-10-03T21:22:02.287214Z,True,True,True,True,1.0,False,1.0,0.7,True,4557.56,"{""plan_id"": ""pick_red_washer"", ""confidence"": 1.0, ""subgoals"": [""detect_red_washer"", ""pick_red_washer"", ""place_red_washer_in_container""], ""actions"": [{""step"": 1, ""agent"": ""AffordanceAgent"", ""skill"": ""locate"", ""reasoning"": ""The instruction requires identifying the red washer in the workcell."", ""parameters"": {""object_id"": ""red_washer""}}, {""step"": 2, ""agent"": ""AffordanceAgent"", ""skill"": ""pick"", ""reasoning"": ""Pick up the identified red washer from its current location."", ""parameters"": {""object_id"": ""red_washer""}}, {""step"": 3, ""agent"": ""AffordanceAgent"", ""skill"": ""place"", ""reasoning"": ""Put the picked-up red washer in the center container."", ""parameters"": {""object_id"": ""red_washer"", ""target"": ""center_container""}}], ""requires_approval"": false, ""ambiguity_notes"": """"}","{ ""plan_id"": ""pick_red_washer"", ""confidence"": 1.00, ""subgoals"": [ ""detect_red_washer"", ""pick_red_washer"", ""place_red_washer_in_container"" ] , ""actions"": [ { ""step"": 1, ""agent"": ""AffordanceAgent"", ""skill"": ""locate"", ""reasoning"": ""The instruction requires identifying the red washer in the workcell."", ""parameters"": { ""object_id"": ""red_washer"" } }, { ""step"": 2, ""agent"": ""AffordanceAgent"", ""skill"": ""pick"", ""reasoning"": ""Pick up the identified red washer from its current location."", ""parameters"": { ""object_id"": ""red_washer"" } }, { ""step"": 3, ""agent"": ""AffordanceAgent"", ""skill"": ""place"", ""reasoning"": ""Put the picked-up red washer in the center container."", ""parameters"": { ""object_id"": ""red_washer"", ""target"": ""center_container"" } } ] , ""requires_approval"": false, ""ambiguity_notes"": """" }"
LG_TRIAL_00068,8,P08,Cat 1: Direct Imperative,Pick the red washer and place it in the center container.,Direct_LLM,1337,0.7,8d83b97,2026-10-03T21:22:07.519609Z,True,False,True,True,0.6666666666666666,False,0.95,0.7,True,5232.19,"{""plan_id"": ""red_washer_placement"", ""confidence"": 0.95, ""subgoals"": [""pick_red_washer"", ""place_in_center_container""], ""actions"": [{""step"": 1, ""agent"": ""VisionAgent"", ""skill"": ""locate"", ""parameters"": {""object_id"": ""red_washer""}, ""reasoning"": ""Identify red washer in the workspace""}, {""step"": 2, ""agent"": ""ControlAgent"", ""skill"": ""pick"", ""parameters"": {""object_id"": ""red_washer"", ""target"": ""gripper""}, ""reasoning"": ""Pick up red washer with gripper""}, {""step"": 3, ""agent"": ""WorldModelAgent"", ""skill"": ""locate"", ""parameters"": {""object_id"": ""center_container""}, ""reasoning"": ""Identify center container in the workspace""}, {""step"": 4, ""agent"": ""ControlAgent"", ""skill"": ""place"", ""parameters"": {""object_id"": ""red_washer"", ""target"": ""center_container""}, ""reasoning"": ""Place red washer in center container""}], ""requires_approval"": false, ""ambiguity_notes"": """"}","{
  ""plan_id"": ""red_washer_placement"",
  ""confidence"": 0.95,
  ""subgoals"": [""pick_red_washer"", ""place_in_center_container""],
  ""actions"": [
    {
      ""step"": 1,
      ""agent"": ""VisionAgent"",
      ""skill"": ""locate"",
      ""parameters"": {""object_id"": ""red_washer""},
      ""reasoning"": ""Identify red washer in the workspace""
    },
    {
      ""step"": 2,
      ""agent"": ""ControlAgent"",
      ""skill"": ""pick"",
      ""parameters"": {""object_id"": ""red_washer"", ""target"": ""gripper""},
      ""reasoning"": ""Pick up red washer with gripper""
    },
    {
      ""step"": 3,
      ""agent"": ""WorldModelAgent"",
      ""skill"": ""locate"",
      ""parameters"": {""object_id"": ""center_container""},
      ""reasoning"": ""Identify center container in the workspace""
    },
    {
      ""step"": 4,
      ""agent"": ""ControlAgent"",
      ""skill"": ""place"",
      ""parameters"": {""object_id"": ""red_washer"", ""target"": ""center_container""},
      ""reasoning"": ""Place red washer in center container""
    }
  ],
  ""requires_approval"": false,
  ""ambiguity_notes"": """"
}"
LG_TRIAL_00069,8,P08,Cat 1: Direct Imperative,Pick the red washer and place it in the center container.,SayCan,1337,0.7,8d83b97,2026-10-03T21:22:10.439410Z,True,False,True,True,0.6666666666666666,False,0.88,0.7,True,2919.51,"{""selected_primitive"": ""pick(red_cylinder)"", ""score"": 0.88}","{
  ""pick(blue_bolt)"": 0.0,
  ""pick(blue_cube)"": 0.0,
  ""pick(red_cylinder)"": 1.0,
  ""pick(red_housing)"": 0.5,
  ""pick(grey_bracket)"": 0.0,
  ""place(assembly_tray)"": 0.25,
  ""place(scrap_bin)"": 0.0,
  ""place(tray_pocket_1)"": 0.25,
  ""place(tray_pocket_2)"": 0.25,
  ""inspect(red_cylinder)"": 0.5,
  ""sweep(conveyor)"": 0.0,
  ""done()"": 0.0
}"
LG_TRIAL_00070,8,P08,Cat 1: Direct Imperative,Pick the red washer and place it in the center container.,ARIA_Dialogue_Planning,2026,0.7,8d83b97,2026-10-03T21:22:15.734931Z,True,True,False,True,0.6666666666666666,False,1.0,0.7,True,5295.33,"{""plan_id"": ""Pick_red_washer"", ""confidence"": 1.0, ""subgoals"": [""Locate red washer""], ""actions"": [{""step"": 1, ""agent"": ""AffordanceAgent"", ""skill"": ""pick"", ""reasoning"": ""Object recognition: Identify the object as a red washer."", ""parameters"": {""object_id"": ""workpiece_defect_2""}}, {""step"": 2, ""agent"": ""AffordanceAgent"", ""skill"": ""place"", ""reasoning"": ""Object placement: Determine the center container's location and move the red washer to it."", ""parameters"": {""object_id"": ""workpiece_defect_2"", ""target"": ""center_container""}}, {""step"": 3, ""agent"": ""AffordanceAgent"", ""skill"": ""place"", ""reasoning"": ""Object placement: Finalize placing the red washer in the center container."", ""parameters"": {""object_id"": ""workpiece_defect_2"", ""target"": ""center_container""}}], ""requires_approval"": false, ""ambiguity_notes"": """"}","{

    ""plan_id"": ""Pick_red_washer"",
    ""confidence"": 1.0,
    ""subgoals"": [
        ""Locate red washer""
    ],
    ""actions"": [
        {
            ""step"": 1,
            ""agent"": ""AffordanceAgent"",
            ""skill"": ""pick"",
            ""reasoning"": ""Object recognition: Identify the object as a red washer."",
            ""parameters"": {
                ""object_id"": ""workpiece_defect_2""
            }
        },
        {
            ""step"": 2,
            ""agent"": ""AffordanceAgent"",
            ""skill"": ""place"",
            ""reasoning"": ""Object placement: Determine the center container's location and move the red washer to it."",
            ""parameters"": {
                ""object_id"": ""workpiece_defect_2"",
                ""target"": ""center_container""
            }
        },
        {
            ""step"": 3,
            ""agent"": ""AffordanceAgent"",
            ""skill"": ""place"",
            ""reasoning"": ""Object placement: Finalize placing the red washer in the center container."",
            ""parameters"": {
                ""object_id"": ""workpiece_defect_2"",
                ""target"": ""center_container""
            }
        }
    ],
    ""requires_approval"": false,
    ""ambiguity_notes"": """"
}"
LG_TRIAL_00071,8,P08,Cat 1: Direct Imperative,Pick the red washer and place it in the center container.,Direct_LLM,2026,0.7,8d83b97,2026-10-03T21:22:19.238133Z,True,False,True,True,0.6666666666666666,False,0.95,0.7,True,3503.04,"{""plan_id"": ""task_001"", ""confidence"": 0.95, ""subgoals"": [""Pick red washer"", ""Place in center container""], ""actions"": [{""step"": 1, ""agent"": ""VisionAgent"", ""skill"": ""locate"", ""parameters"": {""object_id"": ""red_washer"", ""target"": """"}, ""reasoning"": ""Identify red washer on the table.""}, {""step"": 2, ""agent"": ""ControlAgent"", ""skill"": ""pick"", ""parameters"": {""object_id"": ""red_washer"", ""target"": """"}, ""reasoning"": ""Grasp red washer with robotic gripper.""}, {""step"": 3, ""agent"": ""WorldModelAgent"", ""skill"": ""move"", ""parameters"": {""source"": """", ""target"": """"}, ""reasoning"": ""Move to center container.""}, {""step"": 4, ""agent"": ""ControlAgent"", ""skill"": ""place"", ""parameters"": {""object_id"": ""red_washer"", ""target"": ""center_container""}, ""reasoning"": ""Place red washer in center container.""}], ""requires_approval"": false, ""ambiguity_notes"": """"}","{""plan_id"":""task_001"",""confidence"":0.95,""subgoals"":[""Pick red washer"",""Place in center container""],""actions"":[{""step"":1,""agent"":""VisionAgent"",""skill"":""locate"",""parameters"":{""object_id"":""red_washer"",""target"":""""},""reasoning"":""Identify red washer on the table.""},{""step"":2,""agent"":""ControlAgent"",""skill"":""pick"",""parameters"":{""object_id"":""red_washer"",""target"":""""},""reasoning"":""Grasp red washer with robotic gripper.""},{""step"":3,""agent"":""WorldModelAgent"",""skill"":""move"",""parameters"":{""source"":"""",""target"":""""},""reasoning"":""Move to center container.""},{""step"":4,""agent"":""ControlAgent"",""skill"":""place"",""parameters"":{""object_id"":""red_washer"",""target"":""center_container""},""reasoning"":""Place red washer in center container.""}],""requires_approval"":false,""ambiguity_notes"":""""}"
LG_TRIAL_00072,8,P08,Cat 1: Direct Imperative,Pick the red washer and place it in the center container.,SayCan,2026,0.7,8d83b97,2026-10-03T21:22:22.144738Z,True,False,True,True,0.6666666666666666,False,0.792,0.7,True,2906.4,"{""selected_primitive"": ""pick(red_cylinder)"", ""score"": 0.792}","{
  ""pick(blue_bolt)"": 0.00,
  ""pick(blue_cube)"": 0.00,
  ""pick(red_cylinder)"": 0.90,
  ""pick(red_housing)"": 0.10,
  ""pick(grey_bracket)"": 0.00,
  ""place(assembly_tray)"": 0.00,
  ""place(scrap_bin)"": 0.00,
  ""place(tray_pocket_1)"": 0.00,
  ""place(tray_pocket_2)"": 0.00,
  ""inspect(red_cylinder)"": 0.05,
  ""sweep(conveyor)"": 0.00,
  ""done()"": 0.00
}"
LG_TRIAL_00073,9,P09,Cat 1: Direct Imperative,Transfer the grey flange to the inspection turntable.,ARIA_Dialogue_Planning,42,0.7,8d83b97,2026-10-03T21:22:26.769789Z,True,False,True,True,0.6666666666666666,False,1.0,0.7,True,4624.79,"{""plan_id"": ""transfer_grey_flange"", ""confidence"": 1.0, ""subgoals"": [""move_to_inspection_turntable""], ""actions"": [{""step"": 1, ""agent"": ""AffordanceAgent"", ""skill"": ""pick"", ""reasoning"": ""Select the grey_bracket object."", ""parameters"": {""object_id"": ""grey_bracket"", ""direction"": ""out""}}, {""step"": 2, ""agent"": ""AffordanceAgent"", ""skill"": ""place"", ""reasoning"": ""Place the selected object on the inspection turntable."", ""parameters"": {""object_id"": ""grey_bracket"", ""direction"": ""in"", ""distance_m"": 0.5}}, {""step"": 3, ""agent"": ""AffordanceAgent"", ""skill"": ""inspect"", ""reasoning"": ""Verify the grey_bracket object is placed on the inspection turntable."", ""parameters"": {""object_id"": ""grey_bracket""}}], ""requires_approval"": false, ""ambiguity_notes"": """"}","{ ""plan_id"": ""transfer_grey_flange"", ""confidence"": 1.00, ""subgoals"": [ ""move_to_inspection_turntable"" ], ""actions"": [ {""step"": 1, ""agent"": ""AffordanceAgent"", ""skill"": ""pick"", ""reasoning"": ""Select the grey_bracket object."", ""parameters"": { ""object_id"": ""grey_bracket"", ""direction"": ""out"" }}, {""step"": 2, ""agent"": ""AffordanceAgent"", ""skill"": ""place"", ""reasoning"": ""Place the selected object on the inspection turntable."", ""parameters"": { ""object_id"": ""grey_bracket"", ""direction"": ""in"", ""distance_m"": 0.5 }}, {""step"": 3, ""agent"": ""AffordanceAgent"", ""skill"": ""inspect"", ""reasoning"": ""Verify the grey_bracket object is placed on the inspection turntable."", ""parameters"": { ""object_id"": ""grey_bracket"" }}], ""requires_approval"": false, ""ambiguity_notes"": """"}"
LG_TRIAL_00074,9,P09,Cat 1: Direct Imperative,Transfer the grey flange to the inspection turntable.,Direct_LLM,42,0.7,8d83b97,2026-10-03T21:22:31.585384Z,False,False,True,True,0.6666666666666666,False,0.85,0.7,False,4815.41,"{""plan_id"": ""GreyFlangeTransfer"", ""confidence"": 0.85, ""subgoals"": [""Transfer grey flange to inspection turntable""], ""actions"": [{""step"": 1, ""agent"": ""ControlAgent"", ""skill"": ""move"", ""parameters"": {""object_id"": ""GreyFlange"", ""target"": ""InspectionTurntable""}, ""reasoning"": ""Move grey flange to inspection turntable""}, {""step"": 2, ""agent"": ""SafetyAgent"", ""skill"": ""check_clearance"", ""parameters"": {""object_id"": ""GreyFlange"", ""target"": ""InspectionTurntable""}, ""reasoning"": ""Ensure grey flange is clear of obstacles before placing on inspection turntable""}, {""step"": 3, ""agent"": ""ControlAgent"", ""skill"": ""place"", ""parameters"": {""object_id"": ""GreyFlange"", ""target"": ""InspectionTurntable""}, ""reasoning"": ""Place grey flange on inspection turntable""}], ""requires_approval"": false, ""ambiguity_notes"": """"}","{
  ""plan_id"": ""GreyFlangeTransfer"",
  ""confidence"": 0.85,
  ""subgoals"": [""Transfer grey flange to inspection turntable""],
  ""actions"": [
    {
      ""step"": 1,
      ""agent"": ""ControlAgent"",
      ""skill"": ""move"",
      ""parameters"": {""object_id"": ""GreyFlange"", ""target"": ""InspectionTurntable""},
      ""reasoning"": ""Move grey flange to inspection turntable""
    },
    {
      ""step"": 2,
      ""agent"": ""SafetyAgent"",
      ""skill"": ""check_clearance"",
      ""parameters"": {""object_id"": ""GreyFlange"", ""target"": ""InspectionTurntable""},
      ""reasoning"": ""Ensure grey flange is clear of obstacles before placing on inspection turntable""
    },
    {
      ""step"": 3,
      ""agent"": ""ControlAgent"",
      ""skill"": ""place"",
      ""parameters"": {""object_id"": ""GreyFlange"", ""target"": ""InspectionTurntable""},
      ""reasoning"": ""Place grey flange on inspection turntable""
    }
  ],
  ""requires_approval"": false,
  ""ambiguity_notes"": """"
}"
LG_TRIAL_00075,9,P09,Cat 1: Direct Imperative,Transfer the grey flange to the inspection turntable.,SayCan,42,0.7,8d83b97,2026-10-03T21:22:34.620927Z,True,False,False,True,0.3333333333333333,False,0.492,0.7,False,3035.33,"{""selected_primitive"": ""inspect(red_cylinder)"", ""score"": 0.492}","{
  ""pick(blue_bolt)"": 0.0,
  ""pick(blue_cube)"": 0.0,
  ""pick(red_cylinder)"": 0.1,
  ""pick(red_housing)"": 0.0,
  ""pick(grey_bracket)"": 0.2,
  ""place(assembly_tray)"": 0.3,
  ""place(scrap_bin)"": 0.0,
  ""place(tray_pocket_1)"": 0.4,
  ""place(tray_pocket_2)"": 0.5,
  ""inspect(red_cylinder)"": 0.6,
  ""sweep(conveyor)"": 0.0,
  ""done()"": 0.0
}"
LG_TRIAL_00076,9,P09,Cat 1: Direct Imperative,Transfer the grey flange to the inspection turntable.,ARIA_Dialogue_Planning,1337,0.7,8d83b97,2026-10-03T21:22:38.010350Z,True,True,True,True,1.0,False,1.0,0.7,True,3389.22,"{""plan_id"": ""transfer_grey_flange"", ""confidence"": 1.0, ""subgoals"": [""locate_grey_bracket"", ""move_grey_bracket_to_inspection_turntable""], ""actions"": [{""step"": 1, ""agent"": ""AffordanceAgent"", ""skill"": ""pick"", ""reasoning"": ""pick grey_bracket from workcell"", ""parameters"": {""object_id"": ""grey_bracket""}}, {""step"": 2, ""agent"": ""AffordanceAgent"", ""skill"": ""place"", ""reasoning"": ""place picked object on inspection turntable"", ""parameters"": {""object_id"": ""grey_bracket"", ""target"": ""inspection_turntable""}}], ""requires_approval"": false, ""ambiguity_notes"": """"}","{ ""plan_id"": ""transfer_grey_flange"", ""confidence"": 1.00, ""subgoals"": [ ""locate_grey_bracket"", ""move_grey_bracket_to_inspection_turntable"" ], ""actions"": [ {""step"": 1, ""agent"": ""AffordanceAgent"", ""skill"": ""pick"", ""reasoning"": ""pick grey_bracket from workcell"", ""parameters"": {""object_id"": ""grey_bracket""}}, {""step"": 2, ""agent"": ""AffordanceAgent"", ""skill"": ""place"", ""reasoning"": ""place picked object on inspection turntable"", ""parameters"": {""object_id"": ""grey_bracket"", ""target"": ""inspection_turntable""}} ] , ""requires_approval"": false, ""ambiguity_notes"": """"}"
LG_TRIAL_00077,9,P09,Cat 1: Direct Imperative,Transfer the grey flange to the inspection turntable.,Direct_LLM,1337,0.7,8d83b97,2026-10-03T21:22:41.779328Z,True,False,True,True,0.6666666666666666,False,0.85,0.7,True,3768.8,"{""plan_id"": ""TransferGreyFlangeToInspectionTurntable"", ""confidence"": 0.85, ""subgoals"": [""Move grey flange to inspection turntable""], ""actions"": [{""step"": 1, ""agent"": ""ControlAgent"", ""skill"": ""pick"", ""parameters"": {""object_id"": ""grey_flange"", ""target"": ""inspection_turntable""}, ""reasoning"": ""Move the grey flange from its current location to the inspection turntable.""}, {""step"": 2, ""agent"": ""ControlAgent"", ""skill"": ""place"", ""parameters"": {""object_id"": ""grey_flange"", ""target"": ""inspection_turntable""}, ""reasoning"": ""Place the grey flange on the inspection turntable for further examination.""}], ""requires_approval"": false, ""ambiguity_notes"": """"}","{
  ""plan_id"": ""TransferGreyFlangeToInspectionTurntable"",
  ""confidence"": 0.85,
  ""subgoals"": [""Move grey flange to inspection turntable""],
  ""actions"": [
    {
      ""step"": 1,
      ""agent"": ""ControlAgent"",
      ""skill"": ""pick"",
      ""parameters"": {""object_id"": ""grey_flange"", ""target"": ""inspection_turntable""},
      ""reasoning"": ""Move the grey flange from its current location to the inspection turntable.""
    },
    {
      ""step"": 2,
      ""agent"": ""ControlAgent"",
      ""skill"": ""place"",
      ""parameters"": {""object_id"": ""grey_flange"", ""target"": ""inspection_turntable""},
      ""reasoning"": ""Place the grey flange on the inspection turntable for further examination.""
    }
  ],
  ""requires_approval"": false,
  ""ambiguity_notes"": """"
}"
LG_TRIAL_00078,9,P09,Cat 1: Direct Imperative,Transfer the grey flange to the inspection turntable.,SayCan,1337,0.7,8d83b97,2026-10-03T21:22:44.712379Z,True,False,True,True,0.6666666666666666,False,0.085,0.7,True,2932.87,"{""selected_primitive"": ""pick(grey_bracket)"", ""score"": 0.085}","{
  ""pick(blue_bolt)"": 0.0,
  ""pick(blue_cube)"": 0.0,
  ""pick(red_cylinder)"": 0.0,
  ""pick(red_housing)"": 0.0,
  ""pick(grey_bracket)"": 0.1,
  ""place(assembly_tray)"": 0.0,
  ""place(scrap_bin)"": 0.0,
  ""place(tray_pocket_1)"": 0.0,
  ""place(tray_pocket_2)"": 0.0,
  ""inspect(red_cylinder)"": 0.0,
  ""sweep(conveyor)"": 0.0,
  ""done()"": 0.0
}"
LG_TRIAL_00079,9,P09,Cat 1: Direct Imperative,Transfer the grey flange to the inspection turntable.,ARIA_Dialogue_Planning,2026,0.7,8d83b97,2026-10-03T21:22:49.774800Z,True,False,True,True,0.6666666666666666,False,1.0,0.7,True,5062.2,"{""plan_id"": ""TransferGreyFlangeToTurntable"", ""confidence"": 1, ""subgoals"": [""Move the grey bracket to the inspection turntable""], ""actions"": [{""step"": 1, ""agent"": ""AffordanceAgent"", ""skill"": ""pick"", ""reasoning"": ""Retrieve the grey bracket from its current location and prepare it for movement."", ""parameters"": {""object_id"": ""grey_bracket""}}, {""step"": 2, ""agent"": ""AffordanceAgent"", ""skill"": ""place"", ""reasoning"": ""Place the retrieved grey bracket onto the inspection turntable."", ""parameters"": {""object_id"": ""grey_bracket"", ""target"": ""inspection_turntable""}}, {""step"": 3, ""agent"": ""AffordanceAgent"", ""skill"": ""stack"", ""reasoning"": ""Ensure the grey bracket is placed safely on the turntable, ready for inspection."", ""parameters"": {""object_id"": ""grey_bracket""}}], ""requires_approval"": false, ""ambiguity_notes"": """"}","{

    ""plan_id"": ""TransferGreyFlangeToTurntable"",
    ""confidence"": 1,
    ""subgoals"": [
        ""Move the grey bracket to the inspection turntable""
    ],
    ""actions"": [
        {
            ""step"": 1,
            ""agent"": ""AffordanceAgent"",
            ""skill"": ""pick"",
            ""reasoning"": ""Retrieve the grey bracket from its current location and prepare it for movement."",
            ""parameters"": {""object_id"": ""grey_bracket""}
        },
        {
            ""step"": 2,
            ""agent"": ""AffordanceAgent"",
            ""skill"": ""place"",
            ""reasoning"": ""Place the retrieved grey bracket onto the inspection turntable."",
            ""parameters"": {""object_id"": ""grey_bracket"", ""target"": ""inspection_turntable""}
        },
        {
            ""step"": 3,
            ""agent"": ""AffordanceAgent"",
            ""skill"": ""stack"",
            ""reasoning"": ""Ensure the grey bracket is placed safely on the turntable, ready for inspection."",
            ""parameters"": {""object_id"": ""grey_bracket""}
        }
    ],
    ""requires_approval"": false,
    ""ambiguity_notes"": """"
}"
LG_TRIAL_00080,9,P09,Cat 1: Direct Imperative,Transfer the grey flange to the inspection turntable.,Direct_LLM,2026,0.7,8d83b97,2026-10-03T21:22:53.395386Z,True,False,True,False,0.3333333333333333,False,0.85,0.7,False,3620.37,"{""plan_id"": ""GTIT-001"", ""confidence"": 0.85, ""subgoals"": [""Transfer grey flange to inspection turntable""], ""actions"": [{""step"": 1, ""agent"": ""ControlAgent"", ""skill"": ""pick"", ""parameters"": {""object_id"": ""grey_flange"", ""target"": ""vacuum_gripper""}, ""reasoning"": ""Locate grey flange and grasp with vacuum gripper""}, {""step"": 2, ""agent"": ""ControlAgent"", ""skill"": ""place"", ""parameters"": {""object_id"": ""grey_flange"", ""target"": ""inspection_turntable""}, ""reasoning"": ""Transfer grey flange from vacuum gripper to inspection turntable""}], ""requires_approval"": false, ""ambiguity_notes"": """"}","{
  ""plan_id"": ""GTIT-001"",
  ""confidence"": 0.85,
  ""subgoals"": [""Transfer grey flange to inspection turntable""],
  ""actions"": [
    {
      ""step"": 1,
      ""agent"": ""ControlAgent"",
      ""skill"": ""pick"",
      ""parameters"": {""object_id"": ""grey_flange"", ""target"": ""vacuum_gripper""},
      ""reasoning"": ""Locate grey flange and grasp with vacuum gripper""
    },
    {
      ""step"": 2,
      ""agent"": ""ControlAgent"",
      ""skill"": ""place"",
      ""parameters"": {""object_id"": ""grey_flange"", ""target"": ""inspection_turntable""},
      ""reasoning"": ""Transfer grey flange from vacuum gripper to inspection turntable""
    }
  ],
  ""requires_approval"": false,
  ""ambiguity_notes"": """"
}"
LG_TRIAL_00081,9,P09,Cat 1: Direct Imperative,Transfer the grey flange to the inspection turntable.,SayCan,2026,0.7,8d83b97,2026-10-03T21:22:56.313074Z,True,False,False,True,0.3333333333333333,False,0.044,0.7,False,2917.51,"{""selected_primitive"": ""pick(red_cylinder)"", ""score"": 0.044}","{
  ""pick(blue_bolt)"": 0.02,
  ""pick(blue_cube)"": 0.04,
  ""pick(red_cylinder)"": 0.05,
  ""pick(red_housing)"": 0.03,
  ""pick(grey_bracket)"": 0.01,
  ""place(assembly_tray)"": 0.06,
  ""place(scrap_bin)"": 0.02,
  ""place(tray_pocket_1)"": 0.05,
  ""place(tray_pocket_2)"": 0.04,
  ""inspect(red_cylinder)"": 0.01,
  ""sweep(conveyor)"": 0.00,
  ""done()"": 0.08
}"
LG_TRIAL_00082,10,P10,Cat 1: Direct Imperative,Pick the blue cylinder and place it beside the reference marker.,ARIA_Dialogue_Planning,42,0.7,8d83b97,2026-10-03T21:23:00.746274Z,True,True,True,True,1.0,False,1.0,0.7,True,4432.99,"{""plan_id"": ""pick_blue_cylinder"", ""confidence"": 1.0, ""subgoals"": [""identify_workpiece"", ""pick_workpiece"", ""place_workpiece""], ""actions"": [{""step"": 1, ""agent"": ""AffordanceAgent"", ""skill"": ""pick"", ""reasoning"": ""select workpiece with color property blue and shape property cylinder"", ""parameters"": {""object_id"": ""workpiece_good_1""}}, {""step"": 2, ""agent"": ""AffordanceAgent"", ""skill"": ""place"", ""reasoning"": ""identify reference marker"", ""parameters"": {""object_id"": ""grey_bracket""}}, {""step"": 3, ""agent"": ""AffordanceAgent"", ""skill"": ""place"", ""reasoning"": ""calculate placement position beside reference marker and adjust for workpiece size"", ""parameters"": {""object_id"": ""workpiece_good_1""}}], ""requires_approval"": false, ""ambiguity_notes"": """"}","{ ""plan_id"": ""pick_blue_cylinder"", ""confidence"": 1.00, ""subgoals"": [ ""identify_workpiece"", ""pick_workpiece"", ""place_workpiece"" ], ""actions"": [ { ""step"": 1, ""agent"": ""AffordanceAgent"", ""skill"": ""pick"", ""reasoning"": ""select workpiece with color property blue and shape property cylinder"", ""parameters"": { ""object_id"": ""workpiece_good_1"" } }, { ""step"": 2, ""agent"": ""AffordanceAgent"", ""skill"": ""place"", ""reasoning"": ""identify reference marker"", ""parameters"": { ""object_id"": ""grey_bracket"" } }, { ""step"": 3, ""agent"": ""AffordanceAgent"", ""skill"": ""place"", ""reasoning"": ""calculate placement position beside reference marker and adjust for workpiece size"", ""parameters"": { ""object_id"": ""workpiece_good_1"" } } ], ""requires_approval"": false, ""ambiguity_notes"": """" }"
LG_TRIAL_00083,10,P10,Cat 1: Direct Imperative,Pick the blue cylinder and place it beside the reference marker.,Direct_LLM,42,0.7,8d83b97,2026-10-03T21:23:06.053409Z,True,False,True,True,0.6666666666666666,False,0.95,0.7,True,5306.96,"{""plan_id"": ""cylinder_placement_plan"", ""confidence"": 0.95, ""subgoals"": [""pick blue cylinder"", ""place beside reference marker""], ""actions"": [{""step"": 1, ""agent"": ""VisionAgent"", ""skill"": ""locate"", ""parameters"": {""object_id"": ""blue_cylinder""}, ""reasoning"": ""detect blue color and cylindrical shape""}, {""step"": 2, ""agent"": ""ControlAgent"", ""skill"": ""pick"", ""parameters"": {""object_id"": ""blue_cylinder"", ""target"": ""gripper""}, ""reasoning"": ""move gripper to cylinder position""}, {""step"": 3, ""agent"": ""VisionAgent"", ""skill"": ""locate"", ""parameters"": {""object_id"": ""reference_marker""}, ""reasoning"": ""detect reference marker in workspace""}, {""step"": 4, ""agent"": ""ControlAgent"", ""skill"": ""place"", ""parameters"": {""object_id"": ""blue_cylinder"", ""target"": ""beside_reference_marker""}, ""reasoning"": ""move blue cylinder to beside reference marker position""}], ""requires_approval"": false, ""ambiguity_notes"": """"}","{
  ""plan_id"": ""cylinder_placement_plan"",
  ""confidence"": 0.95,
  ""subgoals"": [""pick blue cylinder"", ""place beside reference marker""],
  ""actions"": [
    {
      ""step"": 1,
      ""agent"": ""VisionAgent"",
      ""skill"": ""locate"",
      ""parameters"": {""object_id"": ""blue_cylinder""},
      ""reasoning"": ""detect blue color and cylindrical shape""
    },
    {
      ""step"": 2,
      ""agent"": ""ControlAgent"",
      ""skill"": ""pick"",
      ""parameters"": {""object_id"": ""blue_cylinder"", ""target"": ""gripper""},
      ""reasoning"": ""move gripper to cylinder position""
    },
    {
      ""step"": 3,
      ""agent"": ""VisionAgent"",
      ""skill"": ""locate"",
      ""parameters"": {""object_id"": ""reference_marker""},
      ""reasoning"": ""detect reference marker in workspace""
    },
    {
      ""step"": 4,
      ""agent"": ""ControlAgent"",
      ""skill"": ""place"",
      ""parameters"": {""object_id"": ""blue_cylinder"", ""target"": ""beside_reference_marker""},
      ""reasoning"": ""move blue cylinder to beside reference marker position""
    }
  ],
  ""requires_approval"": false,
  ""ambiguity_notes"": """"
}"
LG_TRIAL_00084,10,P10,Cat 1: Direct Imperative,Pick the blue cylinder and place it beside the reference marker.,SayCan,42,0.7,8d83b97,2026-10-03T21:23:09.058080Z,True,False,True,True,0.6666666666666666,False,0.044,0.7,True,3004.47,"{""selected_primitive"": ""pick(red_cylinder)"", ""score"": 0.044}","{
  ""pick(blue_bolt)"": 0.01,
  ""pick(blue_cube)"": 0.03,
  ""pick(red_cylinder)"": 0.05,
  ""pick(red_housing)"": 0.02,
  ""pick(grey_bracket)"": 0.01,
  ""place(assembly_tray)"": 0.00,
  ""place(scrap_bin)"": 0.00,
  ""place(tray_pocket_1)"": 0.00,
  ""place(tray_pocket_2)"": 0.00,
  ""inspect(red_cylinder)"": 0.00,
  ""sweep(conveyor)"": 0.00,
  ""done()"": 0.00
}"
LG_TRIAL_00085,10,P10,Cat 1: Direct Imperative,Pick the blue cylinder and place it beside the reference marker.,ARIA_Dialogue_Planning,1337,0.7,8d83b97,2026-10-03T21:23:12.591031Z,True,True,False,True,0.6666666666666666,False,1.0,0.7,True,3532.78,"{""plan_id"": ""pick_blue_cylinder"", ""confidence"": 1.0, ""subgoals"": [""select_workpiece_good_1""], ""actions"": [{""step"": 1, ""agent"": ""AffordanceAgent"", ""skill"": ""pick"", ""reasoning"": ""AffordanceAgent can pick up workpiece_good_1 as it is a blue cylinder."", ""parameters"": {""object_id"": ""workpiece_good_1""}}, {""step"": 2, ""agent"": ""AffordanceAgent"", ""skill"": ""place"", ""reasoning"": ""AffordanceAgent can place the picked-up workpiece beside the reference marker."", ""parameters"": {""object_id"": ""reference_marker""}}], ""requires_approval"": false, ""ambiguity_notes"": """"}","{ ""plan_id"": ""pick_blue_cylinder"", ""confidence"": 1.00, ""subgoals"": [ ""select_workpiece_good_1"" ] , ""actions"": [ { ""step"": 1, ""agent"": ""AffordanceAgent"", ""skill"": ""pick"", ""reasoning"": ""AffordanceAgent can pick up workpiece_good_1 as it is a blue cylinder."", ""parameters"": { ""object_id"": ""workpiece_good_1"" } }, { ""step"": 2, ""agent"": ""AffordanceAgent"", ""skill"": ""place"", ""reasoning"": ""AffordanceAgent can place the picked-up workpiece beside the reference marker."", ""parameters"": { ""object_id"": ""reference_marker"" } } ] , ""requires_approval"": false, ""ambiguity_notes"": """" }"
LG_TRIAL_00086,10,P10,Cat 1: Direct Imperative,Pick the blue cylinder and place it beside the reference marker.,Direct_LLM,1337,0.7,8d83b97,2026-10-03T21:23:17.902337Z,True,False,True,True,0.6666666666666666,False,0.95,0.7,True,5311.15,"{""plan_id"": ""blue_cylinder_placement"", ""confidence"": 0.95, ""subgoals"": [""pick blue cylinder"", ""place beside reference marker""], ""actions"": [{""step"": 1, ""agent"": ""VisionAgent"", ""skill"": ""locate"", ""parameters"": {""object_id"": ""blue_cylinder""}, ""reasoning"": ""Identify blue cylinder in workspace""}, {""step"": 2, ""agent"": ""ControlAgent"", ""skill"": ""pick"", ""parameters"": {""object_id"": ""blue_cylinder"", ""target"": ""gripper""}, ""reasoning"": ""Move gripper to pick up blue cylinder""}, {""step"": 3, ""agent"": ""WorldModelAgent"", ""skill"": ""get_position"", ""parameters"": {""reference_marker_id"": ""reference_marker""}, ""reasoning"": ""Get position of reference marker""}, {""step"": 4, ""agent"": ""ControlAgent"", ""skill"": ""place"", ""parameters"": {""object_id"": ""blue_cylinder"", ""target"": ""beside_reference_marker""}, ""reasoning"": ""Move blue cylinder to beside reference marker""}], ""requires_approval"": false, ""ambiguity_notes"": """"}","{
  ""plan_id"": ""blue_cylinder_placement"",
  ""confidence"": 0.95,
  ""subgoals"": [""pick blue cylinder"", ""place beside reference marker""],
  ""actions"": [
    {
      ""step"": 1,
      ""agent"": ""VisionAgent"",
      ""skill"": ""locate"",
      ""parameters"": {""object_id"": ""blue_cylinder""},
      ""reasoning"": ""Identify blue cylinder in workspace""
    },
    {
      ""step"": 2,
      ""agent"": ""ControlAgent"",
      ""skill"": ""pick"",
      ""parameters"": {""object_id"": ""blue_cylinder"", ""target"": ""gripper""},
      ""reasoning"": ""Move gripper to pick up blue cylinder""
    },
    {
      ""step"": 3,
      ""agent"": ""WorldModelAgent"",
      ""skill"": ""get_position"",
      ""parameters"": {""reference_marker_id"": ""reference_marker""},
      ""reasoning"": ""Get position of reference marker""
    },
    {
      ""step"": 4,
      ""agent"": ""ControlAgent"",
      ""skill"": ""place"",
      ""parameters"": {""object_id"": ""blue_cylinder"", ""target"": ""beside_reference_marker""},
      ""reasoning"": ""Move blue cylinder to beside reference marker""
    }
  ],
  ""requires_approval"": false,
  ""ambiguity_notes"": """"
}"
LG_TRIAL_00087,10,P10,Cat 1: Direct Imperative,Pick the blue cylinder and place it beside the reference marker.,SayCan,1337,0.7,8d83b97,2026-10-03T21:23:20.815386Z,True,False,True,True,0.6666666666666666,False,0.44,0.7,True,2912.82,"{""selected_primitive"": ""pick(red_cylinder)"", ""score"": 0.44}","{
  ""pick(blue_bolt)"": 0.0,
  ""pick(blue_cube)"": 0.0,
  ""pick(red_cylinder)"": 0.5,
  ""pick(red_housing)"": 0.0,
  ""pick(grey_bracket)"": 0.0,
  ""place(assembly_tray)"": 0.8,
  ""place(scrap_bin)"": 0.1,
  ""place(tray_pocket_1)"": 0.05,
  ""place(tray_pocket_2)"": 0.05,
  ""inspect(red_cylinder)"": 0.0,
  ""sweep(conveyor)"": 0.0,
  ""done()"": 0.0
}"
LG_TRIAL_00088,10,P10,Cat 1: Direct Imperative,Pick the blue cylinder and place it beside the reference marker.,ARIA_Dialogue_Planning,2026,0.7,8d83b97,2026-10-03T21:23:26.457224Z,False,False,True,True,0.6666666666666666,True,0.5,0.7,False,5641.66,{},"{

    ""plan_id"": ""PICK_BLUE_CYLINDER"",
    ""confidence"": 1.00,
    ""subgoals"":
        [
            ""SELECT_OBJECT"",
            ""MOTION"",
            ""DEPOSIT""
        ],
    ""actions"": [
        {
            ""step"": 1,
            ""agent"": ""AffordanceAgent"",
            ""skill"": ""pick"",
            ""reasoning"": ""To pick the blue cylinder, select it from the workcell."",
            ""parameters"":
                {
                    ""object_id"": ""workpiece_good_1""
                }
        },
        {
            ""step"": 2,
            ""agent"": ""AffordanceAgent"",
            ""skill"": ""place"",
            ""reasoning"": ""To place the blue cylinder, move it to a location beside the reference marker."",
            ""parameters"":
                {
                    ""object_id"": ""workpiece_good_1""
                }
        },
        {
            ""step"": 3,
            ""agent"": ""AffordanceAgent"",
            ""skill"": ""place"",
            ""reasoning"": ""To place the blue cylinder beside the reference marker, specify its destination."",
            ""parameters"":
                {
                    ""object_id"": ""workpiece_good_1""
                    , ""target"": ""reference_marker""
                }
        },
    {
      ""step"": 4,
      ""agent"": ""AffordanceAgent"",
      ""skill"": ""place"",
      ""re"
LG_TRIAL_00089,10,P10,Cat 1: Direct Imperative,Pick the blue cylinder and place it beside the reference marker.,Direct_LLM,2026,0.7,8d83b97,2026-10-03T21:23:27.967786Z,True,False,True,True,0.6666666666666666,False,0.95,0.7,True,1510.38,"{""plan_id"": ""task_001"", ""confidence"": 0.95, ""subgoals"": [""pick blue cylinder"", ""place beside reference marker""], ""actions"": [{""step"": 1, ""agent"": ""SkillAgent"", ""skill"": ""pick"", ""parameters"": {""object_id"": ""blue_cylinder""}, ""reasoning"": ""nearest available object""}], ""requires_approval"": false, ""ambiguity_notes"": """"}","{""plan_id"":""task_001"",""confidence"":0.95,""subgoals"":[""pick blue cylinder"",""place beside reference marker""],""actions"":[{""step"":1,""agent"":""SkillAgent"",""skill"":""pick"",""parameters"":{""object_id"":""blue_cylinder""},""reasoning"":""nearest available object""}],""requires_approval"":false,""ambiguity_notes"":""""}"
LG_TRIAL_00090,10,P10,Cat 1: Direct Imperative,Pick the blue cylinder and place it beside the reference marker.,SayCan,2026,0.7,8d83b97,2026-10-03T21:23:30.905183Z,True,False,True,True,0.6666666666666666,False,0.088,0.7,True,2937.22,"{""selected_primitive"": ""pick(blue_cube)"", ""score"": 0.088}","{
  ""pick(blue_bolt)"": 0.00,
  ""pick(blue_cube)"": 0.10,
  ""pick(red_cylinder)"": 0.05,
  ""pick(red_housing)"": 0.01,
  ""pick(grey_bracket)"": 0.02,
  ""place(assembly_tray)"": 0.03,
  ""place(scrap_bin)"": 0.00,
  ""place(tray_pocket_1)"": 0.04,
  ""place(tray_pocket_2)"": 0.06,
  ""inspect(red_cylinder)"": 0.00,
  ""sweep(conveyor)"": 0.00,
  ""done()"": 0.01
}"
LG_TRIAL_00091,11,P11,Cat 2: Attribute-Grounded,Inspect and discard the defective red cylinder with surface scratches.,ARIA_Dialogue_Planning,42,0.7,8d83b97,2026-10-03T21:23:36.645240Z,False,False,True,True,0.6666666666666666,True,0.5,0.7,False,5739.84,{},"{ ""plan_id"": ""aria_plan_001"", ""confidence"": 1.0, ""subgoals"": [ ""locate_workpiece_defect_1"", ""discard_workpiece_defect_1"" ], ""actions"": [ { ""step"": 1, ""agent"": ""AffordanceAgent"", ""skill"": ""pick"", ""reasoning"": ""select workpiece_defect_1 based on description and location in world state"", ""parameters"": { ""object_id"": ""workpiece_defect_1"" } }, { ""step"": 2, ""agent"": ""AffordanceAgent"", ""skill"": ""place"", ""reasoning"": ""discard workpiece_defect_1 to a designated disposal area based on rules and constraints"", ""parameters"": { ""object_id"": ""workpiece_defect_1"", ""target"": ""disposal_area"" } }, { ""step"": 3, ""agent"": ""AffordanceAgent"", ""skill"": ""inspect"", ""reasoning"": ""verify workpiece_defect_1 is the correct item based on description and visual inspection"", ""parameters"": { ""object_id"": ""workpiece_defect_1"" } }, { ""step"": 4, ""agent"": ""AffordanceAgent"", ""skill"": ""pick"", ""reasoning"": ""select a suitable disposal container for workpiece_defect_1"", ""parameters"": { ""object_id"": ""disposal_container"
LG_TRIAL_00092,11,P11,Cat 2: Attribute-Grounded,Inspect and discard the defective red cylinder with surface scratches.,Direct_LLM,42,0.7,8d83b97,2026-10-03T21:23:40.103345Z,True,False,True,False,0.3333333333333333,False,0.95,0.7,False,3457.91,"{""plan_id"": ""cylinder_inspection"", ""confidence"": 0.95, ""subgoals"": [""discard_defective_cylinder""], ""actions"": [{""step"": 1, ""agent"": ""VisionAgent"", ""skill"": ""inspect"", ""parameters"": {""object_id"": ""red_cylinder"", ""target"": ""surface_scratches""}, ""reasoning"": ""Identify defects on the red cylinder""}, {""step"": 2, ""agent"": ""ControlAgent"", ""skill"": ""pick"", ""parameters"": {""object_id"": ""red_cylinder"", ""target"": ""discard_bin""}, ""reasoning"": ""Move defective cylinder to discard bin""}], ""requires_approval"": false, ""ambiguity_notes"": """"}","{
  ""plan_id"": ""cylinder_inspection"",
  ""confidence"": 0.95,
  ""subgoals"": [""discard_defective_cylinder""],
  ""actions"": [
    {
      ""step"": 1,
      ""agent"": ""VisionAgent"",
      ""skill"": ""inspect"",
      ""parameters"": {""object_id"": ""red_cylinder"", ""target"": ""surface_scratches""},
      ""reasoning"": ""Identify defects on the red cylinder""
    },
    {
      ""step"": 2,
      ""agent"": ""ControlAgent"",
      ""skill"": ""pick"",
      ""parameters"": {""object_id"": ""red_cylinder"", ""target"": ""discard_bin""},
      ""reasoning"": ""Move defective cylinder to discard bin""
    }
  ],
  ""requires_approval"": false,
  ""ambiguity_notes"": """"
}"
LG_TRIAL_00093,11,P11,Cat 2: Attribute-Grounded,Inspect and discard the defective red cylinder with surface scratches.,SayCan,42,0.7,8d83b97,2026-10-03T21:23:43.103369Z,True,False,True,True,0.6666666666666666,False,0.656,0.7,True,2999.85,"{""selected_primitive"": ""inspect(red_cylinder)"", ""score"": 0.656}","{
  ""pick(blue_bolt)"": 0.0,
  ""pick(blue_cube)"": 0.0,
  ""pick(red_cylinder)"": 0.6,
  ""pick(red_housing)"": 0.0,
  ""pick(grey_bracket)"": 0.0,
  ""place(assembly_tray)"": 0.0,
  ""place(scrap_bin)"": 0.4,
  ""place(tray_pocket_1)"": 0.0,
  ""place(tray_pocket_2)"": 0.0,
  ""inspect(red_cylinder)"": 0.8,
  ""sweep(conveyor)"": 0.0,
  ""done()"": 0.0
}"
LG_TRIAL_00094,11,P11,Cat 2: Attribute-Grounded,Inspect and discard the defective red cylinder with surface scratches.,ARIA_Dialogue_Planning,1337,0.7,8d83b97,2026-10-03T21:23:44.750387Z,True,False,True,True,0.6666666666666666,False,1.0,0.7,True,1646.83,"{""plan_id"": ""inspect_defective_cylinder"", ""confidence"": 1.0, ""subgoals"": [""action_step_1"", ""action_step_2""], ""actions"": [], ""requires_approval"": false, ""ambiguity_notes"": """"}","{ ""plan_id"": ""inspect_defective_cylinder"", ""confidence"": 1.00, ""subgoals"": [ ""action_step_1"", ""action_step_2"" ], ""actions"": [] , ""requires_approval"": false, ""ambiguity_notes"": """" }

  				     			 					"
LG_TRIAL_00095,11,P11,Cat 2: Attribute-Grounded,Inspect and discard the defective red cylinder with surface scratches.,Direct_LLM,1337,0.7,8d83b97,2026-10-03T21:23:49.122052Z,True,False,True,True,0.6666666666666666,False,0.95,0.7,True,4371.44,"{""plan_id"": ""InspectAndDiscardDefectiveCylinder"", ""confidence"": 0.95, ""subgoals"": [""discard_defective_cylinder""], ""actions"": [{""step"": 1, ""agent"": ""VisionAgent"", ""skill"": ""inspect"", ""parameters"": {""object_id"": ""red_cylinder""}, ""reasoning"": ""Identify the red cylinder with surface scratches""}, {""step"": 2, ""agent"": ""ControlAgent"", ""skill"": ""pick"", ""parameters"": {""object_id"": ""red_cylinder"", ""target"": ""discard_bin""}, ""reasoning"": ""Pick up the defective red cylinder and move it to the discard bin""}, {""step"": 3, ""agent"": ""VisionAgent"", ""skill"": ""inspect"", ""parameters"": {""object_id"": ""red_cylinder""}, ""reasoning"": ""Verify that the cylinder has been discarded""}], ""requires_approval"": false, ""ambiguity_notes"": """"}","{
  ""plan_id"": ""InspectAndDiscardDefectiveCylinder"",
  ""confidence"": 0.95,
  ""subgoals"": [""discard_defective_cylinder""],
  ""actions"": [
    {
      ""step"": 1,
      ""agent"": ""VisionAgent"",
      ""skill"": ""inspect"",
      ""parameters"": {""object_id"": ""red_cylinder""},
      ""reasoning"": ""Identify the red cylinder with surface scratches""
    },
    {
      ""step"": 2,
      ""agent"": ""ControlAgent"",
      ""skill"": ""pick"",
      ""parameters"": {""object_id"": ""red_cylinder"", ""target"": ""discard_bin""},
      ""reasoning"": ""Pick up the defective red cylinder and move it to the discard bin""
    },
    {
      ""step"": 3,
      ""agent"": ""VisionAgent"",
      ""skill"": ""inspect"",
      ""parameters"": {""object_id"": ""red_cylinder""}, 	""reasoning"": ""Verify that the cylinder has been discarded""
    }
  ],
  ""requires_approval"": false,
  ""ambiguity_notes"": """"
}"
LG_TRIAL_00096,11,P11,Cat 2: Attribute-Grounded,Inspect and discard the defective red cylinder with surface scratches.,SayCan,1337,0.7,8d83b97,2026-10-03T21:23:52.045288Z,True,False,True,True,0.6666666666666666,False,0.738,0.7,True,2923.04,"{""selected_primitive"": ""inspect(red_cylinder)"", ""score"": 0.738}","{
  ""pick(blue_bolt)"": 0.0,
  ""pick(blue_cube)"": 0.0,
  ""pick(red_cylinder)"": 0.5,
  ""pick(red_housing)"": 0.0,
  ""pick(grey_bracket)"": 0.0,
  ""place(assembly_tray)"": 0.0,
  ""place(scrap_bin)"": 0.8,
  ""place(tray_pocket_1)"": 0.0,
  ""place(tray_pocket_2)"": 0.0,
  ""inspect(red_cylinder)"": 0.9,
  ""sweep(conveyor)"": 0.0,
  ""done()"": 0.5
}"
LG_TRIAL_00097,11,P11,Cat 2: Attribute-Grounded,Inspect and discard the defective red cylinder with surface scratches.,ARIA_Dialogue_Planning,2026,0.7,8d83b97,2026-10-03T21:23:57.654975Z,False,False,True,True,0.6666666666666666,True,0.5,0.7,False,5609.54,{},"{

    ""plan_id"": ""aria_plan_001"",
    ""confidence"": 1.00,
    ""subgoals"": [
        ""Locate workpiece_defect_1 (defective red cylinder with surface scratches)"",
        ""Inspect workpiece_defect_1 for defects and damage"",
        ""Discard workpiece_defect_1""
    ],
    ""actions"": [
        {
            ""step"": 1,
            ""agent"": ""AffordanceAgent"",
            ""skill"": ""locate"",
            ""reasoning"": ""Locate workpiece_defect_1 in the workcell to facilitate inspection."",
            ""parameters"": {""object_id"": ""workpiece_defect_1""}
        },
        {
            ""step"": 2,
            ""agent"": ""AffordanceAgent"",
            ""skill"": ""inspect"",
            ""reasoning"": ""Inspect workpiece_defect_1 for surface scratches and other defects."",
            ""parameters"": {""object_id"": ""workpiece_defect_1""}
        },
        {
            ""step"": 3,
            ""agent"": ""AffordanceAgent"",
            ""skill"": ""pick"",
            ""reasoning"": ""Discard workpiece_defect_1 from the workcell, relocating it to a destination (e.g. waste bin)."",
            ""parameters"": {""object_id"": ""workpiece_defect_1""}
        }
    ],
    ""requires_approval"": false,
   "
LG_TRIAL_00098,11,P11,Cat 2: Attribute-Grounded,Inspect and discard the defective red cylinder with surface scratches.,Direct_LLM,2026,0.7,8d83b97,2026-10-03T21:24:00.358218Z,True,False,True,True,0.6666666666666666,False,0.9,0.7,True,2703.02,"{""plan_id"": ""cylinder_inspection_plan"", ""confidence"": 0.9, ""subgoals"": [""Inspect defective red cylinder""], ""actions"": [{""step"": 1, ""agent"": ""VisionAgent"", ""skill"": ""inspect"", ""parameters"": {""object_id"": ""red_cylinder_1""}, ""reasoning"": ""Surface scratches detected""}, {""step"": 2, ""agent"": ""ControlAgent"", ""skill"": ""pick"", ""parameters"": {""object_id"": ""red_cylinder_1""}, ""reasoning"": ""Grasping cylinder for removal""}, {""step"": 3, ""agent"": ""WorldModelAgent"", ""skill"": ""discard"", ""parameters"": {""object_id"": ""red_cylinder_1""}, ""reasoning"": ""Removing defective cylinder from inventory""}], ""requires_approval"": false, ""ambiguity_notes"": """"}","{""plan_id"":""cylinder_inspection_plan"",""confidence"":0.9,""subgoals"":[""Inspect defective red cylinder""],""actions"":[{""step"":1,""agent"":""VisionAgent"",""skill"":""inspect"",""parameters"":{""object_id"":""red_cylinder_1""},""reasoning"":""Surface scratches detected""},{""step"":2,""agent"":""ControlAgent"",""skill"":""pick"",""parameters"":{""object_id"":""red_cylinder_1""},""reasoning"":""Grasping cylinder for removal""},{""step"":3,""agent"":""WorldModelAgent"",""skill"":""discard"",""parameters"":{""object_id"":""red_cylinder_1""},""reasoning"":""Removing defective cylinder from inventory""}],""requires_approval"":false,""ambiguity_notes"":""""}"
LG_TRIAL_00099,11,P11,Cat 2: Attribute-Grounded,Inspect and discard the defective red cylinder with surface scratches.,SayCan,2026,0.7,8d83b97,2026-10-03T21:24:03.227237Z,True,False,True,True,0.6666666666666666,False,0.779,0.7,True,2868.83,"{""selected_primitive"": ""inspect(red_cylinder)"", ""score"": 0.779}","{
  ""pick(blue_bolt)"": 0.01,
  ""pick(blue_cube)"": 0.005,
  ""pick(red_cylinder)"": 0.8,
  ""pick(red_housing)"": 0.1,
  ""pick(grey_bracket)"": 0.05,
  ""place(assembly_tray)"": 0.02,
  ""place(scrap_bin)"": 0.3,
  ""place(tray_pocket_1)"": 0.15,
  ""place(tray_pocket_2)"": 0.08,
  ""inspect(red_cylinder)"": 0.95,
  ""sweep(conveyor)"": 0.005,
  ""done()"": 0
}"
LG_TRIAL_00100,12,P12,Cat 2: Attribute-Grounded,Grasp the conforming blue block and palletize it in the conforming tray.,ARIA_Dialogue_Planning,42,0.7,8d83b97,2026-10-03T21:24:08.085019Z,True,False,True,True,0.6666666666666666,False,1.0,0.7,True,4857.55,"{""plan_id"": ""palletize_conforming_block"", ""confidence"": 1.0, ""subgoals"": [""grasp_blue_cube"", ""place_in_conforming_tray""], ""actions"": [{""step"": 1, ""agent"": ""AffordanceAgent"", ""skill"": ""pick"", ""reasoning"": ""precondition: workpiece_good_2 (blue cube) detected in workcell."", ""parameters"": {""object_id"": ""workpiece_good_2""}}, {""step"": 2, ""agent"": ""AffordanceAgent"", ""skill"": ""place"", ""reasoning"": ""precondition: blue cube grasped by robot arm, destination is conforming tray."", ""parameters"": {""object_id"": ""workpiece_good_2"", ""target"": ""tray""}}, {""step"": 3, ""agent"": ""AffordanceAgent"", ""skill"": ""pull"", ""reasoning"": ""precondition: blue cube placed in conforming tray."", ""parameters"": {""object_id"": ""workpiece_good_2""}}], ""requires_approval"": false, ""ambiguity_notes"": """"}","{ ""plan_id"": ""palletize_conforming_block"", ""confidence"": 1.00, ""subgoals"": [ ""grasp_blue_cube"", ""place_in_conforming_tray"" ], ""actions"": [ { ""step"": 1, ""agent"": ""AffordanceAgent"", ""skill"": ""pick"", ""reasoning"": ""precondition: workpiece_good_2 (blue cube) detected in workcell."", ""parameters"": { ""object_id"": ""workpiece_good_2"" } }, { ""step"": 2, ""agent"": ""AffordanceAgent"", ""skill"": ""place"", ""reasoning"": ""precondition: blue cube grasped by robot arm, destination is conforming tray."", ""parameters"": { ""object_id"": ""workpiece_good_2"", ""target"": ""tray"" } }, { ""step"": 3, ""agent"": ""AffordanceAgent"", ""skill"": ""pull"", ""reasoning"": ""precondition: blue cube placed in conforming tray."", ""parameters"": { ""object_id"": ""workpiece_good_2"" } } ] , ""requires_approval"": false, ""ambiguity_notes"": """" }"
LG_TRIAL_00101,12,P12,Cat 2: Attribute-Grounded,Grasp the conforming blue block and palletize it in the conforming tray.,Direct_LLM,42,0.7,8d83b97,2026-10-03T21:24:13.688965Z,False,False,True,True,0.6666666666666666,False,0.7,0.7,False,5603.8,{},"{
  ""plan_id"": ""GraspAndPalletizeBlock"",
  ""confidence"": 0.95,
  ""subgoals"": [""Grasp blue block"", ""Palletize block""],
  ""actions"": [
    {
      ""step"": 1,
      ""agent"": ""VisionAgent"",
      ""skill"": ""inspect"",
      ""parameters"": {""object_id"": ""blue_block""},
      ""reasoning"": ""Verify the presence and identity of the conforming blue block""
    },
    {
      ""step"": 2,
      ""agent"": ""ControlAgent"",
      ""skill"": ""pick"",
      ""parameters"": {""object_id"": ""blue_block"", ""target"": ""gripper""},
      ""reasoning"": ""Grasp the identified blue block using the gripper""
    },
    {
      ""step"": 3,
      ""agent"": ""VisionAgent"",
      ""skill"": ""inspect"",
      ""parameters"": {""object_id"": ""pallet_tray""},
      ""reasoning"": ""Verify the presence and availability of the conforming tray""
    },
    {
      ""step"": 4,
      ""agent"": ""ControlAgent"",
      ""skill"": ""place"",
      ""parameters"": {""object_id"": ""blue_block"", ""target"": ""pallet_tray""},
      ""reasoning"": ""Palletize the grasped blue block in the conforming tray""
    }
  ],
  ""requires_approval"": false,
  ""amb"
LG_TRIAL_00102,12,P12,Cat 2: Attribute-Grounded,Grasp the conforming blue block and palletize it in the conforming tray.,SayCan,42,0.7,8d83b97,2026-10-03T21:24:16.674641Z,True,False,True,True,0.6666666666666666,False,0.22,0.7,True,2985.52,"{""selected_primitive"": ""pick(blue_cube)"", ""score"": 0.22}","{
  ""pick(blue_bolt)"": 0.0,
  ""pick(blue_cube)"": 0.25,
  ""pick(red_cylinder)"": 0.0,
  ""pick(red_housing)"": 0.0,
  ""pick(grey_bracket)"": 0.0,
  ""place(assembly_tray)"": 0.75,
  ""place(scrap_bin)"": 0.0,
  ""place(tray_pocket_1)"": 0.25,
  ""place(tray_pocket_2)"": 0.0,
  ""inspect(red_cylinder)"": 0.0,
  ""sweep(conveyor)"": 0.0,
  ""done()"": 0.0
}"
LG_TRIAL_00103,12,P12,Cat 2: Attribute-Grounded,Grasp the conforming blue block and palletize it in the conforming tray.,ARIA_Dialogue_Planning,1337,0.7,8d83b97,2026-10-03T21:24:20.723114Z,True,True,True,True,1.0,False,1.0,0.7,True,4048.31,"{""plan_id"": ""P001"", ""confidence"": 1.0, ""subgoals"": [""Select workpiece_good_2 (blue cube)"", ""Transport workpiece_good_2 to tray""], ""actions"": [{""step"": 1, ""agent"": ""AffordanceAgent"", ""skill"": ""pick"", ""reasoning"": ""Select workpiece_good_2 based on color and shape matches instruction's description of 'conforming blue block'."", ""parameters"": {""object_id"": ""workpiece_good_2""}}, {""step"": 2, ""agent"": ""AffordanceAgent"", ""skill"": ""place"", ""reasoning"": ""Place workpiece_good_2 in the tray based on instruction's description of 'palletize it'."", ""parameters"": {""object_id"": ""workpiece_good_2"", ""target"": ""tray""}}], ""requires_approval"": false, ""ambiguity_notes"": """"}","{ ""plan_id"": ""P001"", ""confidence"": 1.0, ""subgoals"": [ ""Select workpiece_good_2 (blue cube)"", ""Transport workpiece_good_2 to tray"" ] , ""actions"": [ { ""step"": 1, ""agent"": ""AffordanceAgent"", ""skill"": ""pick"", ""reasoning"": ""Select workpiece_good_2 based on color and shape matches instruction's description of 'conforming blue block'."", ""parameters"": {""object_id"": ""workpiece_good_2""} }, { ""step"": 2, ""agent"": ""AffordanceAgent"", ""skill"": ""place"", ""reasoning"": ""Place workpiece_good_2 in the tray based on instruction's description of 'palletize it'."", ""parameters"": {""object_id"": ""workpiece_good_2"", ""target"": ""tray""} } ] , ""requires_approval"": false, ""ambiguity_notes"": """"}"
LG_TRIAL_00104,12,P12,Cat 2: Attribute-Grounded,Grasp the conforming blue block and palletize it in the conforming tray.,Direct_LLM,1337,0.7,8d83b97,2026-10-03T21:24:25.864312Z,True,False,True,True,0.6666666666666666,False,0.95,0.7,True,5141.03,"{""plan_id"": ""P001"", ""confidence"": 0.95, ""subgoals"": [""Grasp blue block"", ""Palletize in tray""], ""actions"": [{""step"": 1, ""agent"": ""VisionAgent"", ""skill"": ""locate"", ""parameters"": {""object_id"": ""blue_block""}, ""reasoning"": ""Identify the conforming blue block""}, {""step"": 2, ""agent"": ""ControlAgent"", ""skill"": ""pick"", ""parameters"": {""object_id"": ""blue_block"", ""target"": ""gripper""}, ""reasoning"": ""Grasp the identified blue block""}, {""step"": 3, ""agent"": ""WorldModelAgent"", ""skill"": ""affordance_reasoning"", ""parameters"": {}, ""reasoning"": ""Reason about palletization and tray layout""}, {""step"": 4, ""agent"": ""ControlAgent"", ""skill"": ""place"", ""parameters"": {""object_id"": ""blue_block"", ""target"": ""tray""}, ""reasoning"": ""Place the blue block in the conforming tray""}], ""requires_approval"": false, ""ambiguity_notes"": """"}","{
  ""plan_id"": ""P001"",
  ""confidence"": 0.95,
  ""subgoals"": [""Grasp blue block"", ""Palletize in tray""],
  ""actions"": [
    {
      ""step"": 1,
      ""agent"": ""VisionAgent"",
      ""skill"": ""locate"",
      ""parameters"": {""object_id"": ""blue_block""},
      ""reasoning"": ""Identify the conforming blue block""
    },
    {
      ""step"": 2,
      ""agent"": ""ControlAgent"",
      ""skill"": ""pick"",
      ""parameters"": {""object_id"": ""blue_block"", ""target"": ""gripper""},
      ""reasoning"": ""Grasp the identified blue block""
    },
    {
      ""step"": 3,
      ""agent"": ""WorldModelAgent"",
      ""skill"": ""affordance_reasoning"",
      ""parameters"": {},
      ""reasoning"": ""Reason about palletization and tray layout""
    },
    {
      ""step"": 4,
      ""agent"": ""ControlAgent"",
      ""skill"": ""place"",
      ""parameters"": {""object_id"": ""blue_block"", ""target"": ""tray""},
      ""reasoning"": ""Place the blue block in the conforming tray""
    }
  ],
  ""requires_approval"": false,
  ""ambiguity_notes"": """"
}"
LG_TRIAL_00105,12,P12,Cat 2: Attribute-Grounded,Grasp the conforming blue block and palletize it in the conforming tray.,SayCan,1337,0.7,8d83b97,2026-10-03T21:24:28.787335Z,True,False,True,True,0.6666666666666666,False,0.44,0.7,True,2922.82,"{""selected_primitive"": ""pick(blue_cube)"", ""score"": 0.44}","{
  ""pick(blue_bolt)"": 0.0,
  ""pick(blue_cube)"": 0.5,
  ""pick(red_cylinder)"": 0.0,
  ""pick(red_housing)"": 0.0,
  ""pick(grey_bracket)"": 0.0,
  ""place(assembly_tray)"": 0.8,
  ""place(scrap_bin)"": 0.0,
  ""place(tray_pocket_1)"": 0.2,
  ""place(tray_pocket_2)"": 0.0,
  ""inspect(red_cylinder)"": 0.0,
  ""sweep(conveyor)"": 0.0,
  ""done()"": 0.0
}"
LG_TRIAL_00106,12,P12,Cat 2: Attribute-Grounded,Grasp the conforming blue block and palletize it in the conforming tray.,ARIA_Dialogue_Planning,2026,0.7,8d83b97,2026-10-03T21:24:34.082540Z,True,True,True,True,1.0,False,1.0,0.7,True,5294.92,"{""plan_id"": ""ARIA-001"", ""confidence"": 1.0, ""subgoals"": [""grasp_workpiece_good_2""], ""actions"": [{""step"": 1, ""agent"": ""AffordanceAgent"", ""skill"": ""pick"", ""reasoning"": ""select the blue cube (workpiece_good_2) from the workcell as it is a conforming object"", ""parameters"": {""object_id"": ""workpiece_good_2""}}, {""step"": 2, ""agent"": ""AffordanceAgent"", ""skill"": ""place"", ""reasoning"": ""palletize the blue cube (workpiece_good_2) in the conforming tray"", ""parameters"": {""object_id"": ""workpiece_good_2"", ""target"": ""conforming_tray""}}, {""step"": 3, ""agent"": ""AffordanceAgent"", ""skill"": ""place"", ""reasoning"": ""release the blue cube (workpiece_good_2)"", ""parameters"": {}}], ""requires_approval"": false, ""ambiguity_notes"": """"}","{

    ""plan_id"": ""ARIA-001"",
    ""confidence"": 1.0,
    ""subgoals"": [
        ""grasp_workpiece_good_2""
    ],
    ""actions"": [
        {
            ""step"": 1,
            ""agent"": ""AffordanceAgent"",
            ""skill"": ""pick"",
            ""reasoning"": ""select the blue cube (workpiece_good_2) from the workcell as it is a conforming object"",
            ""parameters"": {
                ""object_id"": ""workpiece_good_2""
            }
        },
        {
            ""step"": 2,
            ""agent"": ""AffordanceAgent"",
            ""skill"": ""place"",
            ""reasoning"": ""palletize the blue cube (workpiece_good_2) in the conforming tray"",
            ""parameters"": {
                ""object_id"": ""workpiece_good_2"",
                ""target"": ""conforming_tray""
            }
        },
        {
            ""step"": 3,
            ""agent"": ""AffordanceAgent"",
            ""skill"": ""place"",
            ""reasoning"": ""release the blue cube (workpiece_good_2)"",
            ""parameters"": {}
        }
    ],
    ""requires_approval"": false,
    ""ambiguity_notes"": """"
}"
LG_TRIAL_00107,12,P12,Cat 2: Attribute-Grounded,Grasp the conforming blue block and palletize it in the conforming tray.,Direct_LLM,2026,0.7,8d83b97,2026-10-03T21:24:37.589961Z,True,False,True,True,0.6666666666666666,False,0.95,0.7,True,3507.21,"{""plan_id"": ""GraspAndPalletizeBlock"", ""confidence"": 0.95, ""subgoals"": [""grasp blue block"", ""palletize in tray""], ""actions"": [{""step"": 1, ""agent"": ""VisionAgent"", ""skill"": ""locate"", ""parameters"": {""object_id"": ""blue_block"", ""target"": ""tray""}, ""reasoning"": ""Identify blue block location""}, {""step"": 2, ""agent"": ""SkillAgent"", ""skill"": ""pick"", ""parameters"": {""object_id"": ""blue_block""}, ""reasoning"": ""Reach and grasp blue block""}, {""step"": 3, ""agent"": ""WorldModelAgent"", ""skill"": ""palletize"", ""parameters"": {""object_id"": ""blue_block"", ""target"": ""tray""}, ""reasoning"": ""Determine palletization parameters""}, {""step"": 4, ""agent"": ""ControlAgent"", ""skill"": ""place"", ""parameters"": {""object_id"": ""blue_block"", ""target"": ""tray""}, ""reasoning"": ""Place blue block in tray""}], ""requires_approval"": false, ""ambiguity_notes"": """"}","{""plan_id"":""GraspAndPalletizeBlock"",""confidence"":0.95,""subgoals"":[""grasp blue block"",""palletize in tray""],""actions"":[{""step"":1,""agent"":""VisionAgent"",""skill"":""locate"",""parameters"":{""object_id"":""blue_block"",""target"":""tray""},""reasoning"":""Identify blue block location""},{""step"":2,""agent"":""SkillAgent"",""skill"":""pick"",""parameters"":{""object_id"":""blue_block""},""reasoning"":""Reach and grasp blue block""},{""step"":3,""agent"":""WorldModelAgent"",""skill"":""palletize"",""parameters"":{""object_id"":""blue_block"",""target"":""tray""},""reasoning"":""Determine palletization parameters""},{""step"":4,""agent"":""ControlAgent"",""skill"":""place"",""parameters"":{""object_id"":""blue_block"",""target"":""tray""},""reasoning"":""Place blue block in tray""}],""requires_approval"":false,""ambiguity_notes"":""""}"
LG_TRIAL_00108,12,P12,Cat 2: Attribute-Grounded,Grasp the conforming blue block and palletize it in the conforming tray.,SayCan,2026,0.7,8d83b97,2026-10-03T21:24:40.498038Z,True,False,True,True,0.6666666666666666,False,0.44,0.7,True,2907.9,"{""selected_primitive"": ""pick(blue_cube)"", ""score"": 0.44}","{
  ""pick(blue_bolt)"": 0.0,
  ""pick(blue_cube)"": 0.5,
  ""pick(red_cylinder)"": 0.0,
  ""pick(red_housing)"": 0.0,
  ""pick(grey_bracket)"": 0.0,
  ""place(assembly_tray)"": 1.0,
  ""place(scrap_bin)"": 0.0,
  ""place(tray_pocket_1)"": 0.0,
  ""place(tray_pocket_2)"": 0.0,
  ""inspect(red_cylinder)"": 0.0,
  ""sweep(conveyor)"": 0.0,
  ""done()"": 0.0
}"
LG_TRIAL_00109,13,P13,Cat 2: Attribute-Grounded,Locate the scratched grey bracket and route it to the scrap bin.,ARIA_Dialogue_Planning,42,0.7,8d83b97,2026-10-03T21:24:42.295498Z,True,False,True,True,0.6666666666666666,False,1.0,0.7,True,1797.28,"{""plan_id"": ""Locate_and_Route_Scratched_Grey_Bracket"", ""confidence"": 1.0, ""subgoals"": [], ""actions"": [], ""requires_approval"": false, ""ambiguity_notes"": ""None""}","{ ""plan_id"": ""Locate_and_Route_Scratched_Grey_Bracket"", ""confidence"": 1.0, ""subgoals"": [ ],""actions"":[ ],""requires_approval"":false,""ambiguity_notes"":""None""}

  		 	 													"
LG_TRIAL_00110,13,P13,Cat 2: Attribute-Grounded,Locate the scratched grey bracket and route it to the scrap bin.,Direct_LLM,42,0.7,8d83b97,2026-10-03T21:24:46.977978Z,True,False,True,False,0.3333333333333333,False,0.85,0.7,False,4682.29,"{""plan_id"": ""bracket_decomposition_001"", ""confidence"": 0.85, ""subgoals"": [""Locate scratched grey bracket"", ""Route to scrap bin""], ""actions"": [{""step"": 1, ""agent"": ""VisionAgent"", ""skill"": ""locate"", ""parameters"": {""object_id"": ""bracket_001"", ""target"": ""scratched""}, ""reasoning"": ""Identify scratched grey bracket using vision""}, {""step"": 2, ""agent"": ""ControlAgent"", ""skill"": ""pick"", ""parameters"": {""object_id"": ""bracket_001"", ""target"": ""scrap_bin""}, ""reasoning"": ""Retrieve scratched grey bracket from current location""}, {""step"": 3, ""agent"": ""WorldModelAgent"", ""skill"": ""route"", ""parameters"": {""source"": ""current_location"", ""target"": ""scrap_bin""}, ""reasoning"": ""Plan optimal route to scrap bin""}], ""requires_approval"": false, ""ambiguity_notes"": """"}","{
  ""plan_id"": ""bracket_decomposition_001"",
  ""confidence"": 0.85,
  ""subgoals"": [""Locate scratched grey bracket"", ""Route to scrap bin""],
  ""actions"": [
    {
      ""step"": 1,
      ""agent"": ""VisionAgent"",
      ""skill"": ""locate"",
      ""parameters"": {""object_id"": ""bracket_001"", ""target"": ""scratched""},
      ""reasoning"": ""Identify scratched grey bracket using vision""
    },
    {
      ""step"": 2,
      ""agent"": ""ControlAgent"",
      ""skill"": ""pick"",
      ""parameters"": {""object_id"": ""bracket_001"", ""target"": ""scrap_bin""},
      ""reasoning"": ""Retrieve scratched grey bracket from current location""
    },
    {
      ""step"": 3,
      ""agent"": ""WorldModelAgent"",
      ""skill"": ""route"",
      ""parameters"": {""source"": ""current_location"", ""target"": ""scrap_bin""},
      ""reasoning"": ""Plan optimal route to scrap bin""
    }
  ],
  ""requires_approval"": false,
  ""ambiguity_notes"": """"
}"
LG_TRIAL_00111,13,P13,Cat 2: Attribute-Grounded,Locate the scratched grey bracket and route it to the scrap bin.,SayCan,42,0.7,8d83b97,2026-10-03T21:24:49.953012Z,True,False,True,True,0.6666666666666666,False,0.765,0.7,True,2974.89,"{""selected_primitive"": ""pick(grey_bracket)"", ""score"": 0.765}","{
  ""pick(blue_bolt)"": 0.0,
  ""pick(blue_cube)"": 0.0,
  ""pick(red_cylinder)"": 0.1,
  ""pick(red_housing)"": 0.1,
  ""pick(grey_bracket)"": 0.9,
  ""place(assembly_tray)"": 0.0,
  ""place(scrap_bin)"": 0.8,
  ""place(tray_pocket_1)"": 0.0,
  ""place(tray_pocket_2)"": 0.0,
  ""inspect(red_cylinder)"": 0.0,
  ""sweep(conveyor)"": 0.0,
  ""done()"": 0.0
}"
LG_TRIAL_00112,13,P13,Cat 2: Attribute-Grounded,Locate the scratched grey bracket and route it to the scrap bin.,ARIA_Dialogue_Planning,1337,0.7,8d83b97,2026-10-03T21:24:52.987617Z,True,False,True,True,0.6666666666666666,False,1.0,0.7,True,3034.43,"{""plan_id"": ""Locate_and_Route_Scratched_Bracket"", ""confidence"": 1.0, ""subgoals"": [""Locate_scratched_bracket""], ""actions"": [{""step"": 1, ""agent"": ""AffordanceAgent"", ""skill"": ""pick"", ""reasoning"": ""Identify and select the grey bracket with surface scratches from the workcell.""}, {""step"": 2, ""agent"": ""AffordanceAgent"", ""skill"": ""place"", ""reasoning"": ""Route the identified scratched grey bracket to the scrap bin for disposal.""}], ""requires_approval"": false, ""ambiguity_notes"": """"}","{ ""plan_id"": ""Locate_and_Route_Scratched_Bracket"", ""confidence"": 1.00, ""subgoals"": [ ""Locate_scratched_bracket"" ], ""actions"": [ { ""step"": 1, ""agent"": ""AffordanceAgent"", ""skill"": ""pick"", ""reasoning"": ""Identify and select the grey bracket with surface scratches from the workcell."" }, { ""step"": 2, ""agent"": ""AffordanceAgent"", ""skill"": ""place"", ""reasoning"": ""Route the identified scratched grey bracket to the scrap bin for disposal."" } ], ""requires_approval"": false, ""ambiguity_notes"": """" }

  									"
LG_TRIAL_00113,13,P13,Cat 2: Attribute-Grounded,Locate the scratched grey bracket and route it to the scrap bin.,Direct_LLM,1337,0.7,8d83b97,2026-10-03T21:24:56.580409Z,True,False,True,True,0.6666666666666666,False,0.85,0.7,True,3592.57,"{""plan_id"": ""LocateAndRouteBracket"", ""confidence"": 0.85, ""subgoals"": [""locate_scratched_bracket"", ""route_to_scrap_bin""], ""actions"": [{""step"": 1, ""agent"": ""VisionAgent"", ""skill"": ""locate"", ""parameters"": {""object_id"": ""grey_bracket_123""}, ""reasoning"": ""Identify the scratched grey bracket in the workspace""}, {""step"": 2, ""agent"": ""ControlAgent"", ""skill"": ""pick"", ""parameters"": {""object_id"": ""grey_bracket_123"", ""target"": ""scrap_bin""}, ""reasoning"": ""Pick up the located grey bracket and transport it to the scrap bin""}], ""requires_approval"": false, ""ambiguity_notes"": """"}","{
  ""plan_id"": ""LocateAndRouteBracket"",
  ""confidence"": 0.85,
  ""subgoals"": [""locate_scratched_bracket"", ""route_to_scrap_bin""],
  ""actions"": [
    {
      ""step"": 1,
      ""agent"": ""VisionAgent"",
      ""skill"": ""locate"",
      ""parameters"": {""object_id"": ""grey_bracket_123""},
      ""reasoning"": ""Identify the scratched grey bracket in the workspace""
    },
    {
      ""step"": 2,
      ""agent"": ""ControlAgent"",
      ""skill"": ""pick"",
      ""parameters"": {""object_id"": ""grey_bracket_123"", ""target"": ""scrap_bin""},
      ""reasoning"": ""Pick up the located grey bracket and transport it to the scrap bin""
    }
  ],
  ""requires_approval"": false,
  ""ambiguity_notes"": """"
}"
LG_TRIAL_00114,13,P13,Cat 2: Attribute-Grounded,Locate the scratched grey bracket and route it to the scrap bin.,SayCan,1337,0.7,8d83b97,2026-10-03T21:24:59.529413Z,True,False,True,True,0.6666666666666666,False,0.425,0.7,True,2948.82,"{""selected_primitive"": ""pick(grey_bracket)"", ""score"": 0.425}","{
  ""pick(blue_bolt)"": 0.0,
  ""pick(blue_cube)"": 0.0,
  ""pick(red_cylinder)"": 0.0,
  ""pick(red_housing)"": 0.0,
  ""pick(grey_bracket)"": 0.5, 
  ""place(assembly_tray)"": 0.0,
  ""place(scrap_bin)"": 1.0, 
  ""place(tray_pocket_1)"": 0.0,
  ""place(tray_pocket_2)"": 0.0,
  ""inspect(red_cylinder)"": 0.0,
  ""sweep(conveyor)"": 0.0,
  ""done()"": 0.0
}"
LG_TRIAL_00115,13,P13,Cat 2: Attribute-Grounded,Locate the scratched grey bracket and route it to the scrap bin.,ARIA_Dialogue_Planning,2026,0.7,8d83b97,2026-10-03T21:25:04.628029Z,True,False,True,True,0.6666666666666666,False,1.0,0.7,True,5098.44,"{""plan_id"": ""aria_plan_001"", ""confidence"": 1.0, ""subgoals"": [""Locate grey_bracket""], ""actions"": [{""step"": 1, ""agent"": ""AffordanceAgent"", ""skill"": ""locate"", ""reasoning"": ""grey_bracket is a specific object in the workcell"", ""parameters"": {""object_id"": ""grey_bracket""}}, {""step"": 2, ""agent"": ""AffordanceAgent"", ""skill"": ""pick"", ""reasoning"": ""located grey_bracket can be picked up by the robot arm"", ""parameters"": {""object_id"": ""grey_bracket""}}, {""step"": 3, ""agent"": ""AffordanceAgent"", ""skill"": ""place"", ""reasoning"": ""picked grey_bracket can be placed in the scrap bin"", ""parameters"": {""object_id"": ""grey_bracket"", ""target"": ""scrap_bin""}}], ""requires_approval"": false, ""ambiguity_notes"": """"}","{

    ""plan_id"": ""aria_plan_001"",
    ""confidence"": 1.00,
    ""subgoals"": [
        ""Locate grey_bracket""
    ],
    ""actions"": [
        {
            ""step"": 1,
            ""agent"": ""AffordanceAgent"",
            ""skill"": ""locate"",
            ""reasoning"": ""grey_bracket is a specific object in the workcell"",
            ""parameters"": {
                ""object_id"": ""grey_bracket""
            }
        },
        {
            ""step"": 2,
            ""agent"": ""AffordanceAgent"",
            ""skill"": ""pick"",
            ""reasoning"": ""located grey_bracket can be picked up by the robot arm"",
            ""parameters"": {
                ""object_id"": ""grey_bracket""
            }
        },
        {
            ""step"": 3,
            ""agent"": ""AffordanceAgent"",
            ""skill"": ""place"",
            ""reasoning"": ""picked grey_bracket can be placed in the scrap bin"",
            ""parameters"": {
                ""object_id"": ""grey_bracket"",
                ""target"": ""scrap_bin""
            }
        }
    ],
    ""requires_approval"": false,
    ""ambiguity_notes"": """"

}"
LG_TRIAL_00116,13,P13,Cat 2: Attribute-Grounded,Locate the scratched grey bracket and route it to the scrap bin.,Direct_LLM,2026,0.7,8d83b97,2026-10-03T21:25:08.551336Z,True,False,True,False,0.3333333333333333,False,0.8,0.7,False,3923.1,"{""plan_id"": ""locate_scratched_bracket_001"", ""confidence"": 0.8, ""subgoals"": [""Locate scratched grey bracket"", ""Route it to the scrap bin""], ""actions"": [{""step"": 1, ""agent"": ""VisionAgent"", ""skill"": ""locate"", ""parameters"": {""object_id"": ""scratched_grey_bracket_123"", ""target"": ""nearby_area""}, ""reasoning"": ""Identify scratched grey bracket using computer vision""}, {""step"": 2, ""agent"": ""ControlAgent"", ""skill"": ""pick"", ""parameters"": {""object_id"": ""scratched_grey_bracket_123"", ""target"": ""scrap_bin""}, ""reasoning"": ""Pick up scratched grey bracket and move it to the scrap bin""}], ""requires_approval"": false, ""ambiguity_notes"": """"}","{  
  ""plan_id"": ""locate_scratched_bracket_001"",
  ""confidence"": 0.8,
  ""subgoals"": [""Locate scratched grey bracket"", ""Route it to the scrap bin""],
  ""actions"": [  
    {  
      ""step"": 1,
      ""agent"": ""VisionAgent"",
      ""skill"": ""locate"",
      ""parameters"": {""object_id"": ""scratched_grey_bracket_123"", ""target"": ""nearby_area""},
      ""reasoning"": ""Identify scratched grey bracket using computer vision""
    },
    {  
      ""step"": 2,
      ""agent"": ""ControlAgent"",
      ""skill"": ""pick"",
      ""parameters"": {""object_id"": ""scratched_grey_bracket_123"", ""target"": ""scrap_bin""},
      ""reasoning"": ""Pick up scratched grey bracket and move it to the scrap bin""
    }
  ],
  ""requires_approval"": false,
  ""ambiguity_notes"": """"
}"
LG_TRIAL_00117,13,P13,Cat 2: Attribute-Grounded,Locate the scratched grey bracket and route it to the scrap bin.,SayCan,2026,0.7,8d83b97,2026-10-03T21:25:11.552127Z,True,False,True,True,0.6666666666666666,False,0.212,0.7,True,3000.65,"{""selected_primitive"": ""pick(grey_bracket)"", ""score"": 0.212}","{
  ""pick(blue_bolt)"": 0.02,
  ""pick(blue_cube)"": 0.03,
  ""pick(red_cylinder)"": 0.05,
  ""pick(red_housing)"": 0.04,
  ""pick(grey_bracket)"": 0.25, 
  ""place(assembly_tray)"": 0.01,
  ""place(scrap_bin)"": 0.7, 
  ""place(tray_pocket_1)"": 0.02,
  ""place(tray_pocket_2)"": 0.01,
  ""inspect(red_cylinder)"": 0.01,
  ""sweep(conveyor)"": 0.0,
  ""done()"": 0.0
}"
LG_TRIAL_00118,14,P14,Cat 2: Attribute-Grounded,Find the smooth red component and move it to the outbound tray.,ARIA_Dialogue_Planning,42,0.7,8d83b97,2026-10-03T21:25:17.451557Z,False,False,True,True,0.6666666666666666,True,0.5,0.7,False,5899.22,{},"{ ""plan_id"": ""aria_plan_001"", ""confidence"": 1.0, ""subgoals"": [ ""Locate red components in workcell"" , ""Identify the smooth component among red components"" , ""Move the identified smooth component to the outbound tray"" ] , ""actions"": [ { ""step"": 1, ""agent"": ""AffordanceAgent"", ""skill"": ""locate"", ""reasoning"": ""Locate all red components in the workcell"", ""parameters"": {""object_id"": ""workpiece_defect_1"", ""distance_m"": 0.5} }, { ""step"": 2, ""agent"": ""AffordanceAgent"", ""skill"": ""inspect"", ""reasoning"": ""Check surface scratches of red components to identify the smooth one"" , ""parameters"": {""object_id"": ""workpiece_defect_1"", ""distance_m"": 0.5} }, { ""step"": 3, ""agent"": ""AffordanceAgent"", ""skill"": ""pick"", ""reasoning"": ""Pick up the identified smooth red component"" , ""parameters"": {""object_id"": ""workpiece_defect_1"", ""distance_m"": 0.5} }, { ""step"": 4, ""agent"": ""AffordanceAgent"", ""skill"": ""place"", ""reasoning"": ""Place the smooth"
LG_TRIAL_00119,14,P14,Cat 2: Attribute-Grounded,Find the smooth red component and move it to the outbound tray.,Direct_LLM,42,0.7,8d83b97,2026-10-03T21:25:21.290809Z,True,False,True,True,0.6666666666666666,False,0.85,0.7,True,3839.08,"{""plan_id"": ""smooth_red_component_to_outbound_tray"", ""confidence"": 0.85, ""subgoals"": [""Find smooth red component"", ""Move to outbound tray""], ""actions"": [{""step"": 1, ""agent"": ""VisionAgent"", ""skill"": ""inspect"", ""parameters"": {""object_id"": ""smooth_red_component_123""}, ""reasoning"": ""Identify the smooth red component""}, {""step"": 2, ""agent"": ""ControlAgent"", ""skill"": ""pick"", ""parameters"": {""object_id"": ""smooth_red_component_123"", ""target"": ""outbound_tray_slot_1""}, ""reasoning"": ""Pick up the smooth red component and move it to the outbound tray""}], ""requires_approval"": false, ""ambiguity_notes"": """"}","{
  ""plan_id"": ""smooth_red_component_to_outbound_tray"",
  ""confidence"": 0.85,
  ""subgoals"": [""Find smooth red component"", ""Move to outbound tray""],
  ""actions"": [
    {
      ""step"": 1,
      ""agent"": ""VisionAgent"",
      ""skill"": ""inspect"",
      ""parameters"": {""object_id"": ""smooth_red_component_123""},
      ""reasoning"": ""Identify the smooth red component""
    },
    {
      ""step"": 2,
      ""agent"": ""ControlAgent"",
      ""skill"": ""pick"",
      ""parameters"": {""object_id"": ""smooth_red_component_123"", ""target"": ""outbound_tray_slot_1""},
      ""reasoning"": ""Pick up the smooth red component and move it to the outbound tray""
    }
  ],
  ""requires_approval"": false,
  ""ambiguity_notes"": """"
}"
LG_TRIAL_00120,14,P14,Cat 2: Attribute-Grounded,Find the smooth red component and move it to the outbound tray.,SayCan,42,0.7,8d83b97,2026-10-03T21:25:24.279775Z,True,False,True,True,0.6666666666666666,False,0.792,0.7,True,2988.8,"{""selected_primitive"": ""pick(red_cylinder)"", ""score"": 0.792}","{
  ""pick(blue_bolt)"": 0.0,
  ""pick(blue_cube)"": 0.0,
  ""pick(red_cylinder)"": 0.9,
  ""pick(red_housing)"": 0.1,
  ""pick(grey_bracket)"": 0.0,
  ""place(assembly_tray)"": 0.0,
  ""place(scrap_bin)"": 0.0,
  ""place(tray_pocket_1)"": 0.0,
  ""place(tray_pocket_2)"": 0.0,
  ""inspect(red_cylinder)"": 0.1,
  ""sweep(conveyor)"": 0.0,
  ""done()"": 0.0
}"
LG_TRIAL_00121,14,P14,Cat 2: Attribute-Grounded,Find the smooth red component and move it to the outbound tray.,ARIA_Dialogue_Planning,1337,0.7,8d83b97,2026-10-03T21:25:26.911097Z,True,True,True,True,1.0,False,1.0,0.7,True,2631.16,"{""plan_id"": ""aria_plan_001"", ""confidence"": 1.0, ""subgoals"": [""identify_smooth_red_component""], ""actions"": [{""step"": 1, ""agent"": ""AffordanceAgent"", ""skill"": ""pick"", ""reasoning"": ""Select the smooth red component from the workcell.""}, {""step"": 2, ""agent"": ""AffordanceAgent"", ""skill"": ""place"", ""reasoning"": ""Place the selected component in the outbound tray.""}], ""requires_approval"": false, ""ambiguity_notes"": """"}","{ ""plan_id"": ""aria_plan_001"", ""confidence"": 1.0, ""subgoals"": [ ""identify_smooth_red_component"" ], ""actions"": [ { ""step"": 1, ""agent"": ""AffordanceAgent"", ""skill"": ""pick"", ""reasoning"": ""Select the smooth red component from the workcell."" }, { ""step"": 2, ""agent"": ""AffordanceAgent"", ""skill"": ""place"", ""reasoning"": ""Place the selected component in the outbound tray."" } ], ""requires_approval"": false, ""ambiguity_notes"": """" }"
LG_TRIAL_00122,14,P14,Cat 2: Attribute-Grounded,Find the smooth red component and move it to the outbound tray.,Direct_LLM,1337,0.7,8d83b97,2026-10-03T21:25:30.418908Z,True,False,True,False,0.3333333333333333,False,0.95,0.7,False,3507.64,"{""plan_id"": ""component_relocation"", ""confidence"": 0.95, ""subgoals"": [""Find smooth red component""], ""actions"": [{""step"": 1, ""agent"": ""VisionAgent"", ""skill"": ""locate"", ""parameters"": {""object_id"": ""red_component"", ""target"": ""nearby_area""}, ""reasoning"": ""Identify the smooth red component in the vicinity""}, {""step"": 2, ""agent"": ""ControlAgent"", ""skill"": ""pick"", ""parameters"": {""object_id"": ""red_component"", ""target"": ""outbound_tray""}, ""reasoning"": ""Grasp the identified smooth red component and move it to the outbound tray""}], ""requires_approval"": false, ""ambiguity_notes"": """"}","{
  ""plan_id"": ""component_relocation"",
  ""confidence"": 0.95,
  ""subgoals"": [""Find smooth red component""],
  ""actions"": [
    {
      ""step"": 1,
      ""agent"": ""VisionAgent"",
      ""skill"": ""locate"",
      ""parameters"": {""object_id"": ""red_component"", ""target"": ""nearby_area""},
      ""reasoning"": ""Identify the smooth red component in the vicinity""
    },
    {
      ""step"": 2,
      ""agent"": ""ControlAgent"",
      ""skill"": ""pick"",
      ""parameters"": {""object_id"": ""red_component"", ""target"": ""outbound_tray""},
      ""reasoning"": ""Grasp the identified smooth red component and move it to the outbound tray""
    }
  ],
  ""requires_approval"": false,
  ""ambiguity_notes"": """"
}"
LG_TRIAL_00123,14,P14,Cat 2: Attribute-Grounded,Find the smooth red component and move it to the outbound tray.,SayCan,1337,0.7,8d83b97,2026-10-03T21:25:33.313468Z,True,False,True,True,0.6666666666666666,False,0.836,0.7,True,2894.4,"{""selected_primitive"": ""pick(red_cylinder)"", ""score"": 0.836}","{
  ""pick(blue_bolt)"": 0.0,
  ""pick(blue_cube)"": 0.0,
  ""pick(red_cylinder)"": 0.95,
  ""pick(red_housing)"": 0.05,
  ""pick(grey_bracket)"": 0.0,
  ""place(assembly_tray)"": 0.0,
  ""place(scrap_bin)"": 0.0,
  ""place(tray_pocket_1)"": 0.0,
  ""place(tray_pocket_2)"": 0.0,
  ""inspect(red_cylinder)"": 0.05,
  ""sweep(conveyor)"": 0.0,
  ""done()"": 0.0
}"
LG_TRIAL_00124,14,P14,Cat 2: Attribute-Grounded,Find the smooth red component and move it to the outbound tray.,ARIA_Dialogue_Planning,2026,0.7,8d83b97,2026-10-03T21:25:38.624179Z,True,True,False,True,0.6666666666666666,False,1.0,0.7,True,5310.51,"{""plan_id"": ""ARIA-001"", ""confidence"": 1.0, ""subgoals"": [""Identify the smooth red component."", ""Move the identified smooth red component to the outbound tray.""], ""actions"": [{""step"": 1, ""agent"": ""VisionAgent"", ""skill"": ""inspect"", ""reasoning"": ""Use computer vision to identify objects in the workcell and determine which one is a smooth red component."", ""parameters"": {""object_id"": ""workpiece_defect_2""}}, {""step"": 2, ""agent"": ""ControlAgent"", ""skill"": ""pick"", ""reasoning"": ""Use a robotic arm to pick up the identified smooth red component."", ""parameters"": {""object_id"": ""workpiece_defect_2"", ""direction"": ""outbound_tray""}}, {""step"": 3, ""agent"": ""ControlAgent"", ""skill"": ""place"", ""reasoning"": ""Place the picked up smooth red component in the outbound tray."", ""parameters"": {""object_id"": ""workpiece_defect_2"", ""direction"": ""outbound_tray""}}], ""requires_approval"": false, ""ambiguity_notes"": """"}","{

    ""plan_id"": ""ARIA-001"",
    ""confidence"": 1.00,
    ""subgoals"":
        [
            ""Identify the smooth red component."",
            ""Move the identified smooth red component to the outbound tray.""
        ],
    ""actions"":
        [
            {
                ""step"": 1,
                ""agent"": ""VisionAgent"",
                ""skill"": ""inspect"",
                ""reasoning"": ""Use computer vision to identify objects in the workcell and determine which one is a smooth red component."",
                ""parameters"": {""object_id"": ""workpiece_defect_2""}
            },
            {
                ""step"": 2,
                ""agent"": ""ControlAgent"",
                ""skill"": ""pick"",
                ""reasoning"": ""Use a robotic arm to pick up the identified smooth red component."",
                ""parameters"": {""object_id"": ""workpiece_defect_2"", ""direction"": ""outbound_tray""}
            },
            {
                ""step"": 3,
                ""agent"": ""ControlAgent"",
                ""skill"": ""place"",
                ""reasoning"": ""Place the picked up smooth red component in the outbound tray."",
                ""parameters"": {""object_id"": ""workpiece_defect_2"", ""direction"": ""outbound_tray""}
            }
        ],
    ""requires_approval"": false,
    ""ambiguity_notes"": """"
}"
LG_TRIAL_00125,14,P14,Cat 2: Attribute-Grounded,Find the smooth red component and move it to the outbound tray.,Direct_LLM,2026,0.7,8d83b97,2026-10-03T21:25:42.252624Z,True,False,True,True,0.6666666666666666,False,0.85,0.7,True,3628.22,"{""plan_id"": ""find_red_component_and_move_to_outbound_tray"", ""confidence"": 0.85, ""subgoals"": [""Find red component"", ""Move component to outbound tray""], ""actions"": [{""step"": 1, ""agent"": ""VisionAgent"", ""skill"": ""inspect"", ""parameters"": {""object_id"": ""red_component""}, ""reasoning"": ""Identify the smooth red component""}, {""step"": 2, ""agent"": ""ControlAgent"", ""skill"": ""pick"", ""parameters"": {""object_id"": ""red_component"", ""target"": ""inbound_tray""}, ""reasoning"": ""Pick up the identified component from the work surface""}, {""step"": 3, ""agent"": ""WorldModelAgent"", ""skill"": ""locate"", ""parameters"": {""location"": ""outbound_tray""}, ""reasoning"": ""Locate the outbound tray""}, {""step"": 4, ""agent"": ""ControlAgent"", ""skill"": ""place"", ""parameters"": {""object_id"": ""red_component"", ""target"": ""outbound_tray""}, ""reasoning"": ""Place the component in the located outbound tray""}], ""requires_approval"": false, ""ambiguity_notes"": """"}","{""plan_id"":""find_red_component_and_move_to_outbound_tray"",""confidence"":0.85,""subgoals"":[""Find red component"",""Move component to outbound tray""],""actions"":[{""step"":1,""agent"":""VisionAgent"",""skill"":""inspect"",""parameters"":{""object_id"":""red_component""},""reasoning"":""Identify the smooth red component""},{""step"":2,""agent"":""ControlAgent"",""skill"":""pick"",""parameters"":{""object_id"":""red_component"",""target"":""inbound_tray""},""reasoning"":""Pick up the identified component from the work surface""},{""step"":3,""agent"":""WorldModelAgent"",""skill"":""locate"",""parameters"":{""location"":""outbound_tray""},""reasoning"":""Locate the outbound tray""},{""step"":4,""agent"":""ControlAgent"",""skill"":""place"",""parameters"":{""object_id"":""red_component"",""target"":""outbound_tray""},""reasoning"":""Place the component in the located outbound tray""}],""requires_approval"":false,""ambiguity_notes"":""""}"
LG_TRIAL_00126,14,P14,Cat 2: Attribute-Grounded,Find the smooth red component and move it to the outbound tray.,SayCan,2026,0.7,8d83b97,2026-10-03T21:25:45.130945Z,True,False,True,True,0.6666666666666666,False,0.352,0.7,True,2878.06,"{""selected_primitive"": ""pick(red_cylinder)"", ""score"": 0.352}","{
  ""pick(blue_bolt)"": 0.01,
  ""pick(blue_cube)"": 0.02,
  ""pick(red_cylinder)"": 0.4,
  ""pick(red_housing)"": 0.1,
  ""pick(grey_bracket)"": 0.05,
  ""place(assembly_tray)"": 0.3,
  ""place(scrap_bin)"": 0.15,
  ""place(tray_pocket_1)"": 0.2,
  ""place(tray_pocket_2)"": 0.25,
  ""inspect(red_cylinder)"": 0.4,
  ""sweep(conveyor)"": 0.01,
  ""done()"": 0
}"
LG_TRIAL_00127,15,P15,Cat 2: Attribute-Grounded,Pick the blue workpiece exhibiting edge burrs and place it in quarantine.,ARIA_Dialogue_Planning,42,0.7,8d83b97,2026-10-03T21:25:49.687956Z,True,False,True,True,0.6666666666666666,False,1.0,0.7,True,4556.75,"{""plan_id"": ""pick_blue_workpiece"", ""confidence"": 1.0, ""subgoals"": [""identify_blue_bolt"", ""pick_blue_bolt"", ""place_in_quarantine""], ""actions"": [{""step"": 1, ""agent"": ""AffordanceAgent"", ""skill"": ""pick"", ""reasoning"": ""pick blue bolt object workpiece_good_1"", ""parameters"": {""object_id"": ""workpiece_good_1"", ""direction"": ""down""}}, {""step"": 2, ""agent"": ""AffordanceAgent"", ""skill"": ""place"", ""reasoning"": ""place picked object in quarantine area"", ""parameters"": {""object_id"": ""workpiece_good_1"", ""direction"": ""down"", ""distance_m"": 0.4}}, {""step"": 3, ""agent"": ""AffordanceAgent"", ""skill"": ""inspect"", ""reasoning"": ""check for edge burrs on blue workpiece""}], ""requires_approval"": false, ""ambiguity_notes"": """"}","{ ""plan_id"": ""pick_blue_workpiece"", ""confidence"": 1.0, ""subgoals"": [ ""identify_blue_bolt"", ""pick_blue_bolt"", ""place_in_quarantine"" ], ""actions"": [ {""step"": 1, ""agent"": ""AffordanceAgent"", ""skill"": ""pick"", ""reasoning"": ""pick blue bolt object workpiece_good_1"", ""parameters"": { ""object_id"": ""workpiece_good_1"", ""direction"": ""down"" }}, {""step"": 2, ""agent"": ""AffordanceAgent"", ""skill"": ""place"", ""reasoning"": ""place picked object in quarantine area"", ""parameters"": { ""object_id"": ""workpiece_good_1"", ""direction"": ""down"", ""distance_m"": 0.4 }}, {""step"": 3, ""agent"": ""AffordanceAgent"", ""skill"": ""inspect"", ""reasoning"": ""check for edge burrs on blue workpiece""} ] , ""requires_approval"": false, ""ambiguity_notes"": """"}"
LG_TRIAL_00128,15,P15,Cat 2: Attribute-Grounded,Pick the blue workpiece exhibiting edge burrs and place it in quarantine.,Direct_LLM,42,0.7,8d83b97,2026-10-03T21:25:55.053784Z,True,False,True,False,0.3333333333333333,False,0.95,0.7,False,5365.63,"{""plan_id"": ""PickBlueWorkpieceAndQuarantine"", ""confidence"": 0.95, ""subgoals"": [""pick blue workpiece with edge burrs"", ""quarantine""], ""actions"": [{""step"": 1, ""agent"": ""VisionAgent"", ""skill"": ""locate"", ""parameters"": {""object_id"": ""blue_workpiece_with_edge_burrs"", ""target"": ""workstation""}, ""reasoning"": ""Identify the blue workpiece with edge burrs on the workstation""}, {""step"": 2, ""agent"": ""ControlAgent"", ""skill"": ""pick"", ""parameters"": {""object_id"": ""blue_workpiece_with_edge_burrs"", ""target"": ""quarantine_area""}, ""reasoning"": ""Grasp and lift the blue workpiece with edge burrs from the workstation""}, {""step"": 3, ""agent"": ""ControlAgent"", ""skill"": ""place"", ""parameters"": {""object_id"": ""blue_workpiece_with_edge_burrs"", ""target"": ""quarantine_area""}, ""reasoning"": ""Place the blue workpiece with edge burrs in the quarantine area""}], ""requires_approval"": false, ""ambiguity_notes"": """"}","{
  ""plan_id"": ""PickBlueWorkpieceAndQuarantine"",
  ""confidence"": 0.95,
  ""subgoals"": [""pick blue workpiece with edge burrs"", ""quarantine""],
  ""actions"": [
    {
      ""step"": 1,
      ""agent"": ""VisionAgent"",
      ""skill"": ""locate"",
      ""parameters"": {""object_id"": ""blue_workpiece_with_edge_burrs"", ""target"": ""workstation""},
      ""reasoning"": ""Identify the blue workpiece with edge burrs on the workstation""
    },
    {
      ""step"": 2,
      ""agent"": ""ControlAgent"",
      ""skill"": ""pick"",
      ""parameters"": {""object_id"": ""blue_workpiece_with_edge_burrs"", ""target"": ""quarantine_area""},
      ""reasoning"": ""Grasp and lift the blue workpiece with edge burrs from the workstation""
    },
    {
      ""step"": 3,
      ""agent"": ""ControlAgent"",
      ""skill"": ""place"",
      ""parameters"": {""object_id"": ""blue_workpiece_with_edge_burrs"", ""target"": ""quarantine_area""},
      ""reasoning"": ""Place the blue workpiece with edge burrs in the quarantine area""
    }
  ],
  ""requires_approval"": false,
  ""ambiguity_notes"": """"
}"
LG_TRIAL_00129,15,P15,Cat 2: Attribute-Grounded,Pick the blue workpiece exhibiting edge burrs and place it in quarantine.,SayCan,42,0.7,8d83b97,2026-10-03T21:25:58.044845Z,True,False,True,True,0.6666666666666666,False,0.836,0.7,True,2990.86,"{""selected_primitive"": ""pick(blue_cube)"", ""score"": 0.836}","{
  ""pick(blue_bolt)"": 0.0,
  ""pick(blue_cube)"": 0.95,
  ""pick(red_cylinder)"": 0.05,
  ""pick(red_housing)"": 0.0,
  ""pick(grey_bracket)"": 0.0,
  ""place(assembly_tray)"": 0.0,
  ""place(scrap_bin)"": 0.0,
  ""place(tray_pocket_1)"": 0.0,
  ""place(tray_pocket_2)"": 0.0,
  ""inspect(red_cylinder)"": 0.0,
  ""sweep(conveyor)"": 0.0,
  ""done()"": 0.0
}"
LG_TRIAL_00130,15,P15,Cat 2: Attribute-Grounded,Pick the blue workpiece exhibiting edge burrs and place it in quarantine.,ARIA_Dialogue_Planning,1337,0.7,8d83b97,2026-10-03T21:26:00.996546Z,True,False,True,True,0.6666666666666666,False,1.0,0.7,True,2951.54,"{""plan_id"": ""pick_blue_workpiece"", ""confidence"": 1.0, ""subgoals"": [""identify blue workpieces"", ""select edge-burred blue workpiece"", ""move selected workpiece to quarantine""], ""actions"": [{""step"": 1, ""agent"": ""AffordanceAgent"", ""skill"": ""pick"", ""reasoning"": ""Select a blue workpiece with edge burrs.""}, {""step"": 2, ""agent"": ""AffordanceAgent"", ""skill"": ""place"", ""reasoning"": ""Move the selected blue workpiece to quarantine.""}], ""requires_approval"": false, ""ambiguity_notes"": """"}","{ ""plan_id"": ""pick_blue_workpiece"", ""confidence"": 1.0, ""subgoals"": [ ""identify blue workpieces"", ""select edge-burred blue workpiece"", ""move selected workpiece to quarantine"" ], ""actions"": [ { ""step"": 1, ""agent"": ""AffordanceAgent"", ""skill"": ""pick"", ""reasoning"": ""Select a blue workpiece with edge burrs."" }, { ""step"": 2, ""agent"": ""AffordanceAgent"", ""skill"": ""place"", ""reasoning"": ""Move the selected blue workpiece to quarantine."" } ] , ""requires_approval"": false, ""ambiguity_notes"": """" }"
LG_TRIAL_00131,15,P15,Cat 2: Attribute-Grounded,Pick the blue workpiece exhibiting edge burrs and place it in quarantine.,Direct_LLM,1337,0.7,8d83b97,2026-10-03T21:26:05.697878Z,True,False,True,False,0.3333333333333333,False,0.95,0.7,False,4701.12,"{""plan_id"": ""pick_and_place_blue_workpiece"", ""confidence"": 0.95, ""subgoals"": [""pick blue workpiece"", ""place in quarantine""], ""actions"": [{""step"": 1, ""agent"": ""VisionAgent"", ""skill"": ""locate"", ""parameters"": {""object_id"": ""blue_workpiece_001"", ""target"": ""edge_burrs""}, ""reasoning"": ""Identify blue workpiece with edge burrs""}, {""step"": 2, ""agent"": ""SkillAgent"", ""skill"": ""pick"", ""parameters"": {""object_id"": ""blue_workpiece_001"", ""target"": ""quarantine""}, ""reasoning"": ""Pick up blue workpiece with edge burrs""}, {""step"": 3, ""agent"": ""ControlAgent"", ""skill"": ""place"", ""parameters"": {""object_id"": ""blue_workpiece_001"", ""target"": ""quarantine""}, ""reasoning"": ""Place blue workpiece in quarantine""}], ""requires_approval"": false, ""ambiguity_notes"": """"}","{
  ""plan_id"": ""pick_and_place_blue_workpiece"",
  ""confidence"": 0.95,
  ""subgoals"": [""pick blue workpiece"", ""place in quarantine""],
  ""actions"": [
    {
      ""step"": 1,
      ""agent"": ""VisionAgent"",
      ""skill"": ""locate"",
      ""parameters"": {""object_id"": ""blue_workpiece_001"", ""target"": ""edge_burrs""},
      ""reasoning"": ""Identify blue workpiece with edge burrs""
    },
    {
      ""step"": 2,
      ""agent"": ""SkillAgent"",
      ""skill"": ""pick"",
      ""parameters"": {""object_id"": ""blue_workpiece_001"", ""target"": ""quarantine""},
      ""reasoning"": ""Pick up blue workpiece with edge burrs""
    },
    {
      ""step"": 3,
      ""agent"": ""ControlAgent"",
      ""skill"": ""place"",
      ""parameters"": {""object_id"": ""blue_workpiece_001"", ""target"": ""quarantine""},
      ""reasoning"": ""Place blue workpiece in quarantine""
    }
  ],
  ""requires_approval"": false,
  ""ambiguity_notes"": """"
}"
LG_TRIAL_00132,15,P15,Cat 2: Attribute-Grounded,Pick the blue workpiece exhibiting edge burrs and place it in quarantine.,SayCan,1337,0.7,8d83b97,2026-10-03T21:26:08.628595Z,True,False,True,True,0.6666666666666666,False,0.528,0.7,True,2930.48,"{""selected_primitive"": ""pick(blue_cube)"", ""score"": 0.528}","{
  ""pick(blue_bolt)"": 0.0,
  ""pick(blue_cube)"": 0.6,
  ""pick(red_cylinder)"": 0.0,
  ""pick(red_housing)"": 0.0,
  ""pick(grey_bracket)"": 0.0,
  ""place(assembly_tray)"": 0.2,
  ""place(scrap_bin)"": 0.1,
  ""place(tray_pocket_1)"": 0.1,
  ""place(tray_pocket_2)"": 0.1,
  ""inspect(red_cylinder)"": 0.0,
  ""sweep(conveyor)"": 0.0,
  ""done()"": 0.0
}"
LG_TRIAL_00133,15,P15,Cat 2: Attribute-Grounded,Pick the blue workpiece exhibiting edge burrs and place it in quarantine.,ARIA_Dialogue_Planning,2026,0.7,8d83b97,2026-10-03T21:26:13.618622Z,True,False,True,True,0.6666666666666666,False,1.0,0.7,True,4989.84,"{""plan_id"": ""PICK_BLUE_WORKPIECE_IN_QUARANTINE"", ""confidence"": 1, ""subgoals"": [""SELECT_BLUE_WORKPIECE"", ""PLACE_SELECTED_WORKPIECE_IN_QUARANTINE""], ""actions"": [{""step"": 1, ""agent"": ""AffordanceAgent"", ""skill"": ""pick"", ""reasoning"": ""Select the blue workpiece with edge burrs."", ""parameters"": {""object_id"": ""workpiece_defect_1""}}, {""step"": 2, ""agent"": ""AffordanceAgent"", ""skill"": ""place"", ""reasoning"": ""Place the selected workpiece in quarantine."", ""parameters"": {""object_id"": ""quarantine_area""}}, {""step"": 3, ""agent"": ""AffordanceAgent"", ""skill"": ""stack"", ""reasoning"": ""Stac the picked up workpiece to get hand free."", ""parameters"": {}}], ""requires_approval"": false, ""ambiguity_notes"": """"}","{

    ""plan_id"": ""PICK_BLUE_WORKPIECE_IN_QUARANTINE"",
    ""confidence"": 1,
    ""subgoals"": [
        ""SELECT_BLUE_WORKPIECE"",
        ""PLACE_SELECTED_WORKPIECE_IN_QUARANTINE""
    ],
    ""actions"": [
        {
            ""step"": 1,
            ""agent"": ""AffordanceAgent"",
            ""skill"": ""pick"",
            ""reasoning"": ""Select the blue workpiece with edge burrs."",
            ""parameters"": {
                ""object_id"": ""workpiece_defect_1""
            }
        },
        {
            ""step"": 2,
            ""agent"": ""AffordanceAgent"",
            ""skill"": ""place"",
            ""reasoning"": ""Place the selected workpiece in quarantine."",
            ""parameters"": {
                ""object_id"": ""quarantine_area""
            }
        },
        {
            ""step"": 3,
            ""agent"": ""AffordanceAgent"",
            ""skill"": ""stack"",
            ""reasoning"": ""Stac the picked up workpiece to get hand free."",
            ""parameters"": {}
        }
    ],
    ""requires_approval"": false,
    ""ambiguity_notes"": """"
}"
LG_TRIAL_00134,15,P15,Cat 2: Attribute-Grounded,Pick the blue workpiece exhibiting edge burrs and place it in quarantine.,Direct_LLM,2026,0.7,8d83b97,2026-10-03T21:26:15.266169Z,True,False,True,True,0.6666666666666666,False,0.8,0.7,True,1647.31,"{""plan_id"": ""task_12345"", ""confidence"": 0.8, ""subgoals"": [""pick_blue_workpiece""], ""actions"": [{""step"": 1, ""agent"": ""ControlAgent"", ""skill"": ""pick"", ""parameters"": {""object_id"": ""blue_workpiece_001"", ""target"": ""quarantine""}, ""reasoning"": ""edge_burr_removal_required""}], ""requires_approval"": false, ""ambiguity_notes"": """"}","{""plan_id"":""task_12345"",""confidence"":0.8,""subgoals"":[""pick_blue_workpiece""],""actions"":[{""step"":1,""agent"":""ControlAgent"",""skill"":""pick"",""parameters"":{""object_id"":""blue_workpiece_001"",""target"":""quarantine""},""reasoning"":""edge_burr_removal_required""}],""requires_approval"":false,""ambiguity_notes"":""""}"
LG_TRIAL_00135,15,P15,Cat 2: Attribute-Grounded,Pick the blue workpiece exhibiting edge burrs and place it in quarantine.,SayCan,2026,0.7,8d83b97,2026-10-03T21:26:18.173442Z,True,False,True,True,0.6666666666666666,False,0.308,0.7,True,2907.1,"{""selected_primitive"": ""pick(blue_bolt)"", ""score"": 0.308}","{
  ""pick(blue_bolt)"": 0.35,
  ""pick(blue_cube)"": 0.15,
  ""pick(red_cylinder)"": 0.05,
  ""pick(red_housing)"": 0.01,
  ""pick(grey_bracket)"": 0.01,
  ""place(assembly_tray)"": 0.05,
  ""place(scrap_bin)"": 0.01,
  ""place(tray_pocket_1)"": 0.01,
  ""place(tray_pocket_2)"": 0.01,
  ""inspect(red_cylinder)"": 0.01,
  ""sweep(conveyor)"": 0.0,
  ""done()"": 0.0
}"
LG_TRIAL_00136,16,P16,Cat 2: Attribute-Grounded,Sort the pristine grey bolt into the conforming assembly bin.,ARIA_Dialogue_Planning,42,0.7,8d83b97,2026-10-03T21:26:21.595297Z,True,False,True,True,0.6666666666666666,False,1.0,0.7,True,3421.59,"{""plan_id"": ""sort_pristine_bolt"", ""confidence"": 1.0, ""subgoals"": [""locate grey bracket""], ""actions"": [{""step"": 1, ""agent"": ""AffordanceAgent"", ""skill"": ""pick"", ""reasoning"": ""Select the grey_bracket."", ""parameters"": {""object_id"": ""grey_bracket""}}, {""step"": 2, ""agent"": ""AffordanceAgent"", ""skill"": ""place"", ""reasoning"": ""Place the grey_bracket in conforming assembly bin."", ""parameters"": {""object_id"": ""grey_bracket"", ""target"": ""conforming_assembly_bin""}}], ""requires_approval"": false, ""ambiguity_notes"": """"}","{ ""plan_id"": ""sort_pristine_bolt"", ""confidence"": 1.00, ""subgoals"": [ ""locate grey bracket"" ] , ""actions"": [ { ""step"": 1, ""agent"": ""AffordanceAgent"", ""skill"": ""pick"", ""reasoning"": ""Select the grey_bracket."", ""parameters"": {""object_id"": ""grey_bracket""} }, { ""step"": 2, ""agent"": ""AffordanceAgent"", ""skill"": ""place"", ""reasoning"": ""Place the grey_bracket in conforming assembly bin."" , ""parameters"": {""object_id"": ""grey_bracket"", ""target"": ""conforming_assembly_bin""}}], ""requires_approval"": false, ""ambiguity_notes"": """"}"
LG_TRIAL_00137,16,P16,Cat 2: Attribute-Grounded,Sort the pristine grey bolt into the conforming assembly bin.,Direct_LLM,42,0.7,8d83b97,2026-10-03T21:26:26.159155Z,False,False,True,True,0.6666666666666666,False,0.95,0.7,False,4563.68,"{""plan_id"": ""bolt_sorting_plan"", ""confidence"": 0.95, ""subgoals"": [""Sort bolt into assembly bin""], ""actions"": [{""step"": 1, ""agent"": ""ControlAgent"", ""skill"": ""move_to_location"", ""parameters"": {""object_id"": ""bolt_123"", ""target"": ""assembly_bin""}, ""reasoning"": ""Move to assembly bin location""}, {""step"": 2, ""agent"": ""VisionAgent"", ""skill"": ""inspect_item"", ""parameters"": {""object_id"": ""bolt_123"", ""target"": ""bolt_specification""}, ""reasoning"": ""Verify bolt is pristine grey""}, {""step"": 3, ""agent"": ""ControlAgent"", ""skill"": ""pick_up_object"", ""parameters"": {""object_id"": ""bolt_123"", ""target"": ""assembly_bin""}, ""reasoning"": ""Pick up bolt and move to assembly bin""}], ""requires_approval"": false, ""ambiguity_notes"": """"}","{
  ""plan_id"": ""bolt_sorting_plan"",
  ""confidence"": 0.95,
  ""subgoals"": [""Sort bolt into assembly bin""],
  ""actions"": [
    {
      ""step"": 1,
      ""agent"": ""ControlAgent"",
      ""skill"": ""move_to_location"",
      ""parameters"": {""object_id"": ""bolt_123"", ""target"": ""assembly_bin""},
      ""reasoning"": ""Move to assembly bin location""
    },
    {
      ""step"": 2,
      ""agent"": ""VisionAgent"",
      ""skill"": ""inspect_item"",
      ""parameters"": {""object_id"": ""bolt_123"", ""target"": ""bolt_specification""},
      ""reasoning"": ""Verify bolt is pristine grey""
    },
    {
      ""step"": 3,
      ""agent"": ""ControlAgent"",
      ""skill"": ""pick_up_object"",
      ""parameters"": {""object_id"": ""bolt_123"", ""target"": ""assembly_bin""},
      ""reasoning"": ""Pick up bolt and move to assembly bin""
    }
  ],
  ""requires_approval"": false,
  ""ambiguity_notes"": """"
}"
LG_TRIAL_00138,16,P16,Cat 2: Attribute-Grounded,Sort the pristine grey bolt into the conforming assembly bin.,SayCan,42,0.7,8d83b97,2026-10-03T21:26:29.153590Z,True,False,True,True,0.6666666666666666,False,0.085,0.7,True,2994.24,"{""selected_primitive"": ""pick(grey_bracket)"", ""score"": 0.085}","{
  ""pick(blue_bolt)"": 0.05,
  ""pick(blue_cube)"": 0.0,
  ""pick(red_cylinder)"": 0.0,
  ""pick(red_housing)"": 0.0,
  ""pick(grey_bracket)"": 0.1,
  ""place(assembly_tray)"": 0.8,
  ""place(scrap_bin)"": 0.05,
  ""place(tray_pocket_1)"": 0.05,
  ""place(tray_pocket_2)"": 0.05,
  ""inspect(red_cylinder)"": 0.0,
  ""sweep(conveyor)"": 0.0,
  ""done()"": 0.0
}"
LG_TRIAL_00139,16,P16,Cat 2: Attribute-Grounded,Sort the pristine grey bolt into the conforming assembly bin.,ARIA_Dialogue_Planning,1337,0.7,8d83b97,2026-10-03T21:26:34.771429Z,False,False,True,True,0.6666666666666666,True,0.5,0.7,False,5617.66,{},"{ ""plan_id"": ""sort_pristine_bolt"", ""confidence"": 1.00, ""subgoals"": [ ""find grey bolt"" ], ""actions"": [ { ""step"": 1, ""agent"": ""AffordanceAgent"", ""skill"": ""pick"", ""reasoning"": ""Select the grey_bracket as it matches the description of the object to be picked."", ""parameters"": { ""object_id"": ""grey_bracket"", ""target"": ""conforming_assembly_bin"" } }, { ""step"": 2, ""agent"": ""AffordanceAgent"", ""skill"": ""place"", ""reasoning"": ""Place the grey bolt into the conforming assembly bin."", ""parameters"": { ""object_id"": ""grey_bracket"", ""target"": ""conforming_assembly_bin"" } }, { ""step"": 3, ""agent"": ""AffordanceAgent"", ""skill"": ""inspect"", ""reasoning"": ""Verify that the grey bolt has been placed correctly and safely in the conforming assembly bin."", ""parameters"": { ""object_id"": ""grey_bracket"", ""target"": ""conforming_assembly_bin"" } }, { ""step"": 4, ""agent"": ""AffordanceAgent"", ""skill"": ""sort"", ""reasoning"": ""Sort the grey bolt into the correct container for pristine parts."", ""parameters"": { ""object_id"": ""grey_bracket"", ""target"": ""conforming"
LG_TRIAL_00140,16,P16,Cat 2: Attribute-Grounded,Sort the pristine grey bolt into the conforming assembly bin.,Direct_LLM,1337,0.7,8d83b97,2026-10-03T21:26:40.259082Z,False,False,True,True,0.6666666666666666,False,0.7,0.7,False,5487.51,{},"{
  ""plan_id"": ""bolt_sorting_plan"",
  ""confidence"": 0.95,
  ""subgoals"": [""Sort bolt into assembly bin""],
  ""actions"": [
    {
      ""step"": 1,
      ""agent"": ""VisionAgent"",
      ""skill"": ""locate"",
      ""parameters"": {""object_id"": ""bolt-123"", ""target"": ""assembly_bin""},
      ""reasoning"": ""Identify the location of the bolt in the workspace.""
    },
    {
      ""step"": 2,
      ""agent"": ""ControlAgent"",
      ""skill"": ""pick"",
      ""parameters"": {""object_id"": ""bolt-123""},
      ""reasoning"": ""Retrieve the bolt from its current location using the robotic arm's gripper.""
    },
    {
      ""step"": 3,
      ""agent"": ""VisionAgent"",
      ""skill"": ""inspect"",
      ""parameters"": {""object_id"": ""bolt-123"", ""target"": ""assembly_bin""},
      ""reasoning"": ""Verify that the bolt is correctly sorted into the assembly bin based on its label and orientation.""
    },
    {
      ""step"": 4,
      ""agent"": ""ControlAgent"",
      ""skill"": ""place"",
      ""parameters"": {""object_id"": ""bolt-123"", ""target"": ""assembly_bin""},
      ""reasoning"": ""Deposit the bolt into the assembly bin using the robotic arm's gripper.""
    }
  ],
"
LG_TRIAL_00141,16,P16,Cat 2: Attribute-Grounded,Sort the pristine grey bolt into the conforming assembly bin.,SayCan,1337,0.7,8d83b97,2026-10-03T21:26:43.181080Z,True,False,False,True,0.3333333333333333,False,0.053,0.7,False,2921.81,"{""selected_primitive"": ""sweep(conveyor)"", ""score"": 0.053}","{
  ""pick(blue_bolt)"": 0.01,
  ""pick(blue_cube)"": 0.02,
  ""pick(red_cylinder)"": 0.03,
  ""pick(red_housing)"": 0.04,
  ""pick(grey_bracket)"": 0.05,
  ""place(assembly_tray)"": 0.8,
  ""place(scrap_bin)"": 0.1,
  ""place(tray_pocket_1)"": 0.2,
  ""place(tray_pocket_2)"": 0.3,
  ""inspect(red_cylinder)"": 0.06,
  ""sweep(conveyor)"": 0.07,
  ""done()"": 0.0
}"
LG_TRIAL_00142,16,P16,Cat 2: Attribute-Grounded,Sort the pristine grey bolt into the conforming assembly bin.,ARIA_Dialogue_Planning,2026,0.7,8d83b97,2026-10-03T21:26:47.427556Z,True,False,True,True,0.6666666666666666,False,1.0,0.7,True,4246.28,"{""plan_id"": ""SortGreyBolt"", ""confidence"": 1.0, ""subgoals"": [""Locate grey_bracket""], ""actions"": [{""step"": 1, ""agent"": ""AffordanceAgent"", ""skill"": ""pick"", ""reasoning"": ""Move to the location of the workpiece_good_1 (grey_bracket) and execute a pick action."", ""parameters"": {""object_id"": ""workpiece_good_1"", ""target"": ""conforming_assembly_bin""}}, {""step"": 2, ""agent"": ""AffordanceAgent"", ""skill"": ""place"", ""reasoning"": ""Move to the location of the conforming assembly bin and execute a place action."", ""parameters"": {""object_id"": ""workpiece_good_1"", ""target"": ""conforming_assembly_bin""}}], ""requires_approval"": false, ""ambiguity_notes"": """"}","{

    ""plan_id"": ""SortGreyBolt"",
    ""confidence"": 1.0,
    ""subgoals"": [
        ""Locate grey_bracket""
    ],
    ""actions"": [
        {
            ""step"": 1,
            ""agent"": ""AffordanceAgent"",
            ""skill"": ""pick"",
            ""reasoning"": ""Move to the location of the workpiece_good_1 (grey_bracket) and execute a pick action."",
            ""parameters"": {""object_id"": ""workpiece_good_1"", ""target"": ""conforming_assembly_bin""}
        },
        {
            ""step"": 2,
            ""agent"": ""AffordanceAgent"",
            ""skill"": ""place"",
            ""reasoning"": ""Move to the location of the conforming assembly bin and execute a place action."",
            ""parameters"": {""object_id"": ""workpiece_good_1"", ""target"": ""conforming_assembly_bin""}
        }
    ],
    ""requires_approval"": false,
    ""ambiguity_notes"": """"
}"
LG_TRIAL_00143,16,P16,Cat 2: Attribute-Grounded,Sort the pristine grey bolt into the conforming assembly bin.,Direct_LLM,2026,0.7,8d83b97,2026-10-03T21:26:49.892792Z,True,False,True,True,0.6666666666666666,False,0.95,0.7,True,2465.0,"{""plan_id"": ""bolt_sorting_plan"", ""confidence"": 0.95, ""subgoals"": [""sort_pristine_bolt""], ""actions"": [{""step"": 1, ""agent"": ""SkillAgent"", ""skill"": ""pick"", ""parameters"": {""object_id"": ""grey_bolt_123"", ""target"": ""assembly_bin""}, ""reasoning"": ""pick grey bolt from source to move it to assembly bin""}, {""step"": 2, ""agent"": ""ControlAgent"", ""skill"": ""place"", ""parameters"": {""object_id"": ""grey_bolt_123"", ""target"": ""assembly_bin""}, ""reasoning"": ""place picked grey bolt in assembly bin""}], ""requires_approval"": false, ""ambiguity_notes"": """"}","{""plan_id"":""bolt_sorting_plan"",""confidence"":0.95,""subgoals"":[""sort_pristine_bolt""],""actions"":[{""step"":1,""agent"":""SkillAgent"",""skill"":""pick"",""parameters"":{""object_id"":""grey_bolt_123"",""target"":""assembly_bin""},""reasoning"":""pick grey bolt from source to move it to assembly bin""},{""step"":2,""agent"":""ControlAgent"",""skill"":""place"",""parameters"":{""object_id"":""grey_bolt_123"",""target"":""assembly_bin""},""reasoning"":""place picked grey bolt in assembly bin""}],""requires_approval"":false,""ambiguity_notes"":""""}"
LG_TRIAL_00144,16,P16,Cat 2: Attribute-Grounded,Sort the pristine grey bolt into the conforming assembly bin.,SayCan,2026,0.7,8d83b97,2026-10-03T21:26:52.797443Z,True,False,True,True,0.6666666666666666,False,0.68,0.7,True,2904.48,"{""selected_primitive"": ""pick(grey_bracket)"", ""score"": 0.68}","{
  ""pick(blue_bolt)"": 0.3,
  ""pick(blue_cube)"": 0.2,
  ""pick(red_cylinder)"": 0.1,
  ""pick(red_housing)"": 0.05,
  ""pick(grey_bracket)"": 0.8,
  ""place(assembly_tray)"": 0.9,
  ""place(scrap_bin)"": 0.5,
  ""place(tray_pocket_1)"": 0.6,
  ""place(tray_pocket_2)"": 0.7,
  ""inspect(red_cylinder)"": 0.4,
  ""sweep(conveyor)"": 0.0,
  ""done()"": 1.0
}"
LG_TRIAL_00145,17,P17,Cat 2: Attribute-Grounded,Grasp the cracked red housing and discard it into the scrap receptacle.,ARIA_Dialogue_Planning,42,0.7,8d83b97,2026-10-03T21:26:56.863687Z,True,False,True,True,0.6666666666666666,False,1.0,0.7,True,4066.03,"{""plan_id"": ""discard_defect_2"", ""confidence"": 1.0, ""subgoals"": [""locate_workpiece_defect_2"", ""grasp_workpiece_defect_2"", ""transfer_workpiece_defect_2_to_scrap_receptacle""], ""actions"": [{""step"": 1, ""agent"": ""AffordanceAgent"", ""skill"": ""locate"", ""reasoning"": ""find specific workpiece in the scene using its color and shape""}, {""step"": 2, ""agent"": ""AffordanceAgent"", ""skill"": ""pick"", ""reasoning"": ""select and grasp a red object with cracks from the workcell""}, {""step"": 3, ""agent"": ""AffordanceAgent"", ""skill"": ""place"", ""reasoning"": ""discard the cracked red housing into the scrap receptacle""}], ""requires_approval"": false, ""ambiguity_notes"": """"}","{ ""plan_id"": ""discard_defect_2"",
""confidence"": 1.00,
""subgoals"":
[
    ""locate_workpiece_defect_2"",
    ""grasp_workpiece_defect_2"",
    ""transfer_workpiece_defect_2_to_scrap_receptacle""
],
""actions"":
[
    {""step"": 1, ""agent"": ""AffordanceAgent"", ""skill"": ""locate"", ""reasoning"": ""find specific workpiece in the scene using its color and shape""},
    {""step"": 2, ""agent"": ""AffordanceAgent"", ""skill"": ""pick"", ""reasoning"": ""select and grasp a red object with cracks from the workcell""},
    {""step"": 3, ""agent"": ""AffordanceAgent"", ""skill"": ""place"", ""reasoning"": ""discard the cracked red housing into the scrap receptacle""}
],
""requires_approval"": false,
""ambiguity_notes"": """"
}"
LG_TRIAL_00146,17,P17,Cat 2: Attribute-Grounded,Grasp the cracked red housing and discard it into the scrap receptacle.,Direct_LLM,42,0.7,8d83b97,2026-10-03T21:27:00.715552Z,True,False,True,False,0.3333333333333333,False,0.95,0.7,False,3851.7,"{""plan_id"": ""GRASP_CRACKED_RED_HOUSING"", ""confidence"": 0.95, ""subgoals"": [""Grasp the cracked red housing""], ""actions"": [{""step"": 1, ""agent"": ""ControlAgent"", ""skill"": ""pick"", ""parameters"": {""object_id"": ""CRACKED_RED_HOUSING"", ""target"": ""grasping_point""}, ""reasoning"": ""Identify and grasp the cracked red housing.""}, {""step"": 2, ""agent"": ""ControlAgent"", ""skill"": ""place"", ""parameters"": {""object_id"": ""CRACKED_RED_HOUSING"", ""target"": ""SCRAP_RECEPTACLE""}, ""reasoning"": ""Discard the cracked red housing into the scrap receptacle.""}], ""requires_approval"": false, ""ambiguity_notes"": """"}","{
  ""plan_id"": ""GRASP_CRACKED_RED_HOUSING"",
  ""confidence"": 0.95,
  ""subgoals"": [""Grasp the cracked red housing""],
  ""actions"": [
    {
      ""step"": 1,
      ""agent"": ""ControlAgent"",
      ""skill"": ""pick"",
      ""parameters"": {""object_id"": ""CRACKED_RED_HOUSING"", ""target"": ""grasping_point""},
      ""reasoning"": ""Identify and grasp the cracked red housing.""
    },
    {
      ""step"": 2,
      ""agent"": ""ControlAgent"",
      ""skill"": ""place"",
      ""parameters"": {""object_id"": ""CRACKED_RED_HOUSING"", ""target"": ""SCRAP_RECEPTACLE""},
      ""reasoning"": ""Discard the cracked red housing into the scrap receptacle.""
    }
  ],
  ""requires_approval"": false,
  ""ambiguity_notes"": """"
}"
LG_TRIAL_00147,17,P17,Cat 2: Attribute-Grounded,Grasp the cracked red housing and discard it into the scrap receptacle.,SayCan,42,0.7,8d83b97,2026-10-03T21:27:03.679187Z,True,False,True,True,0.6666666666666666,False,0.88,0.7,True,2963.49,"{""selected_primitive"": ""pick(red_housing)"", ""score"": 0.88}","{
  ""pick(blue_bolt)"": 0.0,
  ""pick(blue_cube)"": 0.0,
  ""pick(red_cylinder)"": 0.0,
  ""pick(red_housing)"": 1.0,
  ""pick(grey_bracket)"": 0.0,
  ""place(assembly_tray)"": 0.0,
  ""place(scrap_bin)"": 0.5,
  ""place(tray_pocket_1)"": 0.0,
  ""place(tray_pocket_2)"": 0.0,
  ""inspect(red_cylinder)"": 0.0,
  ""sweep(conveyor)"": 0.0,
  ""done()"": 0.0
}"
LG_TRIAL_00148,17,P17,Cat 2: Attribute-Grounded,Grasp the cracked red housing and discard it into the scrap receptacle.,ARIA_Dialogue_Planning,1337,0.7,8d83b97,2026-10-03T21:27:07.407368Z,True,False,True,True,0.6666666666666666,False,1.0,0.7,True,3727.98,"{""plan_id"": ""discard_defective_housing"", ""confidence"": 1.0, ""subgoals"": [""locate_cracked_red_housing""], ""actions"": [{""step"": 1, ""agent"": ""AffordanceAgent"", ""skill"": ""pick"", ""reasoning"": ""Grasp the cracked red housing using a gripper."", ""parameters"": {""object_id"": ""workpiece_defect_2"", ""direction"": ""up""}}, {""step"": 2, ""agent"": ""AffordanceAgent"", ""skill"": ""place"", ""reasoning"": ""Discard the cracked red housing into the scrap receptacle."", ""parameters"": {""object_id"": ""workpiece_defect_2"", ""direction"": ""down""}}], ""requires_approval"": false, ""ambiguity_notes"": """"}","{ ""plan_id"": ""discard_defective_housing"", ""confidence"": 1.00, ""subgoals"": [ ""locate_cracked_red_housing"" ] , ""actions"": [ { ""step"": 1, ""agent"": ""AffordanceAgent"", ""skill"": ""pick"", ""reasoning"": ""Grasp the cracked red housing using a gripper."", ""parameters"": { ""object_id"": ""workpiece_defect_2"", ""direction"": ""up"" } }, { ""step"": 2, ""agent"": ""AffordanceAgent"", ""skill"": ""place"", ""reasoning"": ""Discard the cracked red housing into the scrap receptacle."", ""parameters"": { ""object_id"": ""workpiece_defect_2"", ""direction"": ""down"" } } ] , ""requires_approval"": false, ""ambiguity_notes"": """" }"
LG_TRIAL_00149,17,P17,Cat 2: Attribute-Grounded,Grasp the cracked red housing and discard it into the scrap receptacle.,Direct_LLM,1337,0.7,8d83b97,2026-10-03T21:27:12.076893Z,True,False,True,True,0.6666666666666666,False,0.95,0.7,True,4669.35,"{""plan_id"": ""GraspAndDiscardCrackedHousing"", ""confidence"": 0.95, ""subgoals"": [""grasp"", ""discard""], ""actions"": [{""step"": 1, ""agent"": ""VisionAgent"", ""skill"": ""locate"", ""parameters"": {""object_id"": ""cracked_red_housing""}, ""reasoning"": ""Identify cracked red housing using visual recognition""}, {""step"": 2, ""agent"": ""ControlAgent"", ""skill"": ""pick"", ""parameters"": {""object_id"": ""cracked_red_housing"", ""target"": ""scrap_receptacle""}, ""reasoning"": ""Grasp cracked red housing with gripper""}, {""step"": 3, ""agent"": ""ControlAgent"", ""skill"": ""place"", ""parameters"": {""object_id"": ""cracked_red_housing"", ""target"": ""scrap_receptacle""}, ""reasoning"": ""Discard cracked red housing into scrap receptacle""}], ""requires_approval"": false, ""ambiguity_notes"": """"}","{
  ""plan_id"": ""GraspAndDiscardCrackedHousing"",
  ""confidence"": 0.95,
  ""subgoals"": [""grasp"", ""discard""],
  ""actions"": [
    {
      ""step"": 1,
      ""agent"": ""VisionAgent"",
      ""skill"": ""locate"",
      ""parameters"": {""object_id"": ""cracked_red_housing""},
      ""reasoning"": ""Identify cracked red housing using visual recognition""
    },
    {
      ""step"": 2,
      ""agent"": ""ControlAgent"",
      ""skill"": ""pick"",
      ""parameters"": {""object_id"": ""cracked_red_housing"", ""target"": ""scrap_receptacle""},
      ""reasoning"": ""Grasp cracked red housing with gripper""
    },
    {
      ""step"": 3,
      ""agent"": ""ControlAgent"",
      ""skill"": ""place"",
      ""parameters"": {""object_id"": ""cracked_red_housing"", ""target"": ""scrap_receptacle""},
      ""reasoning"": ""Discard cracked red housing into scrap receptacle""
    }
  ],
  ""requires_approval"": false,
  ""ambiguity_notes"": """"
}"
LG_TRIAL_00150,17,P17,Cat 2: Attribute-Grounded,Grasp the cracked red housing and discard it into the scrap receptacle.,SayCan,1337,0.7,8d83b97,2026-10-03T21:27:14.980613Z,True,False,True,True,0.6666666666666666,False,0.704,0.7,True,2903.56,"{""selected_primitive"": ""pick(red_housing)"", ""score"": 0.704}","{
  ""pick(blue_bolt)"": 0.0,
  ""pick(blue_cube)"": 0.0,
  ""pick(red_cylinder)"": 0.1,
  ""pick(red_housing)"": 0.8,
  ""pick(grey_bracket)"": 0.0,
  ""place(assembly_tray)"": 0.0,
  ""place(scrap_bin)"": 0.9,
  ""place(tray_pocket_1)"": 0.0,
  ""place(tray_pocket_2)"": 0.0,
  ""inspect(red_cylinder)"": 0.0,
  ""sweep(conveyor)"": 0.0,
  ""done()"": 0.0
}"
LG_TRIAL_00151,17,P17,Cat 2: Attribute-Grounded,Grasp the cracked red housing and discard it into the scrap receptacle.,ARIA_Dialogue_Planning,2026,0.7,8d83b97,2026-10-03T21:27:19.450988Z,True,False,True,True,0.6666666666666666,False,0.99,0.7,True,4470.12,"{""plan_id"": ""discard_defect_1"", ""confidence"": 0.99, ""subgoals"": [""locate_workpiece_defect_2"", ""grasp_workpiece_defect_2"", ""transport_to_scrap_receptacle""], ""actions"": [{""step"": 1, ""agent"": ""AffordanceAgent"", ""skill"": ""pick"", ""reasoning"": ""AffordanceAgent can manipulate objects in the workcell."", ""parameters"": {""object_id"": ""workpiece_defect_2""}}, {""step"": 2, ""agent"": ""AffordanceAgent"", ""skill"": ""place"", ""reasoning"": ""AffordanceAgent can manipulate objects in the workcell."", ""parameters"": {""object_id"": ""workpiece_defect_2"", ""target"": ""scrap_receptacle""}}], ""requires_approval"": false, ""ambiguity_notes"": """"}","{

    ""plan_id"": ""discard_defect_1"",
    ""confidence"": 0.99,
    ""subgoals"": [
        ""locate_workpiece_defect_2"",
        ""grasp_workpiece_defect_2"",
        ""transport_to_scrap_receptacle""
    ],
    ""actions"": [
        {
            ""step"": 1,
            ""agent"": ""AffordanceAgent"",
            ""skill"": ""pick"",
            ""reasoning"": ""AffordanceAgent can manipulate objects in the workcell."",
            ""parameters"": {
                ""object_id"": ""workpiece_defect_2""
            }
        },
        {
            ""step"": 2,
            ""agent"": ""AffordanceAgent"",
            ""skill"": ""place"",
            ""reasoning"": ""AffordanceAgent can manipulate objects in the workcell."",
            ""parameters"": {
                ""object_id"": ""workpiece_defect_2"",
                ""target"": ""scrap_receptacle""
            }
        }
    ],
    ""requires_approval"": false,
    ""ambiguity_notes"": """"
}"
LG_TRIAL_00152,17,P17,Cat 2: Attribute-Grounded,Grasp the cracked red housing and discard it into the scrap receptacle.,Direct_LLM,2026,0.7,8d83b97,2026-10-03T21:27:24.993541Z,False,False,True,True,0.6666666666666666,False,0.7,0.7,False,5542.4,{},"{  
  ""plan_id"": ""grasp_and_discard_cracked_housing"",
  ""confidence"": 0.85,
  ""subgoals"": [""discard_cracked_housing""],
  ""actions"": [  
    {  
      ""step"": 1,
      ""agent"": ""VisionAgent"",
      ""skill"": ""locate"",
      ""parameters"": {""object_id"": ""cracked_red_housing"", ""target"": ""scrap_receptacle""},
      ""reasoning"": ""Identify location of cracked red housing and scrap receptacle""
    },
    {  
      ""step"": 2,
      ""agent"": ""AffordanceAgent"",
      ""skill"": ""pick"",
      ""parameters"": {""object_id"": ""cracked_red_housing"", ""target"": ""hand""},
      ""reasoning"": ""Determine if cracked red housing can be picked up""
    },
    {  
      ""step"": 3,
      ""agent"": ""ControlAgent"",
      ""skill"": ""move_to"",
      ""parameters"": {""object_id"": ""cracked_red_housing"", ""target"": ""scrap_receptacle""},
      ""reasoning"": ""Move cracked red housing to scrap receptacle""
    },
    {  
      ""step"": 4,
      ""agent"": ""ControlAgent"",
      ""skill"": ""release"",
      ""parameters"": {""object_id"": ""cracked_red_housing"", ""target"": """"},
      ""reasoning"": """
LG_TRIAL_00153,17,P17,Cat 2: Attribute-Grounded,Grasp the cracked red housing and discard it into the scrap receptacle.,SayCan,2026,0.7,8d83b97,2026-10-03T21:27:27.905245Z,True,False,True,True,0.6666666666666666,False,0.704,0.7,True,2911.57,"{""selected_primitive"": ""pick(red_housing)"", ""score"": 0.704}","{
  ""pick(blue_bolt)"": 0.02,
  ""pick(blue_cube)"": 0.04,
  ""pick(red_cylinder)"": 0.1,
  ""pick(red_housing)"": 0.8,
  ""pick(grey_bracket)"": 0.01,
  ""place(assembly_tray)"": 0.03,
  ""place(scrap_bin)"": 0.9,
  ""place(tray_pocket_1)"": 0.02,
  ""place(tray_pocket_2)"": 0.05,
  ""inspect(red_cylinder)"": 0.06,
  ""sweep(conveyor)"": 0.01,
  ""done()"": 0.04
}"
LG_TRIAL_00154,18,P18,Cat 2: Attribute-Grounded,Pick the defect-free blue cube and place it into tray pocket 2.,ARIA_Dialogue_Planning,42,0.7,8d83b97,2026-10-03T21:27:32.863372Z,True,False,True,True,0.6666666666666666,False,1.0,0.7,True,4957.93,"{""plan_id"": ""pick_defect_free_cube"", ""confidence"": 1.0, ""subgoals"": [""move_arm_to_pickup_workpiece_good_2"", ""pickup_workpiece_good_2"", ""move_arm_to_place_in_tray_pocket_2""], ""actions"": [{""step"": 1, ""agent"": ""AffordanceAgent"", ""skill"": ""pick"", ""reasoning"": ""pick the workpiece good 2"", ""parameters"": {""object_id"": ""workpiece_good_2""}}, {""step"": 2, ""agent"": ""AffordanceAgent"", ""skill"": ""place"", ""reasoning"": ""place the workpiece good 2 into tray pocket 2"", ""parameters"": {""object_id"": ""workpiece_good_2"", ""target"": ""tray_pocket_2""}}, {""step"": 3, ""agent"": ""AffordanceAgent"", ""skill"": ""stack"", ""reasoning"": ""stack the workpiece good 2 in tray pocket 2"", ""parameters"": {""object_id"": ""workpiece_good_2""}}], ""requires_approval"": false, ""ambiguity_notes"": """"}","{ ""plan_id"": ""pick_defect_free_cube"", ""confidence"": 1.0, ""subgoals"": [ ""move_arm_to_pickup_workpiece_good_2"", ""pickup_workpiece_good_2"", ""move_arm_to_place_in_tray_pocket_2"" ], ""actions"": [ { ""step"": 1, ""agent"": ""AffordanceAgent"", ""skill"": ""pick"", ""reasoning"": ""pick the workpiece good 2"", ""parameters"": {""object_id"": ""workpiece_good_2""} }, { ""step"": 2, ""agent"": ""AffordanceAgent"", ""skill"": ""place"", ""reasoning"": ""place the workpiece good 2 into tray pocket 2"", ""parameters"": {""object_id"": ""workpiece_good_2"", ""target"": ""tray_pocket_2""} }, { ""step"": 3, ""agent"": ""AffordanceAgent"", ""skill"": ""stack"", ""reasoning"": ""stack the workpiece good 2 in tray pocket 2"", ""parameters"": {""object_id"": ""workpiece_good_2""}} ] , ""requires_approval"": false, ""ambiguity_notes"": """" }"
LG_TRIAL_00155,18,P18,Cat 2: Attribute-Grounded,Pick the defect-free blue cube and place it into tray pocket 2.,Direct_LLM,42,0.7,8d83b97,2026-10-03T21:27:38.461499Z,False,False,True,True,0.6666666666666666,False,0.7,0.7,False,5597.98,{},"{
  ""plan_id"": ""PICK_BLUE_CUBE"",
  ""confidence"": 0.95,
  ""subgoals"": [""pick defect-free blue cube"", ""place blue cube in tray pocket 2""],
  ""actions"": [
    {
      ""step"": 1,
      ""agent"": ""ControlAgent"",
      ""skill"": ""move_to"",
      ""parameters"": {""object_id"": ""BLUE_CUBE""},
      ""reasoning"": ""Move to blue cube location""
    },
    {
      ""step"": 2,
      ""agent"": ""VisionAgent"",
      ""skill"": ""inspect"",
      ""parameters"": {},
      ""reasoning"": ""Inspect blue cube for defects""
    },
    {
      ""step"": 3,
      ""agent"": ""ControlAgent"",
      ""skill"": ""pick"",
      ""parameters"": {""object_id"": ""BLUE_CUBE""},
      ""reasoning"": ""Pick defect-free blue cube""
    },
    {
      ""step"": 4,
      ""agent"": ""WorldModelAgent"",
      ""skill"": ""locate"",
      ""parameters"": {""target"": ""TRAY_POCKET_2""},
      ""reasoning"": ""Locate tray pocket 2""
    },
    {
      ""step"": 5,
      ""agent"": ""ControlAgent"",
      ""skill"": ""place"",
      ""parameters"": {""object_id"": ""BLUE_CUBE"", ""target"": ""TRAY_POCKET_2""},
      ""reasoning"": """
LG_TRIAL_00156,18,P18,Cat 2: Attribute-Grounded,Pick the defect-free blue cube and place it into tray pocket 2.,SayCan,42,0.7,8d83b97,2026-10-03T21:27:41.417468Z,True,False,True,True,0.6666666666666666,False,0.792,0.7,True,2955.82,"{""selected_primitive"": ""pick(blue_cube)"", ""score"": 0.792}","{
  ""pick(blue_bolt)"": 0.0,
  ""pick(blue_cube)"": 0.9,
  ""pick(red_cylinder)"": 0.0,
  ""pick(red_housing)"": 0.0,
  ""pick(grey_bracket)"": 0.0,
  ""place(assembly_tray)"": 0.0,
  ""place(scrap_bin)"": 0.0,
  ""place(tray_pocket_1)"": 0.0,
  ""place(tray_pocket_2)"": 0.9,
  ""inspect(red_cylinder)"": 0.0,
  ""sweep(conveyor)"": 0.0,
  ""done()"": 0.0
}"
LG_TRIAL_00157,18,P18,Cat 2: Attribute-Grounded,Pick the defect-free blue cube and place it into tray pocket 2.,ARIA_Dialogue_Planning,1337,0.7,8d83b97,2026-10-03T21:27:45.321207Z,True,True,True,True,1.0,False,1.0,0.7,True,3903.59,"{""plan_id"": ""pick_defect_free_cube"", ""confidence"": 1.0, ""subgoals"": [""move_arm_to_workpiece_good_2"", ""pick_workpiece_good_2"", ""place_in_tray_pocket_2""], ""actions"": [{""step"": 1, ""agent"": ""AffordanceAgent"", ""skill"": ""pick"", ""reasoning"": ""Move arm to workpiece_good_2 for picking.""}, {""step"": 2, ""agent"": ""AffordanceAgent"", ""skill"": ""pick"", ""reasoning"": ""Pick up the defect-free blue cube.""}, {""step"": 3, ""agent"": ""AffordanceAgent"", ""skill"": ""place"", ""reasoning"": ""Place the picked object in tray pocket 2.""}], ""requires_approval"": false, ""ambiguity_notes"": """"}","{ ""plan_id"": ""pick_defect_free_cube"", ""confidence"": 1.0, ""subgoals"": [ ""move_arm_to_workpiece_good_2"", ""pick_workpiece_good_2"", ""place_in_tray_pocket_2"" ] , ""actions"": [ {""step"": 1, ""agent"": ""AffordanceAgent"", ""skill"": ""pick"", ""reasoning"": ""Move arm to workpiece_good_2 for picking.""}, {""step"": 2, ""agent"": ""AffordanceAgent"", ""skill"": ""pick"", ""reasoning"": ""Pick up the defect-free blue cube.""}, {""step"": 3, ""agent"": ""AffordanceAgent"", ""skill"": ""place"", ""reasoning"": ""Place the picked object in tray pocket 2.""} ], ""requires_approval"": false, ""ambiguity_notes"": """" }"
LG_TRIAL_00158,18,P18,Cat 2: Attribute-Grounded,Pick the defect-free blue cube and place it into tray pocket 2.,Direct_LLM,1337,0.7,8d83b97,2026-10-03T21:27:48.943256Z,True,False,True,True,0.6666666666666666,False,0.95,0.7,True,3621.9,"{""plan_id"": ""blue_cube_to_tray_2"", ""confidence"": 0.95, ""subgoals"": [""pick_defect_free_blue_cube"", ""place_in_tray_pocket_2""], ""actions"": [{""step"": 1, ""agent"": ""VisionAgent"", ""skill"": ""inspect"", ""parameters"": {""object_id"": ""blue_cube""}, ""reasoning"": ""Verify blue cube is defect-free""}, {""step"": 2, ""agent"": ""ControlAgent"", ""skill"": ""pick"", ""parameters"": {""object_id"": ""blue_cube"", ""target"": ""tray_pocket_2""}, ""reasoning"": ""Pick up blue cube and move it to tray pocket 2""}], ""requires_approval"": false, ""ambiguity_notes"": """"}","{
  ""plan_id"": ""blue_cube_to_tray_2"",
  ""confidence"": 0.95,
  ""subgoals"": [""pick_defect_free_blue_cube"", ""place_in_tray_pocket_2""],
  ""actions"": [
    {
      ""step"": 1,
      ""agent"": ""VisionAgent"",
      ""skill"": ""inspect"",
      ""parameters"": {""object_id"": ""blue_cube""},
      ""reasoning"": ""Verify blue cube is defect-free""
    },
    {
      ""step"": 2,
      ""agent"": ""ControlAgent"",
      ""skill"": ""pick"",
      ""parameters"": {""object_id"": ""blue_cube"", ""target"": ""tray_pocket_2""},
      ""reasoning"": ""Pick up blue cube and move it to tray pocket 2""
    }
  ],
  ""requires_approval"": false,
  ""ambiguity_notes"": """"
}"
LG_TRIAL_00159,18,P18,Cat 2: Attribute-Grounded,Pick the defect-free blue cube and place it into tray pocket 2.,SayCan,1337,0.7,8d83b97,2026-10-03T21:27:51.841433Z,True,False,True,True,0.6666666666666666,False,0.792,0.7,True,2898.02,"{""selected_primitive"": ""pick(blue_cube)"", ""score"": 0.792}","{
  ""pick(blue_bolt)"": 0.0,
  ""pick(blue_cube)"": 0.9,
  ""pick(red_cylinder)"": 0.0,
  ""pick(red_housing)"": 0.0,
  ""pick(grey_bracket)"": 0.0,
  ""place(assembly_tray)"": 0.0,
  ""place(scrap_bin)"": 0.0,
  ""place(tray_pocket_1)"": 0.0,
  ""place(tray_pocket_2)"": 0.9,
  ""inspect(red_cylinder)"": 0.0,
  ""sweep(conveyor)"": 0.0,
  ""done()"": 0.0
}"
LG_TRIAL_00160,18,P18,Cat 2: Attribute-Grounded,Pick the defect-free blue cube and place it into tray pocket 2.,ARIA_Dialogue_Planning,2026,0.7,8d83b97,2026-10-03T21:27:56.239871Z,True,True,True,True,1.0,False,1.0,0.7,True,4398.25,"{""plan_id"": ""pick_defect_free_blue_cube"", ""confidence"": 1.0, ""subgoals"": [""move_arm_to_workpiece_good_2"", ""pick_workpiece_good_2"", ""move_workpiece_good_2_to_tray_pocket_2""], ""actions"": [{""step"": 1, ""agent"": ""AffordanceAgent"", ""skill"": ""pick"", ""reasoning"": ""pick_workpiece_good_2"", ""parameters"": {""object_id"": ""workpiece_good_2""}}, {""step"": 2, ""agent"": ""AffordanceAgent"", ""skill"": ""place"", ""reasoning"": ""move_workpiece_good_2_to_tray_pocket_2"", ""parameters"": {""object_id"": ""workpiece_good_2"", ""target"": ""tray_pocket_2""}}], ""requires_approval"": false, ""ambiguity_notes"": """"}","{
    ""plan_id"": ""pick_defect_free_blue_cube"",
    ""confidence"": 1.0,
    ""subgoals"": [
        ""move_arm_to_workpiece_good_2"",
        ""pick_workpiece_good_2"",
        ""move_workpiece_good_2_to_tray_pocket_2""
    ],
    ""actions"": [
        {
            ""step"": 1,
            ""agent"": ""AffordanceAgent"",
            ""skill"": ""pick"",
            ""reasoning"": ""pick_workpiece_good_2"",
            ""parameters"": {""object_id"": ""workpiece_good_2""}
        },
        {
            ""step"": 2,
            ""agent"": ""AffordanceAgent"",
            ""skill"": ""place"",
            ""reasoning"": ""move_workpiece_good_2_to_tray_pocket_2"",
            ""parameters"": {""object_id"": ""workpiece_good_2"", ""target"": ""tray_pocket_2""}
        }
    ],
    ""requires_approval"": false,
    ""ambiguity_notes"": """"
}"
LG_TRIAL_00161,18,P18,Cat 2: Attribute-Grounded,Pick the defect-free blue cube and place it into tray pocket 2.,Direct_LLM,2026,0.7,8d83b97,2026-10-03T21:27:59.441036Z,True,False,True,True,0.6666666666666666,False,0.9,0.7,True,3200.79,"{""plan_id"": ""default_plan"", ""confidence"": 0.9, ""subgoals"": [""pick_defect_free_blue_cube"", ""place_in_tray_pocket_2""], ""actions"": [{""step"": 1, ""agent"": ""VisionAgent"", ""skill"": ""locate"", ""parameters"": {""object_id"": ""blue_cube"", ""target"": ""tray_pocket_2""}, ""reasoning"": ""Find defect-free blue cube""}, {""step"": 2, ""agent"": ""ControlAgent"", ""skill"": ""pick"", ""parameters"": {""object_id"": ""blue_cube"", ""target"": ""hand""}}, {""step"": 3, ""agent"": ""VisionAgent"", ""skill"": ""inspect"", ""parameters"": {""object_id"": ""blue_cube"", ""target"": ""hand""}}, {""step"": 4, ""agent"": ""ControlAgent"", ""skill"": ""place"", ""parameters"": {""object_id"": ""blue_cube"", ""target"": ""tray_pocket_2""}}], ""requires_approval"": false, ""ambiguity_notes"": """"}","{""plan_id"":""default_plan"",""confidence"":0.9,""subgoals"":[""pick_defect_free_blue_cube"",""place_in_tray_pocket_2""],""actions"":[{""step"":1,""agent"":""VisionAgent"",""skill"":""locate"",""parameters"":{""object_id"":""blue_cube"",""target"":""tray_pocket_2""},""reasoning"":""Find defect-free blue cube""},{""step"":2,""agent"":""ControlAgent"",""skill"":""pick"",""parameters"":{""object_id"":""blue_cube"",""target"":""hand""}},{""step"":3,""agent"":""VisionAgent"",""skill"":""inspect"",""parameters"":{""object_id"":""blue_cube"",""target"":""hand""}},{""step"":4,""agent"":""ControlAgent"",""skill"":""place"",""parameters"":{""object_id"":""blue_cube"",""target"":""tray_pocket_2""}}],""requires_approval"":false,""ambiguity_notes"":""""}"
LG_TRIAL_00162,18,P18,Cat 2: Attribute-Grounded,Pick the defect-free blue cube and place it into tray pocket 2.,SayCan,2026,0.7,8d83b97,2026-10-03T21:28:02.352540Z,True,False,True,True,0.6666666666666666,False,0.792,0.7,True,2911.36,"{""selected_primitive"": ""pick(blue_cube)"", ""score"": 0.792}","{
  ""pick(blue_bolt)"": 0.5,
  ""pick(blue_cube)"": 0.9,
  ""pick(red_cylinder)"": 0.1,
  ""pick(red_housing)"": 0.1,
  ""pick(grey_bracket)"": 0.1,
  ""place(assembly_tray)"": 0.2,
  ""place(scrap_bin)"": 0.5,
  ""place(tray_pocket_1)"": 0.8,
  ""place(tray_pocket_2)"": 0.9,
  ""inspect(red_cylinder)"": 0.2,
  ""sweep(conveyor)"": 0.4,
  ""done()"": 0.6
}"
LG_TRIAL_00163,19,P19,Cat 2: Attribute-Grounded,Identify the dented grey cylinder and transfer it to the rework station.,ARIA_Dialogue_Planning,42,0.7,8d83b97,2026-10-03T21:28:05.838893Z,True,True,True,True,1.0,False,1.0,0.7,True,3486.13,"{""plan_id"": ""ARIA-001"", ""confidence"": 1.0, ""subgoals"": [""identify_dented_grey_cylinder""], ""actions"": [{""step"": 1, ""agent"": ""AffordanceAgent"", ""skill"": ""pick"", ""reasoning"": ""Select the grey_bracket (assumed to be the dented grey cylinder)"", ""parameters"": {""object_id"": ""grey_bracket""}}, {""step"": 2, ""agent"": ""AffordanceAgent"", ""skill"": ""place"", ""reasoning"": ""Transfer the selected object to the rework station"", ""parameters"": {""object_id"": ""grey_bracket"", ""target"": ""rework_station""}}], ""requires_approval"": false, ""ambiguity_notes"": """"}","{ ""plan_id"": ""ARIA-001"", ""confidence"": 1.0, ""subgoals"": [ ""identify_dented_grey_cylinder"" ], ""actions"": [ { ""step"": 1, ""agent"": ""AffordanceAgent"", ""skill"": ""pick"", ""reasoning"": ""Select the grey_bracket (assumed to be the dented grey cylinder)"", ""parameters"": {""object_id"": ""grey_bracket""} }, { ""step"": 2, ""agent"": ""AffordanceAgent"", ""skill"": ""place"", ""reasoning"": ""Transfer the selected object to the rework station"", ""parameters"": {""object_id"": ""grey_bracket"", ""target"": ""rework_station""}} ], ""requires_approval"": false, ""ambiguity_notes"": """" }"
LG_TRIAL_00164,19,P19,Cat 2: Attribute-Grounded,Identify the dented grey cylinder and transfer it to the rework station.,Direct_LLM,42,0.7,8d83b97,2026-10-03T21:28:09.435219Z,True,False,True,True,0.6666666666666666,False,0.85,0.7,True,3596.16,"{""plan_id"": ""CylinderTransferPlan"", ""confidence"": 0.85, ""subgoals"": [""Identify dented grey cylinder"", ""Transfer to rework station""], ""actions"": [{""step"": 1, ""agent"": ""VisionAgent"", ""skill"": ""inspect"", ""parameters"": {""object_id"": ""GreyCylinder""}, ""reasoning"": ""Confirm the object is a dented grey cylinder""}, {""step"": 2, ""agent"": ""ControlAgent"", ""skill"": ""pick"", ""parameters"": {""object_id"": ""GreyCylinder"", ""target"": ""ReworkStation""}, ""reasoning"": ""Pick up the identified object and move to rework station""}], ""requires_approval"": false, ""ambiguity_notes"": """"}","{
  ""plan_id"": ""CylinderTransferPlan"",
  ""confidence"": 0.85,
  ""subgoals"": [""Identify dented grey cylinder"", ""Transfer to rework station""],
  ""actions"": [
    {
      ""step"": 1,
      ""agent"": ""VisionAgent"",
      ""skill"": ""inspect"",
      ""parameters"": {""object_id"": ""GreyCylinder""},
      ""reasoning"": ""Confirm the object is a dented grey cylinder""
    },
    {
      ""step"": 2,
      ""agent"": ""ControlAgent"",
      ""skill"": ""pick"",
      ""parameters"": {""object_id"": ""GreyCylinder"", ""target"": ""ReworkStation""},
      ""reasoning"": ""Pick up the identified object and move to rework station""
    }
  ],
  ""requires_approval"": false,
  ""ambiguity_notes"": """"
}"
LG_TRIAL_00165,19,P19,Cat 2: Attribute-Grounded,Identify the dented grey cylinder and transfer it to the rework station.,SayCan,42,0.7,8d83b97,2026-10-03T21:28:12.667969Z,True,False,False,True,0.3333333333333333,False,0.0,0.7,False,3232.59,"{""selected_primitive"": ""pick(blue_bolt)"", ""score"": 0.0}","{
  ""pick(blue_bolt)"": 0.0,
  ""pick(blue_cube)"": 0.0,
  ""pick(red_cylinder)"": 0.0,
  ""pick(red_housing)"": 0.0,
  ""pick(grey_bracket)"": 0.0,
  ""place(assembly_tray)"": 0.0,
  ""place(scrap_bin)"": 0.0,
  ""place(tray_pocket_1)"": 0.0,
  ""place(tray_pocket_2)"": 0.0,
  ""inspect(red_cylinder)"": 0.0,
  ""sweep(conveyor)"": 0.0,
  ""done()"": 0.0,
  ""pick(grey_cylinder)"": 1.0
}"
LG_TRIAL_00166,19,P19,Cat 2: Attribute-Grounded,Identify the dented grey cylinder and transfer it to the rework station.,ARIA_Dialogue_Planning,1337,0.7,8d83b97,2026-10-03T21:28:17.517466Z,True,True,True,True,1.0,False,0.95,0.7,True,4849.29,"{""plan_id"": ""identify_and_transfer_dented_cylinder"", ""confidence"": 0.95, ""subgoals"": [""identify_dented_grey_cylinder"", ""transfer_to_rework_station""], ""actions"": [{""step"": 1, ""agent"": ""AffordanceAgent"", ""skill"": ""inspect"", ""reasoning"": ""Identify the grey cylinder in the workcell based on its visual features."", ""parameters"": {""object_id"": ""grey_bracket"", ""target"": ""visual inspection""}}, {""step"": 2, ""agent"": ""AffordanceAgent"", ""skill"": ""pick"", ""reasoning"": ""Pick up the identified grey cylinder using a gripper."", ""parameters"": {""object_id"": ""grey_bracket"", ""target"": ""gripper""}}, {""step"": 3, ""agent"": ""AffordanceAgent"", ""skill"": ""place"", ""reasoning"": ""Transfer the picked-up grey bracket to the rework station."", ""parameters"": {""object_id"": ""grey_bracket"", ""target"": ""rework_station""}}], ""requires_approval"": false, ""ambiguity_notes"": """"}","{ ""plan_id"": ""identify_and_transfer_dented_cylinder"", ""confidence"": 0.95, ""subgoals"": [ ""identify_dented_grey_cylinder"", ""transfer_to_rework_station"" ], ""actions"": [ { ""step"": 1, ""agent"": ""AffordanceAgent"", ""skill"": ""inspect"", ""reasoning"": ""Identify the grey cylinder in the workcell based on its visual features."", ""parameters"": { ""object_id"": ""grey_bracket"", ""target"": ""visual inspection"" } }, { ""step"": 2, ""agent"": ""AffordanceAgent"", ""skill"": ""pick"", ""reasoning"": ""Pick up the identified grey cylinder using a gripper."", ""parameters"": { ""object_id"": ""grey_bracket"", ""target"": ""gripper"" } }, { ""step"": 3, ""agent"": ""AffordanceAgent"", ""skill"": ""place"", ""reasoning"": ""Transfer the picked-up grey bracket to the rework station."", ""parameters"": { ""object_id"": ""grey_bracket"", ""target"": ""rework_station"" } } ], ""requires_approval"": false, ""ambiguity_notes"": """" }"
LG_TRIAL_00167,19,P19,Cat 2: Attribute-Grounded,Identify the dented grey cylinder and transfer it to the rework station.,Direct_LLM,1337,0.7,8d83b97,2026-10-03T21:28:21.407271Z,True,False,True,True,0.6666666666666666,False,0.85,0.7,True,3889.6,"{""plan_id"": ""identify_and_transfer_dented_cylinder"", ""confidence"": 0.85, ""subgoals"": [""Identify dented grey cylinder"", ""Transfer to rework station""], ""actions"": [{""step"": 1, ""agent"": ""VisionAgent"", ""skill"": ""inspect"", ""parameters"": {""object_id"": ""dented-grey-cylinder""}, ""reasoning"": ""Locate the dented grey cylinder in the workspace""}, {""step"": 2, ""agent"": ""ControlAgent"", ""skill"": ""pick"", ""parameters"": {""object_id"": ""dented-grey-cylinder"", ""target"": ""rework_station""}, ""reasoning"": ""Pick up the dented grey cylinder and move it to the rework station""}], ""requires_approval"": false, ""ambiguity_notes"": """"}","{
  ""plan_id"": ""identify_and_transfer_dented_cylinder"",
  ""confidence"": 0.85,
  ""subgoals"": [""Identify dented grey cylinder"", ""Transfer to rework station""],
  ""actions"": [
    {
      ""step"": 1,
      ""agent"": ""VisionAgent"",
      ""skill"": ""inspect"",
      ""parameters"": {""object_id"": ""dented-grey-cylinder""},
      ""reasoning"": ""Locate the dented grey cylinder in the workspace""
    },
    {
      ""step"": 2,
      ""agent"": ""ControlAgent"",
      ""skill"": ""pick"",
      ""parameters"": {""object_id"": ""dented-grey-cylinder"", ""target"": ""rework_station""},
      ""reasoning"": ""Pick up the dented grey cylinder and move it to the rework station""
    }
  ],
  ""requires_approval"": false,
  ""ambiguity_notes"": """"
}"
LG_TRIAL_00168,19,P19,Cat 2: Attribute-Grounded,Identify the dented grey cylinder and transfer it to the rework station.,SayCan,1337,0.7,8d83b97,2026-10-03T21:28:24.325410Z,True,False,True,True,0.6666666666666666,False,0.328,0.7,True,2917.92,"{""selected_primitive"": ""inspect(red_cylinder)"", ""score"": 0.328}","{
  ""pick(blue_bolt)"": 0.0,
  ""pick(blue_cube)"": 0.0,
  ""pick(red_cylinder)"": 0.1,
  ""pick(red_housing)"": 0.0,
  ""pick(grey_bracket)"": 0.0,
  ""place(assembly_tray)"": 0.0,
  ""place(scrap_bin)"": 0.0,
  ""place(tray_pocket_1)"": 0.0,
  ""place(tray_pocket_2)"": 0.0,
  ""inspect(red_cylinder)"": 0.4,
  ""sweep(conveyor)"": 0.0,
  ""done()"": 0.5
}"
LG_TRIAL_00169,19,P19,Cat 2: Attribute-Grounded,Identify the dented grey cylinder and transfer it to the rework station.,ARIA_Dialogue_Planning,2026,0.7,8d83b97,2026-10-03T21:28:29.118400Z,True,True,True,True,1.0,False,1.0,0.7,True,4792.76,"{""plan_id"": ""grey_cylinder_rework"", ""confidence"": 1.0, ""subgoals"": [""Identify grey cylinder in workcell"", ""Transfer grey cylinder to rework station""], ""actions"": [{""step"": 1, ""agent"": ""AffordanceAgent"", ""skill"": ""locate"", ""reasoning"": ""Identify grey cylinder in workcell"", ""parameters"": {""object_id"": ""grey_bracket""}}, {""step"": 2, ""agent"": ""AffordanceAgent"", ""skill"": ""pick"", ""reasoning"": ""Pick up identified grey cylinder from workcell"", ""parameters"": {}}, {""step"": 3, ""agent"": ""AffordanceAgent"", ""skill"": ""place"", ""reasoning"": ""Place picked-up grey cylinder on rework station"", ""parameters"": {""object_id"": ""grey_bracket"", ""target"": ""rework_station""}}], ""requires_approval"": false, ""ambiguity_notes"": """"}","{

    ""plan_id"": ""grey_cylinder_rework"",
    ""confidence"": 1.00,
    ""subgoals"": [
        ""Identify grey cylinder in workcell"",
        ""Transfer grey cylinder to rework station""
    ],
    ""actions"": [
        {
            ""step"": 1,
            ""agent"": ""AffordanceAgent"",
            ""skill"": ""locate"",
            ""reasoning"": ""Identify grey cylinder in workcell"",
            ""parameters"": {""object_id"": ""grey_bracket""}
        },
        {
            ""step"": 2,
            ""agent"": ""AffordanceAgent"",
            ""skill"": ""pick"",
            ""reasoning"": ""Pick up identified grey cylinder from workcell"",
            ""parameters"": {}
        },
        {
            ""step"": 3,
            ""agent"": ""AffordanceAgent"",
            ""skill"": ""place"",
            ""reasoning"": ""Place picked-up grey cylinder on rework station"",
            ""parameters"": {""object_id"": ""grey_bracket"", ""target"": ""rework_station""}
        }
    ],
    ""requires_approval"": false,
    ""ambiguity_notes"": """"
}"
LG_TRIAL_00170,19,P19,Cat 2: Attribute-Grounded,Identify the dented grey cylinder and transfer it to the rework station.,Direct_LLM,2026,0.7,8d83b97,2026-10-03T21:28:31.887613Z,True,False,True,False,0.3333333333333333,False,0.8,0.7,False,2769.04,"{""plan_id"": ""Task_001"", ""confidence"": 0.8, ""subgoals"": [""Identify dented grey cylinder""], ""actions"": [{""step"": 1, ""agent"": ""VisionAgent"", ""skill"": ""inspect"", ""parameters"": {""object_id"": ""grey_cylinder"", ""target"": ""dented""}, ""reasoning"": ""Detect object characteristics""}, {""step"": 2, ""agent"": ""ControlAgent"", ""skill"": ""pick"", ""parameters"": {""object_id"": ""grey_cylinder""}, ""reasoning"": ""Retrieve identified object from current location""}, {""step"": 3, ""agent"": ""WorldModelAgent"", ""skill"": ""locate"", ""parameters"": {""object_id"": ""grey_cylinder"", ""target"": ""rework_station""}, ""reasoning"": ""Determine destination for reworked object""}], ""requires_approval"": false, ""ambiguity_notes"": """"}","{""plan_id"":""Task_001"",""confidence"":0.8,""subgoals"":[""Identify dented grey cylinder""],""actions"":[{""step"":1,""agent"":""VisionAgent"",""skill"":""inspect"",""parameters"":{""object_id"":""grey_cylinder"",""target"":""dented""},""reasoning"":""Detect object characteristics""},{""step"":2,""agent"":""ControlAgent"",""skill"":""pick"",""parameters"":{""object_id"":""grey_cylinder""},""reasoning"":""Retrieve identified object from current location""},{""step"":3,""agent"":""WorldModelAgent"",""skill"":""locate"",""parameters"":{""object_id"":""grey_cylinder"",""target"":""rework_station""},""reasoning"":""Determine destination for reworked object""}],""requires_approval"":false,""ambiguity_notes"":""""}"
LG_TRIAL_00171,19,P19,Cat 2: Attribute-Grounded,Identify the dented grey cylinder and transfer it to the rework station.,SayCan,2026,0.7,8d83b97,2026-10-03T21:28:34.786287Z,True,False,True,True,0.6666666666666666,False,0.043,0.7,True,2898.5,"{""selected_primitive"": ""pick(grey_bracket)"", ""score"": 0.043}","{
  ""pick(blue_bolt)"": 0.02,
  ""pick(blue_cube)"": 0.0,
  ""pick(red_cylinder)"": 0.04,
  ""pick(red_housing)"": 0.01,
  ""pick(grey_bracket)"": 0.05,
  ""place(assembly_tray)"": 0.1,
  ""place(scrap_bin)"": 0.03,
  ""place(tray_pocket_1)"": 0.02,
  ""place(tray_pocket_2)"": 0.01,
  ""inspect(red_cylinder)"": 0.05,
  ""sweep(conveyor)"": 0.04,
  ""done()"": 0.08
}"
LG_TRIAL_00172,20,P20,Cat 2: Attribute-Grounded,Sort the unblemished red block into the primary inspection tray.,ARIA_Dialogue_Planning,42,0.7,8d83b97,2026-10-03T21:28:39.519599Z,True,False,True,True,0.6666666666666666,False,1.0,0.7,True,4733.1,"{""plan_id"": ""sort_unblemished_red_block"", ""confidence"": 1.0, ""subgoals"": [""move_workpiece_good_2_to_inspection_tray""], ""actions"": [{""step"": 1, ""agent"": ""AffordanceAgent"", ""skill"": ""pick"", ""reasoning"": ""Pick up the unblemished red block."", ""parameters"": {""object_id"": ""workpiece_defect_1"", ""direction"": ""up""}}, {""step"": 2, ""agent"": ""AffordanceAgent"", ""skill"": ""place"", ""reasoning"": ""Place the picked-up workpiece into the primary inspection tray."", ""parameters"": {""object_id"": ""inspection_tray"", ""direction"": ""down""}}, {""step"": 3, ""agent"": ""AffordanceAgent"", ""skill"": ""pick"", ""reasoning"": ""Pick up the unblemished red block."", ""parameters"": {""object_id"": ""workpiece_good_2"", ""direction"": ""up""}}], ""requires_approval"": false, ""ambiguity_notes"": """"}","{ ""plan_id"": ""sort_unblemished_red_block"", ""confidence"": 1.00, ""subgoals"": [ ""move_workpiece_good_2_to_inspection_tray"" ], ""actions"": [ {""step"": 1, ""agent"": ""AffordanceAgent"", ""skill"": ""pick"", ""reasoning"": ""Pick up the unblemished red block."", ""parameters"": { ""object_id"": ""workpiece_defect_1"", ""direction"": ""up"" }}, {""step"": 2, ""agent"": ""AffordanceAgent"", ""skill"": ""place"", ""reasoning"": ""Place the picked-up workpiece into the primary inspection tray."", ""parameters"": { ""object_id"": ""inspection_tray"", ""direction"": ""down"" }}, {""step"": 3, ""agent"": ""AffordanceAgent"", ""skill"": ""pick"", ""reasoning"": ""Pick up the unblemished red block."", ""parameters"": { ""object_id"": ""workpiece_good_2"", ""direction"": ""up"" }} ], ""requires_approval"": false, ""ambiguity_notes"": """" }"
LG_TRIAL_00173,20,P20,Cat 2: Attribute-Grounded,Sort the unblemished red block into the primary inspection tray.,Direct_LLM,42,0.7,8d83b97,2026-10-03T21:28:44.528793Z,True,False,True,True,0.6666666666666666,False,0.95,0.7,True,5008.97,"{""plan_id"": ""SortRedBlockIntoPrimaryInspectionTray"", ""confidence"": 0.95, ""subgoals"": [""Sort unblemished red block""], ""actions"": [{""step"": 1, ""agent"": ""VisionAgent"", ""skill"": ""locate"", ""parameters"": {""object_id"": ""RedBlock"", ""target"": ""TrayPrimaryInspection""}, ""reasoning"": ""Identify the unblemished red block in the workspace""}, {""step"": 2, ""agent"": ""ControlAgent"", ""skill"": ""pick"", ""parameters"": {""object_id"": ""RedBlock"", ""target"": ""TrayPrimaryInspection""}, ""reasoning"": ""Pick up the unblemished red block and move it towards the primary inspection tray""}, {""step"": 3, ""agent"": ""ControlAgent"", ""skill"": ""place"", ""parameters"": {""object_id"": ""RedBlock"", ""target"": ""TrayPrimaryInspection""}, ""reasoning"": ""Place the unblemished red block into the primary inspection tray""}], ""requires_approval"": false, ""ambiguity_notes"": """"}","{
  ""plan_id"": ""SortRedBlockIntoPrimaryInspectionTray"",
  ""confidence"": 0.95,
  ""subgoals"": [""Sort unblemished red block""],
  ""actions"": [
    {
      ""step"": 1,
      ""agent"": ""VisionAgent"",
      ""skill"": ""locate"",
      ""parameters"": {""object_id"": ""RedBlock"", ""target"": ""TrayPrimaryInspection""},
      ""reasoning"": ""Identify the unblemished red block in the workspace""
    },
    {
      ""step"": 2,
      ""agent"": ""ControlAgent"",
      ""skill"": ""pick"",
      ""parameters"": {""object_id"": ""RedBlock"", ""target"": ""TrayPrimaryInspection""},
      ""reasoning"": ""Pick up the unblemished red block and move it towards the primary inspection tray""
    },
    {
      ""step"": 3,
      ""agent"": ""ControlAgent"",
      ""skill"": ""place"",
      ""parameters"": {""object_id"": ""RedBlock"", ""target"": ""TrayPrimaryInspection""},
      ""reasoning"": ""Place the unblemished red block into the primary inspection tray""
    }
  ],
  ""requires_approval"": false,
  ""ambiguity_notes"": """"
}"
LG_TRIAL_00174,20,P20,Cat 2: Attribute-Grounded,Sort the unblemished red block into the primary inspection tray.,SayCan,42,0.7,8d83b97,2026-10-03T21:28:47.496059Z,True,False,True,True,0.6666666666666666,False,0.44,0.7,True,2967.08,"{""selected_primitive"": ""pick(red_cylinder)"", ""score"": 0.44}","{
  ""pick(blue_bolt)"": 0.0,
  ""pick(blue_cube)"": 0.0,
  ""pick(red_cylinder)"": 0.5,
  ""pick(red_housing)"": 0.0,
  ""pick(grey_bracket)"": 0.0,
  ""place(assembly_tray)"": 0.0,
  ""place(scrap_bin)"": 0.0,
  ""place(tray_pocket_1)"": 0.0,
  ""place(tray_pocket_2)"": 0.0,
  ""inspect(red_cylinder)"": 0.5,
  ""sweep(conveyor)"": 0.0,
  ""done()"": 0.0
}"
LG_TRIAL_00175,20,P20,Cat 2: Attribute-Grounded,Sort the unblemished red block into the primary inspection tray.,ARIA_Dialogue_Planning,1337,0.7,8d83b97,2026-10-03T21:28:52.065140Z,True,False,True,True,0.6666666666666666,False,1.0,0.7,True,4568.92,"{""plan_id"": ""sort_unblemished_red_block"", ""confidence"": 1.0, ""subgoals"": [""move_workpiece_good_2_to_primary_inspection_tray""], ""actions"": [{""step"": 1, ""agent"": ""AffordanceAgent"", ""skill"": ""pick"", ""reasoning"": ""Pick up workpiece_good_2 (blue cube) using gripper"", ""parameters"": {}}, {""step"": 2, ""agent"": ""AffordanceAgent"", ""skill"": ""place"", ""reasoning"": ""Place workpiece_good_2 into the primary inspection tray"", ""parameters"": {""object_id"": ""workpiece_good_2"", ""target"": ""primary_inspection_tray""}}, {""step"": 3, ""agent"": ""AffordanceAgent"", ""skill"": ""stack"", ""reasoning"": ""Stach workpiece_good_2 in the primary inspection tray"", ""parameters"": {""object_id"": ""workpiece_good_2""}}], ""requires_approval"": false, ""ambiguity_notes"": """"}","{ ""plan_id"": ""sort_unblemished_red_block"", ""confidence"": 1.0, ""subgoals"": [ ""move_workpiece_good_2_to_primary_inspection_tray"" ], ""actions"": [ { ""step"": 1, ""agent"": ""AffordanceAgent"", ""skill"": ""pick"", ""reasoning"": ""Pick up workpiece_good_2 (blue cube) using gripper"", ""parameters"": {} }, { ""step"": 2, ""agent"": ""AffordanceAgent"", ""skill"": ""place"", ""reasoning"": ""Place workpiece_good_2 into the primary inspection tray"", ""parameters"": {""object_id"": ""workpiece_good_2"", ""target"": ""primary_inspection_tray""} }, { ""step"": 3, ""agent"": ""AffordanceAgent"", ""skill"": ""stack"", ""reasoning"": ""Stach workpiece_good_2 in the primary inspection tray"", ""parameters"": {""object_id"": ""workpiece_good_2""}} ], ""requires_approval"": false, ""ambiguity_notes"": """"}"
LG_TRIAL_00176,20,P20,Cat 2: Attribute-Grounded,Sort the unblemished red block into the primary inspection tray.,Direct_LLM,1337,0.7,8d83b97,2026-10-03T21:28:56.046596Z,True,False,True,True,0.6666666666666666,False,0.95,0.7,True,3981.29,"{""plan_id"": ""red_block_sorting"", ""confidence"": 0.95, ""subgoals"": [""Sort unblemished red block""], ""actions"": [{""step"": 1, ""agent"": ""ControlAgent"", ""skill"": ""pick"", ""parameters"": {""object_id"": ""red_block_123"", ""target"": ""primary_inspection_tray""}, ""reasoning"": ""Picking the unblemished red block from its current location""}, {""step"": 2, ""agent"": ""ControlAgent"", ""skill"": ""place"", ""parameters"": {""object_id"": ""red_block_123"", ""target"": ""primary_inspection_tray""}, ""reasoning"": ""Placing the red block into the primary inspection tray""}], ""requires_approval"": false, ""ambiguity_notes"": """"}","{
  ""plan_id"": ""red_block_sorting"",
  ""confidence"": 0.95,
  ""subgoals"": [""Sort unblemished red block""],
  ""actions"": [
    {
      ""step"": 1,
      ""agent"": ""ControlAgent"",
      ""skill"": ""pick"",
      ""parameters"": {""object_id"": ""red_block_123"", ""target"": ""primary_inspection_tray""},
      ""reasoning"": ""Picking the unblemished red block from its current location""
    },
    {
      ""step"": 2,
      ""agent"": ""ControlAgent"",
      ""skill"": ""place"",
      ""parameters"": {""object_id"": ""red_block_123"", ""target"": ""primary_inspection_tray""},
      ""reasoning"": ""Placing the red block into the primary inspection tray""
    }
  ],
  ""requires_approval"": false,
  ""ambiguity_notes"": """"
}"
LG_TRIAL_00177,20,P20,Cat 2: Attribute-Grounded,Sort the unblemished red block into the primary inspection tray.,SayCan,1337,0.7,8d83b97,2026-10-03T21:28:59.000556Z,True,False,True,True,0.6666666666666666,False,0.328,0.7,True,2950.89,"{""selected_primitive"": ""inspect(red_cylinder)"", ""score"": 0.328}","{
  ""pick(blue_bolt)"": 0.0,
  ""pick(blue_cube)"": 0.0,
  ""pick(red_cylinder)"": 0.1,
  ""pick(red_housing)"": 0.0,
  ""pick(grey_bracket)"": 0.0,
  ""place(assembly_tray)"": 0.0,
  ""place(scrap_bin)"": 0.0,
  ""place(tray_pocket_1)"": 0.0,
  ""place(tray_pocket_2)"": 0.0,
  ""inspect(red_cylinder)"": 0.4,
  ""sweep(conveyor)"": 0.0,
  ""done()"": 0.5
}"
LG_TRIAL_00178,20,P20,Cat 2: Attribute-Grounded,Sort the unblemished red block into the primary inspection tray.,ARIA_Dialogue_Planning,2026,0.7,8d83b97,2026-10-03T21:29:04.806430Z,False,False,True,True,0.6666666666666666,True,0.5,0.7,False,5805.7,{},"{

    ""plan_id"": ""sort_unblemished_red_block"",
    ""confidence"": 1.0,
    ""subgoals"": [
        ""move_workpiece_defect_2_to_trash"", ""><!-- move workpiece_defect_2 to trash (cracked red housing) is not required for this instruction, but it's a necessary step to ensure the correct object is moved next. However, we'll leave it out as per rule 1. If you want to include it in the plan, set confidence < 0.7 and add ambiguity notes.--></"" ],
        ""actions"": [
            {
                ""step"": 1,
                ""agent"": ""AffordanceAgent"",
                ""skill"": ""pick"",
                ""reasoning"": ""The instruction requires picking up workpiece_defect_2 (cracked red housing), which is not the correct object."",
                ""parameters"": {}
            },
            {
                ""step"": 2,
                ""agent"": ""AffordanceAgent"",
                ""skill"": ""place"",
                ""reasoning"": ""Move workpiece_good_1 to primary inspection tray."",
                ""parameters"": {}
            }
        ],
        ""requires_approval"": true
    ,""ambiguity_notes"": ""The instruction is ambiguous because it refers to 'the unblemished red block'. There are two red blocks detected in the world state: workpiece_defect_2 (cracked) and grey_bracket"
LG_TRIAL_00179,20,P20,Cat 2: Attribute-Grounded,Sort the unblemished red block into the primary inspection tray.,Direct_LLM,2026,0.7,8d83b97,2026-10-03T21:29:09.518264Z,True,False,True,True,0.6666666666666666,False,0.95,0.7,True,4711.66,"{""plan_id"": ""sort_red_block_001"", ""confidence"": 0.95, ""subgoals"": [""Sort unblemished red block""], ""actions"": [{""step"": 1, ""agent"": ""VisionAgent"", ""skill"": ""locate"", ""parameters"": {""object_id"": ""red_block_001"", ""target"": ""primary_inspection_tray""}, ""reasoning"": ""Identify red block on tray""}, {""step"": 2, ""agent"": ""ControlAgent"", ""skill"": ""pick"", ""parameters"": {""object_id"": ""red_block_001"", ""target"": ""primary_inspection_tray""}, ""reasoning"": ""Grasp unblemished red block""}, {""step"": 3, ""agent"": ""ControlAgent"", ""skill"": ""place"", ""parameters"": {""object_id"": ""red_block_001"", ""target"": ""primary_inspection_tray""}, ""reasoning"": ""Place red block in primary inspection tray""}], ""requires_approval"": false, ""ambiguity_notes"": """"}","{  
  ""plan_id"": ""sort_red_block_001"",
  ""confidence"": 0.95,
  ""subgoals"": [
    ""Sort unblemished red block""
  ],
  ""actions"": [
    {
      ""step"": 1,
      ""agent"": ""VisionAgent"",
      ""skill"": ""locate"",
      ""parameters"": {""object_id"": ""red_block_001"", ""target"": ""primary_inspection_tray""},
      ""reasoning"": ""Identify red block on tray""
    },
    {
      ""step"": 2,
      ""agent"": ""ControlAgent"",
      ""skill"": ""pick"",
      ""parameters"": {""object_id"": ""red_block_001"", ""target"": ""primary_inspection_tray""},
      ""reasoning"": ""Grasp unblemished red block""
    },
    {
      ""step"": 3,
      ""agent"": ""ControlAgent"",
      ""skill"": ""place"",
      ""parameters"": {""object_id"": ""red_block_001"", ""target"": ""primary_inspection_tray""},
      ""reasoning"": ""Place red block in primary inspection tray""
    }
  ],
  ""requires_approval"": false,
  ""ambiguity_notes"": """"
}"
LG_TRIAL_00180,20,P20,Cat 2: Attribute-Grounded,Sort the unblemished red block into the primary inspection tray.,SayCan,2026,0.7,8d83b97,2026-10-03T21:29:12.439227Z,True,False,True,True,0.6666666666666666,False,0.41,0.7,True,2920.75,"{""selected_primitive"": ""inspect(red_cylinder)"", ""score"": 0.41}","{
  ""pick(blue_bolt)"": 0.05,
  ""pick(blue_cube)"": 0.00,
  ""pick(red_cylinder)"": 0.35,
  ""pick(red_housing)"": 0.10,
  ""pick(grey_bracket)"": 0.00,
  ""place(assembly_tray)"": 0.15,
  ""place(scrap_bin)"": 0.05,
  ""place(tray_pocket_1)"": 0.20,
  ""place(tray_pocket_2)"": 0.10,
  ""inspect(red_cylinder)"": 0.50,
  ""sweep(conveyor)"": 0.00,
  ""done()"": 0.00
}"
LG_TRIAL_00181,21,P21,Cat 3: Spatial-Relational,Move the grey block located to the left of the pallet into the scrap bin.,ARIA_Dialogue_Planning,42,0.7,8d83b97,2026-10-03T21:29:16.067696Z,True,True,True,True,1.0,False,1.0,0.7,True,3628.2,"{""plan_id"": ""move-grey-bracket-to-scrap-bin"", ""confidence"": 1.0, ""subgoals"": [""locate-greay-bracket"", ""pickup-grey-bracket"", ""drop-grey-bracket-in-scrap-bin""], ""actions"": [{""step"": 1, ""agent"": ""AffordanceAgent"", ""skill"": ""pick"", ""reasoning"": ""ReasoningAgent"", ""parameters"": {""object_id"": ""grey_bracket""}}, {""step"": 2, ""agent"": ""AffordanceAgent"", ""skill"": ""place"", ""reasoning"": ""ReasoningAgent"", ""parameters"": {""object_id"": ""grey_bracket"", ""target"": ""scrap_bin""}}], ""requires_approval"": false, ""ambiguity_notes"": """"}","{ ""plan_id"": ""move-grey-bracket-to-scrap-bin"", ""confidence"": 1.00, ""subgoals"": [ ""locate-greay-bracket"", ""pickup-grey-bracket"", ""drop-grey-bracket-in-scrap-bin"" ] , ""actions"": [ { ""step"": 1, ""agent"": ""AffordanceAgent"", ""skill"": ""pick"", ""reasoning"": ""ReasoningAgent"", ""parameters"": {""object_id"": ""grey_bracket""} }, { ""step"": 2, ""agent"": ""AffordanceAgent"", ""skill"": ""place"", ""reasoning"": ""ReasoningAgent"", ""parameters"": {""object_id"": ""grey_bracket"", ""target"": ""scrap_bin""} } ], ""requires_approval"": false, ""ambiguity_notes"": """"}"
LG_TRIAL_00182,21,P21,Cat 3: Spatial-Relational,Move the grey block located to the left of the pallet into the scrap bin.,Direct_LLM,42,0.7,8d83b97,2026-10-03T21:29:20.407294Z,False,False,True,True,0.6666666666666666,False,0.95,0.7,False,4339.43,"{""plan_id"": ""MoveGreyBlockToScrapBin"", ""confidence"": 0.95, ""subgoals"": [""Move grey block to scrap bin""], ""actions"": [{""step"": 1, ""agent"": ""ControlAgent"", ""skill"": ""move"", ""parameters"": {""object_id"": ""grey_block"", ""target"": ""scrap_bin""}, ""reasoning"": ""Identified object and destination""}, {""step"": 2, ""agent"": ""ControlAgent"", ""skill"": ""place"", ""parameters"": {""object_id"": ""grey_block"", ""target"": ""scrap_bin""}, ""reasoning"": ""Placed grey block in scrap bin""}], ""requires_approval"": false, ""ambiguity_notes"": """"}","{
  ""plan_id"": ""MoveGreyBlockToScrapBin"",
  ""confidence"": 0.95,
  ""subgoals"": [""Move grey block to scrap bin""],
  ""actions"": [
    {
      ""step"": 1,
      ""agent"": ""ControlAgent"",
      ""skill"": ""move"",
      ""parameters"": {""object_id"": ""grey_block"", ""target"": ""scrap_bin""},
      ""reasoning"": ""Identified object and destination""
    },
    {
      ""step"": 2,
      ""agent"": ""ControlAgent"",
      ""skill"": ""place"",
      ""parameters"": {""object_id"": ""grey_block"", ""target"": ""scrap_bin""},
      ""reasoning"": ""Placed grey block in scrap bin""
    }
  ],
  ""requires_approval"": false,
  ""ambiguity_notes"": """"
}"
LG_TRIAL_00183,21,P21,Cat 3: Spatial-Relational,Move the grey block located to the left of the pallet into the scrap bin.,SayCan,42,0.7,8d83b97,2026-10-03T21:29:23.482970Z,True,False,True,True,0.6666666666666666,False,0.17,0.7,True,3075.5,"{""selected_primitive"": ""pick(grey_bracket)"", ""score"": 0.17}","{
  ""pick(blue_bolt)"": 0.0,
  ""pick(blue_cube)"": 0.0,
  ""pick(red_cylinder)"": 0.0,
  ""pick(red_housing)"": 0.0,
  ""pick(grey_bracket)"": 0.2, 
  ""place(assembly_tray)"": 0.0,
  ""place(scrap_bin)"": 0.8,
  ""place(tray_pocket_1)"": 0.0,
  ""place(tray_pocket_2)"": 0.0,
  ""inspect(red_cylinder)"": 0.0,
  ""sweep(conveyor)"": 0.0,
  ""done()"": 0.0
}"
LG_TRIAL_00184,21,P21,Cat 3: Spatial-Relational,Move the grey block located to the left of the pallet into the scrap bin.,ARIA_Dialogue_Planning,1337,0.7,8d83b97,2026-10-03T21:29:28.448590Z,True,False,True,True,0.6666666666666666,False,1.0,0.7,True,4965.43,"{""plan_id"": ""move-grey-bracket-to-scrap-bin"", ""confidence"": 1.0, ""subgoals"": [""locate-grey-bracket"", ""pick-up-grey-bracket"", ""place-grey-bracket-in-scrap-bin""], ""actions"": [{""step"": 1, ""agent"": ""AffordanceAgent"", ""skill"": ""pick"", ""reasoning"": ""The grey bracket is located to the left of the pallet. I will pick it up."", ""parameters"": {""object_id"": ""grey_bracket""}}, {""step"": 2, ""agent"": ""AffordanceAgent"", ""skill"": ""place"", ""reasoning"": ""The scrap bin is the designated destination for the grey bracket. I will place it there."", ""parameters"": {""object_id"": ""grey_bracket"", ""target"": ""scrap_bin""}}, {""step"": 3, ""agent"": ""AffordanceAgent"", ""skill"": ""locate"", ""reasoning"": ""I need to move to the left of the pallet to pick up the grey bracket."", ""parameters"": {}}], ""requires_approval"": false, ""ambiguity_notes"": """"}","{ ""plan_id"": ""move-grey-bracket-to-scrap-bin"", ""confidence"": 1.00, ""subgoals"": [ ""locate-grey-bracket"", ""pick-up-grey-bracket"", ""place-grey-bracket-in-scrap-bin"" ], ""actions"": [ {""step"": 1, ""agent"": ""AffordanceAgent"", ""skill"": ""pick"", ""reasoning"": ""The grey bracket is located to the left of the pallet. I will pick it up."", ""parameters"": { ""object_id"": ""grey_bracket"" }}, {""step"": 2, ""agent"": ""AffordanceAgent"", ""skill"": ""place"", ""reasoning"": ""The scrap bin is the designated destination for the grey bracket. I will place it there."", ""parameters"": { ""object_id"": ""grey_bracket"", ""target"": ""scrap_bin"" }}, {""step"": 3, ""agent"": ""AffordanceAgent"", ""skill"": ""locate"", ""reasoning"": ""I need to move to the left of the pallet to pick up the grey bracket."", ""parameters"": { }} ] , ""requires_approval"": false, ""ambiguity_notes"": """" }"
LG_TRIAL_00185,21,P21,Cat 3: Spatial-Relational,Move the grey block located to the left of the pallet into the scrap bin.,Direct_LLM,1337,0.7,8d83b97,2026-10-03T21:29:32.641709Z,True,False,True,False,0.3333333333333333,False,0.9,0.7,False,4192.89,"{""plan_id"": ""block_to_scrap"", ""confidence"": 0.9, ""subgoals"": [""Move grey block to scrap bin""], ""actions"": [{""step"": 1, ""agent"": ""ControlAgent"", ""skill"": ""pick"", ""parameters"": {""object_id"": ""grey_block"", ""target"": ""pallet_left""}, ""reasoning"": ""Grey block is located on the left of the pallet""}, {""step"": 2, ""agent"": ""ControlAgent"", ""skill"": ""place"", ""parameters"": {""object_id"": ""grey_block"", ""target"": ""scrap_bin""}, ""reasoning"": ""Move grey block to scrap bin for disposal""}], ""requires_approval"": false, ""ambiguity_notes"": """"}","{
  ""plan_id"": ""block_to_scrap"",
  ""confidence"": 0.9,
  ""subgoals"": [""Move grey block to scrap bin""],
  ""actions"": [
    {
      ""step"": 1,
      ""agent"": ""ControlAgent"",
      ""skill"": ""pick"",
      ""parameters"": {""object_id"": ""grey_block"", ""target"": ""pallet_left""},
      ""reasoning"": ""Grey block is located on the left of the pallet""
    },
    {
      ""step"": 2,
      ""agent"": ""ControlAgent"",
      ""skill"": ""place"",
      ""parameters"": {""object_id"": ""grey_block"", ""target"": ""scrap_bin""},
      ""reasoning"": ""Move grey block to scrap bin for disposal""
    }
  ],
  ""requires_approval"": false,
  ""ambiguity_notes"": """"
}"
LG_TRIAL_00186,21,P21,Cat 3: Spatial-Relational,Move the grey block located to the left of the pallet into the scrap bin.,SayCan,1337,0.7,8d83b97,2026-10-03T21:29:36.116732Z,True,False,True,True,0.6666666666666666,False,0.085,0.7,True,3474.79,"{""selected_primitive"": ""pick(grey_bracket)"", ""score"": 0.085}","{
  ""pick(blue_bolt)"": 0.0,
  ""pick(blue_cube)"": 0.0,
  ""pick(red_cylinder)"": 0.0,
  ""pick(red_housing)"": 0.0,
  ""pick(grey_bracket)"": 0.1, 
  ""place(assembly_tray)"": 0.0,
  ""place(scrap_bin)"": 0.9,
  ""place(tray_pocket_1)"": 0.0,
  ""place(tray_pocket_2)"": 0.0,
  ""inspect(red_cylinder)"": 0.0,
  ""sweep(conveyor)"": 0.0,
  ""done()"": 0.0
}"
LG_TRIAL_00187,21,P21,Cat 3: Spatial-Relational,Move the grey block located to the left of the pallet into the scrap bin.,ARIA_Dialogue_Planning,2026,0.7,8d83b97,2026-10-03T21:29:41.389633Z,True,False,True,True,0.6666666666666666,False,1.0,0.7,True,5272.65,"{""plan_id"": ""MoveGreyBlockToScrapBin"", ""confidence"": 1.0, ""subgoals"": [""Identify grey_bracket as the target object""], ""actions"": [{""step"": 1, ""agent"": ""AffordanceAgent"", ""skill"": ""pick"", ""reasoning"": ""Select the grey_bracket from its current location in the workcell."", ""parameters"": {""object_id"": ""grey_bracket""}}, {""step"": 2, ""agent"": ""AffordanceAgent"", ""skill"": ""place"", ""reasoning"": ""Move the grey_bracket to the scrap bin, ensuring it is properly aligned and deposited."", ""parameters"": {""object_id"": ""grey_bracket"", ""target"": ""scrap_bin""}}, {""step"": 3, ""agent"": ""AffordanceAgent"", ""skill"": ""sweep"", ""reasoning"": ""Perform a gentle sweep motion with the manipulator to ensure the grey_bracket is securely placed in the scrap bin."", ""parameters"": {}}], ""requires_approval"": false, ""ambiguity_notes"": """"}","{
    ""plan_id"": ""MoveGreyBlockToScrapBin"",
    ""confidence"": 1.00,
    ""subgoals"": [
        ""Identify grey_bracket as the target object""
    ],
    ""actions"": [
        {
            ""step"": 1,
            ""agent"": ""AffordanceAgent"",
            ""skill"": ""pick"",
            ""reasoning"": ""Select the grey_bracket from its current location in the workcell."",
            ""parameters"": {
                ""object_id"": ""grey_bracket""
            }
        },
        {
            ""step"": 2,
            ""agent"": ""AffordanceAgent"",
            ""skill"": ""place"",
            ""reasoning"": ""Move the grey_bracket to the scrap bin, ensuring it is properly aligned and deposited."",
            ""parameters"": {
                ""object_id"": ""grey_bracket"",
                ""target"": ""scrap_bin""
            }
        },
        {
            ""step"": 3,
            ""agent"": ""AffordanceAgent"",
            ""skill"": ""sweep"",
            ""reasoning"": ""Perform a gentle sweep motion with the manipulator to ensure the grey_bracket is securely placed in the scrap bin."",
            ""parameters"": {}
        }
    ],
    ""requires_approval"": false
  ,
    ""ambiguity_notes"": """"
}"
LG_TRIAL_00188,21,P21,Cat 3: Spatial-Relational,Move the grey block located to the left of the pallet into the scrap bin.,Direct_LLM,2026,0.7,8d83b97,2026-10-03T21:29:44.096240Z,True,False,True,True,0.6666666666666666,False,0.8,0.7,True,2706.38,"{""plan_id"": ""move-grey-block-to-scrap-bin"", ""confidence"": 0.8, ""subgoals"": [""Move grey block to scrap bin""], ""actions"": [{""step"": 1, ""agent"": ""ControlAgent"", ""skill"": ""pick"", ""parameters"": {""object_id"": ""grey_block_left_pallet"", ""target"": ""scrap_bin""}, ""reasoning"": ""Move grey block to scrap bin using pick skill""}], ""requires_approval"": false, ""ambiguity_notes"": null}","{  
  ""plan_id"": ""move-grey-block-to-scrap-bin"",
  ""confidence"": 0.8,
  ""subgoals"": [
    ""Move grey block to scrap bin""
  ],
  ""actions"": [
    {
      ""step"": 1,
      ""agent"": ""ControlAgent"",
      ""skill"": ""pick"",
      ""parameters"": {
        ""object_id"": ""grey_block_left_pallet"",
        ""target"": ""scrap_bin""
      },
      ""reasoning"": ""Move grey block to scrap bin using pick skill""
    }
  ],
  ""requires_approval"": false,
  ""ambiguity_notes"": null
}"
LG_TRIAL_00189,21,P21,Cat 3: Spatial-Relational,Move the grey block located to the left of the pallet into the scrap bin.,SayCan,2026,0.7,8d83b97,2026-10-03T21:29:47.055536Z,True,False,False,True,0.3333333333333333,False,0.083,0.7,False,2959.12,"{""selected_primitive"": ""sweep(conveyor)"", ""score"": 0.083}","{
  ""pick(blue_bolt)"": 0.01,
  ""pick(blue_cube)"": 0.02,
  ""pick(red_cylinder)"": 0.03,
  ""pick(red_housing)"": 0.04,
  ""pick(grey_bracket)"": 0.05, 
  ""place(assembly_tray)"": 0.06,
  ""place(scrap_bin)"": 0.7, 
  ""place(tray_pocket_1)"": 0.08,
  ""place(tray_pocket_2)"": 0.09,
  ""inspect(red_cylinder)"": 0.1,
  ""sweep(conveyor)"": 0.11,
  ""done()"": 0.12
}"
LG_TRIAL_00190,22,P22,Cat 3: Spatial-Relational,Pick the blue cylinder positioned behind the red cube and place it in pocket 1.,ARIA_Dialogue_Planning,42,0.7,8d83b97,2026-10-03T21:29:51.965976Z,True,False,True,True,0.6666666666666666,False,1.0,0.7,True,4910.2,"{""plan_id"": ""pick_blue_cylinder"", ""confidence"": 1.0, ""subgoals"": [""locate_workpiece""], ""actions"": [{""step"": 1, ""agent"": ""AffordanceAgent"", ""skill"": ""pick"", ""reasoning"": ""Identify the blue cylinder workpiece and its position in relation to other objects."", ""parameters"": {""object_id"": ""workpiece_good_2""}}, {""step"": 2, ""agent"": ""AffordanceAgent"", ""skill"": ""place"", ""reasoning"": ""Determine the location of pocket 1 and plan a path for placing the blue cylinder inside it."", ""parameters"": {""object_id"": ""pocket_1"", ""target"": ""workpiece_good_2""}}, {""step"": 3, ""agent"": ""AffordanceAgent"", ""skill"": ""pick"", ""reasoning"": ""Retrieve the grey bracket and place it in pocket 2 as a placeholder for workpiece_defect_1."", ""parameters"": {""object_id"": ""grey_bracket""}}], ""requires_approval"": false, ""ambiguity_notes"": """"}","{ ""plan_id"": ""pick_blue_cylinder"", ""confidence"": 1.00, ""subgoals"": [ ""locate_workpiece"" ] , ""actions"": [ {""step"": 1, ""agent"": ""AffordanceAgent"", ""skill"": ""pick"", ""reasoning"": ""Identify the blue cylinder workpiece and its position in relation to other objects."", ""parameters"": { ""object_id"": ""workpiece_good_2"" } }, {""step"": 2, ""agent"": ""AffordanceAgent"", ""skill"": ""place"", ""reasoning"": ""Determine the location of pocket 1 and plan a path for placing the blue cylinder inside it."", ""parameters"": { ""object_id"": ""pocket_1"", ""target"": ""workpiece_good_2"" } }, {""step"": 3, ""agent"": ""AffordanceAgent"", ""skill"": ""pick"", ""reasoning"": ""Retrieve the grey bracket and place it in pocket 2 as a placeholder for workpiece_defect_1."", ""parameters"": { ""object_id"": ""grey_bracket"" } } ] , ""requires_approval"": false, ""ambiguity_notes"": """" }"
LG_TRIAL_00191,22,P22,Cat 3: Spatial-Relational,Pick the blue cylinder positioned behind the red cube and place it in pocket 1.,Direct_LLM,42,0.7,8d83b97,2026-10-03T21:29:58.736124Z,False,False,True,True,0.6666666666666666,False,0.7,0.7,False,6769.99,{},"{
  ""plan_id"": ""string"",
  ""confidence"": 0.9,
  ""subgoals"": [""Pick blue cylinder"", ""Place in pocket 1""],
  ""actions"": [
    {
      ""step"": 1,
      ""agent"": ""VisionAgent"",
      ""skill"": ""locate"",
      ""parameters"": {""object_id"": ""blue_cylinder""},
      ""reasoning"": ""Identify target object""
    },
    {
      ""step"": 2,
      ""agent"": ""ControlAgent"",
      ""skill"": ""pick"",
      ""parameters"": {""object_id"": ""blue_cylinder"", ""target"": ""holding_gripper""},
      ""reasoning"": ""Grasp blue cylinder""
    },
    {
      ""step"": 3,
      ""agent"": ""VisionAgent"",
      ""skill"": ""locate"",
      ""parameters"": {""object_id"": ""red_cube""},
      ""reasoning"": ""Identify obstacle (red cube)""
    },
    {
      ""step"": 4,
      ""agent"": ""ControlAgent"",
      ""skill"": ""push"",
      ""parameters"": {""object_id"": ""red_cube"", ""target"": ""away_from_gripper""},
      ""reasoning"": ""Clear red cube from path""
    },
    {
      ""step"": 5,
      ""agent"": ""ControlAgent"",
      ""skill"": ""place"",
      ""parameters"": {""object_id"": ""blue_cylinder"", ""target"": ""p"
LG_TRIAL_00192,22,P22,Cat 3: Spatial-Relational,Pick the blue cylinder positioned behind the red cube and place it in pocket 1.,SayCan,42,0.7,8d83b97,2026-10-03T21:30:01.684140Z,True,False,True,True,0.6666666666666666,False,0.704,0.7,True,2947.79,"{""selected_primitive"": ""pick(red_cylinder)"", ""score"": 0.704}","{
  ""pick(blue_bolt)"": 0.05,
  ""pick(blue_cube)"": 0.3,
  ""pick(red_cylinder)"": 0.8,
  ""pick(red_housing)"": 0.1,
  ""pick(grey_bracket)"": 0.05,
  ""place(assembly_tray)"": 0.2,
  ""place(scrap_bin)"": 0.1,
  ""place(tray_pocket_1)"": 0.9,
  ""place(tray_pocket_2)"": 0.2,
  ""inspect(red_cylinder)"": 0.1,
  ""sweep(conveyor)"": 0.05,
  ""done()"": 0
}"
LG_TRIAL_00193,22,P22,Cat 3: Spatial-Relational,Pick the blue cylinder positioned behind the red cube and place it in pocket 1.,ARIA_Dialogue_Planning,1337,0.7,8d83b97,2026-10-03T21:30:06.421476Z,True,False,True,True,0.6666666666666666,False,1.0,0.7,True,4737.13,"{""plan_id"": ""pick_blue_cylinder"", ""confidence"": 1.0, ""subgoals"": [""pick_workpiece_good_2""], ""actions"": [{""step"": 1, ""agent"": ""AffordanceAgent"", ""skill"": ""pick"", ""reasoning"": ""Identify blue cylinder positioned behind red cube as workpiece_good_1 and determine it can be picked."", ""parameters"": {""object_id"": ""workpiece_good_1""}}, {""step"": 2, ""agent"": ""AffordanceAgent"", ""skill"": ""place"", ""reasoning"": ""Determine pocket 1 is a valid destination and place workpiece_good_1 in it."", ""parameters"": {""object_id"": ""workpiece_good_1"", ""target"": ""pocket 1""}}, {""step"": 3, ""agent"": ""AffordanceAgent"", ""skill"": ""sweep"", ""reasoning"": ""Sweep the workcell to remove any obstacles and ensure clear path for the next task.""}], ""requires_approval"": false, ""ambiguity_notes"": """"}","{ ""plan_id"": ""pick_blue_cylinder"", ""confidence"": 1.00, ""subgoals"": [ ""pick_workpiece_good_2"" ] , ""actions"": [ { ""step"": 1, ""agent"": ""AffordanceAgent"", ""skill"": ""pick"", ""reasoning"": ""Identify blue cylinder positioned behind red cube as workpiece_good_1 and determine it can be picked."", ""parameters"": { ""object_id"": ""workpiece_good_1"" } }, { ""step"": 2, ""agent"": ""AffordanceAgent"", ""skill"": ""place"", ""reasoning"": ""Determine pocket 1 is a valid destination and place workpiece_good_1 in it."", ""parameters"": { ""object_id"": ""workpiece_good_1"", ""target"": ""pocket 1"" } }, { ""step"": 3, ""agent"": ""AffordanceAgent"", ""skill"": ""sweep"", ""reasoning"": ""Sweep the workcell to remove any obstacles and ensure clear path for the next task."" } ] , ""requires_approval"": false, ""ambiguity_notes"": """" }"
LG_TRIAL_00194,22,P22,Cat 3: Spatial-Relational,Pick the blue cylinder positioned behind the red cube and place it in pocket 1.,Direct_LLM,1337,0.7,8d83b97,2026-10-03T21:30:11.606657Z,True,False,True,True,0.6666666666666666,False,0.95,0.7,True,5185.02,"{""plan_id"": ""blue_cylinder_to_pocket_1"", ""confidence"": 0.95, ""subgoals"": [""pick blue cylinder"", ""place in pocket 1""], ""actions"": [{""step"": 1, ""agent"": ""VisionAgent"", ""skill"": ""locate"", ""parameters"": {""object_id"": ""blue_cylinder""}, ""reasoning"": ""identify target object""}, {""step"": 2, ""agent"": ""ControlAgent"", ""skill"": ""pick"", ""parameters"": {""object_id"": ""blue_cylinder"", ""target"": ""hand""}, ""reasoning"": ""grasp blue cylinder""}, {""step"": 3, ""agent"": ""VisionAgent"", ""skill"": ""locate"", ""parameters"": {""object_id"": ""pocket_1""}, ""reasoning"": ""identify destination pocket""}, {""step"": 4, ""agent"": ""ControlAgent"", ""skill"": ""place"", ""parameters"": {""object_id"": ""blue_cylinder"", ""target"": ""pocket_1""}, ""reasoning"": ""release blue cylinder in pocket 1""}], ""requires_approval"": false, ""ambiguity_notes"": """"}","{
  ""plan_id"": ""blue_cylinder_to_pocket_1"",
  ""confidence"": 0.95,
  ""subgoals"": [""pick blue cylinder"", ""place in pocket 1""],
  ""actions"": [
    {
      ""step"": 1,
      ""agent"": ""VisionAgent"",
      ""skill"": ""locate"",
      ""parameters"": {""object_id"": ""blue_cylinder""},
      ""reasoning"": ""identify target object""
    },
    {
      ""step"": 2,
      ""agent"": ""ControlAgent"",
      ""skill"": ""pick"",
      ""parameters"": {""object_id"": ""blue_cylinder"", ""target"": ""hand""},
      ""reasoning"": ""grasp blue cylinder""
    },
    {
      ""step"": 3,
      ""agent"": ""VisionAgent"",
      ""skill"": ""locate"",
      ""parameters"": {""object_id"": ""pocket_1""},
      ""reasoning"": ""identify destination pocket""
    },
    {
      ""step"": 4,
      ""agent"": ""ControlAgent"",
      ""skill"": ""place"",
      ""parameters"": {""object_id"": ""blue_cylinder"", ""target"": ""pocket_1""},
      ""reasoning"": ""release blue cylinder in pocket 1""
    }
  ],
  ""requires_approval"": false,
  ""ambiguity_notes"": """"
}"
LG_TRIAL_00195,22,P22,Cat 3: Spatial-Relational,Pick the blue cylinder positioned behind the red cube and place it in pocket 1.,SayCan,1337,0.7,8d83b97,2026-10-03T21:30:14.556664Z,True,False,True,True,0.6666666666666666,False,0.088,0.7,True,2949.77,"{""selected_primitive"": ""pick(red_cylinder)"", ""score"": 0.088}","{
  ""pick(blue_bolt)"": 0.0,
  ""pick(blue_cube)"": 0.0,
  ""pick(red_cylinder)"": 0.1,
  ""pick(red_housing)"": 0.0,
  ""pick(grey_bracket)"": 0.0,
  ""place(assembly_tray)"": 0.0,
  ""place(scrap_bin)"": 0.0,
  ""place(tray_pocket_1)"": 0.8,
  ""place(tray_pocket_2)"": 0.0,
  ""inspect(red_cylinder)"": 0.0,
  ""sweep(conveyor)"": 0.0,
  ""done()"": 0.0
}"
LG_TRIAL_00196,22,P22,Cat 3: Spatial-Relational,Pick the blue cylinder positioned behind the red cube and place it in pocket 1.,ARIA_Dialogue_Planning,2026,0.7,8d83b97,2026-10-03T21:30:18.398665Z,True,True,True,True,1.0,False,1.0,0.7,True,3841.81,"{""plan_id"": ""PickBlueCylinder"", ""confidence"": 1.0, ""subgoals"": [""Locate blue cylinder behind red cube""], ""actions"": [{""step"": 1, ""agent"": ""AffordanceAgent"", ""skill"": ""pick"", ""reasoning"": ""Select blue bolt (workpiece_good_1) from workcell as the target object."", ""parameters"": {""target"": ""workpiece_good_1""}}, {""step"": 2, ""agent"": ""AffordanceAgent"", ""skill"": ""place"", ""reasoning"": ""Place blue bolt in pocket 1."", ""parameters"": {""target"": ""pocket 1""}}], ""requires_approval"": false, ""ambiguity_notes"": """"}","{
    ""plan_id"": ""PickBlueCylinder"",
    ""confidence"": 1.0,
    ""subgoals"": [
        ""Locate blue cylinder behind red cube""
    ],
    ""actions"": [
        {
            ""step"": 1,
            ""agent"": ""AffordanceAgent"",
            ""skill"": ""pick"",
            ""reasoning"": ""Select blue bolt (workpiece_good_1) from workcell as the target object."",
            ""parameters"": {
                ""target"": ""workpiece_good_1""
            }
        },
        {
            ""step"": 2,
            ""agent"": ""AffordanceAgent"",
            ""skill"": ""place"",
            ""reasoning"": ""Place blue bolt in pocket 1."",
            ""parameters"": {
                ""target"": ""pocket 1""
            }
        }
    ],
    ""requires_approval"": false
  ,
  ""ambiguity_notes"": """"
}"
LG_TRIAL_00197,22,P22,Cat 3: Spatial-Relational,Pick the blue cylinder positioned behind the red cube and place it in pocket 1.,Direct_LLM,2026,0.7,8d83b97,2026-10-03T21:30:20.706883Z,True,False,True,True,0.6666666666666666,False,0.95,0.7,True,2308.05,"{""plan_id"": ""PICK_BLUE_CYLINDER_BEHIND_RED_CUBE"", ""confidence"": 0.95, ""subgoals"": [""pick_blue_cylinder""], ""actions"": [{""step"": 1, ""agent"": ""VisionAgent"", ""skill"": ""locate"", ""parameters"": {""object_id"": ""blue_cylinder""}, ""reasoning"": ""Identify blue cylinder behind red cube""}, {""step"": 2, ""agent"": ""ControlAgent"", ""skill"": ""pick"", ""parameters"": {""object_id"": ""blue_cylinder"", ""target"": ""in_front_of_red_cube""}, ""reasoning"": ""Pick up blue cylinder""}], ""requires_approval"": false, ""ambiguity_notes"": """"}","{""plan_id"":""PICK_BLUE_CYLINDER_BEHIND_RED_CUBE"",""confidence"":0.95,""subgoals"":[""pick_blue_cylinder""],""actions"":[{""step"":1,""agent"":""VisionAgent"",""skill"":""locate"",""parameters"":{""object_id"":""blue_cylinder""},""reasoning"":""Identify blue cylinder behind red cube""},{""step"":2,""agent"":""ControlAgent"",""skill"":""pick"",""parameters"":{""object_id"":""blue_cylinder"",""target"":""in_front_of_red_cube""},""reasoning"":""Pick up blue cylinder""}],""requires_approval"":false,""ambiguity_notes"":""""}"
LG_TRIAL_00198,22,P22,Cat 3: Spatial-Relational,Pick the blue cylinder positioned behind the red cube and place it in pocket 1.,SayCan,2026,0.7,8d83b97,2026-10-03T21:30:23.867298Z,True,False,True,True,0.6666666666666666,False,0.836,0.7,True,3160.24,"{""selected_primitive"": ""pick(red_cylinder)"", ""score"": 0.836}","{  
  ""pick(blue_bolt)"": 0.05,  
  ""pick(blue_cube)"": 0.5,  
  ""pick(red_cylinder)"": 0.95,  
  ""pick(red_housing)"": 0.05,  
  ""pick(grey_bracket)"": 0.0,  
  ""place(assembly_tray)"": 0.1,  
  ""place(scrap_bin)"": 0.0,  
  ""place(tray_pocket_1)"": 0.9,  
  ""place(tray_pocket_2)"": 0.05,  
  ""inspect(red_cylinder)"": 0.0,  
  ""sweep(conveyor)"": 0.0,  
  ""done()"": 0.0
}"
LG_TRIAL_00199,23,P23,Cat 3: Spatial-Relational,Grasp the object closest to the base of the robotic arm and lift it.,ARIA_Dialogue_Planning,42,0.7,8d83b97,2026-10-03T21:30:29.018786Z,True,False,False,True,0.3333333333333333,False,1.0,0.7,False,5151.21,"{""plan_id"": ""grasp_object_closest_to_base"", ""confidence"": 1.0, ""subgoals"": [""identify_workpieces_in_workcell"", ""select_and_grasp_closest_workpiece"", ""lift_selected_workpiece""], ""actions"": [{""step"": 1, ""agent"": ""AffordanceAgent"", ""skill"": ""inspect"", ""reasoning"": ""Identify all workpieces in the workcell to determine the closest one to the base of the robotic arm."", ""parameters"": {""object_id"": ""*""}}, {""step"": 2, ""agent"": ""AffordanceAgent"", ""skill"": ""pick"", ""reasoning"": ""Grasp the identified object closest to the base of the robotic arm."", ""parameters"": {""object_id"": ""workpiece_good_1"", ""direction"": ""downward""}}, {""step"": 3, ""agent"": ""AffordanceAgent"", ""skill"": ""push"", ""reasoning"": ""Lift the grasped workpiece away from the base of the robotic arm."", ""parameters"": {""object_id"": ""workpiece_good_1"", ""direction"": ""upward""}}], ""requires_approval"": false, ""ambiguity_notes"": """"}","{ ""plan_id"": ""grasp_object_closest_to_base"", ""confidence"": 1.0, ""subgoals"": [ ""identify_workpieces_in_workcell"", ""select_and_grasp_closest_workpiece"", ""lift_selected_workpiece"" ], ""actions"": [ { ""step"": 1, ""agent"": ""AffordanceAgent"", ""skill"": ""inspect"", ""reasoning"": ""Identify all workpieces in the workcell to determine the closest one to the base of the robotic arm."", ""parameters"": {""object_id"": ""*""} }, { ""step"": 2, ""agent"": ""AffordanceAgent"", ""skill"": ""pick"", ""reasoning"": ""Grasp the identified object closest to the base of the robotic arm."", ""parameters"": {""object_id"": ""workpiece_good_1"", ""direction"": ""downward""} }, { ""step"": 3, ""agent"": ""AffordanceAgent"", ""skill"": ""push"", ""reasoning"": ""Lift the grasped workpiece away from the base of the robotic arm."", ""parameters"": {""object_id"": ""workpiece_good_1"", ""direction"": ""upward""} } ], ""requires_approval"": false, ""ambiguity_notes"": """" }"
LG_TRIAL_00200,23,P23,Cat 3: Spatial-Relational,Grasp the object closest to the base of the robotic arm and lift it.,Direct_LLM,42,0.7,8d83b97,2026-10-03T21:30:33.842671Z,True,False,True,True,0.6666666666666666,False,0.95,0.7,True,4823.66,"{""plan_id"": ""object_grasping_plan"", ""confidence"": 0.95, ""subgoals"": [""Grasp object closest to base of robotic arm"", ""Lift object""], ""actions"": [{""step"": 1, ""agent"": ""VisionAgent"", ""skill"": ""locate"", ""parameters"": {""object_id"": ""closest_object""}, ""reasoning"": ""Identify the closest object to the base of the robotic arm""}, {""step"": 2, ""agent"": ""ControlAgent"", ""skill"": ""pick"", ""parameters"": {""object_id"": ""closest_object"", ""target"": ""base_grasp_point""}, ""reasoning"": ""Grasp the object closest to the base of the robotic arm""}, {""step"": 3, ""agent"": ""ControlAgent"", ""skill"": ""lift"", ""parameters"": {""object_id"": ""closest_object"", ""target"": ""upper_grasp_point""}, ""reasoning"": ""Lift the object from the base grasp point to the upper grasp point""}], ""requires_approval"": false, ""ambiguity_notes"": """"}","{
  ""plan_id"": ""object_grasping_plan"",
  ""confidence"": 0.95,
  ""subgoals"": [""Grasp object closest to base of robotic arm"", ""Lift object""],
  ""actions"": [
    {
      ""step"": 1,
      ""agent"": ""VisionAgent"",
      ""skill"": ""locate"",
      ""parameters"": {""object_id"": ""closest_object""},
      ""reasoning"": ""Identify the closest object to the base of the robotic arm""
    },
    {
      ""step"": 2,
      ""agent"": ""ControlAgent"",
      ""skill"": ""pick"",
      ""parameters"": {""object_id"": ""closest_object"", ""target"": ""base_grasp_point""},
      ""reasoning"": ""Grasp the object closest to the base of the robotic arm""
    },
    {
      ""step"": 3,
      ""agent"": ""ControlAgent"",
      ""skill"": ""lift"",
      ""parameters"": {""object_id"": ""closest_object"", ""target"": ""upper_grasp_point""},
      ""reasoning"": ""Lift the object from the base grasp point to the upper grasp point""
    }
  ],
  ""requires_approval"": false,
  ""ambiguity_notes"": """"
}"
LG_TRIAL_00201,23,P23,Cat 3: Spatial-Relational,Grasp the object closest to the base of the robotic arm and lift it.,SayCan,42,0.7,8d83b97,2026-10-03T21:30:36.824431Z,True,False,False,True,0.3333333333333333,False,0.738,0.7,False,2981.55,"{""selected_primitive"": ""inspect(red_cylinder)"", ""score"": 0.738}","{
  ""pick(blue_bolt)"": 0.4,
  ""pick(blue_cube)"": 0.5,
  ""pick(red_cylinder)"": 0.6,
  ""pick(red_housing)"": 0.7,
  ""pick(grey_bracket)"": 0.8,
  ""place(assembly_tray)"": 0.2,
  ""place(scrap_bin)"": 0.1,
  ""place(tray_pocket_1)"": 0.3,
  ""place(tray_pocket_2)"": 0.4,
  ""inspect(red_cylinder)"": 0.9,
  ""sweep(conveyor)"": 0.0,
  ""done()"": 0.0
}"
LG_TRIAL_00202,23,P23,Cat 3: Spatial-Relational,Grasp the object closest to the base of the robotic arm and lift it.,ARIA_Dialogue_Planning,1337,0.7,8d83b97,2026-10-03T21:30:42.516169Z,False,True,True,True,1.0,True,0.5,0.7,False,5691.55,{},"{ ""plan_id"": ""GraspClosestObject"", ""confidence"": 1.0, ""subgoals"": [ ""Identify closest object to base of robotic arm"" ] , ""actions"": [ { ""step"": 1, ""agent"": ""AffordanceAgent"", ""skill"": ""locate"", ""reasoning"": ""Determine the proximity of each object in the workcell relative to the base of the robotic arm."", ""parameters"": { ""object_id"": ""workpiece_good_1"" } }, { ""step"": 2, ""agent"": ""AffordanceAgent"", ""skill"": ""pick"", ""reasoning"": ""Grasp the identified closest object using the robotic arm's gripper."", ""parameters"": { ""object_id"": ""workpiece_good_1"" } }, { ""step"": 3, ""agent"": ""AffordanceAgent"", ""skill"": ""locate"", ""reasoning"": ""Verify that the grasped object is indeed the one closest to the base of the robotic arm and not any other object."", ""parameters"": { ""object_id"": ""workpiece_good_1"" } }, { ""step"": 4, ""agent"": ""AffordanceAgent"", ""skill"": ""pick"", ""reasoning"": ""Lift the grasped object using the robotic arm's gripper."", ""parameters"": { ""object_id"": ""workpiece_good_1"" } } ] , ""requires_approval"
LG_TRIAL_00203,23,P23,Cat 3: Spatial-Relational,Grasp the object closest to the base of the robotic arm and lift it.,Direct_LLM,1337,0.7,8d83b97,2026-10-03T21:30:45.963365Z,True,False,True,False,0.3333333333333333,False,0.9,0.7,False,3446.98,"{""plan_id"": ""grasp_object"", ""confidence"": 0.9, ""subgoals"": [""Grasp object""], ""actions"": [{""step"": 1, ""agent"": ""VisionAgent"", ""skill"": ""locate"", ""parameters"": {""object_id"": ""closest_object"", ""target"": ""base_of_arm""}, ""reasoning"": ""Identify the closest object to the base of the robotic arm.""}, {""step"": 2, ""agent"": ""ControlAgent"", ""skill"": ""pick"", ""parameters"": {""object_id"": ""closest_object"", ""target"": ""hand_of_arm""}, ""reasoning"": ""Move the robotic arm to grasp the closest object.""}], ""requires_approval"": false, ""ambiguity_notes"": """"}","{
  ""plan_id"": ""grasp_object"",
  ""confidence"": 0.9,
  ""subgoals"": [""Grasp object""],
  ""actions"": [
    {
      ""step"": 1,
      ""agent"": ""VisionAgent"",
      ""skill"": ""locate"",
      ""parameters"": {""object_id"": ""closest_object"", ""target"": ""base_of_arm""},
      ""reasoning"": ""Identify the closest object to the base of the robotic arm.""
    },
    {
      ""step"": 2,
      ""agent"": ""ControlAgent"",
      ""skill"": ""pick"",
      ""parameters"": {""object_id"": ""closest_object"", ""target"": ""hand_of_arm""},
      ""reasoning"": ""Move the robotic arm to grasp the closest object.""
    }
  ],
  ""requires_approval"": false,
  ""ambiguity_notes"": """"
}"
LG_TRIAL_00204,23,P23,Cat 3: Spatial-Relational,Grasp the object closest to the base of the robotic arm and lift it.,SayCan,1337,0.7,8d83b97,2026-10-03T21:30:48.860256Z,True,True,False,True,0.6666666666666666,False,0.704,0.7,True,2896.69,"{""selected_primitive"": ""pick(red_cylinder)"", ""score"": 0.704}","{
  ""pick(blue_bolt)"": 0.5,
  ""pick(blue_cube)"": 0.3,
  ""pick(red_cylinder)"": 0.8,
  ""pick(red_housing)"": 0.2,
  ""pick(grey_bracket)"": 0.1,
  ""place(assembly_tray)"": 0.6,
  ""place(scrap_bin)"": 0.4,
  ""place(tray_pocket_1)"": 0.7,
  ""place(tray_pocket_2)"": 0.9,
  ""inspect(red_cylinder)"": 0.0,
  ""sweep(conveyor)"": 0.0,
  ""done()"": 0.0
}"
LG_TRIAL_00205,23,P23,Cat 3: Spatial-Relational,Grasp the object closest to the base of the robotic arm and lift it.,ARIA_Dialogue_Planning,2026,0.7,8d83b97,2026-10-03T21:30:54.446397Z,True,False,False,True,0.3333333333333333,False,1.0,0.7,False,5585.83,"{""plan_id"": ""Grasp_and_Lift"", ""confidence"": 1.0, ""subgoals"": [""Identify_closest_object_to_base"", ""Grasp_closest_object"", ""Lift_grasped_object""], ""actions"": [{""step"": 1, ""agent"": ""AffordanceAgent"", ""skill"": ""locate"", ""reasoning"": ""Identify the object closest to the base of the robotic arm."", ""parameters"": {""object_id"": ""workpiece_good_1""}}, {""step"": 2, ""agent"": ""AffordanceAgent"", ""skill"": ""pick"", ""reasoning"": ""Grasp the identified object with the robotic arm's end effector."", ""parameters"": {""object_id"": ""workpiece_good_1"", ""distance_m"": 0.5}}, {""step"": 3, ""agent"": ""AffordanceAgent"", ""skill"": ""place"", ""reasoning"": ""Lift the grasped object off the ground, but no specified destination."", ""parameters"": {""object_id"": ""workpiece_good_1"", ""distance_m"": 0.5}}], ""requires_approval"": false, ""ambiguity_notes"": """"}","{
    ""plan_id"": ""Grasp_and_Lift"",
    ""confidence"": 1.0,
    ""subgoals"": [
        ""Identify_closest_object_to_base"",
        ""Grasp_closest_object"",
        ""Lift_grasped_object""
    ],
    ""actions"": [
        {
            ""step"": 1,
            ""agent"": ""AffordanceAgent"",
            ""skill"": ""locate"",
            ""reasoning"": ""Identify the object closest to the base of the robotic arm."",
            ""parameters"": {""object_id"": ""workpiece_good_1""}
        },
        {
            ""step"": 2,
            ""agent"": ""AffordanceAgent"",
            ""skill"": ""pick"",
            ""reasoning"": ""Grasp the identified object with the robotic arm's end effector."",
            ""parameters"": {""object_id"": ""workpiece_good_1"", ""distance_m"": 0.5}
        },
        {
            ""step"": 3,
            ""agent"": ""AffordanceAgent"",
            ""skill"": ""place"",
            ""reasoning"": ""Lift the grasped object off the ground, but no specified destination."",
            ""parameters"": {""object_id"": ""workpiece_good_1"", ""distance_m"": 0.5}
        }
    ],
    ""requires_approval"": false,
    ""ambiguity_notes"": """"
}"
LG_TRIAL_00206,23,P23,Cat 3: Spatial-Relational,Grasp the object closest to the base of the robotic arm and lift it.,Direct_LLM,2026,0.7,8d83b97,2026-10-03T21:30:57.045381Z,False,False,True,True,0.6666666666666666,False,0.9,0.7,False,2598.77,"{""plan_id"": ""arm_task_decomposition"", ""confidence"": 0.9, ""subgoals"": [""grasp_object""], ""actions"": [{""step"": 1, ""agent"": ""ControlAgent"", ""skill"": ""move"", ""parameters"": {""target_position"": ""base_of_arm""}, ""reasoning"": ""Move arm to base position""}, {""step"": 2, ""agent"": ""VisionAgent"", ""skill"": ""locate_closest_object"", ""parameters"": {""object_type"": ""any_object""}, ""reasoning"": ""Locate closest object near base of arm""}, {""step"": 3, ""agent"": ""ControlAgent"", ""skill"": ""pick"", ""parameters"": {""object_id"": ""located_object""}, ""reasoning"": ""Pick up located object""}], ""requires_approval"": false, ""ambiguity_notes"": """"}","{""plan_id"":""arm_task_decomposition"",""confidence"":0.9,""subgoals"":[""grasp_object""],""actions"":[{""step"":1,""agent"":""ControlAgent"",""skill"":""move"",""parameters"":{""target_position"":""base_of_arm""},""reasoning"":""Move arm to base position""},{""step"":2,""agent"":""VisionAgent"",""skill"":""locate_closest_object"",""parameters"":{""object_type"":""any_object""},""reasoning"":""Locate closest object near base of arm""},{""step"":3,""agent"":""ControlAgent"",""skill"":""pick"",""parameters"":{""object_id"":""located_object""},""reasoning"":""Pick up located object""}],""requires_approval"":false,""ambiguity_notes"":""""}"
LG_TRIAL_00207,23,P23,Cat 3: Spatial-Relational,Grasp the object closest to the base of the robotic arm and lift it.,SayCan,2026,0.7,8d83b97,2026-10-03T21:30:59.922245Z,True,True,False,True,0.6666666666666666,False,0.748,0.7,True,2876.66,"{""selected_primitive"": ""pick(red_cylinder)"", ""score"": 0.748}","{
  ""pick(blue_bolt)"": 0.65,
  ""pick(blue_cube)"": 0.15,
  ""pick(red_cylinder)"": 0.85,
  ""pick(red_housing)"": 0.2,
  ""pick(grey_bracket)"": 0.3,
  ""place(assembly_tray)"": 0.05,
  ""place(scrap_bin)"": 0.1,
  ""place(tray_pocket_1)"": 0.2,
  ""place(tray_pocket_2)"": 0.15,
  ""inspect(red_cylinder)"": 0.4,
  ""sweep(conveyor)"": 0.05,
  ""done()"": 0
}"
LG_TRIAL_00208,24,P24,Cat 3: Spatial-Relational,Transfer the red part on the right side of the conveyor into bin B.,ARIA_Dialogue_Planning,42,0.7,8d83b97,2026-10-03T21:31:03.674143Z,True,True,False,True,0.6666666666666666,False,1.0,0.7,True,3751.64,"{""plan_id"": ""transfer_red_part"", ""confidence"": 1.0, ""subgoals"": [""move_workpiece_defect_1_to_bin_B""], ""actions"": [{""step"": 1, ""agent"": ""AffordanceAgent"", ""skill"": ""pick"", ""reasoning"": ""Pick up the red part (workpiece_defect_1) with a gripper."", ""parameters"": {""object_id"": ""workpiece_defect_1""}}, {""step"": 2, ""agent"": ""AffordanceAgent"", ""skill"": ""place"", ""reasoning"": ""Place the picked-up workpiece into bin B (destination_bin)."", ""parameters"": {""object_id"": ""workpiece_defect_1"", ""target"": ""bin_B""}}], ""requires_approval"": false, ""ambiguity_notes"": """"}","{ ""plan_id"": ""transfer_red_part"", ""confidence"": 1.00, ""subgoals"": [ ""move_workpiece_defect_1_to_bin_B"" ] , ""actions"": [ { ""step"": 1, ""agent"": ""AffordanceAgent"", ""skill"": ""pick"", ""reasoning"": ""Pick up the red part (workpiece_defect_1) with a gripper."", ""parameters"": {""object_id"": ""workpiece_defect_1""} }, { ""step"": 2, ""agent"": ""AffordanceAgent"", ""skill"": ""place"", ""reasoning"": ""Place the picked-up workpiece into bin B (destination_bin)."", ""parameters"": {""object_id"": ""workpiece_defect_1"", ""target"": ""bin_B""} } ] , ""requires_approval"": false, ""ambiguity_notes"": """"}"
LG_TRIAL_00209,24,P24,Cat 3: Spatial-Relational,Transfer the red part on the right side of the conveyor into bin B.,Direct_LLM,42,0.7,8d83b97,2026-10-03T21:31:07.422557Z,False,False,True,True,0.6666666666666666,False,0.95,0.7,False,3748.24,"{""plan_id"": ""TransferRedPartToBinB"", ""confidence"": 0.95, ""subgoals"": [""Transfer red part on right side of conveyor to bin B""], ""actions"": [{""step"": 1, ""agent"": ""ControlAgent"", ""skill"": ""move"", ""parameters"": {""object_id"": ""red_part_01"", ""target"": ""bin_B""}, ""reasoning"": ""Move the red part from its current position to bin B""}, {""step"": 2, ""agent"": ""VisionAgent"", ""skill"": ""locate"", ""parameters"": {""object_id"": ""red_part_01"", ""target"": ""bin_B""}, ""reasoning"": ""Verify the red part has been placed in bin B""}], ""requires_approval"": false, ""ambiguity_notes"": """"}","{
  ""plan_id"": ""TransferRedPartToBinB"",
  ""confidence"": 0.95,
  ""subgoals"": [""Transfer red part on right side of conveyor to bin B""],
  ""actions"": [
    {
      ""step"": 1,
      ""agent"": ""ControlAgent"",
      ""skill"": ""move"",
      ""parameters"": {""object_id"": ""red_part_01"", ""target"": ""bin_B""},
      ""reasoning"": ""Move the red part from its current position to bin B""
    },
    {
      ""step"": 2,
      ""agent"": ""VisionAgent"",
      ""skill"": ""locate"",
      ""parameters"": {""object_id"": ""red_part_01"", ""target"": ""bin_B""},
      ""reasoning"": ""Verify the red part has been placed in bin B""
    }
  ],
  ""requires_approval"": false,
  ""ambiguity_notes"": """"
}"
LG_TRIAL_00210,24,P24,Cat 3: Spatial-Relational,Transfer the red part on the right side of the conveyor into bin B.,SayCan,42,0.7,8d83b97,2026-10-03T21:31:10.950656Z,True,False,True,True,0.6666666666666666,False,0.88,0.7,True,3527.9,"{""selected_primitive"": ""pick(red_cylinder)"", ""score"": 0.88}","{
  ""pick(blue_bolt)"": 0.0,
  ""pick(blue_cube)"": 0.0,
  ""pick(red_cylinder)"": 1.0,
  ""pick(red_housing)"": 0.0,
  ""pick(grey_bracket)"": 0.0,
  ""place(assembly_tray)"": 0.0,
  ""place(scrap_bin)"": 0.0,
  ""place(tray_pocket_1)"": 0.0,
  ""place(tray_pocket_2)"": 0.0,
  ""inspect(red_cylinder)"": 0.0,
  ""sweep(conveyor)"": 0.0,
  ""done()"": 0.0
}"
LG_TRIAL_00211,24,P24,Cat 3: Spatial-Relational,Transfer the red part on the right side of the conveyor into bin B.,ARIA_Dialogue_Planning,1337,0.7,8d83b97,2026-10-03T21:31:14.833892Z,True,True,True,True,1.0,False,1.0,0.7,True,3883.08,"{""plan_id"": ""transfer_red_part"", ""confidence"": 1.0, ""subgoals"": [""identify_red_part_on_right_side_of_conveyor"", ""pick_up_identified_part"", ""place_red_part_in_bin_B""], ""actions"": [{""step"": 1, ""agent"": ""AffordanceAgent"", ""skill"": ""locate"", ""reasoning"": ""find the red part on the right side of the conveyor belt""}, {""step"": 2, ""agent"": ""AffordanceAgent"", ""skill"": ""pick"", ""reasoning"": ""pick up the identified red part using the gripper of the robot arm""}, {""step"": 3, ""agent"": ""AffordanceAgent"", ""skill"": ""place"", ""reasoning"": ""place the picked-up red part into bin B""}], ""requires_approval"": false, ""ambiguity_notes"": """"}","{ ""plan_id"": ""transfer_red_part"", ""confidence"": 1.0, ""subgoals"": [ ""identify_red_part_on_right_side_of_conveyor"", ""pick_up_identified_part"", ""place_red_part_in_bin_B"" ], ""actions"": [ { ""step"": 1, ""agent"": ""AffordanceAgent"", ""skill"": ""locate"", ""reasoning"": ""find the red part on the right side of the conveyor belt"" }, { ""step"": 2, ""agent"": ""AffordanceAgent"", ""skill"": ""pick"", ""reasoning"": ""pick up the identified red part using the gripper of the robot arm"" }, { ""step"": 3, ""agent"": ""AffordanceAgent"", ""skill"": ""place"", ""reasoning"": ""place the picked-up red part into bin B"" } ], ""requires_approval"": false, ""ambiguity_notes"": """" }"
LG_TRIAL_00212,24,P24,Cat 3: Spatial-Relational,Transfer the red part on the right side of the conveyor into bin B.,Direct_LLM,1337,0.7,8d83b97,2026-10-03T21:31:20.314791Z,False,False,True,True,0.6666666666666666,False,0.7,0.7,False,5480.72,{},"{
  ""plan_id"": ""transfer_red_part_to_bin_b"",
  ""confidence"": 0.95,
  ""subgoals"": [""Transfer red part on right side of conveyor""],
  ""actions"": [
    {
      ""step"": 1,
      ""agent"": ""ControlAgent"",
      ""skill"": ""move_to_position"",
      ""parameters"": {""object_id"": ""red_part"", ""target"": ""conveyor_right_side""},
      ""reasoning"": ""Move to the right side of the conveyor belt.""
    },
    {
      ""step"": 2,
      ""agent"": ""SkillAgent"",
      ""skill"": ""pick"",
      ""parameters"": {""object_id"": ""red_part"", ""target"": ""hand_gripper""},
      ""reasoning"": ""Pick up the red part on the right side of the conveyor belt.""
    },
    {
      ""step"": 3,
      ""agent"": ""ControlAgent"",
      ""skill"": ""move_to_position"",
      ""parameters"": {""object_id"": ""bin_b"", ""target"": ""bin_b_location""},
      ""reasoning"": ""Move to bin B location.""
    },
    {
      ""step"": 4,
      ""agent"": ""SkillAgent"",
      ""skill"": ""place"",
      ""parameters"": {""object_id"": ""red_part"", ""target"": ""bin_b_location""},
      ""reasoning"": ""Place the red part in bin B location.""
    }
  ],
  ""requires"
LG_TRIAL_00213,24,P24,Cat 3: Spatial-Relational,Transfer the red part on the right side of the conveyor into bin B.,SayCan,1337,0.7,8d83b97,2026-10-03T21:31:23.228335Z,True,False,True,True,0.6666666666666666,False,0.88,0.7,True,2913.36,"{""selected_primitive"": ""pick(red_cylinder)"", ""score"": 0.88}","{
  ""pick(blue_bolt)"": 0.0,
  ""pick(blue_cube)"": 0.0,
  ""pick(red_cylinder)"": 1.0,
  ""pick(red_housing)"": 0.5,
  ""pick(grey_bracket)"": 0.0,
  ""place(assembly_tray)"": 0.0,
  ""place(scrap_bin)"": 0.0,
  ""place(tray_pocket_1)"": 0.0,
  ""place(tray_pocket_2)"": 0.0,
  ""inspect(red_cylinder)"": 0.5,
  ""sweep(conveyor)"": 0.5,
  ""done()"": 0.0
}"
LG_TRIAL_00214,24,P24,Cat 3: Spatial-Relational,Transfer the red part on the right side of the conveyor into bin B.,ARIA_Dialogue_Planning,2026,0.7,8d83b97,2026-10-03T21:31:28.568124Z,True,False,False,True,0.3333333333333333,False,1.0,0.7,False,5339.59,"{""plan_id"": ""transfer_red_part"", ""confidence"": 1, ""subgoals"": [""Locate the red part on the right side of the conveyor."", ""Transfer the located red part into bin B.""], ""actions"": [{""step"": 1, ""agent"": ""AffordanceAgent"", ""skill"": ""pick"", ""reasoning"": ""Locate the object with color red on the right side of the conveyor."", ""parameters"": {""object_id"": ""workpiece_defect_2"", ""direction"": ""right""}}, {""step"": 2, ""agent"": ""AffordanceAgent"", ""skill"": ""place"", ""reasoning"": ""Move the located object into bin B."", ""parameters"": {""object_id"": ""workpiece_defect_2"", ""direction"": ""bin_B""}}, {""step"": 3, ""agent"": ""AffordanceAgent"", ""skill"": ""stack"", ""reasoning"": ""Close bin B for safety and efficiency."", ""parameters"": {}}], ""requires_approval"": false, ""ambiguity_notes"": """"}","{

    ""plan_id"": ""transfer_red_part"",
    ""confidence"": 1,
    ""subgoals"": [
        ""Locate the red part on the right side of the conveyor."",
        ""Transfer the located red part into bin B.""
    ],
    ""actions"": [
        {
            ""step"": 1,
            ""agent"": ""AffordanceAgent"",
            ""skill"": ""pick"",
            ""reasoning"": ""Locate the object with color red on the right side of the conveyor."",
            ""parameters"": {
                ""object_id"": ""workpiece_defect_2"", ""direction"": ""right""
            }
        },
        {
            ""step"": 2,
            ""agent"": ""AffordanceAgent"",
            ""skill"": ""place"",
            ""reasoning"": ""Move the located object into bin B."",
            ""parameters"": {
                ""object_id"": ""workpiece_defect_2"", ""direction"": ""bin_B""
            }
        },
        {
            ""step"": 3,
            ""agent"": ""AffordanceAgent"",
            ""skill"": ""stack"",
            ""reasoning"": ""Close bin B for safety and efficiency."",
            ""parameters"": {}
        }
    ],
    ""requires_approval"": false,
    ""ambiguity_notes"": """"
}"
LG_TRIAL_00215,24,P24,Cat 3: Spatial-Relational,Transfer the red part on the right side of the conveyor into bin B.,Direct_LLM,2026,0.7,8d83b97,2026-10-03T21:31:32.336405Z,False,False,True,True,0.6666666666666666,False,0.8,0.7,False,3768.04,"{""plan_id"": ""transfer_red_part_to_bin_b"", ""confidence"": 0.8, ""subgoals"": [""Transfer red part to bin B""], ""actions"": [{""step"": 1, ""agent"": ""ControlAgent"", ""skill"": ""move"", ""parameters"": {""x"": 10, ""y"": 20}, ""reasoning"": ""Move to position 10, 20""}, {""step"": 2, ""agent"": ""VisionAgent"", ""skill"": ""locate_object"", ""parameters"": {""object_id"": ""red_part""}, ""reasoning"": ""Locate red part on conveyor""}, {""step"": 3, ""agent"": ""ControlAgent"", ""skill"": ""pick"", ""parameters"": {""object_id"": ""red_part""}, ""reasoning"": ""Pick up red part""}, {""step"": 4, ""agent"": ""ControlAgent"", ""skill"": ""move_to_bin"", ""parameters"": {""bin_id"": ""B""}, ""reasoning"": ""Move to bin B""}, {""step"": 5, ""agent"": ""ControlAgent"", ""skill"": ""place"", ""parameters"": {""object_id"": ""red_part""}, ""reasoning"": ""Place red part in bin B""}], ""requires_approval"": false, ""ambiguity_notes"": """"}","{""plan_id"":""transfer_red_part_to_bin_b"",""confidence"":0.8,""subgoals"":[""Transfer red part to bin B""],""actions"":[{""step"":1,""agent"":""ControlAgent"",""skill"":""move"",""parameters"":{""x"":10,""y"":20},""reasoning"":""Move to position 10, 20""},{""step"":2,""agent"":""VisionAgent"",""skill"":""locate_object"",""parameters"":{""object_id"":""red_part""},""reasoning"":""Locate red part on conveyor""},{""step"":3,""agent"":""ControlAgent"",""skill"":""pick"",""parameters"":{""object_id"":""red_part""},""reasoning"":""Pick up red part""},{""step"":4,""agent"":""ControlAgent"",""skill"":""move_to_bin"",""parameters"":{""bin_id"":""B""},""reasoning"":""Move to bin B""},{""step"":5,""agent"":""ControlAgent"",""skill"":""place"",""parameters"":{""object_id"":""red_part""},""reasoning"":""Place red part in bin B""}],""requires_approval"":false,""ambiguity_notes"":""""}"
LG_TRIAL_00216,24,P24,Cat 3: Spatial-Relational,Transfer the red part on the right side of the conveyor into bin B.,SayCan,2026,0.7,8d83b97,2026-10-03T21:31:35.212194Z,True,False,True,True,0.6666666666666666,False,0.738,0.7,True,2875.57,"{""selected_primitive"": ""inspect(red_cylinder)"", ""score"": 0.738}","{
  ""pick(blue_bolt)"": 0.01,
  ""pick(blue_cube)"": 0.02,
  ""pick(red_cylinder)"": 0.4,
  ""pick(red_housing)"": 0.1,
  ""pick(grey_bracket)"": 0.03,
  ""place(assembly_tray)"": 0.05,
  ""place(scrap_bin)"": 0.06,
  ""place(tray_pocket_1)"": 0.07,
  ""place(tray_pocket_2)"": 0.08,
  ""inspect(red_cylinder)"": 0.9,
  ""sweep(conveyor)"": 0.09,
  ""done()"": 0
}"
LG_TRIAL_00217,25,P25,Cat 3: Spatial-Relational,Pick the bracket situated between the two blue cylinders and palletize it.,ARIA_Dialogue_Planning,42,0.7,8d83b97,2026-10-03T21:31:40.894616Z,True,True,True,True,1.0,False,1.0,0.7,True,5682.17,"{""plan_id"": ""PICK_BRACKET_001"", ""confidence"": 1.0, ""subgoals"": [""LocateBracket"", ""MoveToBracket"", ""PlaceOnPallet""], ""actions"": [{""step"": 1, ""agent"": ""AffordanceAgent"", ""skill"": ""locate"", ""reasoning"": ""blue bolt and blue cube are identified as workpiece_good_1 and workpiece_good_2 respectively."", ""parameters"": {""object_id"": ""workpiece_good_1"", ""target"": ""grey_bracket""}}, {""step"": 2, ""agent"": ""AffordanceAgent"", ""skill"": ""pick"", ""reasoning"": ""the grey bracket is situated between workpiece_good_1 and workpiece_good_2."", ""parameters"": {""object_id"": ""grey_bracket""}}, {""step"": 3, ""agent"": ""AffordanceAgent"", ""skill"": ""place"", ""reasoning"": ""the grey bracket needs to be palletized."", ""parameters"": {""object_id"": ""grey_bracket"", ""target"": ""pallet""}}], ""requires_approval"": false, ""ambiguity_notes"": """"}","{ ""plan_id"": ""PICK_BRACKET_001"",
""confidence"": 1.00,
""subgoals"": [
    ""LocateBracket"",
    ""MoveToBracket"",
    ""PlaceOnPallet""
],
""actions"": [
    {
        ""step"": 1,
        ""agent"": ""AffordanceAgent"",
        ""skill"": ""locate"",
        ""reasoning"": ""blue bolt and blue cube are identified as workpiece_good_1 and workpiece_good_2 respectively."",
        ""parameters"": {
            ""object_id"": ""workpiece_good_1"",
            ""target"": ""grey_bracket""
        }
    },
    {
        ""step"": 2,
        ""agent"": ""AffordanceAgent"",
        ""skill"": ""pick"",
        ""reasoning"": ""the grey bracket is situated between workpiece_good_1 and workpiece_good_2."",
        ""parameters"": {
            ""object_id"": ""grey_bracket""
        }
    },
    {
        ""step"": 3,
        ""agent"": ""AffordanceAgent"",
        ""skill"": ""place"",
        ""reasoning"": ""the grey bracket needs to be palletized."",
        ""parameters"": {
            ""object_id"": ""grey_bracket"",
            ""target"": ""pallet""
        }
    }
],
""requires_approval"": false,
""ambiguity_notes"": """"
}"
LG_TRIAL_00218,25,P25,Cat 3: Spatial-Relational,Pick the bracket situated between the two blue cylinders and palletize it.,Direct_LLM,42,0.7,8d83b97,2026-10-03T21:31:46.461645Z,False,False,True,True,0.6666666666666666,False,0.7,0.7,False,5566.84,{},"{
  ""plan_id"": ""bracket_palletization"",
  ""confidence"": 0.95,
  ""subgoals"": [""pick_bracket"", ""palletize""],
  ""actions"": [
    {
      ""step"": 1,
      ""agent"": ""VisionAgent"",
      ""skill"": ""locate"",
      ""parameters"": {""object_id"": ""blue_cylinder_1"", ""target"": ""center""},
      ""reasoning"": ""Identify the first blue cylinder as a landmark""
    },
    {
      ""step"": 2,
      ""agent"": ""ControlAgent"",
      ""skill"": ""move_to"",
      ""parameters"": {""location"": ""between_blue_cylinders""},
      ""reasoning"": ""Move to the location between the two blue cylinders""
    },
    {
      ""step"": 3,
      ""agent"": ""AffordanceAgent"",
      ""skill"": ""pick"",
      ""parameters"": {""object_id"": ""bracket"", ""target"": ""gripper""},
      ""reasoning"": ""Pick up the bracket situated between the two blue cylinders""
    },
    {
      ""step"": 4,
      ""agent"": ""ControlAgent"",
      ""skill"": ""move_to"",
      ""parameters"": {""location"": ""pallet""},
      ""reasoning"": ""Move to the pallet location""
    },
    {
      ""step"": 5,
      ""agent"": ""AffordanceAgent"",
      ""skill"": """
LG_TRIAL_00219,25,P25,Cat 3: Spatial-Relational,Pick the bracket situated between the two blue cylinders and palletize it.,SayCan,42,0.7,8d83b97,2026-10-03T21:31:49.435112Z,True,False,True,True,0.6666666666666666,False,0.85,0.7,True,2973.29,"{""selected_primitive"": ""pick(grey_bracket)"", ""score"": 0.85}","{
  ""pick(blue_bolt)"": 0.0,
  ""pick(blue_cube)"": 0.0,
  ""pick(red_cylinder)"": 0.0,
  ""pick(red_housing)"": 0.0,
  ""pick(grey_bracket)"": 1.0,
  ""place(assembly_tray)"": 0.0,
  ""place(scrap_bin)"": 0.0,
  ""place(tray_pocket_1)"": 0.0,
  ""place(tray_pocket_2)"": 0.0,
  ""inspect(red_cylinder)"": 0.0,
  ""sweep(conveyor)"": 0.0,
  ""done()"": 0.0
}"
LG_TRIAL_00220,25,P25,Cat 3: Spatial-Relational,Pick the bracket situated between the two blue cylinders and palletize it.,ARIA_Dialogue_Planning,1337,0.7,8d83b97,2026-10-03T21:31:54.405521Z,True,False,True,True,0.6666666666666666,False,1.0,0.7,True,4970.2,"{""plan_id"": ""PICK_AND_PALETTEIZE_BRACKET"", ""confidence"": 1.0, ""subgoals"": [""CONFIRM_OBJECT_SELECTION""], ""actions"": [{""step"": 1, ""agent"": ""AffordanceAgent"", ""skill"": ""pick"", ""reasoning"": ""Pick the grey_bracket object as it is situated between two blue cylinders (workpiece_good_1 and workpiece_good_2)"", ""parameters"": {""object_id"": ""grey_bracket"", ""target"": ""gripper""}}, {""step"": 2, ""agent"": ""AffordanceAgent"", ""skill"": ""place"", ""reasoning"": ""Place the picked grey_bracket onto the pallet for palletization"", ""parameters"": {""object_id"": ""grey_bracket"", ""target"": ""pallet""}}, {""step"": 3, ""agent"": ""AffordanceAgent"", ""skill"": ""pull"", ""reasoning"": ""Pull the pallet to a safe distance for further processing"", ""parameters"": {""distance_m"": 2.0}}], ""requires_approval"": false, ""ambiguity_notes"": """"}","{ ""plan_id"": ""PICK_AND_PALETTEIZE_BRACKET"", ""confidence"": 1.0, ""subgoals"": [ ""CONFIRM_OBJECT_SELECTION"" ] , ""actions"": [ { ""step"": 1, ""agent"": ""AffordanceAgent"", ""skill"": ""pick"", ""reasoning"": ""Pick the grey_bracket object as it is situated between two blue cylinders (workpiece_good_1 and workpiece_good_2)"", ""parameters"": { ""object_id"": ""grey_bracket"", ""target"": ""gripper"" } }, { ""step"": 2, ""agent"": ""AffordanceAgent"", ""skill"": ""place"", ""reasoning"": ""Place the picked grey_bracket onto the pallet for palletization"", ""parameters"": { ""object_id"": ""grey_bracket"", ""target"": ""pallet"" } }, { ""step"": 3, ""agent"": ""AffordanceAgent"", ""skill"": ""pull"", ""reasoning"": ""Pull the pallet to a safe distance for further processing"", ""parameters"": { ""distance_m"": 2.0 } } ] , ""requires_approval"": false, ""ambiguity_notes"": """"}"
LG_TRIAL_00221,25,P25,Cat 3: Spatial-Relational,Pick the bracket situated between the two blue cylinders and palletize it.,Direct_LLM,1337,0.7,8d83b97,2026-10-03T21:31:59.914825Z,False,False,True,True,0.6666666666666666,False,0.7,0.7,False,5509.12,{},"{
  ""plan_id"": ""bracket_palletization"",
  ""confidence"": 0.95,
  ""subgoals"": [""pick_bracket"", ""palletize""],
  ""actions"": [
    {
      ""step"": 1,
      ""agent"": ""VisionAgent"",
      ""skill"": ""locate"",
      ""parameters"": {""object_id"": ""blue_cylinder_1""},
      ""reasoning"": ""Identify the first blue cylinder as a reference point""
    },
    {
      ""step"": 2,
      ""agent"": ""VisionAgent"",
      ""skill"": ""locate"",
      ""parameters"": {""object_id"": ""blue_cylinder_2""},
      ""reasoning"": ""Identify the second blue cylinder as another reference point""
    },
    {
      ""step"": 3,
      ""agent"": ""VisionAgent"",
      ""skill"": ""identify_object"",
      ""parameters"": {""object_id"": ""bracket""},
      ""reasoning"": ""Recognize the bracket between the two blue cylinders""
    },
    {
      ""step"": 4,
      ""agent"": ""ControlAgent"",
      ""skill"": ""pick"",
      ""parameters"": {""object_id"": ""bracket"", ""target"": ""gripper""},
      ""reasoning"": ""Move the arm to pick up the bracket""
    },
    {
      ""step"": 5,
      ""agent"": ""ControlAgent"",
      ""skill"": ""place"",
      ""parameters"
LG_TRIAL_00222,25,P25,Cat 3: Spatial-Relational,Pick the bracket situated between the two blue cylinders and palletize it.,SayCan,1337,0.7,8d83b97,2026-10-03T21:32:02.825057Z,True,False,True,True,0.6666666666666666,False,0.85,0.7,True,2910.08,"{""selected_primitive"": ""pick(grey_bracket)"", ""score"": 0.85}","{
  ""pick(blue_bolt)"": 0.0,
  ""pick(blue_cube)"": 0.0,
  ""pick(red_cylinder)"": 0.0,
  ""pick(red_housing)"": 0.0,
  ""pick(grey_bracket)"": 1.0,
  ""place(assembly_tray)"": 0.0,
  ""place(scrap_bin)"": 0.0,
  ""place(tray_pocket_1)"": 0.0,
  ""place(tray_pocket_2)"": 0.0,
  ""inspect(red_cylinder)"": 0.0,
  ""sweep(conveyor)"": 0.0,
  ""done()"": 0.0
}"
LG_TRIAL_00223,25,P25,Cat 3: Spatial-Relational,Pick the bracket situated between the two blue cylinders and palletize it.,ARIA_Dialogue_Planning,2026,0.7,8d83b97,2026-10-03T21:32:06.609297Z,True,True,True,True,1.0,False,1.0,0.7,True,3784.04,"{""plan_id"": ""PICK_BRACKET_PLAN"", ""confidence"": 1.0, ""subgoals"": [""Identify the grey_bracket object"", ""Pick up the identified grey_bracket object with a gripper or end effector"", ""Place the picked-up grey_bracket object on a pallet""], ""actions"": [{""step"": 1, ""agent"": ""AffordanceAgent"", ""skill"": ""pick"", ""reasoning"": ""To pick up the bracket, we need to identify it first.""}, {""step"": 2, ""agent"": ""AffordanceAgent"", ""skill"": ""place"", ""reasoning"": ""Once picked up, place it on a pallet to complete the action.""}], ""requires_approval"": false, ""ambiguity_notes"": """"}","{

    ""plan_id"": ""PICK_BRACKET_PLAN"",
    ""confidence"": 1.0,
    ""subgoals"": [
        ""Identify the grey_bracket object"",
        ""Pick up the identified grey_bracket object with a gripper or end effector"",
        ""Place the picked-up grey_bracket object on a pallet""
    ],
    ""actions"": [
        {
            ""step"": 1,
            ""agent"": ""AffordanceAgent"",
            ""skill"": ""pick"",
            ""reasoning"": ""To pick up the bracket, we need to identify it first.""
        },
        {
            ""step"": 2,
            ""agent"": ""AffordanceAgent"",
            ""skill"": ""place"",
            ""reasoning"": ""Once picked up, place it on a pallet to complete the action.""
        }
    ],
    ""requires_approval"": false,
    ""ambiguity_notes"": """"
}"
LG_TRIAL_00224,25,P25,Cat 3: Spatial-Relational,Pick the bracket situated between the two blue cylinders and palletize it.,Direct_LLM,2026,0.7,8d83b97,2026-10-03T21:32:11.396599Z,True,False,True,False,0.3333333333333333,False,0.9,0.7,False,4787.08,"{""plan_id"": ""PICK_BRACKET_001"", ""confidence"": 0.9, ""subgoals"": [""pick bracket"", ""palletize bracket""], ""actions"": [{""step"": 1, ""agent"": ""VisionAgent"", ""skill"": ""locate"", ""parameters"": {""object_id"": ""BRACKET_001"", ""target"": ""blue cylinders""}, ""reasoning"": ""Identify the blue cylinders as reference points to locate the bracket""}, {""step"": 2, ""agent"": ""ControlAgent"", ""skill"": ""pick"", ""parameters"": {""object_id"": ""BRACKET_001"", ""target"": ""pallet""}, ""reasoning"": ""Grasp and lift the bracket situated between the two blue cylinders""}, {""step"": 3, ""agent"": ""ControlAgent"", ""skill"": ""place"", ""parameters"": {""object_id"": ""BRACKET_001"", ""target"": ""pallet""}, ""reasoning"": ""Place the picked bracket on the pallet""}], ""requires_approval"": false, ""ambiguity_notes"": """"}","{  
  ""plan_id"": ""PICK_BRACKET_001"",
  ""confidence"": 0.9,
  ""subgoals"": [
    ""pick bracket"",
    ""palletize bracket""
  ],
  ""actions"": [
    {
      ""step"": 1,
      ""agent"": ""VisionAgent"",
      ""skill"": ""locate"",
      ""parameters"": {""object_id"": ""BRACKET_001"", ""target"": ""blue cylinders""},
      ""reasoning"": ""Identify the blue cylinders as reference points to locate the bracket""
    },
    {
      ""step"": 2,
      ""agent"": ""ControlAgent"",
      ""skill"": ""pick"",
      ""parameters"": {""object_id"": ""BRACKET_001"", ""target"": ""pallet""},
      ""reasoning"": ""Grasp and lift the bracket situated between the two blue cylinders""
    },
    {
      ""step"": 3,
      ""agent"": ""ControlAgent"",
      ""skill"": ""place"",
      ""parameters"": {""object_id"": ""BRACKET_001"", ""target"": ""pallet""},
      ""reasoning"": ""Place the picked bracket on the pallet""
    }
  ],
  ""requires_approval"": false,
  ""ambiguity_notes"": """"
}"
LG_TRIAL_00225,25,P25,Cat 3: Spatial-Relational,Pick the bracket situated between the two blue cylinders and palletize it.,SayCan,2026,0.7,8d83b97,2026-10-03T21:32:14.292674Z,True,False,True,True,0.6666666666666666,False,0.595,0.7,True,2895.87,"{""selected_primitive"": ""pick(grey_bracket)"", ""score"": 0.595}","{
  ""pick(blue_bolt)"": 0.05,
  ""pick(blue_cube)"": 0.01,
  ""pick(red_cylinder)"": 0.1,
  ""pick(red_housing)"": 0.03,
  ""pick(grey_bracket)"": 0.7,
  ""place(assembly_tray)"": 0.2,
  ""place(scrap_bin)"": 0.02,
  ""place(tray_pocket_1)"": 0.01,
  ""place(tray_pocket_2)"": 0.05,
  ""inspect(red_cylinder)"": 0.01,
  ""sweep(conveyor)"": 0.03,
  ""done()"": 0
}"
LG_TRIAL_00226,26,P26,Cat 3: Spatial-Relational,Move the topmost cube in the stack to the empty tray slot on the left.,ARIA_Dialogue_Planning,42,0.7,8d83b97,2026-10-03T21:32:19.037059Z,True,False,True,True,0.6666666666666666,False,1.0,0.7,True,4744.17,"{""plan_id"": ""move_cube_to_tray"", ""confidence"": 1.0, ""subgoals"": [""find_workpiece_good_2""], ""actions"": [{""step"": 1, ""agent"": ""AffordanceAgent"", ""skill"": ""pick"", ""reasoning"": ""The topmost cube in the stack is workpiece_good_2."", ""parameters"": {""object_id"": ""workpiece_good_2""}}, {""step"": 2, ""agent"": ""AffordanceAgent"", ""skill"": ""place"", ""reasoning"": ""Place workpiece_good_2 on the empty tray slot on the left."", ""parameters"": {""object_id"": ""workpiece_good_2"", ""target"": ""tray_slot_left""}}, {""step"": 3, ""agent"": ""AffordanceAgent"", ""skill"": ""pick"", ""reasoning"": ""Release workpiece_good_2 from the gripper."", ""parameters"": {""object_id"": ""workpiece_good_2""}}], ""requires_approval"": false, ""ambiguity_notes"": """"}","{ ""plan_id"": ""move_cube_to_tray"", ""confidence"": 1.0, ""subgoals"": [ ""find_workpiece_good_2"" ] , ""actions"": [ { ""step"": 1, ""agent"": ""AffordanceAgent"", ""skill"": ""pick"", ""reasoning"": ""The topmost cube in the stack is workpiece_good_2."", ""parameters"": { ""object_id"": ""workpiece_good_2"" } }, { ""step"": 2, ""agent"": ""AffordanceAgent"", ""skill"": ""place"", ""reasoning"": ""Place workpiece_good_2 on the empty tray slot on the left."", ""parameters"": { ""object_id"": ""workpiece_good_2"", ""target"": ""tray_slot_left"" } }, { ""step"": 3, ""agent"": ""AffordanceAgent"", ""skill"": ""pick"", ""reasoning"": ""Release workpiece_good_2 from the gripper."", ""parameters"": { ""object_id"": ""workpiece_good_2"" } } ], ""requires_approval"": false, ""ambiguity_notes"": """" }"
LG_TRIAL_00227,26,P26,Cat 3: Spatial-Relational,Move the topmost cube in the stack to the empty tray slot on the left.,Direct_LLM,42,0.7,8d83b97,2026-10-03T21:32:24.035777Z,True,False,True,True,0.6666666666666666,False,0.95,0.7,True,4998.56,"{""plan_id"": ""move_cube_to_tray"", ""confidence"": 0.95, ""subgoals"": [""Move topmost cube to tray""], ""actions"": [{""step"": 1, ""agent"": ""VisionAgent"", ""skill"": ""locate"", ""parameters"": {""object_id"": ""topmost_cube""}, ""reasoning"": ""Identify the topmost cube in the stack""}, {""step"": 2, ""agent"": ""ControlAgent"", ""skill"": ""pick"", ""parameters"": {""object_id"": ""topmost_cube"", ""target"": ""empty_tray_slot_left""}, ""reasoning"": ""Pick up the topmost cube from the stack""}, {""step"": 3, ""agent"": ""ControlAgent"", ""skill"": ""place"", ""parameters"": {""object_id"": ""topmost_cube"", ""target"": ""empty_tray_slot_left""}, ""reasoning"": ""Place the picked up topmost cube in the empty tray slot on the left""}], ""requires_approval"": false, ""ambiguity_notes"": """"}","{
  ""plan_id"": ""move_cube_to_tray"",
  ""confidence"": 0.95,
  ""subgoals"": [""Move topmost cube to tray""],
  ""actions"": [
    {
      ""step"": 1,
      ""agent"": ""VisionAgent"",
      ""skill"": ""locate"",
      ""parameters"": {""object_id"": ""topmost_cube""},
      ""reasoning"": ""Identify the topmost cube in the stack""
    },
    {
      ""step"": 2,
      ""agent"": ""ControlAgent"",
      ""skill"": ""pick"",
      ""parameters"": {""object_id"": ""topmost_cube"", ""target"": ""empty_tray_slot_left""},
      ""reasoning"": ""Pick up the topmost cube from the stack""
    },
    {
      ""step"": 3,
      ""agent"": ""ControlAgent"",
      ""skill"": ""place"",
      ""parameters"": {""object_id"": ""topmost_cube"", ""target"": ""empty_tray_slot_left""},
      ""reasoning"": ""Place the picked up topmost cube in the empty tray slot on the left""
    }
  ],
  ""requires_approval"": false,
  ""ambiguity_notes"": """"
}"
LG_TRIAL_00228,26,P26,Cat 3: Spatial-Relational,Move the topmost cube in the stack to the empty tray slot on the left.,SayCan,42,0.7,8d83b97,2026-10-03T21:32:27.145969Z,True,False,True,True,0.6666666666666666,False,0.44,0.7,True,3110.02,"{""selected_primitive"": ""pick(blue_cube)"", ""score"": 0.44}","{
  ""pick(blue_bolt)"": 0.0,
  ""pick(blue_cube)"": 0.5,
  ""pick(red_cylinder)"": 0.0,
  ""pick(red_housing)"": 0.0,
  ""pick(grey_bracket)"": 0.0,
  ""place(assembly_tray)"": 0.0,
  ""place(scrap_bin)"": 0.0,
  ""place(tray_pocket_1)"": 0.0,
  ""place(tray_pocket_2)"": 0.0,
  ""inspect(red_cylinder)"": 0.0,
  ""sweep(conveyor)"": 0.0,
  ""done()"": 0.0
}"
LG_TRIAL_00229,26,P26,Cat 3: Spatial-Relational,Move the topmost cube in the stack to the empty tray slot on the left.,ARIA_Dialogue_Planning,1337,0.7,8d83b97,2026-10-03T21:32:30.549908Z,True,True,True,True,1.0,False,1.0,0.7,True,3403.72,"{""plan_id"": ""move_cube_to_tray"", ""confidence"": 1.0, ""subgoals"": [""find_workpiece_good_2""], ""actions"": [{""step"": 1, ""agent"": ""AffordanceAgent"", ""skill"": ""pick"", ""reasoning"": ""pick the topmost cube in the stack"", ""parameters"": {""object_id"": ""workpiece_good_2""}}, {""step"": 2, ""agent"": ""AffordanceAgent"", ""skill"": ""place"", ""reasoning"": ""place the cube in the empty tray slot on the left"", ""parameters"": {""object_id"": ""workpiece_good_2"", ""target"": ""tray_slot_left""}}], ""requires_approval"": false, ""ambiguity_notes"": """"}","{ ""plan_id"": ""move_cube_to_tray"", ""confidence"": 1.0, ""subgoals"": [ ""find_workpiece_good_2"" ], ""actions"": [ { ""step"": 1, ""agent"": ""AffordanceAgent"", ""skill"": ""pick"", ""reasoning"": ""pick the topmost cube in the stack"", ""parameters"": {""object_id"": ""workpiece_good_2""} }, { ""step"": 2, ""agent"": ""AffordanceAgent"", ""skill"": ""place"", ""reasoning"": ""place the cube in the empty tray slot on the left"", ""parameters"": {""object_id"": ""workpiece_good_2"", ""target"": ""tray_slot_left""}} ], ""requires_approval"": false, ""ambiguity_notes"": """"}"
LG_TRIAL_00230,26,P26,Cat 3: Spatial-Relational,Move the topmost cube in the stack to the empty tray slot on the left.,Direct_LLM,1337,0.7,8d83b97,2026-10-03T21:32:35.085569Z,True,False,True,False,0.3333333333333333,False,0.9,0.7,False,4535.44,"{""plan_id"": ""CubeTransferPlan"", ""confidence"": 0.9, ""subgoals"": [""Move topmost cube to empty tray slot""], ""actions"": [{""step"": 1, ""agent"": ""ControlAgent"", ""skill"": ""pick"", ""parameters"": {""object_id"": ""cube_01"", ""target"": ""hand""}, ""reasoning"": ""Grasp the topmost cube in the stack""}, {""step"": 2, ""agent"": ""VisionAgent"", ""skill"": ""locate"", ""parameters"": {""object_id"": ""empty_tray_slot_left""}, ""reasoning"": ""Identify the empty tray slot on the left""}, {""step"": 3, ""agent"": ""ControlAgent"", ""skill"": ""place"", ""parameters"": {""object_id"": ""cube_01"", ""target"": ""empty_tray_slot_left""}, ""reasoning"": ""Place the cube in the empty tray slot on the left""}], ""requires_approval"": false, ""ambiguity_notes"": """"}","{
  ""plan_id"": ""CubeTransferPlan"",
  ""confidence"": 0.9,
  ""subgoals"": [""Move topmost cube to empty tray slot""],
  ""actions"": [
    {
      ""step"": 1,
      ""agent"": ""ControlAgent"",
      ""skill"": ""pick"",
      ""parameters"": {""object_id"": ""cube_01"", ""target"": ""hand""},
      ""reasoning"": ""Grasp the topmost cube in the stack""
    },
    {
      ""step"": 2,
      ""agent"": ""VisionAgent"",
      ""skill"": ""locate"",
      ""parameters"": {""object_id"": ""empty_tray_slot_left""},
      ""reasoning"": ""Identify the empty tray slot on the left""
    },
    {
      ""step"": 3,
      ""agent"": ""ControlAgent"",
      ""skill"": ""place"",
      ""parameters"": {""object_id"": ""cube_01"", ""target"": ""empty_tray_slot_left""},
      ""reasoning"": ""Place the cube in the empty tray slot on the left""
    }
  ],
  ""requires_approval"": false,
  ""ambiguity_notes"": """"
}"
LG_TRIAL_00231,26,P26,Cat 3: Spatial-Relational,Move the topmost cube in the stack to the empty tray slot on the left.,SayCan,1337,0.7,8d83b97,2026-10-03T21:32:38.003512Z,True,False,False,True,0.3333333333333333,False,0.0,0.7,False,2917.73,"{""selected_primitive"": ""pick(blue_bolt)"", ""score"": 0.0}","{
  ""pick(blue_bolt)"": 0.0,
  ""pick(blue_cube)"": 0.0,
  ""pick(red_cylinder)"": 0.0,
  ""pick(red_housing)"": 0.0,
  ""pick(grey_bracket)"": 0.0,
  ""place(assembly_tray)"": 0.2,
  ""place(scrap_bin)"": 0.0,
  ""place(tray_pocket_1)"": 0.0,
  ""place(tray_pocket_2)"": 0.0,
  ""inspect(red_cylinder)"": 0.0,
  ""sweep(conveyor)"": 0.0,
  ""done()"": 0.0
}"
LG_TRIAL_00232,26,P26,Cat 3: Spatial-Relational,Move the topmost cube in the stack to the empty tray slot on the left.,ARIA_Dialogue_Planning,2026,0.7,8d83b97,2026-10-03T21:32:42.093480Z,True,True,True,True,1.0,False,1.0,0.7,True,4089.69,"{""plan_id"": ""move_cube_to_tray"", ""confidence"": 1.0, ""subgoals"": [""identify_topmost_cube"", ""select_empty_tray_slot"", ""pick_and_place_cube""], ""actions"": [{""step"": 1, ""agent"": ""AffordanceAgent"", ""skill"": ""stack"", ""reasoning"": ""determine topmost cube in stack""}, {""step"": 2, ""agent"": ""AffordanceAgent"", ""skill"": ""pick"", ""reasoning"": ""select and pick identified cube""}, {""step"": 3, ""agent"": ""AffordanceAgent"", ""skill"": ""place"", ""reasoning"": ""place picked cube in empty tray slot on left""}], ""requires_approval"": false, ""ambiguity_notes"": """"}","{
    ""plan_id"": ""move_cube_to_tray"",
    ""confidence"": 1.0,
    ""subgoals"": [
        ""identify_topmost_cube"",
        ""select_empty_tray_slot"",
        ""pick_and_place_cube""
    ],
    ""actions"": [
        {
            ""step"": 1,
            ""agent"": ""AffordanceAgent"",
            ""skill"": ""stack"",
            ""reasoning"": ""determine topmost cube in stack""
        },
        {
            ""step"": 2,
            ""agent"": ""AffordanceAgent"",
            ""skill"": ""pick"",
            ""reasoning"": ""select and pick identified cube""
        },
        {
            ""step"": 3,
            ""agent"": ""AffordanceAgent"",
            ""skill"": ""place"",
            ""reasoning"": ""place picked cube in empty tray slot on left""
        }
    ],
    ""requires_approval"": false
  , ""ambiguity_notes"": """"
}"
LG_TRIAL_00233,26,P26,Cat 3: Spatial-Relational,Move the topmost cube in the stack to the empty tray slot on the left.,Direct_LLM,2026,0.7,8d83b97,2026-10-03T21:32:43.742616Z,True,False,True,True,0.6666666666666666,False,0.8,0.7,True,1648.95,"{""plan_id"": ""cube_to_tray_001"", ""confidence"": 0.8, ""subgoals"": [""move_topmost_cube""], ""actions"": [{""step"": 1, ""agent"": ""ControlAgent"", ""skill"": ""pick"", ""parameters"": {""object_id"": ""cube_000"", ""target"": ""tray_slot_left""}, ""reasoning"": ""select topmost cube in stack""}], ""requires_approval"": false, ""ambiguity_notes"": """"}","{""plan_id"":""cube_to_tray_001"",""confidence"":0.8,""subgoals"":[""move_topmost_cube""],""actions"":[{""step"":1,""agent"":""ControlAgent"",""skill"":""pick"",""parameters"":{""object_id"":""cube_000"",""target"":""tray_slot_left""},""reasoning"":""select topmost cube in stack""}],""requires_approval"":false,""ambiguity_notes"":""""}"
LG_TRIAL_00234,26,P26,Cat 3: Spatial-Relational,Move the topmost cube in the stack to the empty tray slot on the left.,SayCan,2026,0.7,8d83b97,2026-10-03T21:32:46.645618Z,True,False,False,True,0.3333333333333333,False,0.0,0.7,False,2902.83,"{""selected_primitive"": ""pick(blue_bolt)"", ""score"": 0.0}","{
  ""pick(blue_bolt)"": 0.0,
  ""pick(blue_cube)"": 0.0,
  ""pick(red_cylinder)"": 0.0,
  ""pick(red_housing)"": 0.0,
  ""pick(grey_bracket)"": 0.0,
  ""place(assembly_tray)"": 0.1,
  ""place(scrap_bin)"": 0.0,
  ""place(tray_pocket_1)"": 0.0,
  ""place(tray_pocket_2)"": 0.0,
  ""inspect(red_cylinder)"": 0.0,
  ""sweep(conveyor)"": 0.0,
  ""done()"": 0.0
}"
LG_TRIAL_00235,27,P27,Cat 3: Spatial-Relational,Grasp the component nearest to the optical inspection camera marker.,ARIA_Dialogue_Planning,42,0.7,8d83b97,2026-10-03T21:32:49.714116Z,True,True,False,True,0.6666666666666666,False,1.0,0.7,True,3068.28,"{""plan_id"": ""grasp_nearest_component"", ""confidence"": 1.0, ""subgoals"": [], ""actions"": [{""step"": 1, ""agent"": ""AffordanceAgent"", ""skill"": ""locate"", ""reasoning"": ""nearest_to_marker"", ""parameters"": {""object_id"": ""workpiece_good_1""}}, {""step"": 2, ""agent"": ""AffordanceAgent"", ""skill"": ""pick"", ""reasoning"": ""grasp"", ""parameters"": {""object_id"": ""workpiece_good_1""}}], ""requires_approval"": false, ""ambiguity_notes"": """"}","{ ""plan_id"": ""grasp_nearest_component"", ""confidence"": 1.00, ""subgoals"": [ ],""actions"": [
    { ""step"": 1, ""agent"": ""AffordanceAgent"", ""skill"": ""locate"", ""reasoning"": ""nearest_to_marker"", ""parameters"": {""object_id"": ""workpiece_good_1""} },
    { ""step"": 2, ""agent"": ""AffordanceAgent"", ""skill"": ""pick"", ""reasoning"": ""grasp"", ""parameters"": {""object_id"": ""workpiece_good_1""} }
] , ""requires_approval"": false, ""ambiguity_notes"": """"}"
LG_TRIAL_00236,27,P27,Cat 3: Spatial-Relational,Grasp the component nearest to the optical inspection camera marker.,Direct_LLM,42,0.7,8d83b97,2026-10-03T21:32:53.258390Z,True,False,True,False,0.3333333333333333,False,0.95,0.7,False,3544.07,"{""plan_id"": ""GraspComponent"", ""confidence"": 0.95, ""subgoals"": [""Locate nearest component to camera marker""], ""actions"": [{""step"": 1, ""agent"": ""VisionAgent"", ""skill"": ""locate"", ""parameters"": {""object_id"": ""nearest_component"", ""target"": ""camera_marker""}, ""reasoning"": ""Identify the nearest component to the camera marker""}, {""step"": 2, ""agent"": ""SkillAgent"", ""skill"": ""pick"", ""parameters"": {""object_id"": ""nearest_component"", ""target"": ""end_effector""}, ""reasoning"": ""Grasp the nearest component with the end effector""}], ""requires_approval"": false, ""ambiguity_notes"": """"}","{
  ""plan_id"": ""GraspComponent"",
  ""confidence"": 0.95,
  ""subgoals"": [""Locate nearest component to camera marker""],
  ""actions"": [
    {
      ""step"": 1,
      ""agent"": ""VisionAgent"",
      ""skill"": ""locate"",
      ""parameters"": {""object_id"": ""nearest_component"", ""target"": ""camera_marker""},
      ""reasoning"": ""Identify the nearest component to the camera marker""
    },
    {
      ""step"": 2,
      ""agent"": ""SkillAgent"",
      ""skill"": ""pick"",
      ""parameters"": {""object_id"": ""nearest_component"", ""target"": ""end_effector""},
      ""reasoning"": ""Grasp the nearest component with the end effector""
    }
  ],
  ""requires_approval"": false,
  ""ambiguity_notes"": """"
}"
LG_TRIAL_00237,27,P27,Cat 3: Spatial-Relational,Grasp the component nearest to the optical inspection camera marker.,SayCan,42,0.7,8d83b97,2026-10-03T21:32:56.226330Z,True,True,False,True,0.6666666666666666,False,0.792,0.7,True,2967.75,"{""selected_primitive"": ""pick(red_cylinder)"", ""score"": 0.792}","{
  ""pick(blue_bolt)"": 0.5,
  ""pick(blue_cube)"": 0.4,
  ""pick(red_cylinder)"": 0.9,
  ""pick(red_housing)"": 0.6,
  ""pick(grey_bracket)"": 0.3,
  ""place(assembly_tray)"": 0.1,
  ""place(scrap_bin)"": 0.2,
  ""place(tray_pocket_1)"": 0.7,
  ""place(tray_pocket_2)"": 0.8,
  ""inspect(red_cylinder)"": 0.5,
  ""sweep(conveyor)"": 0.6,
  ""done()"": 0.3
}"
LG_TRIAL_00238,27,P27,Cat 3: Spatial-Relational,Grasp the component nearest to the optical inspection camera marker.,ARIA_Dialogue_Planning,1337,0.7,8d83b97,2026-10-03T21:33:00.035618Z,True,True,True,True,1.0,False,1.0,0.7,True,3809.12,"{""plan_id"": ""grasp_nearest_component"", ""confidence"": 1.0, ""subgoals"": [""detect_optical_inspection_camera_marker"", ""identify_nearest_workpiece"", ""grasp_workpiece""], ""actions"": [{""step"": 1, ""agent"": ""AffordanceAgent"", ""skill"": ""locate"", ""reasoning"": ""find the location of the optical inspection camera marker in the workcell""}, {""step"": 2, ""agent"": ""AffordanceAgent"", ""skill"": ""sort"", ""reasoning"": ""identify and rank objects by their proximity to the optical inspection camera marker""}, {""step"": 3, ""agent"": ""AffordanceAgent"", ""skill"": ""pick"", ""reasoning"": ""grasp the workpiece identified as nearest to the optical inspection camera marker""}], ""requires_approval"": false, ""ambiguity_notes"": """"}","{ ""plan_id"": ""grasp_nearest_component"", ""confidence"": 1.00, ""subgoals"": [ ""detect_optical_inspection_camera_marker"", ""identify_nearest_workpiece"", ""grasp_workpiece"" ] , ""actions"": [ {""step"": 1, ""agent"": ""AffordanceAgent"", ""skill"": ""locate"", ""reasoning"": ""find the location of the optical inspection camera marker in the workcell""}, {""step"": 2, ""agent"": ""AffordanceAgent"", ""skill"": ""sort"", ""reasoning"": ""identify and rank objects by their proximity to the optical inspection camera marker""}, {""step"": 3, ""agent"": ""AffordanceAgent"", ""skill"": ""pick"", ""reasoning"": ""grasp the workpiece identified as nearest to the optical inspection camera marker""} ] , ""requires_approval"": false, ""ambiguity_notes"": """" }"
LG_TRIAL_00239,27,P27,Cat 3: Spatial-Relational,Grasp the component nearest to the optical inspection camera marker.,Direct_LLM,1337,0.7,8d83b97,2026-10-03T21:33:03.307309Z,True,False,True,False,0.3333333333333333,False,0.9,0.7,False,3271.49,"{""plan_id"": ""grasp_component"", ""confidence"": 0.9, ""subgoals"": [""Grasp component""], ""actions"": [{""step"": 1, ""agent"": ""VisionAgent"", ""skill"": ""locate"", ""parameters"": {""object_id"": ""component"", ""target"": ""nearest_component""}, ""reasoning"": ""Identify nearest component to optical inspection camera marker""}, {""step"": 2, ""agent"": ""ControlAgent"", ""skill"": ""pick"", ""parameters"": {""object_id"": ""component"", ""target"": ""nearest_component""}, ""reasoning"": ""Grasp the identified nearest component""}], ""requires_approval"": false, ""ambiguity_notes"": """"}","{
  ""plan_id"": ""grasp_component"",
  ""confidence"": 0.9,
  ""subgoals"": [""Grasp component""],
  ""actions"": [
    {
      ""step"": 1,
      ""agent"": ""VisionAgent"",
      ""skill"": ""locate"",
      ""parameters"": {""object_id"": ""component"", ""target"": ""nearest_component""},
      ""reasoning"": ""Identify nearest component to optical inspection camera marker""
    },
    {
      ""step"": 2,
      ""agent"": ""ControlAgent"",
      ""skill"": ""pick"",
      ""parameters"": {""object_id"": ""component"", ""target"": ""nearest_component""},
      ""reasoning"": ""Grasp the identified nearest component""
    }
  ],
  ""requires_approval"": false,
  ""ambiguity_notes"": """"
}"
LG_TRIAL_00240,27,P27,Cat 3: Spatial-Relational,Grasp the component nearest to the optical inspection camera marker.,SayCan,1337,0.7,8d83b97,2026-10-03T21:33:06.218835Z,True,True,False,True,0.6666666666666666,False,0.44,0.7,True,2911.22,"{""selected_primitive"": ""pick(red_cylinder)"", ""score"": 0.44}","{
  ""pick(blue_bolt)"": 0.0,
  ""pick(blue_cube)"": 0.0,
  ""pick(red_cylinder)"": 0.5,
  ""pick(red_housing)"": 0.0,
  ""pick(grey_bracket)"": 0.0,
  ""place(assembly_tray)"": 0.0,
  ""place(scrap_bin)"": 0.0,
  ""place(tray_pocket_1)"": 0.0,
  ""place(tray_pocket_2)"": 0.0,
  ""inspect(red_cylinder)"": 0.4,
  ""sweep(conveyor)"": 0.0,
  ""done()"": 0.0
}"
LG_TRIAL_00241,27,P27,Cat 3: Spatial-Relational,Grasp the component nearest to the optical inspection camera marker.,ARIA_Dialogue_Planning,2026,0.7,8d83b97,2026-10-03T21:33:11.247445Z,True,True,True,True,1.0,False,1.0,0.7,True,5028.45,"{""plan_id"": ""Grasp nearest component"", ""confidence"": 1.0, ""subgoals"": [""Locate optical inspection camera marker""], ""actions"": [{""step"": 1, ""agent"": ""AffordanceAgent"", ""skill"": ""locate"", ""reasoning"": ""Identify the location of the optical inspection camera marker in the workcell."", ""parameters"": {""object_id"": ""camera_marker""}}, {""step"": 2, ""agent"": ""AffordanceAgent"", ""skill"": ""sort"", ""reasoning"": ""Determine which component is nearest to the optical inspection camera marker."", ""parameters"": {""object_id"": ""camera_marker""}}, {""step"": 3, ""agent"": ""AffordanceAgent"", ""skill"": ""pick"", ""reasoning"": ""Grasp the component nearest to the optical inspection camera marker."", ""parameters"": {""object_id"": ""component_nearest_to_camera_marker""}}], ""requires_approval"": false, ""ambiguity_notes"": """"}","{

    ""plan_id"": ""Grasp nearest component"",
    ""confidence"": 1.0,
    ""subgoals"": [
        ""Locate optical inspection camera marker""
    ],
    ""actions"": [
        {
            ""step"": 1,
            ""agent"": ""AffordanceAgent"",
            ""skill"": ""locate"",
            ""reasoning"": ""Identify the location of the optical inspection camera marker in the workcell."",
            ""parameters"": {
                ""object_id"": ""camera_marker""
            }
        },
        {
            ""step"": 2,
            ""agent"": ""AffordanceAgent"",
            ""skill"": ""sort"",
            ""reasoning"": ""Determine which component is nearest to the optical inspection camera marker."",
            ""parameters"": {
                ""object_id"": ""camera_marker""
            }
        },
        {
            ""step"": 3,
            ""agent"": ""AffordanceAgent"",
            ""skill"": ""pick"",
            ""reasoning"": ""Grasp the component nearest to the optical inspection camera marker."",
            ""parameters"": {
                ""object_id"": ""component_nearest_to_camera_marker""
            }
        }
    ],
    ""requires_approval"": false,
    ""ambiguity_notes"": """"
}"
LG_TRIAL_00242,27,P27,Cat 3: Spatial-Relational,Grasp the component nearest to the optical inspection camera marker.,Direct_LLM,2026,0.7,8d83b97,2026-10-03T21:33:13.027916Z,True,False,True,True,0.6666666666666666,False,0.8,0.7,True,1780.24,"{""plan_id"": ""GraspComponentNearOpticalCamera"", ""confidence"": 0.8, ""subgoals"": [""Locate nearest component to optical inspection camera marker""], ""actions"": [{""step"": 1, ""agent"": ""VisionAgent"", ""skill"": ""locate"", ""parameters"": {""object_id"": ""component_nearest_to_marker""}, ""reasoning"": ""Find the nearest component in view of the optical inspection camera marker""}], ""requires_approval"": false, ""ambiguity_notes"": """"}","{""plan_id"":""GraspComponentNearOpticalCamera"",""confidence"":0.8,""subgoals"":[""Locate nearest component to optical inspection camera marker""],""actions"":[{""step"":1,""agent"":""VisionAgent"",""skill"":""locate"",""parameters"":{""object_id"":""component_nearest_to_marker""},""reasoning"":""Find the nearest component in view of the optical inspection camera marker""}],""requires_approval"":false,""ambiguity_notes"":""""}"
LG_TRIAL_00243,27,P27,Cat 3: Spatial-Relational,Grasp the component nearest to the optical inspection camera marker.,SayCan,2026,0.7,8d83b97,2026-10-03T21:33:15.304342Z,True,False,False,True,0.3333333333333333,False,0.738,0.7,False,2276.24,"{""selected_primitive"": ""inspect(red_cylinder)"", ""score"": 0.738}","{""pick(blue_bolt)"":0.5,""pick(blue_cube)"":0.4,""pick(red_cylinder)"":0.7,""pick(red_housing)"":0.3,""pick(grey_bracket)"":0.2,""place(assembly_tray)"":0.1,""place(scrap_bin)"":0.8,""place(tray_pocket_1)"":0.6,""place(tray_pocket_2)"":0.4,""inspect(red_cylinder)"":0.9,""sweep(conveyor)"":0.5,""done()"":0}"
LG_TRIAL_00244,28,P28,Cat 3: Spatial-Relational,Pick the cylinder placed directly in front of the calibration target.,ARIA_Dialogue_Planning,42,0.7,8d83b97,2026-10-03T21:33:19.255847Z,True,False,True,True,0.6666666666666666,False,1.0,0.7,True,3951.27,"{""plan_id"": ""pick_cylinder_plan"", ""confidence"": 1.0, ""subgoals"": [""locate_calibration_target"", ""detect_cylinder_in_front_of_calibration_target"", ""pickup_cylinder""], ""actions"": [{""step"": 1, ""agent"": ""AffordanceAgent"", ""skill"": ""locate"", ""reasoning"": ""Identify calibration target and its position in workcell.""}, {""step"": 2, ""agent"": ""AffordanceAgent"", ""skill"": ""pick"", ""reasoning"": ""Detect cylinder directly in front of calibration target and grasp it.""}, {""step"": 3, ""agent"": ""AffordanceAgent"", ""skill"": ""place"", ""reasoning"": ""Pick up detected cylinder and move it to a designated location.""}], ""requires_approval"": false, ""ambiguity_notes"": """"}","{ ""plan_id"": ""pick_cylinder_plan"", ""confidence"": 1.0, ""subgoals"": [ ""locate_calibration_target"", ""detect_cylinder_in_front_of_calibration_target"", ""pickup_cylinder"" ] , ""actions"": [ { ""step"": 1, ""agent"": ""AffordanceAgent"", ""skill"": ""locate"", ""reasoning"": ""Identify calibration target and its position in workcell."" }, { ""step"": 2, ""agent"": ""AffordanceAgent"", ""skill"": ""pick"", ""reasoning"": ""Detect cylinder directly in front of calibration target and grasp it."" }, { ""step"": 3, ""agent"": ""AffordanceAgent"", ""skill"": ""place"", ""reasoning"": ""Pick up detected cylinder and move it to a designated location."" } ] , ""requires_approval"": false, ""ambiguity_notes"": """" }"
LG_TRIAL_00245,28,P28,Cat 3: Spatial-Relational,Pick the cylinder placed directly in front of the calibration target.,Direct_LLM,42,0.7,8d83b97,2026-10-03T21:33:23.201082Z,True,False,True,False,0.3333333333333333,False,0.95,0.7,False,3945.0,"{""plan_id"": ""pick_cylinder_in_front_of_calibration_target"", ""confidence"": 0.95, ""subgoals"": [""pick""], ""actions"": [{""step"": 1, ""agent"": ""VisionAgent"", ""skill"": ""locate"", ""parameters"": {""object_id"": ""cylinder_directly_in_front_of_calibration_target"", ""target"": ""front""}, ""reasoning"": ""Identify the cylinder directly in front of the calibration target using visual recognition.""}, {""step"": 2, ""agent"": ""ControlAgent"", ""skill"": ""pick"", ""parameters"": {""object_id"": ""cylinder_directly_in_front_of_calibration_target"", ""target"": ""grasping_point""}, ""reasoning"": ""Move the robotic arm to the grasping point of the cylinder and pick it up.""}], ""requires_approval"": false, ""ambiguity_notes"": """"}","{
  ""plan_id"": ""pick_cylinder_in_front_of_calibration_target"",
  ""confidence"": 0.95,
  ""subgoals"": [""pick""],
  ""actions"": [
    {
      ""step"": 1,
      ""agent"": ""VisionAgent"",
      ""skill"": ""locate"",
      ""parameters"": {""object_id"": ""cylinder_directly_in_front_of_calibration_target"", ""target"": ""front""},
      ""reasoning"": ""Identify the cylinder directly in front of the calibration target using visual recognition.""
    },
    {
      ""step"": 2,
      ""agent"": ""ControlAgent"",
      ""skill"": ""pick"",
      ""parameters"": {""object_id"": ""cylinder_directly_in_front_of_calibration_target"", ""target"": ""grasping_point""},
      ""reasoning"": ""Move the robotic arm to the grasping point of the cylinder and pick it up.""
    }
  ],
  ""requires_approval"": false,
  ""ambiguity_notes"": """"
}"
LG_TRIAL_00246,28,P28,Cat 3: Spatial-Relational,Pick the cylinder placed directly in front of the calibration target.,SayCan,42,0.7,8d83b97,2026-10-03T21:33:26.170216Z,True,True,True,True,1.0,False,0.862,0.7,True,2968.88,"{""selected_primitive"": ""pick(red_cylinder)"", ""score"": 0.862}","{
  ""pick(blue_bolt)"": 0.01,
  ""pick(blue_cube)"": 0.02,
  ""pick(red_cylinder)"": 0.98,
  ""pick(red_housing)"": 0.00,
  ""pick(grey_bracket)"": 0.00,
  ""place(assembly_tray)"": 0.00,
  ""place(scrap_bin)"": 0.00,
  ""place(tray_pocket_1)"": 0.00,
  ""place(tray_pocket_2)"": 0.00,
  ""inspect(red_cylinder)"": 0.01,
  ""sweep(conveyor)"": 0.00,
  ""done()"": 0.00
}"
LG_TRIAL_00247,28,P28,Cat 3: Spatial-Relational,Pick the cylinder placed directly in front of the calibration target.,ARIA_Dialogue_Planning,1337,0.7,8d83b97,2026-10-03T21:33:29.789531Z,True,True,False,True,0.6666666666666666,False,1.0,0.7,True,3619.08,"{""plan_id"": ""pick_cylinder_plan"", ""confidence"": 1.0, ""subgoals"": [""locate_calibration_target"", ""find_cylinder_in_front_of_target"", ""pick_up_cylinder""], ""actions"": [{""step"": 1, ""agent"": ""AffordanceAgent"", ""skill"": ""locate"", ""reasoning"": ""use_vision"", ""parameters"": {""object_id"": ""workpiece_defect_1""}}, {""step"": 2, ""agent"": ""AffordanceAgent"", ""skill"": ""pick"", ""reasoning"": ""affordance-based"", ""parameters"": {""object_id"": ""workpiece_defect_1"", ""target"": ""gripper""}}], ""requires_approval"": false, ""ambiguity_notes"": """"}","{ ""plan_id"": ""pick_cylinder_plan"", ""confidence"": 1.0, ""subgoals"": [ ""locate_calibration_target"", ""find_cylinder_in_front_of_target"", ""pick_up_cylinder"" ] , ""actions"": [ { ""step"": 1, ""agent"": ""AffordanceAgent"", ""skill"": ""locate"", ""reasoning"": ""use_vision"", ""parameters"": {""object_id"": ""workpiece_defect_1""} }, { ""step"": 2, ""agent"": ""AffordanceAgent"", ""skill"": ""pick"", ""reasoning"": ""affordance-based"", ""parameters"": {""object_id"": ""workpiece_defect_1"", ""target"": ""gripper""} } ] , ""requires_approval"": false, ""ambiguity_notes"": """" }"
LG_TRIAL_00248,28,P28,Cat 3: Spatial-Relational,Pick the cylinder placed directly in front of the calibration target.,Direct_LLM,1337,0.7,8d83b97,2026-10-03T21:33:33.306122Z,True,False,True,False,0.3333333333333333,False,0.95,0.7,False,3516.43,"{""plan_id"": ""cylinder_picking_plan"", ""confidence"": 0.95, ""subgoals"": [""pick_cylinder""], ""actions"": [{""step"": 1, ""agent"": ""VisionAgent"", ""skill"": ""locate"", ""parameters"": {""object_id"": ""calibration_target"", ""target"": ""cylinder_in_front""}, ""reasoning"": ""Identify the cylinder in front of the calibration target""}, {""step"": 2, ""agent"": ""ControlAgent"", ""skill"": ""pick"", ""parameters"": {""object_id"": ""cylinder_in_front"", ""target"": ""gripper""}, ""reasoning"": ""Pick up the identified cylinder with the gripper""}], ""requires_approval"": false, ""ambiguity_notes"": """"}","{
  ""plan_id"": ""cylinder_picking_plan"",
  ""confidence"": 0.95,
  ""subgoals"": [""pick_cylinder""],
  ""actions"": [
    {
      ""step"": 1,
      ""agent"": ""VisionAgent"",
      ""skill"": ""locate"",
      ""parameters"": {""object_id"": ""calibration_target"", ""target"": ""cylinder_in_front""},
      ""reasoning"": ""Identify the cylinder in front of the calibration target""
    },
    {
      ""step"": 2,
      ""agent"": ""ControlAgent"",
      ""skill"": ""pick"",
      ""parameters"": {""object_id"": ""cylinder_in_front"", ""target"": ""gripper""},
      ""reasoning"": ""Pick up the identified cylinder with the gripper""
    }
  ],
  ""requires_approval"": false,
  ""ambiguity_notes"": """"
}"
LG_TRIAL_00249,28,P28,Cat 3: Spatial-Relational,Pick the cylinder placed directly in front of the calibration target.,SayCan,1337,0.7,8d83b97,2026-10-03T21:33:36.243607Z,True,True,True,True,1.0,False,0.88,0.7,True,2937.3,"{""selected_primitive"": ""pick(red_cylinder)"", ""score"": 0.88}","{
  ""pick(blue_bolt)"": 0.0,
  ""pick(blue_cube)"": 0.0,
  ""pick(red_cylinder)"": 1.0,
  ""pick(red_housing)"": 0.0,
  ""pick(grey_bracket)"": 0.0,
  ""place(assembly_tray)"": 0.0,
  ""place(scrap_bin)"": 0.0,
  ""place(tray_pocket_1)"": 0.0,
  ""place(tray_pocket_2)"": 0.0,
  ""inspect(red_cylinder)"": 0.0,
  ""sweep(conveyor)"": 0.0,
  ""done()"": 0.0
}"
LG_TRIAL_00250,28,P28,Cat 3: Spatial-Relational,Pick the cylinder placed directly in front of the calibration target.,ARIA_Dialogue_Planning,2026,0.7,8d83b97,2026-10-03T21:33:41.348509Z,True,False,False,True,0.3333333333333333,False,1.0,0.7,False,5104.68,"{""plan_id"": ""pick_cylinder_directly_in_front_of_calibration_target"", ""confidence"": 1.0, ""subgoals"": [""locate_calibration_target"", ""identify_cylinder_in_front_of_calibration_target""], ""actions"": [{""step"": 1, ""agent"": ""AffordanceAgent"", ""skill"": ""pick"", ""reasoning"": ""Select the appropriate gripper to pick up the cylinder."", ""parameters"": {""object_id"": ""workpiece_defect_1""}}, {""step"": 2, ""agent"": ""AffordanceAgent"", ""skill"": ""pick"", ""reasoning"": ""Pick up the identified cylinder from its current location."", ""parameters"": {""object_id"": ""workpiece_defect_1""}}, {""step"": 3, ""agent"": ""AffordanceAgent"", ""skill"": ""place"", ""reasoning"": ""Place the picked-up cylinder in a safe location."", ""parameters"": {""object_id"": ""workpiece_defect_1""}}], ""requires_approval"": false, ""ambiguity_notes"": """"}","{

    ""plan_id"": ""pick_cylinder_directly_in_front_of_calibration_target"",
    ""confidence"": 1.0,
    ""subgoals"": [
        ""locate_calibration_target"",
        ""identify_cylinder_in_front_of_calibration_target""
    ],
    ""actions"": [
        {
            ""step"": 1,
            ""agent"": ""AffordanceAgent"",
            ""skill"": ""pick"",
            ""reasoning"": ""Select the appropriate gripper to pick up the cylinder."",
            ""parameters"": {
                ""object_id"": ""workpiece_defect_1""
            }
        },
        {
            ""step"": 2,
            ""agent"": ""AffordanceAgent"",
            ""skill"": ""pick"",
            ""reasoning"": ""Pick up the identified cylinder from its current location."",
            ""parameters"": {
                ""object_id"": ""workpiece_defect_1""
            }
        },
        {
            ""step"": 3,
            ""agent"": ""AffordanceAgent"",
            ""skill"": ""place"",
            ""reasoning"": ""Place the picked-up cylinder in a safe location."",
            ""parameters"": {
                ""object_id"": ""workpiece_defect_1""
            }
        }
    ],
    ""requires_approval"": false,
    ""ambiguity_notes"": """"
}"
LG_TRIAL_00251,28,P28,Cat 3: Spatial-Relational,Pick the cylinder placed directly in front of the calibration target.,Direct_LLM,2026,0.7,8d83b97,2026-10-03T21:33:44.869887Z,True,False,True,False,0.3333333333333333,False,0.95,0.7,False,3521.11,"{""plan_id"": ""cylinder_picking_plan"", ""confidence"": 0.95, ""subgoals"": [""pick_cylinder""], ""actions"": [{""step"": 1, ""agent"": ""VisionAgent"", ""skill"": ""locate"", ""parameters"": {""object_id"": ""calibration_target"", ""target"": ""cylinder""}, ""reasoning"": ""Identify the cylinder directly in front of the calibration target""}, {""step"": 2, ""agent"": ""ControlAgent"", ""skill"": ""pick"", ""parameters"": {""object_id"": ""cylinder"", ""target"": ""workbench""}, ""reasoning"": ""Move to pick up the cylinder from its current location""}], ""requires_approval"": false, ""ambiguity_notes"": """"}","{  
  ""plan_id"": ""cylinder_picking_plan"",
  ""confidence"": 0.95,
  ""subgoals"": [""pick_cylinder""],
  ""actions"": [  
    {
      ""step"": 1,
      ""agent"": ""VisionAgent"",
      ""skill"": ""locate"",
      ""parameters"": {""object_id"": ""calibration_target"", ""target"": ""cylinder""},
      ""reasoning"": ""Identify the cylinder directly in front of the calibration target""
    },
    {
      ""step"": 2,
      ""agent"": ""ControlAgent"",
      ""skill"": ""pick"",
      ""parameters"": {""object_id"": ""cylinder"", ""target"": ""workbench""},
      ""reasoning"": ""Move to pick up the cylinder from its current location""
    }
  ],
  ""requires_approval"": false,
  ""ambiguity_notes"": """"
}"
LG_TRIAL_00252,28,P28,Cat 3: Spatial-Relational,Pick the cylinder placed directly in front of the calibration target.,SayCan,2026,0.7,8d83b97,2026-10-03T21:33:47.594525Z,True,True,True,True,1.0,False,0.836,0.7,True,2724.43,"{""selected_primitive"": ""pick(red_cylinder)"", ""score"": 0.836}","{ ""pick(blue_bolt)"": 0.0, ""pick(blue_cube)"": 0.0, ""pick(red_cylinder)"": 0.95, ""pick(red_housing)"": 0.05, ""pick(grey_bracket)"": 0.0, ""place(assembly_tray)"": 0.0, ""place(scrap_bin)"": 0.0, ""place(tray_pocket_1)"": 0.0, ""place(tray_pocket_2)"": 0.0, ""inspect(red_cylinder)"": 0.05, ""sweep(conveyor)"": 0.0, ""done()"": 0.0 }"
LG_TRIAL_00253,29,P29,Cat 3: Spatial-Relational,Transfer the red block adjacent to the defective workpiece into quarantine.,ARIA_Dialogue_Planning,42,0.7,8d83b97,2026-10-03T21:33:51.187661Z,True,True,True,True,1.0,False,1.0,0.7,True,3592.86,"{""plan_id"": ""transfer_red_block"", ""confidence"": 1.0, ""subgoals"": [""identify_red_workpiece"", ""move_workpiece_to_quarantine""], ""actions"": [{""step"": 1, ""agent"": ""AffordanceAgent"", ""skill"": ""pick"", ""reasoning"": ""Select red workpiece adjacent to defective workpiece."", ""parameters"": {""object_id"": ""workpiece_defect_2""}}, {""step"": 2, ""agent"": ""AffordanceAgent"", ""skill"": ""place"", ""reasoning"": ""Move selected red workpiece into quarantine."", ""parameters"": {""object_id"": ""workpiece_defect_2"", ""target"": ""quarantine_location""}}], ""requires_approval"": false, ""ambiguity_notes"": """"}","{ ""plan_id"": ""transfer_red_block"", ""confidence"": 1.00, ""subgoals"": [ ""identify_red_workpiece"", ""move_workpiece_to_quarantine"" ], ""actions"": [ { ""step"": 1, ""agent"": ""AffordanceAgent"", ""skill"": ""pick"", ""reasoning"": ""Select red workpiece adjacent to defective workpiece."", ""parameters"": {""object_id"": ""workpiece_defect_2""} }, { ""step"": 2, ""agent"": ""AffordanceAgent"", ""skill"": ""place"", ""reasoning"": ""Move selected red workpiece into quarantine."", ""parameters"": {""object_id"": ""workpiece_defect_2"", ""target"": ""quarantine_location""} } ], ""requires_approval"": false, ""ambiguity_notes"": """" }"
LG_TRIAL_00254,29,P29,Cat 3: Spatial-Relational,Transfer the red block adjacent to the defective workpiece into quarantine.,Direct_LLM,42,0.7,8d83b97,2026-10-03T21:33:55.004138Z,True,False,True,True,0.6666666666666666,False,0.85,0.7,True,3816.3,"{""plan_id"": ""block_transfer_001"", ""confidence"": 0.85, ""subgoals"": [""Transfer red block to quarantine""], ""actions"": [{""step"": 1, ""agent"": ""ControlAgent"", ""skill"": ""pick"", ""parameters"": {""object_id"": ""red_block_adjacent_to_defective"", ""target"": ""quarantine_bin""}, ""reasoning"": ""Identified red block adjacent to defective workpiece and assigned it a target location in quarantine""}, {""step"": 2, ""agent"": ""ControlAgent"", ""skill"": ""place"", ""parameters"": {""object_id"": ""red_block_adjacent_to_defective"", ""target"": ""quarantine_bin""}, ""reasoning"": ""Selected appropriate placement location within quarantine bin""}], ""requires_approval"": false, ""ambiguity_notes"": """"}","{
  ""plan_id"": ""block_transfer_001"",
  ""confidence"": 0.85,
  ""subgoals"": [""Transfer red block to quarantine""],
  ""actions"": [
    {
      ""step"": 1,
      ""agent"": ""ControlAgent"",
      ""skill"": ""pick"",
      ""parameters"": {""object_id"": ""red_block_adjacent_to_defective"", ""target"": ""quarantine_bin""},
      ""reasoning"": ""Identified red block adjacent to defective workpiece and assigned it a target location in quarantine""
    },
    {
      ""step"": 2,
      ""agent"": ""ControlAgent"",
      ""skill"": ""place"",
      ""parameters"": {""object_id"": ""red_block_adjacent_to_defective"", ""target"": ""quarantine_bin""},
      ""reasoning"": ""Selected appropriate placement location within quarantine bin""
    }
  ],
  ""requires_approval"": false,
  ""ambiguity_notes"": """"
}"
LG_TRIAL_00255,29,P29,Cat 3: Spatial-Relational,Transfer the red block adjacent to the defective workpiece into quarantine.,SayCan,42,0.7,8d83b97,2026-10-03T21:33:58.127314Z,True,False,True,True,0.6666666666666666,False,0.352,0.7,True,3122.99,"{""selected_primitive"": ""pick(red_cylinder)"", ""score"": 0.352}","{
  ""pick(blue_bolt)"": 0.0,
  ""pick(blue_cube)"": 0.0,
  ""pick(red_cylinder)"": 0.4,
  ""pick(red_housing)"": 0.2,
  ""pick(grey_bracket)"": 0.0,
  ""place(assembly_tray)"": 0.1,
  ""place(scrap_bin)"": 0.3,
  ""place(tray_pocket_1)"": 0.0,
  ""place(tray_pocket_2)"": 0.0,
  ""inspect(red_cylinder)"": 0.1,
  ""sweep(conveyor)"": 0.0,
  ""done()"": 0.0
}"
LG_TRIAL_00256,29,P29,Cat 3: Spatial-Relational,Transfer the red block adjacent to the defective workpiece into quarantine.,ARIA_Dialogue_Planning,1337,0.7,8d83b97,2026-10-03T21:34:02.070927Z,True,False,True,True,0.6666666666666666,False,1.0,0.7,True,3943.43,"{""plan_id"": ""transfer_red_block"", ""confidence"": 1.0, ""subgoals"": [""identify_defective_workpiece"", ""locate_red_block_adjacent"", ""move_red_block_to_quarantine""], ""actions"": [{""step"": 1, ""agent"": ""AffordanceAgent"", ""skill"": ""pick"", ""reasoning"": ""The red block is adjacent to the defective workpiece, so pick it up.""}, {""step"": 2, ""agent"": ""AffordanceAgent"", ""skill"": ""place"", ""reasoning"": ""Move the red block into quarantine.""}, {""step"": 3, ""agent"": ""AffordanceAgent"", ""skill"": ""push"", ""reasoning"": ""If the red block is in a position where it needs to be pushed to reach quarantine, do so.""}], ""requires_approval"": false, ""ambiguity_notes"": """"}","{ ""plan_id"": ""transfer_red_block"", ""confidence"": 1.00, ""subgoals"": [ ""identify_defective_workpiece"", ""locate_red_block_adjacent"", ""move_red_block_to_quarantine"" ] , ""actions"": [ { ""step"": 1, ""agent"": ""AffordanceAgent"", ""skill"": ""pick"", ""reasoning"": ""The red block is adjacent to the defective workpiece, so pick it up."" }, { ""step"": 2, ""agent"": ""AffordanceAgent"", ""skill"": ""place"", ""reasoning"": ""Move the red block into quarantine."" }, { ""step"": 3, ""agent"": ""AffordanceAgent"", ""skill"": ""push"", ""reasoning"": ""If the red block is in a position where it needs to be pushed to reach quarantine, do so."" } ] , ""requires_approval"": false, ""ambiguity_notes"": """" }"
LG_TRIAL_00257,29,P29,Cat 3: Spatial-Relational,Transfer the red block adjacent to the defective workpiece into quarantine.,Direct_LLM,1337,0.7,8d83b97,2026-10-03T21:34:05.803822Z,True,False,True,True,0.6666666666666666,False,0.95,0.7,True,3732.71,"{""plan_id"": ""TransferRedBlockToQuarantine"", ""confidence"": 0.95, ""subgoals"": [""Move red block to quarantine""], ""actions"": [{""step"": 1, ""agent"": ""ControlAgent"", ""skill"": ""pick"", ""parameters"": {""object_id"": ""red_block_adjacent_to_defective_workpiece"", ""target"": ""quarantine""}, ""reasoning"": ""Move the red block adjacent to the defective workpiece to quarantine""}, {""step"": 2, ""agent"": ""ControlAgent"", ""skill"": ""place"", ""parameters"": {""object_id"": ""red_block_adjacent_to_defective_workpiece"", ""target"": ""quarantine""}, ""reasoning"": ""Place the red block in quarantine""}], ""requires_approval"": false, ""ambiguity_notes"": """"}","{
  ""plan_id"": ""TransferRedBlockToQuarantine"",
  ""confidence"": 0.95,
  ""subgoals"": [""Move red block to quarantine""],
  ""actions"": [
    {
      ""step"": 1,
      ""agent"": ""ControlAgent"",
      ""skill"": ""pick"",
      ""parameters"": {""object_id"": ""red_block_adjacent_to_defective_workpiece"", ""target"": ""quarantine""},
      ""reasoning"": ""Move the red block adjacent to the defective workpiece to quarantine""
    },
    {
      ""step"": 2,
      ""agent"": ""ControlAgent"",
      ""skill"": ""place"",
      ""parameters"": {""object_id"": ""red_block_adjacent_to_defective_workpiece"", ""target"": ""quarantine""},
      ""reasoning"": ""Place the red block in quarantine""
    }
  ],
  ""requires_approval"": false,
  ""ambiguity_notes"": """"
}"
LG_TRIAL_00258,29,P29,Cat 3: Spatial-Relational,Transfer the red block adjacent to the defective workpiece into quarantine.,SayCan,1337,0.7,8d83b97,2026-10-03T21:34:08.711679Z,True,False,True,True,0.6666666666666666,False,0.088,0.7,True,2907.66,"{""selected_primitive"": ""pick(red_cylinder)"", ""score"": 0.088}","{
  ""pick(blue_bolt)"": 0.0,
  ""pick(blue_cube)"": 0.0,
  ""pick(red_cylinder)"": 0.1,
  ""pick(red_housing)"": 0.0,
  ""pick(grey_bracket)"": 0.0,
  ""place(assembly_tray)"": 0.0,
  ""place(scrap_bin)"": 0.0,
  ""place(tray_pocket_1)"": 0.0,
  ""place(tray_pocket_2)"": 0.0,
  ""inspect(red_cylinder)"": 0.1,
  ""sweep(conveyor)"": 0.0,
  ""done()"": 0.0
}"
LG_TRIAL_00259,29,P29,Cat 3: Spatial-Relational,Transfer the red block adjacent to the defective workpiece into quarantine.,ARIA_Dialogue_Planning,2026,0.7,8d83b97,2026-10-03T21:34:12.530669Z,True,True,False,True,0.6666666666666666,False,1.0,0.7,True,3818.78,"{""plan_id"": ""transfer_red_block_to_quarantine"", ""confidence"": 1.0, ""subgoals"": [""identify_red_block""], ""actions"": [{""step"": 1, ""agent"": ""AffordanceAgent"", ""skill"": ""pick"", ""reasoning"": ""Pick up the red block adjacent to workpiece_defect_1."", ""parameters"": {""object_id"": ""workpiece_defect_2""}}, {""step"": 2, ""agent"": ""AffordanceAgent"", ""skill"": ""place"", ""reasoning"": ""Place the picked red block in quarantine."", ""parameters"": {""object_id"": ""quarantine_bin""}}], ""requires_approval"": false, ""ambiguity_notes"": """"}","{

    ""plan_id"": ""transfer_red_block_to_quarantine"",
    ""confidence"": 1.0,
    ""subgoals"": [
        ""identify_red_block""
    ],
    ""actions"": [
        {
            ""step"": 1,
            ""agent"": ""AffordanceAgent"",
            ""skill"": ""pick"",
            ""reasoning"": ""Pick up the red block adjacent to workpiece_defect_1."",
            ""parameters"": {
                ""object_id"": ""workpiece_defect_2""
            }
        },
        {
            ""step"": 2,
            ""agent"": ""AffordanceAgent"",
            ""skill"": ""place"",
            ""reasoning"": ""Place the picked red block in quarantine."",
            ""parameters"": {
                ""object_id"": ""quarantine_bin""
            }
        }
    ],
    ""requires_approval"": false,
    ""ambiguity_notes"": """"
}"
LG_TRIAL_00260,29,P29,Cat 3: Spatial-Relational,Transfer the red block adjacent to the defective workpiece into quarantine.,Direct_LLM,2026,0.7,8d83b97,2026-10-03T21:34:14.236765Z,True,False,True,True,0.6666666666666666,False,0.9,0.7,True,1705.89,"{""plan_id"": ""TransferRedBlockToQuarantine"", ""confidence"": 0.9, ""subgoals"": [""Move red block to quarantine""], ""actions"": [{""step"": 1, ""agent"": ""ControlAgent"", ""skill"": ""pick"", ""parameters"": {""object_id"": ""red_block"", ""target"": ""quarantine""}, ""reasoning"": ""Identify and grasp the adjacent red block""}], ""requires_approval"": false, ""ambiguity_notes"": """"}","{""plan_id"":""TransferRedBlockToQuarantine"",""confidence"":0.9,""subgoals"":[""Move red block to quarantine""],""actions"":[{""step"":1,""agent"":""ControlAgent"",""skill"":""pick"",""parameters"":{""object_id"":""red_block"",""target"":""quarantine""},""reasoning"":""Identify and grasp the adjacent red block""}],""requires_approval"":false,""ambiguity_notes"":""""}"
LG_TRIAL_00261,29,P29,Cat 3: Spatial-Relational,Transfer the red block adjacent to the defective workpiece into quarantine.,SayCan,2026,0.7,8d83b97,2026-10-03T21:34:17.148245Z,True,False,True,True,0.6666666666666666,False,0.308,0.7,True,2911.34,"{""selected_primitive"": ""pick(red_cylinder)"", ""score"": 0.308}","{
  ""pick(blue_bolt)"": 0.02,
  ""pick(blue_cube)"": 0.05,
  ""pick(red_cylinder)"": 0.35,
  ""pick(red_housing)"": 0.15,
  ""pick(grey_bracket)"": 0.05,
  ""place(assembly_tray)"": 0.0,
  ""place(scrap_bin)"": 0.1,
  ""place(tray_pocket_1)"": 0.0,
  ""place(tray_pocket_2)"": 0.0,
  ""inspect(red_cylinder)"": 0.0,
  ""sweep(conveyor)"": 0.05,
  ""done()"": 0.0
}"
LG_TRIAL_00262,30,P30,Cat 3: Spatial-Relational,Pick the workpiece positioned furthest along the positive X-axis.,ARIA_Dialogue_Planning,42,0.7,8d83b97,2026-10-03T21:34:22.133585Z,True,True,True,True,1.0,False,1.0,0.7,True,4985.12,"{""plan_id"": ""pick_workpiece_furthest_along_positive_X_axis"", ""confidence"": 1.0, ""subgoals"": [""get_current_workcell_state"", ""identify_workpieces_positioned_furthest_along_positive_X_axis"", ""move_gripper_to_workpiece_identified""], ""actions"": [{""step"": 1, ""agent"": ""AffordanceAgent"", ""skill"": ""inspect"", ""reasoning"": ""Get current state of the workcell to determine objects and their positions.""}, {""step"": 2, ""agent"": ""AffordanceAgent"", ""skill"": ""locate"", ""reasoning"": ""Identify which workpiece is positioned furthest along the positive X-axis based on object properties and spatial relationships.""}, {""step"": 3, ""agent"": ""AffordanceAgent"", ""skill"": ""pick"", ""reasoning"": ""Move gripper to the identified workpiece's position and grasp it securely, taking into account the object's size, shape, and orientation in space.""}], ""requires_approval"": false, ""ambiguity_notes"": """"}","{ ""plan_id"": ""pick_workpiece_furthest_along_positive_X_axis"",
""confidence"": 1.0,
""subgoals"":
[
    ""get_current_workcell_state"",
    ""identify_workpieces_positioned_furthest_along_positive_X_axis"",
    ""move_gripper_to_workpiece_identified""
],
""actions"":
[
    {
        ""step"": 1,
        ""agent"": ""AffordanceAgent"",
        ""skill"": ""inspect"",
        ""reasoning"": ""Get current state of the workcell to determine objects and their positions.""
    },
    {
        ""step"": 2,
        ""agent"": ""AffordanceAgent"",
        ""skill"": ""locate"",
        ""reasoning"": ""Identify which workpiece is positioned furthest along the positive X-axis based on object properties and spatial relationships.""
    },
    {
        ""step"": 3,
        ""agent"": ""AffordanceAgent"",
        ""skill"": ""pick"",
        ""reasoning"": ""Move gripper to the identified workpiece's position and grasp it securely, taking into account the object's size, shape, and orientation in space.""
    }
],
""requires_approval"": false,
""ambiguity_notes"": """"
}"
LG_TRIAL_00263,30,P30,Cat 3: Spatial-Relational,Pick the workpiece positioned furthest along the positive X-axis.,Direct_LLM,42,0.7,8d83b97,2026-10-03T21:34:24.957963Z,False,False,True,True,0.6666666666666666,False,0.95,0.7,False,2824.18,"{""plan_id"": ""PickWorkpieceAlongXAxis"", ""confidence"": 0.95, ""subgoals"": [""Position arm at furthest workpiece""], ""actions"": [{""step"": 1, ""agent"": ""ControlAgent"", ""skill"": ""move"", ""parameters"": {""object_id"": ""workpiece_123"", ""target"": ""x=10,y=5,z=2""}, ""reasoning"": ""Move arm to the furthest workpiece along the positive X-axis""}], ""requires_approval"": false, ""ambiguity_notes"": """"}","{
  ""plan_id"": ""PickWorkpieceAlongXAxis"",
  ""confidence"": 0.95,
  ""subgoals"": [""Position arm at furthest workpiece""],
  ""actions"": [
    {
      ""step"": 1,
      ""agent"": ""ControlAgent"",
      ""skill"": ""move"",
      ""parameters"": {""object_id"": ""workpiece_123"", ""target"": ""x=10,y=5,z=2""},
      ""reasoning"": ""Move arm to the furthest workpiece along the positive X-axis""
    }
  ],
  ""requires_approval"": false,
  ""ambiguity_notes"": """"
}"
LG_TRIAL_00264,30,P30,Cat 3: Spatial-Relational,Pick the workpiece positioned furthest along the positive X-axis.,SayCan,42,0.7,8d83b97,2026-10-03T21:34:28.021597Z,True,True,False,True,0.6666666666666666,False,0.22,0.7,True,3063.47,"{""selected_primitive"": ""pick(blue_cube)"", ""score"": 0.22}","{
  ""pick(blue_bolt)"": 0.05,
  ""pick(blue_cube)"": 0.25,
  ""pick(red_cylinder)"": 0.15,
  ""pick(red_housing)"": 0.1,
  ""pick(grey_bracket)"": 0.2,
  ""place(assembly_tray)"": 0.0,
  ""place(scrap_bin)"": 0.0,
  ""place(tray_pocket_1)"": 0.0,
  ""place(tray_pocket_2)"": 0.0,
  ""inspect(red_cylinder)"": 0.0,
  ""sweep(conveyor)"": 0.0,
  ""done()"": 0.3
}"
LG_TRIAL_00265,30,P30,Cat 3: Spatial-Relational,Pick the workpiece positioned furthest along the positive X-axis.,ARIA_Dialogue_Planning,1337,0.7,8d83b97,2026-10-03T21:34:30.325903Z,True,True,True,True,1.0,False,1.0,0.7,True,2304.11,"{""plan_id"": ""pick_workpiece_positive_x"", ""confidence"": 1.0, ""subgoals"": [], ""actions"": [{""step"": 1, ""agent"": ""AffordanceAgent"", ""skill"": ""pick"", ""reasoning"": ""Pick the workpiece positioned furthest along the positive X-axis."", ""parameters"": {""object_id"": ""workpiece_good_1""}}], ""requires_approval"": false, ""ambiguity_notes"": """"}","{ ""plan_id"": ""pick_workpiece_positive_x"", ""confidence"": 1.00, ""subgoals"": [ ],""actions"": [{ ""step"": 1, ""agent"": ""AffordanceAgent"", ""skill"": ""pick"", ""reasoning"": ""Pick the workpiece positioned furthest along the positive X-axis."", ""parameters"": {""object_id"": ""workpiece_good_1""}}] , ""requires_approval"": false, ""ambiguity_notes"": """"}"
LG_TRIAL_00266,30,P30,Cat 3: Spatial-Relational,Pick the workpiece positioned furthest along the positive X-axis.,Direct_LLM,1337,0.7,8d83b97,2026-10-03T21:34:33.840110Z,True,False,True,False,0.3333333333333333,False,0.95,0.7,False,3514.05,"{""plan_id"": ""pick_workpiece"", ""confidence"": 0.95, ""subgoals"": [""Pick workpiece""], ""actions"": [{""step"": 1, ""agent"": ""VisionAgent"", ""skill"": ""locate"", ""parameters"": {""object_id"": ""workpiece"", ""target"": ""furthest_x_axis""}, ""reasoning"": ""Identify the workpiece positioned furthest along the positive X-axis""}, {""step"": 2, ""agent"": ""ControlAgent"", ""skill"": ""pick"", ""parameters"": {""object_id"": ""workpiece"", ""target"": ""gripper""}, ""reasoning"": ""Move to the identified workpiece and pick it up with the gripper""}], ""requires_approval"": false, ""ambiguity_notes"": """"}","{
  ""plan_id"": ""pick_workpiece"",
  ""confidence"": 0.95,
  ""subgoals"": [""Pick workpiece""],
  ""actions"": [
    {
      ""step"": 1,
      ""agent"": ""VisionAgent"",
      ""skill"": ""locate"",
      ""parameters"": {""object_id"": ""workpiece"", ""target"": ""furthest_x_axis""},
      ""reasoning"": ""Identify the workpiece positioned furthest along the positive X-axis""
    },
    {
      ""step"": 2,
      ""agent"": ""ControlAgent"",
      ""skill"": ""pick"",
      ""parameters"": {""object_id"": ""workpiece"", ""target"": ""gripper""},
      ""reasoning"": ""Move to the identified workpiece and pick it up with the gripper""
    }
  ],
  ""requires_approval"": false,
  ""ambiguity_notes"": """"
}"
LG_TRIAL_00267,30,P30,Cat 3: Spatial-Relational,Pick the workpiece positioned furthest along the positive X-axis.,SayCan,1337,0.7,8d83b97,2026-10-03T21:34:36.783928Z,True,True,False,True,0.6666666666666666,False,0.88,0.7,True,2943.66,"{""selected_primitive"": ""pick(red_housing)"", ""score"": 0.88}","{
  ""pick(blue_bolt)"": 0.25,
  ""pick(blue_cube)"": 0.5,
  ""pick(red_cylinder)"": 0.75,
  ""pick(red_housing)"": 1.0,
  ""pick(grey_bracket)"": 0.0,
  ""place(assembly_tray)"": 0.0,
  ""place(scrap_bin)"": 0.0,
  ""place(tray_pocket_1)"": 0.0,
  ""place(tray_pocket_2)"": 0.0,
  ""inspect(red_cylinder)"": 0.0,
  ""sweep(conveyor)"": 0.0,
  ""done()"": 0.0
}"
LG_TRIAL_00268,30,P30,Cat 3: Spatial-Relational,Pick the workpiece positioned furthest along the positive X-axis.,ARIA_Dialogue_Planning,2026,0.7,8d83b97,2026-10-03T21:34:42.470466Z,False,True,True,True,1.0,True,0.5,0.7,False,5686.39,{},"{

    ""plan_id"": ""pick_workpiece_furthest_along_positive_x_axis"",
    ""confidence"": 1,
    ""subgoals"": [
        ""Identify workpieces along the positive X-axis."",
        ""Determine which workpiece is positioned furthest along the positive X-axis."",
        ""Pick the identified workpiece.""
    ],
    ""actions"": [
        {
            ""step"": 1,
            ""agent"": ""AffordanceAgent"",
            ""skill"": ""locate"",
            ""reasoning"": ""Identify workpieces along the positive X-axis by using visual perception and object recognition."",
            ""parameters"": {""object_id"": ""workpiece_good_1"", ""direction"": ""+X""}
        },
        {
            ""step"": 2,
            ""agent"": ""AffordanceAgent"",
            ""skill"": ""locate"",
            ""reasoning"": ""Identify workpieces along the positive X-axis by using visual perception and object recognition."",
            ""parameters"": {""object_id"": ""workpiece_good_2"", ""direction"": ""+X""}
        },
        {
            ""step"": 3,
            ""agent"": ""AffordanceAgent"",
            ""skill"": ""locate"",
            ""reasoning"": ""Identify workpieces along the positive X-axis by using visual perception and object recognition."",
            ""parameters"": {""object_id"": ""workpiece_defect_1"", ""direction"": ""+X""}
        },
        {
           "
LG_TRIAL_00269,30,P30,Cat 3: Spatial-Relational,Pick the workpiece positioned furthest along the positive X-axis.,Direct_LLM,2026,0.7,8d83b97,2026-10-03T21:34:44.191646Z,True,False,True,False,0.3333333333333333,False,1.0,0.7,False,1720.99,"{""plan_id"": ""task_001"", ""confidence"": 1.0, ""subgoals"": [""Pick workpiece positioned furthest along positive X-axis""], ""actions"": [{""step"": 1, ""agent"": ""VisionAgent"", ""skill"": ""locate"", ""parameters"": {""object_id"": """", ""target"": ""X-axis""}, ""reasoning"": ""Identify workpiece position""}], ""requires_approval"": false, ""ambiguity_notes"": """"}","{""plan_id"":""task_001"",""confidence"":1.0,""subgoals"":[""Pick workpiece positioned furthest along positive X-axis""],""actions"":[{""step"":1,""agent"":""VisionAgent"",""skill"":""locate"",""parameters"":{""object_id"":"""",""target"":""X-axis""},""reasoning"":""Identify workpiece position""}],""requires_approval"":false,""ambiguity_notes"":""""}"
LG_TRIAL_00270,30,P30,Cat 3: Spatial-Relational,Pick the workpiece positioned furthest along the positive X-axis.,SayCan,2026,0.7,8d83b97,2026-10-03T21:34:47.172027Z,True,True,True,True,1.0,False,0.68,0.7,True,2980.23,"{""selected_primitive"": ""pick(grey_bracket)"", ""score"": 0.68}","{
  ""pick(blue_bolt)"": 0.1,
  ""pick(blue_cube)"": 0.4,
  ""pick(red_cylinder)"": 0.3,
  ""pick(red_housing)"": 0.2,
  ""pick(grey_bracket)"": 0.8,
  ""place(assembly_tray)"": 0.0,
  ""place(scrap_bin)"": 0.0,
  ""place(tray_pocket_1)"": 0.0,
  ""place(tray_pocket_2)"": 0.0,
  ""inspect(red_cylinder)"": 0.0,
  ""sweep(conveyor)"": 0.0,
  ""done()"": 0.0
}"
LG_TRIAL_00271,31,P31,Cat 4: Compound Multi-Step,"Grasp the blue bracket, reorient it 45 degrees via in-hand pivoting, and stack it.",ARIA_Dialogue_Planning,42,0.7,8d83b97,2026-10-03T21:34:52.972796Z,True,False,True,True,0.6666666666666666,False,1.0,0.7,True,5800.55,"{""plan_id"": ""grasp_and_stack"", ""confidence"": 1.0, ""subgoals"": [""grasp_blue_bracket""], ""actions"": [{""step"": 1, ""agent"": ""AffordanceAgent"", ""skill"": ""pick"", ""reasoning"": ""Grasp the blue bracket"", ""parameters"": {""object_id"": ""grey_bracket"", ""direction"": ""downward""}}, {""step"": 2, ""agent"": ""AffordanceAgent"", ""skill"": ""pull"", ""reasoning"": ""Move to the correct position for in-hand pivoting"", ""parameters"": {""direction"": ""45_degrees"", ""distance_m"": 0.1}}, {""step"": 3, ""agent"": ""AffordanceAgent"", ""skill"": ""stack"", ""reasoning"": ""Stack the reoriented bracket on top of other objects in workcell"", ""parameters"": {""object_id"": ""workpiece_good_1"", ""direction"": ""upward""}}, {""step"": 4, ""agent"": ""AffordanceAgent"", ""skill"": ""place"", ""reasoning"": ""Place the stacked bracket to prevent it from falling over"", ""parameters"": {""object_id"": ""grey_bracket"", ""direction"": ""downward""}}], ""requires_approval"": false, ""ambiguity_notes"": """"}","{ ""plan_id"": ""grasp_and_stack"", ""confidence"": 1.00, ""subgoals"": [ ""grasp_blue_bracket"" ], ""actions"": [ { ""step"": 1, ""agent"": ""AffordanceAgent"", ""skill"": ""pick"", ""reasoning"": ""Grasp the blue bracket"", ""parameters"": { ""object_id"": ""grey_bracket"", ""direction"": ""downward"" } }, { ""step"": 2, ""agent"": ""AffordanceAgent"", ""skill"": ""pull"", ""reasoning"": ""Move to the correct position for in-hand pivoting"", ""parameters"": { ""direction"": ""45_degrees"", ""distance_m"": 0.1 } }, { ""step"": 3, ""agent"": ""AffordanceAgent"", ""skill"": ""stack"", ""reasoning"": ""Stack the reoriented bracket on top of other objects in workcell"", ""parameters"": { ""object_id"": ""workpiece_good_1"", ""direction"": ""upward"" } }, { ""step"": 4, ""agent"": ""AffordanceAgent"", ""skill"": ""place"", ""reasoning"": ""Place the stacked bracket to prevent it from falling over"", ""parameters"": { ""object_id"": ""grey_bracket"", ""direction"": ""downward"" } } ], ""requires_approval"": false, ""ambiguity_notes"": """" }

  "
LG_TRIAL_00272,31,P31,Cat 4: Compound Multi-Step,"Grasp the blue bracket, reorient it 45 degrees via in-hand pivoting, and stack it.",Direct_LLM,42,0.7,8d83b97,2026-10-03T21:34:58.682718Z,False,False,True,True,0.6666666666666666,False,0.7,0.7,False,5709.75,{},"{
  ""plan_id"": ""GraspAndStackPlan"",
  ""confidence"": 0.95,
  ""subgoals"": [""Grasp blue bracket"", ""Reorient blue bracket via in-hand pivoting""],
  ""actions"": [
    {
      ""step"": 1,
      ""agent"": ""VisionAgent"",
      ""skill"": ""locate"",
      ""parameters"": {""object_id"": ""blue_bracket"", ""target"": ""gripper""},
      ""reasoning"": ""Identify blue bracket's location for grasping""
    },
    {
      ""step"": 2,
      ""agent"": ""ControlAgent"",
      ""skill"": ""pick"",
      ""parameters"": {""object_id"": ""blue_bracket"", ""target"": ""gripper""},
      ""reasoning"": ""Grasp the blue bracket""
    },
    {
      ""step"": 3,
      ""agent"": ""AffordanceAgent"",
      ""skill"": ""rotate"",
      ""parameters"": {""object_id"": ""blue_bracket"", ""rotation"": ""45 degrees""},
      ""reasoning"": ""Reorient the blue bracket via in-hand pivoting""
    },
    {
      ""step"": 4,
      ""agent"": ""ControlAgent"",
      ""skill"": ""place"",
      ""parameters"": {""object_id"": ""blue_bracket"", ""target"": ""stack""},
      ""reasoning"": ""Stack the reoriented blue bracket""
    }
  ],
  ""requires_approval"": false"
LG_TRIAL_00273,31,P31,Cat 4: Compound Multi-Step,"Grasp the blue bracket, reorient it 45 degrees via in-hand pivoting, and stack it.",SayCan,42,0.7,8d83b97,2026-10-03T21:35:01.659829Z,True,False,True,True,0.6666666666666666,False,0.475,0.7,True,2976.92,"{""selected_primitive"": ""done()"", ""score"": 0.475}","{
  ""pick(blue_bolt)"": 0.05,
  ""pick(blue_cube)"": 0.0,
  ""pick(red_cylinder)"": 0.0,
  ""pick(red_housing)"": 0.0,
  ""pick(grey_bracket)"": 0.1,
  ""place(assembly_tray)"": 0.0,
  ""place(scrap_bin)"": 0.0,
  ""place(tray_pocket_1)"": 0.0,
  ""place(tray_pocket_2)"": 0.0,
  ""inspect(red_cylinder)"": 0.0,
  ""sweep(conveyor)"": 0.0,
  ""done()"": 0.95
}"
LG_TRIAL_00274,31,P31,Cat 4: Compound Multi-Step,"Grasp the blue bracket, reorient it 45 degrees via in-hand pivoting, and stack it.",ARIA_Dialogue_Planning,1337,0.7,8d83b97,2026-10-03T21:35:06.289698Z,True,True,True,True,1.0,False,1.0,0.7,True,4629.67,"{""plan_id"": ""stack_bracket_plan"", ""confidence"": 1.0, ""subgoals"": [""grasp_blue_bracket""], ""actions"": [{""step"": 1, ""agent"": ""AffordanceAgent"", ""skill"": ""pull"", ""reasoning"": ""affordance_reasoning"", ""parameters"": {""object_id"": ""grey_bracket"", ""direction"": ""up""}}, {""step"": 2, ""agent"": ""AffordanceAgent"", ""skill"": ""inspect"", ""reasoning"": ""affordance_reasoning"", ""parameters"": {""object_id"": ""grey_bracket"", ""direction"": ""45_degrees""}}, {""step"": 3, ""agent"": ""AffordanceAgent"", ""skill"": ""stack"", ""reasoning"": ""affordance_reasoning"", ""parameters"": {""object_id"": ""grey_bracket"", ""direction"": ""up"", ""distance_m"": 0.1}}], ""requires_approval"": false, ""ambiguity_notes"": """"}","{ ""plan_id"": ""stack_bracket_plan"", ""confidence"": 1.0, ""subgoals"": [ ""grasp_blue_bracket"" ], ""actions"": [ { ""step"": 1, ""agent"": ""AffordanceAgent"", ""skill"": ""pull"", ""reasoning"": ""affordance_reasoning"", ""parameters"": { ""object_id"": ""grey_bracket"", ""direction"": ""up"" } }, { ""step"": 2, ""agent"": ""AffordanceAgent"", ""skill"": ""inspect"", ""reasoning"": ""affordance_reasoning"", ""parameters"": { ""object_id"": ""grey_bracket"", ""direction"": ""45_degrees"" } }, { ""step"": 3, ""agent"": ""AffordanceAgent"", ""skill"": ""stack"", ""reasoning"": ""affordance_reasoning"", ""parameters"": { ""object_id"": ""grey_bracket"", ""direction"": ""up"", ""distance_m"": 0.1 } } ] , ""requires_approval"": false, ""ambiguity_notes"": """"}"
LG_TRIAL_00275,31,P31,Cat 4: Compound Multi-Step,"Grasp the blue bracket, reorient it 45 degrees via in-hand pivoting, and stack it.",Direct_LLM,1337,0.7,8d83b97,2026-10-03T21:35:10.629617Z,True,False,True,True,0.6666666666666666,False,0.85,0.7,True,4339.73,"{""plan_id"": ""Task_001"", ""confidence"": 0.85, ""subgoals"": [""Grasp blue bracket"", ""Reorient blue bracket via in-hand pivoting""], ""actions"": [{""step"": 1, ""agent"": ""SkillAgent"", ""skill"": ""pick"", ""parameters"": {""object_id"": ""blue_bracket_001""}, ""reasoning"": ""Grasp the blue bracket using suction cups""}, {""step"": 2, ""agent"": ""ControlAgent"", ""skill"": ""rotate"", ""parameters"": {}, ""reasoning"": ""Reorient the blue bracket to 45 degrees via in-hand pivoting""}, {""step"": 3, ""agent"": ""SkillAgent"", ""skill"": ""stack"", ""parameters"": {""object_id"": ""blue_bracket_001""}, ""reasoning"": ""Stack the reoriented blue bracket on top of existing stack""}], ""requires_approval"": false, ""ambiguity_notes"": """"}","{
  ""plan_id"": ""Task_001"",
  ""confidence"": 0.85,
  ""subgoals"": [""Grasp blue bracket"", ""Reorient blue bracket via in-hand pivoting""],
  ""actions"": [
    {
      ""step"": 1,
      ""agent"": ""SkillAgent"",
      ""skill"": ""pick"",
      ""parameters"": {""object_id"": ""blue_bracket_001""},
      ""reasoning"": ""Grasp the blue bracket using suction cups""
    },
    {
      ""step"": 2,
      ""agent"": ""ControlAgent"",
      ""skill"": ""rotate"",
      ""parameters"": {},
      ""reasoning"": ""Reorient the blue bracket to 45 degrees via in-hand pivoting""
    },
    {
      ""step"": 3,
      ""agent"": ""SkillAgent"",
      ""skill"": ""stack"",
      ""parameters"": {""object_id"": ""blue_bracket_001""},
      ""reasoning"": ""Stack the reoriented blue bracket on top of existing stack""
    }
  ],
  ""requires_approval"": false,
  ""ambiguity_notes"": """"
}"
LG_TRIAL_00276,31,P31,Cat 4: Compound Multi-Step,"Grasp the blue bracket, reorient it 45 degrees via in-hand pivoting, and stack it.",SayCan,1337,0.7,8d83b97,2026-10-03T21:35:13.535836Z,True,False,True,True,0.6666666666666666,False,0.17,0.7,True,2906.03,"{""selected_primitive"": ""pick(grey_bracket)"", ""score"": 0.17}","{
  ""pick(blue_bolt)"": 0.0,
  ""pick(blue_cube)"": 0.0,
  ""pick(red_cylinder)"": 0.0,
  ""pick(red_housing)"": 0.0,
  ""pick(grey_bracket)"": 0.2,
  ""place(assembly_tray)"": 0.0,
  ""place(scrap_bin)"": 0.0,
  ""place(tray_pocket_1)"": 0.0,
  ""place(tray_pocket_2)"": 0.0,
  ""inspect(red_cylinder)"": 0.0,
  ""sweep(conveyor)"": 0.0,
  ""done()"": 0.0
}"
LG_TRIAL_00277,31,P31,Cat 4: Compound Multi-Step,"Grasp the blue bracket, reorient it 45 degrees via in-hand pivoting, and stack it.",ARIA_Dialogue_Planning,2026,0.7,8d83b97,2026-10-03T21:35:19.207703Z,False,False,True,True,0.6666666666666666,True,0.5,0.7,False,5671.68,{},"{
    ""plan_id"": ""GraspAndStack"",
    ""confidence"": 1.0,
    ""subgoals"": [
        ""Grasp blue bracket""
    ],
    ""actions"": [
        {
            ""step"": 1,
            ""agent"": ""AffordanceAgent"",
            ""skill"": ""pick"",
            ""reasoning"": ""The instruction requires the agent to grasp the object, so the affordance skill is used."",
            ""parameters"": {
                ""object_id"": ""grey_bracket""
            }
        },
        {
            ""step"": 2,
            ""agent"": ""AffordanceAgent"",
            ""skill"": ""inspect"",
            ""reasoning"": ""To reorient the object, the agent needs to know its current orientation. Inspecting the object will provide this information."",
            ""parameters"": {}
        },
        {
            ""step"": 3,
            ""agent"": ""AffordanceAgent"",
            ""skill"": ""pull"",
            ""reasoning"": ""The instruction requires reorienting the object, so the agent needs to pull it in a specific direction. The exact direction is not specified."",
            ""parameters"": {
                ""direction"": ""45 degrees""
            }
        },
        {
            ""step"": 4,
            ""agent"": ""AffordanceAgent"",
            ""skill"": ""stack"",
            ""reasoning"": ""Finally, the agent"
LG_TRIAL_00278,31,P31,Cat 4: Compound Multi-Step,"Grasp the blue bracket, reorient it 45 degrees via in-hand pivoting, and stack it.",Direct_LLM,2026,0.7,8d83b97,2026-10-03T21:35:20.994617Z,True,False,True,False,0.3333333333333333,False,0.95,0.7,False,1786.73,"{""plan_id"": ""Task_001"", ""confidence"": 0.95, ""subgoals"": [""Grasp blue bracket"", ""Reorient bracket by in-hand pivoting"", ""Stack bracket""], ""actions"": [{""step"": 1, ""agent"": ""ControlAgent"", ""skill"": ""pick"", ""parameters"": {""object_id"": ""blue_bracket"", ""target"": ""gripper""}, ""reasoning"": ""Grasp blue bracket near gripper""}], ""requires_approval"": false, ""ambiguity_notes"": """"}","{""plan_id"":""Task_001"",""confidence"":0.95,""subgoals"":[""Grasp blue bracket"",""Reorient bracket by in-hand pivoting"",""Stack bracket""],""actions"":[{""step"":1,""agent"":""ControlAgent"",""skill"":""pick"",""parameters"":{""object_id"":""blue_bracket"",""target"":""gripper""},""reasoning"":""Grasp blue bracket near gripper""}],""requires_approval"":false,""ambiguity_notes"":""""}"
LG_TRIAL_00279,31,P31,Cat 4: Compound Multi-Step,"Grasp the blue bracket, reorient it 45 degrees via in-hand pivoting, and stack it.",SayCan,2026,0.7,8d83b97,2026-10-03T21:35:23.901620Z,True,False,True,True,0.6666666666666666,False,0.68,0.7,True,2906.78,"{""selected_primitive"": ""pick(grey_bracket)"", ""score"": 0.68}","{
  ""pick(blue_bolt)"": 0.25,
  ""pick(blue_cube)"": 0.3,
  ""pick(red_cylinder)"": 0.05,
  ""pick(red_housing)"": 0.2,
  ""pick(grey_bracket)"": 0.8,
  ""place(assembly_tray)"": 0.4,
  ""place(scrap_bin)"": 0.1,
  ""place(tray_pocket_1)"": 0.15,
  ""place(tray_pocket_2)"": 0.05,
  ""inspect(red_cylinder)"": 0.0,
  ""sweep(conveyor)"": 0.0,
  ""done()"": 0.3
}"
LG_TRIAL_00280,32,P32,Cat 4: Compound Multi-Step,"Pick the red cylinder, slide it against the fixture edge, and insert it.",ARIA_Dialogue_Planning,42,0.7,8d83b97,2026-10-03T21:35:28.533052Z,True,False,True,True,0.6666666666666666,False,1.0,0.7,True,4631.15,"{""plan_id"": ""pick_red_cylinder"", ""confidence"": 1.0, ""subgoals"": [""pick red cylinder""], ""actions"": [{""step"": 1, ""agent"": ""AffordanceAgent"", ""skill"": ""pick"", ""reasoning"": ""pick red cylinder from workcell using affordance reasoning."", ""parameters"": {""object_id"": ""workpiece_defect_1"", ""direction"": ""up""}}, {""step"": 2, ""agent"": ""AffordanceAgent"", ""skill"": ""slide"", ""reasoning"": ""slide the picked object against fixture edge using affordance reasoning."", ""parameters"": {""object_id"": ""workpiece_defect_1"", ""direction"": ""left""}}, {""step"": 3, ""agent"": ""AffordanceAgent"", ""skill"": ""place"", ""reasoning"": ""insert red cylinder into the fixture using affordance reasoning."", ""parameters"": {""object_id"": ""workpiece_defect_1"", ""direction"": ""in""}}], ""requires_approval"": false, ""ambiguity_notes"": """"}","{ ""plan_id"": ""pick_red_cylinder"", ""confidence"": 1.00, ""subgoals"": [ ""pick red cylinder"" ], ""actions"": [ { ""step"": 1, ""agent"": ""AffordanceAgent"", ""skill"": ""pick"", ""reasoning"": ""pick red cylinder from workcell using affordance reasoning."", ""parameters"": { ""object_id"": ""workpiece_defect_1"", ""direction"": ""up"" } }, { ""step"": 2, ""agent"": ""AffordanceAgent"", ""skill"": ""slide"", ""reasoning"": ""slide the picked object against fixture edge using affordance reasoning."", ""parameters"": { ""object_id"": ""workpiece_defect_1"", ""direction"": ""left"" } }, { ""step"": 3, ""agent"": ""AffordanceAgent"", ""skill"": ""place"", ""reasoning"": ""insert red cylinder into the fixture using affordance reasoning."", ""parameters"": { ""object_id"": ""workpiece_defect_1"", ""direction"": ""in"" } } ], ""requires_approval"": false, ""ambiguity_notes"": """" }"
LG_TRIAL_00281,32,P32,Cat 4: Compound Multi-Step,"Pick the red cylinder, slide it against the fixture edge, and insert it.",Direct_LLM,42,0.7,8d83b97,2026-10-03T21:35:33.348901Z,True,False,True,True,0.6666666666666666,False,0.95,0.7,True,4815.66,"{""plan_id"": ""task_001"", ""confidence"": 0.95, ""subgoals"": [""pick red cylinder"", ""slide against fixture edge""], ""actions"": [{""step"": 1, ""agent"": ""VisionAgent"", ""skill"": ""locate"", ""parameters"": {""object_id"": ""red_cylinder_001""}, ""reasoning"": ""Identify the red cylinder in the workspace.""}, {""step"": 2, ""agent"": ""ControlAgent"", ""skill"": ""pick"", ""parameters"": {""object_id"": ""red_cylinder_001"", ""target"": ""gripper""}, ""reasoning"": ""Grasp the identified red cylinder with the gripper.""}, {""step"": 3, ""agent"": ""ControlAgent"", ""skill"": ""slide"", ""parameters"": {""object_id"": ""red_cylinder_001"", ""target"": ""fixture_edge""}, ""reasoning"": ""Slide the picked cylinder against the fixture edge.""}], ""requires_approval"": false, ""ambiguity_notes"": """"}","{
  ""plan_id"": ""task_001"",
  ""confidence"": 0.95,
  ""subgoals"": [""pick red cylinder"", ""slide against fixture edge""],
  ""actions"": [
    {
      ""step"": 1,
      ""agent"": ""VisionAgent"",
      ""skill"": ""locate"",
      ""parameters"": {""object_id"": ""red_cylinder_001""},
      ""reasoning"": ""Identify the red cylinder in the workspace.""
    },
    {
      ""step"": 2,
      ""agent"": ""ControlAgent"",
      ""skill"": ""pick"",
      ""parameters"": {""object_id"": ""red_cylinder_001"", ""target"": ""gripper""},
      ""reasoning"": ""Grasp the identified red cylinder with the gripper.""
    },
    {
      ""step"": 3,
      ""agent"": ""ControlAgent"",
      ""skill"": ""slide"",
      ""parameters"": {""object_id"": ""red_cylinder_001"", ""target"": ""fixture_edge""},
      ""reasoning"": ""Slide the picked cylinder against the fixture edge.""
    }
  ],
  ""requires_approval"": false,
  ""ambiguity_notes"": """"
}"
LG_TRIAL_00282,32,P32,Cat 4: Compound Multi-Step,"Pick the red cylinder, slide it against the fixture edge, and insert it.",SayCan,42,0.7,8d83b97,2026-10-03T21:35:36.339112Z,True,False,True,True,0.6666666666666666,False,0.88,0.7,True,2990.05,"{""selected_primitive"": ""pick(red_cylinder)"", ""score"": 0.88}","{
  ""pick(blue_bolt)"": 0.0,
  ""pick(blue_cube)"": 0.0,
  ""pick(red_cylinder)"": 1.0,
  ""pick(red_housing)"": 0.2,
  ""pick(grey_bracket)"": 0.0,
  ""place(assembly_tray)"": 0.0,
  ""place(scrap_bin)"": 0.0,
  ""place(tray_pocket_1)"": 0.0,
  ""place(tray_pocket_2)"": 0.0,
  ""inspect(red_cylinder)"": 0.3,
  ""sweep(conveyor)"": 0.0,
  ""done()"": 0.0
}"
LG_TRIAL_00283,32,P32,Cat 4: Compound Multi-Step,"Pick the red cylinder, slide it against the fixture edge, and insert it.",ARIA_Dialogue_Planning,1337,0.7,8d83b97,2026-10-03T21:35:40.775461Z,True,False,True,True,0.6666666666666666,False,1.0,0.7,True,4436.15,"{""plan_id"": ""pick_red_cylinder"", ""confidence"": 1.0, ""subgoals"": [""pick_workpiece_defect_1"", ""slide_against_fixture_edge"", ""insert_into_fixture""], ""actions"": [{""step"": 1, ""agent"": ""AffordanceAgent"", ""skill"": ""pull"", ""reasoning"": ""AffordanceReasoner"", ""parameters"": {""object_id"": ""workpiece_defect_1""}}, {""step"": 2, ""agent"": ""AffordanceAgent"", ""skill"": ""push"", ""reasoning"": ""AffordanceReasoner"", ""parameters"": {""object_id"": ""workpiece_defect_1"", ""direction"": ""right""}}, {""step"": 3, ""agent"": ""AffordanceAgent"", ""skill"": ""place"", ""reasoning"": ""AffordanceReasoner"", ""parameters"": {""object_id"": ""workpiece_defect_1""}}], ""requires_approval"": false, ""ambiguity_notes"": """"}","{ ""plan_id"": ""pick_red_cylinder"", ""confidence"": 1.00, ""subgoals"": [ ""pick_workpiece_defect_1"", ""slide_against_fixture_edge"", ""insert_into_fixture"" ] , ""actions"": [ {""step"": 1, ""agent"": ""AffordanceAgent"", ""skill"": ""pull"", ""reasoning"": ""AffordanceReasoner"", ""parameters"": {""object_id"": ""workpiece_defect_1""}} , {""step"": 2, ""agent"": ""AffordanceAgent"", ""skill"": ""push"", ""reasoning"": ""AffordanceReasoner"", ""parameters"": { ""object_id"": ""workpiece_defect_1"", ""direction"": ""right""}} , {""step"": 3, ""agent"": ""AffordanceAgent"", ""skill"": ""place"", ""reasoning"": ""AffordanceReasoner"", ""parameters"": { ""object_id"": ""workpiece_defect_1""}} ] , ""requires_approval"": false, ""ambiguity_notes"": """" }"
LG_TRIAL_00284,32,P32,Cat 4: Compound Multi-Step,"Pick the red cylinder, slide it against the fixture edge, and insert it.",Direct_LLM,1337,0.7,8d83b97,2026-10-03T21:35:45.162384Z,True,False,True,False,0.3333333333333333,False,0.95,0.7,False,4386.71,"{""plan_id"": ""string"", ""confidence"": 0.95, ""subgoals"": [""Pick red cylinder"", ""Slide against fixture edge"", ""Insert""], ""actions"": [{""step"": 1, ""agent"": ""SkillAgent"", ""skill"": ""pick"", ""parameters"": {""object_id"": ""red_cylinder"", ""target"": ""hand""}, ""reasoning"": ""Identify and grasp red cylinder""}, {""step"": 2, ""agent"": ""ControlAgent"", ""skill"": ""slide"", ""parameters"": {""object_id"": ""red_cylinder"", ""target"": ""fixture_edge""}, ""reasoning"": ""Slide red cylinder against fixture edge""}, {""step"": 3, ""agent"": ""SkillAgent"", ""skill"": ""insert"", ""parameters"": {""object_id"": ""red_cylinder"", ""target"": ""fixture_edge""}, ""reasoning"": ""Insert red cylinder into fixture""}], ""requires_approval"": false, ""ambiguity_notes"": """"}","{
  ""plan_id"": ""string"",
  ""confidence"": 0.95,
  ""subgoals"": [""Pick red cylinder"", ""Slide against fixture edge"", ""Insert""],
  ""actions"": [
    {
      ""step"": 1,
      ""agent"": ""SkillAgent"",
      ""skill"": ""pick"",
      ""parameters"": {""object_id"": ""red_cylinder"", ""target"": ""hand""},
      ""reasoning"": ""Identify and grasp red cylinder""
    },
    {
      ""step"": 2,
      ""agent"": ""ControlAgent"",
      ""skill"": ""slide"",
      ""parameters"": {""object_id"": ""red_cylinder"", ""target"": ""fixture_edge""},
      ""reasoning"": ""Slide red cylinder against fixture edge""
    },
    {
      ""step"": 3,
      ""agent"": ""SkillAgent"",
      ""skill"": ""insert"",
      ""parameters"": {""object_id"": ""red_cylinder"", ""target"": ""fixture_edge""},
      ""reasoning"": ""Insert red cylinder into fixture""
    }
  ],
  ""requires_approval"": false,
  ""ambiguity_notes"": """"
}"
LG_TRIAL_00285,32,P32,Cat 4: Compound Multi-Step,"Pick the red cylinder, slide it against the fixture edge, and insert it.",SayCan,1337,0.7,8d83b97,2026-10-03T21:35:48.145262Z,True,False,True,True,0.6666666666666666,False,0.88,0.7,True,2982.65,"{""selected_primitive"": ""pick(red_cylinder)"", ""score"": 0.88}","{
  ""pick(blue_bolt)"": 0.0,
  ""pick(blue_cube)"": 0.0,
  ""pick(red_cylinder)"": 1.0,
  ""pick(red_housing)"": 0.0,
  ""pick(grey_bracket)"": 0.0,
  ""place(assembly_tray)"": 0.0,
  ""place(scrap_bin)"": 0.0,
  ""place(tray_pocket_1)"": 0.0,
  ""place(tray_pocket_2)"": 0.0,
  ""inspect(red_cylinder)"": 0.0,
  ""sweep(conveyor)"": 0.0,
  ""done()"": 0.0
}"
LG_TRIAL_00286,32,P32,Cat 4: Compound Multi-Step,"Pick the red cylinder, slide it against the fixture edge, and insert it.",ARIA_Dialogue_Planning,2026,0.7,8d83b97,2026-10-03T21:35:53.283646Z,True,False,True,True,0.6666666666666666,False,1.0,0.7,True,5138.19,"{""plan_id"": ""Pick_red_cylinder"", ""confidence"": 1.0, ""subgoals"": [""pick_workpiece_defect_1""], ""actions"": [{""step"": 1, ""agent"": ""AffordanceAgent"", ""skill"": ""pick"", ""reasoning"": ""Pick up the red cylinder"", ""parameters"": {""object_id"": ""workpiece_defect_1""}}, {""step"": 2, ""agent"": ""AffordanceAgent"", ""skill"": ""slide"", ""reasoning"": ""Slide the picked-up object against the fixture edge"", ""parameters"": {""object_id"": ""workpiece_defect_1"", ""target"": ""fixture_edge""}}, {""step"": 3, ""agent"": ""AffordanceAgent"", ""skill"": ""push"", ""reasoning"": ""Insert the object in a push motion into its destination"", ""parameters"": {""object_id"": ""workpiece_defect_1"", ""target"": ""fixture_edge""}}], ""requires_approval"": false, ""ambiguity_notes"": """"}","{

    ""plan_id"": ""Pick_red_cylinder"",
    ""confidence"": 1.00,
    ""subgoals"":
        [
            ""pick_workpiece_defect_1""
        ],
    ""actions"":
        [
            {
                ""step"": 1,
                ""agent"": ""AffordanceAgent"",
                ""skill"": ""pick"",
                ""reasoning"": ""Pick up the red cylinder"",
                ""parameters"": {""object_id"": ""workpiece_defect_1""}
            },
            {
                ""step"": 2,
                ""agent"": ""AffordanceAgent"",
                ""skill"": ""slide"",
                ""reasoning"": ""Slide the picked-up object against the fixture edge"",
                ""parameters"":
                    {
                    ""object_id"": ""workpiece_defect_1"",
                    ""target"": ""fixture_edge""
                    }
            },
            {
                ""step"": 3,
                ""agent"": ""AffordanceAgent"",
                ""skill"": ""push"",
                ""reasoning"": ""Insert the object in a push motion into its destination"",
                ""parameters"":
                    {
                    ""object_id"": ""workpiece_defect_1"",
                    ""target"": ""fixture_edge""
                    }
            }
        ],
    ""requires_approval"": false,
    ""ambiguity_notes"": """"
}"
LG_TRIAL_00287,32,P32,Cat 4: Compound Multi-Step,"Pick the red cylinder, slide it against the fixture edge, and insert it.",Direct_LLM,2026,0.7,8d83b97,2026-10-03T21:35:57.552867Z,True,False,True,False,0.3333333333333333,False,0.9,0.7,False,4268.99,"{""plan_id"": ""action_plan_001"", ""confidence"": 0.9, ""subgoals"": [""Pick red cylinder"", ""Slide against fixture edge"", ""Insert""], ""actions"": [{""step"": 1, ""agent"": ""SkillAgent"", ""skill"": ""pick"", ""parameters"": {""object_id"": ""red_cylinder"", ""target"": ""gripper""}, ""reasoning"": ""Grasp object""}, {""step"": 2, ""agent"": ""ControlAgent"", ""skill"": ""move"", ""parameters"": {""x"": -0.5, ""y"": 0.2, ""z"": 0.3}, ""reasoning"": ""Move to fixture edge""}, {""step"": 3, ""agent"": ""SkillAgent"", ""skill"": ""slide"", ""parameters"": {""object_id"": ""red_cylinder"", ""target"": ""fixture_edge""}, ""reasoning"": ""Slide against fixture edge""}, {""step"": 4, ""agent"": ""ControlAgent"", ""skill"": ""move"", ""parameters"": {""x"": -0.5, ""y"": 0.2, ""z"": 0.1}, ""reasoning"": ""Move to insertion point""}, {""step"": 5, ""agent"": ""SkillAgent"", ""skill"": ""insert"", ""parameters"": {""object_id"": ""red_cylinder"", ""target"": ""fixture_edge""}, ""reasoning"": ""Insert object""}], ""requires_approval"": false, ""ambiguity_notes"": """"}","{""plan_id"":""action_plan_001"",""confidence"":0.9,""subgoals"":[""Pick red cylinder"",""Slide against fixture edge"",""Insert""],""actions"":[{""step"":1,""agent"":""SkillAgent"",""skill"":""pick"",""parameters"":{""object_id"":""red_cylinder"",""target"":""gripper""},""reasoning"":""Grasp object""},{""step"":2,""agent"":""ControlAgent"",""skill"":""move"",""parameters"":{""x"":-0.5,""y"":0.2,""z"":0.3},""reasoning"":""Move to fixture edge""},{""step"":3,""agent"":""SkillAgent"",""skill"":""slide"",""parameters"":{""object_id"":""red_cylinder"",""target"":""fixture_edge""},""reasoning"":""Slide against fixture edge""},{""step"":4,""agent"":""ControlAgent"",""skill"":""move"",""parameters"":{""x"":-0.5,""y"":0.2,""z"":0.1},""reasoning"":""Move to insertion point""},{""step"":5,""agent"":""SkillAgent"",""skill"":""insert"",""parameters"":{""object_id"":""red_cylinder"",""target"":""fixture_edge""},""reasoning"":""Insert object""}],""requires_approval"":false,""ambiguity_notes"":""""}"
LG_TRIAL_00288,32,P32,Cat 4: Compound Multi-Step,"Pick the red cylinder, slide it against the fixture edge, and insert it.",SayCan,2026,0.7,8d83b97,2026-10-03T21:36:00.489299Z,True,False,True,True,0.6666666666666666,False,0.774,0.7,True,2936.27,"{""selected_primitive"": ""pick(red_cylinder)"", ""score"": 0.774}","{
  ""pick(blue_bolt)"": 0.02,
  ""pick(blue_cube)"": 0.03,
  ""pick(red_cylinder)"": 0.88,
  ""pick(red_housing)"": 0.04,
  ""pick(grey_bracket)"": 0.01,
  ""place(assembly_tray)"": 0.05,
  ""place(scrap_bin)"": 0.02,
  ""place(tray_pocket_1)"": 0.03,
  ""place(tray_pocket_2)"": 0.04,
  ""inspect(red_cylinder)"": 0.09,
  ""sweep(conveyor)"": 0.01,
  ""done()"": 0.00
}"
LG_TRIAL_00289,33,P33,Cat 4: Compound Multi-Step,"Lift the grey workpiece, rotate gripper 90 degrees, and palletize in tray 3.",ARIA_Dialogue_Planning,42,0.7,8d83b97,2026-10-03T21:36:04.928963Z,True,True,True,True,1.0,False,1.0,0.7,True,4439.43,"{""plan_id"": ""P001"", ""confidence"": 1.0, ""subgoals"": [], ""actions"": [{""step"": 1, ""agent"": ""AffordanceAgent"", ""skill"": ""pick"", ""reasoning"": ""Lift the grey workpiece."", ""parameters"": {""object_id"": ""grey_bracket"", ""target"": ""table""}}, {""step"": 2, ""agent"": ""AffordanceAgent"", ""skill"": ""pick"", ""reasoning"": ""Rotate gripper 90 degrees."", ""parameters"": {}}, {""step"": 3, ""agent"": ""AffordanceAgent"", ""skill"": ""place"", ""reasoning"": ""Palletize in tray 3."", ""parameters"": {""object_id"": ""grey_bracket"", ""target"": ""tray_3""}}], ""requires_approval"": false, ""ambiguity_notes"": """"}","{ ""plan_id"": ""P001"", ""confidence"": 1.0, ""subgoals"": [ ], ""actions"": [{ ""step"": 1, ""agent"": ""AffordanceAgent"", ""skill"": ""pick"", ""reasoning"": ""Lift the grey workpiece."", ""parameters"": { ""object_id"": ""grey_bracket"", ""target"": ""table"" } }, { ""step"": 2, ""agent"": ""AffordanceAgent"", ""skill"": ""pick"", ""reasoning"": ""Rotate gripper 90 degrees."", ""parameters"": {} }, { ""step"": 3, ""agent"": ""AffordanceAgent"", ""skill"": ""place"", ""reasoning"": ""Palletize in tray 3."", ""parameters"": { ""object_id"": ""grey_bracket"", ""target"": ""tray_3"" } }] , ""requires_approval"": false, ""ambiguity_notes"": """"}"
LG_TRIAL_00290,33,P33,Cat 4: Compound Multi-Step,"Lift the grey workpiece, rotate gripper 90 degrees, and palletize in tray 3.",Direct_LLM,42,0.7,8d83b97,2026-10-03T21:36:09.741698Z,True,False,True,False,0.3333333333333333,False,0.95,0.7,False,4812.54,"{""plan_id"": ""Task_001"", ""confidence"": 0.95, ""subgoals"": [""Lift grey workpiece"", ""Rotate gripper 90 degrees"", ""Palletize in tray 3""], ""actions"": [{""step"": 1, ""agent"": ""ControlAgent"", ""skill"": ""pick"", ""parameters"": {""object_id"": ""Workpiece_01"", ""target"": ""Gripper""}, ""reasoning"": ""Grasping the workpiece""}, {""step"": 2, ""agent"": ""AffordanceAgent"", ""skill"": ""rotate"", ""parameters"": {""angle"": 90}, ""reasoning"": ""Rotating the gripper to the correct orientation""}, {""step"": 3, ""agent"": ""ControlAgent"", ""skill"": ""place"", ""parameters"": {""object_id"": ""Workpiece_01"", ""target"": ""Tray_03""}, ""reasoning"": ""Placing the workpiece in tray 3""}], ""requires_approval"": false, ""ambiguity_notes"": """"}","{
  ""plan_id"": ""Task_001"",
  ""confidence"": 0.95,
  ""subgoals"": [""Lift grey workpiece"", ""Rotate gripper 90 degrees"", ""Palletize in tray 3""],
  ""actions"": [
    {
      ""step"": 1,
      ""agent"": ""ControlAgent"",
      ""skill"": ""pick"",
      ""parameters"": {""object_id"": ""Workpiece_01"", ""target"": ""Gripper""},
      ""reasoning"": ""Grasping the workpiece""
    },
    {
      ""step"": 2,
      ""agent"": ""AffordanceAgent"",
      ""skill"": ""rotate"",
      ""parameters"": {""angle"": 90},
      ""reasoning"": ""Rotating the gripper to the correct orientation""
    },
    {
      ""step"": 3,
      ""agent"": ""ControlAgent"",
      ""skill"": ""place"",
      ""parameters"": {""object_id"": ""Workpiece_01"", ""target"": ""Tray_03""},
      ""reasoning"": ""Placing the workpiece in tray 3""
    }
  ],
  ""requires_approval"": false,
  ""ambiguity_notes"": """"
}"
LG_TRIAL_00291,33,P33,Cat 4: Compound Multi-Step,"Lift the grey workpiece, rotate gripper 90 degrees, and palletize in tray 3.",SayCan,42,0.7,8d83b97,2026-10-03T21:36:10.811130Z,True,False,False,True,0.3333333333333333,False,0.088,0.7,False,1069.25,"{""selected_primitive"": ""pick(blue_bolt)"", ""score"": 0.088}","{
  ""lift"": 0.7,
  ""rotate_gripper"": 0.8,
  ""palletize"": 0.9,
  ""in_tray_3"": 1.0
}"
LG_TRIAL_00292,33,P33,Cat 4: Compound Multi-Step,"Lift the grey workpiece, rotate gripper 90 degrees, and palletize in tray 3.",ARIA_Dialogue_Planning,1337,0.7,8d83b97,2026-10-03T21:36:15.609871Z,True,True,True,True,1.0,False,1.0,0.7,True,4798.56,"{""plan_id"": ""P001"", ""confidence"": 1.0, ""subgoals"": [""Lift the grey_bracket."", ""Rotate gripper 90 degrees."", ""Palletize grey_bracket in tray 3.""], ""actions"": [{""step"": 1, ""agent"": ""AffordanceAgent"", ""skill"": ""pick"", ""reasoning"": ""grey_bracket is the object to be lifted according to the instruction. "", ""parameters"": {""object_id"": ""grey_bracket""}}, {""step"": 2, ""agent"": ""AffordanceAgent"", ""skill"": ""pick"", ""reasoning"": ""rotating the gripper by 90 degrees is required for palletizing."", ""parameters"": {""direction"": ""right""}}, {""step"": 3, ""agent"": ""AffordanceAgent"", ""skill"": ""place"", ""reasoning"": ""palletize grey_bracket in tray 3 as instructed. "", ""parameters"": {""object_id"": ""grey_bracket"", ""target"": ""tray_3""}}], ""requires_approval"": false, ""ambiguity_notes"": """"}","{ ""plan_id"": ""P001"", ""confidence"": 1.0, ""subgoals"": [ ""Lift the grey_bracket."", ""Rotate gripper 90 degrees."", ""Palletize grey_bracket in tray 3."" ] , ""actions"": [ { ""step"": 1, ""agent"": ""AffordanceAgent"", ""skill"": ""pick"", ""reasoning"": ""grey_bracket is the object to be lifted according to the instruction. "", ""parameters"": {""object_id"": ""grey_bracket""} }, { ""step"": 2, ""agent"": ""AffordanceAgent"", ""skill"": ""pick"", ""reasoning"": ""rotating the gripper by 90 degrees is required for palletizing."", ""parameters"": {""direction"": ""right""}} , { ""step"": 3, ""agent"": ""AffordanceAgent"", ""skill"": ""place"", ""reasoning"": ""palletize grey_bracket in tray 3 as instructed. "", ""parameters"": {""object_id"": ""grey_bracket"", ""target"": ""tray_3""}} ], ""requires_approval"": false, ""ambiguity_notes"": """" }"
LG_TRIAL_00293,33,P33,Cat 4: Compound Multi-Step,"Lift the grey workpiece, rotate gripper 90 degrees, and palletize in tray 3.",Direct_LLM,1337,0.7,8d83b97,2026-10-03T21:36:21.090258Z,False,False,True,True,0.6666666666666666,False,0.7,0.7,False,5480.23,{},"{
  ""plan_id"": ""lift_rotate_palletize"",
  ""confidence"": 0.95,
  ""subgoals"": [""Lift grey workpiece"", ""Rotate gripper 90 degrees"", ""Palletize in tray 3""],
  ""actions"": [
    {
      ""step"": 1,
      ""agent"": ""ControlAgent"",
      ""skill"": ""pick"",
      ""parameters"": {""object_id"": ""grey_workpiece_1"", ""target"": ""tray_3""},
      ""reasoning"": ""The grey workpiece is in a clear path to the palletizer.""
    },
    {
      ""step"": 2,
      ""agent"": ""VisionAgent"",
      ""skill"": ""inspect"",
      ""parameters"": {},
      ""reasoning"": ""Verify that the gripper is empty before rotating it.""
    },
    {
      ""step"": 3,
      ""agent"": ""ControlAgent"",
      ""skill"": ""rotate_gripper"",
      ""parameters"": {""degrees"": 90},
      ""reasoning"": ""Rotate the gripper to prepare for palletization.""
    },
    {
      ""step"": 4,
      ""agent"": ""ControlAgent"",
      ""skill"": ""place"",
      ""parameters"": {""object_id"": ""grey_workpiece_1"", ""target"": ""tray_3""},
      ""reasoning"": ""Place the grey workpiece in tray 3.""
    }
  ],
  ""requires_approval"
LG_TRIAL_00294,33,P33,Cat 4: Compound Multi-Step,"Lift the grey workpiece, rotate gripper 90 degrees, and palletize in tray 3.",SayCan,1337,0.7,8d83b97,2026-10-03T21:36:24.008367Z,True,False,True,True,0.6666666666666666,False,0.85,0.7,True,2917.92,"{""selected_primitive"": ""pick(grey_bracket)"", ""score"": 0.85}","{
  ""pick(blue_bolt)"": 0.0,
  ""pick(blue_cube)"": 0.0,
  ""pick(red_cylinder)"": 0.0,
  ""pick(red_housing)"": 0.0,
  ""pick(grey_bracket)"": 1.0,
  ""place(assembly_tray)"": 0.25,
  ""place(scrap_bin)"": 0.0,
  ""place(tray_pocket_1)"": 0.25,
  ""place(tray_pocket_2)"": 0.25,
  ""inspect(red_cylinder)"": 0.0,
  ""sweep(conveyor)"": 0.0,
  ""done()"": 0.0
}"
LG_TRIAL_00295,33,P33,Cat 4: Compound Multi-Step,"Lift the grey workpiece, rotate gripper 90 degrees, and palletize in tray 3.",ARIA_Dialogue_Planning,2026,0.7,8d83b97,2026-10-03T21:36:29.643823Z,True,True,True,True,1.0,False,1.0,0.7,True,5635.27,"{""plan_id"": ""aria_plan_001"", ""confidence"": 1.0, ""subgoals"": [""Lift grey_bracket""], ""actions"": [{""step"": 1, ""agent"": ""AffordanceAgent"", ""skill"": ""pick"", ""reasoning"": ""grey_bracket is a workpiece and should be lifted."", ""parameters"": {""object_id"": ""grey_bracket""}}, {""step"": 2, ""agent"": ""AffordanceAgent"", ""skill"": ""pick"", ""reasoning"": ""rotate gripper to pick up grey_bracket. The gripper should be rotated 90 degrees."", ""parameters"": {""object_id"": ""grey_bracket""}}, {""step"": 3, ""agent"": ""AffordanceAgent"", ""skill"": ""place"", ""reasoning"": ""Grey bracket is a workpiece and should be palletized in tray 3."", ""parameters"": {""object_id"": ""grey_bracket"", ""target"": ""tray_3""}}], ""requires_approval"": false, ""ambiguity_notes"": """"}","{

    ""plan_id"": ""aria_plan_001"",
    ""confidence"": 1.00,
    ""subgoals"": [
        ""Lift grey_bracket""
    ],
    ""actions"": [
        {
            ""step"": 1,
            ""agent"": ""AffordanceAgent"",
            ""skill"": ""pick"",
            ""reasoning"": ""grey_bracket is a workpiece and should be lifted."",
            ""parameters"": {
                ""object_id"": ""grey_bracket""
            }
        },
        {
            ""step"": 2,
            ""agent"": ""AffordanceAgent"",
            ""skill"": ""pick"",
            ""reasoning"": ""rotate gripper to pick up grey_bracket. The gripper should be rotated 90 degrees."",
            ""parameters"": {
                ""object_id"": ""grey_bracket""
            }
        },
        {
            ""step"": 3,
            ""agent"": ""AffordanceAgent"",
            ""skill"": ""place"",
            ""reasoning"": ""Grey bracket is a workpiece and should be palletized in tray 3."",
            ""parameters"": {
                ""object_id"": ""grey_bracket"",
                ""target"": ""tray_3""
            }
        }
    ],
    ""requires_approval"": false,
    ""ambiguity_notes"": """"
}"
LG_TRIAL_00296,33,P33,Cat 4: Compound Multi-Step,"Lift the grey workpiece, rotate gripper 90 degrees, and palletize in tray 3.",Direct_LLM,2026,0.7,8d83b97,2026-10-03T21:36:31.841839Z,True,False,True,False,0.3333333333333333,False,0.95,0.7,False,2197.79,"{""plan_id"": ""lift_and_rotate"", ""confidence"": 0.95, ""subgoals"": [""Lift grey workpiece"", ""Rotate gripper 90 degrees""], ""actions"": [{""step"": 1, ""agent"": ""ControlAgent"", ""skill"": ""pick"", ""parameters"": {""object_id"": ""grey_workpiece"", ""target"": ""gripper""}, ""reasoning"": ""move_to_gripper""}, {""step"": 2, ""agent"": ""ControlAgent"", ""skill"": ""rotate_gripper"", ""parameters"": {}, ""reasoning"": ""rotate_gripper_90""}], ""requires_approval"": false, ""ambiguity_notes"": null}","{""plan_id"":""lift_and_rotate"",""confidence"":0.95,""subgoals"":[""Lift grey workpiece"",""Rotate gripper 90 degrees""],""actions"":[{""step"":1,""agent"":""ControlAgent"",""skill"":""pick"",""parameters"":{""object_id"":""grey_workpiece"",""target"":""gripper""},""reasoning"":""move_to_gripper""},{""step"":2,""agent"":""ControlAgent"",""skill"":""rotate_gripper"",""parameters"":{},""reasoning"":""rotate_gripper_90""}],""requires_approval"":false,""ambiguity_notes"":null}"
LG_TRIAL_00297,33,P33,Cat 4: Compound Multi-Step,"Lift the grey workpiece, rotate gripper 90 degrees, and palletize in tray 3.",SayCan,2026,0.7,8d83b97,2026-10-03T21:36:33.035896Z,True,False,False,True,0.3333333333333333,False,0.088,0.7,False,1193.86,"{""selected_primitive"": ""pick(blue_bolt)"", ""score"": 0.088}","{
  ""Lift"": 0.5,
  ""grey workpiece"": 0.8, 
  ""rotate gripper 90 degrees"": 1.0,  
  ""palletize in tray 3"": 0.9
}"
LG_TRIAL_00298,34,P34,Cat 4: Compound Multi-Step,"Grasp the blue block, tap it on the table to align edges, and stack on red block.",ARIA_Dialogue_Planning,42,0.7,8d83b97,2026-10-03T21:36:34.212595Z,True,False,True,True,0.6666666666666666,False,1.0,0.7,True,1176.48,"{""plan_id"": ""grasp_and_stack"", ""confidence"": 1.0, ""subgoals"": [], ""actions"": [], ""requires_approval"": false, ""ambiguity_notes"": """"}","{ ""plan_id"": ""grasp_and_stack"", ""confidence"": 1.0, ""subgoals"": [ ],""actions"":[ ],""requires_approval"":false,""ambiguity_notes"":"""" }"
LG_TRIAL_00299,34,P34,Cat 4: Compound Multi-Step,"Grasp the blue block, tap it on the table to align edges, and stack on red block.",Direct_LLM,42,0.7,8d83b97,2026-10-03T21:36:38.631434Z,True,False,True,False,0.3333333333333333,False,0.95,0.7,False,4418.61,"{""plan_id"": ""blue_block_alignment"", ""confidence"": 0.95, ""subgoals"": [""Grasp blue block"", ""Align edges"", ""Stack on red block""], ""actions"": [{""step"": 1, ""agent"": ""SkillAgent"", ""skill"": ""pick"", ""parameters"": {""object_id"": ""blue_block"", ""target"": ""gripper""}, ""reasoning"": ""Grasp blue block to align edges""}, {""step"": 2, ""agent"": ""ControlAgent"", ""skill"": ""tap"", ""parameters"": {}, ""reasoning"": ""Tap blue block on table to align edges""}, {""step"": 3, ""agent"": ""SkillAgent"", ""skill"": ""place"", ""parameters"": {""object_id"": ""blue_block"", ""target"": ""top_of_red_block""}, ""reasoning"": ""Stack blue block on red block""}], ""requires_approval"": false, ""ambiguity_notes"": """"}","{
  ""plan_id"": ""blue_block_alignment"",
  ""confidence"": 0.95,
  ""subgoals"": [""Grasp blue block"", ""Align edges"", ""Stack on red block""],
  ""actions"": [
    {
      ""step"": 1,
      ""agent"": ""SkillAgent"",
      ""skill"": ""pick"",
      ""parameters"": {""object_id"": ""blue_block"", ""target"": ""gripper""},
      ""reasoning"": ""Grasp blue block to align edges""
    },
    {
      ""step"": 2,
      ""agent"": ""ControlAgent"",
      ""skill"": ""tap"",
      ""parameters"": { },
      ""reasoning"": ""Tap blue block on table to align edges""
    },
    {
      ""step"": 3,
      ""agent"": ""SkillAgent"",
      ""skill"": ""place"",
      ""parameters"": {""object_id"": ""blue_block"", ""target"": ""top_of_red_block""},
      ""reasoning"": ""Stack blue block on red block""
    }
  ],
  ""requires_approval"": false,
  ""ambiguity_notes"": """"
}"
LG_TRIAL_00300,34,P34,Cat 4: Compound Multi-Step,"Grasp the blue block, tap it on the table to align edges, and stack on red block.",SayCan,42,0.7,8d83b97,2026-10-03T21:36:41.612247Z,True,False,False,True,0.3333333333333333,False,0.792,0.7,False,2980.6,"{""selected_primitive"": ""pick(red_cylinder)"", ""score"": 0.792}","{
  ""pick(blue_bolt)"": 0.0,
  ""pick(blue_cube)"": 0.8,
  ""pick(red_cylinder)"": 0.9,
  ""pick(red_housing)"": 0.1,
  ""pick(grey_bracket)"": 0.0,
  ""place(assembly_tray)"": 0.2,
  ""place(scrap_bin)"": 0.0,
  ""place(tray_pocket_1)"": 0.4,
  ""place(tray_pocket_2)"": 0.3,
  ""inspect(red_cylinder)"": 0.9,
  ""sweep(conveyor)"": 0.0,
  ""done()"": 0.0
}"
LG_TRIAL_00301,34,P34,Cat 4: Compound Multi-Step,"Grasp the blue block, tap it on the table to align edges, and stack on red block.",ARIA_Dialogue_Planning,1337,0.7,8d83b97,2026-10-03T21:36:47.277331Z,False,False,True,True,0.6666666666666666,True,0.5,0.7,False,5664.91,{},"{ ""plan_id"": ""grasp_and_align"", ""confidence"": 1.0, ""subgoals"": [ ""goal_grasp_workpiece_good_2"" ] , ""actions"": [ { ""step"": 1, ""agent"": ""AffordanceAgent"", ""skill"": ""pick"", ""reasoning"": ""workpiece_good_2 is a blue cube in the workcell"", ""parameters"": { ""object_id"": ""workpiece_good_2"" } }, { ""step"": 2, ""agent"": ""AffordanceAgent"", ""skill"": ""place"", ""reasoning"": ""workpiece_good_2 needs to be aligned with table"", ""parameters"": { ""object_id"": ""workpiece_good_2"", ""direction"": ""downward"", ""distance_m"": 0.1 } }, { ""step"": 3, ""agent"": ""AffordanceAgent"", ""skill"": ""place"", ""reasoning"": ""workpiece_good_2 needs to be stacked on workpiece_defect_1"", ""parameters"": { ""object_id"": ""workpiece_good_2"", ""direction"": ""downward"", ""distance_m"": 0.05 } }, { ""step"": 4, ""agent"": ""AffordanceAgent"", ""skill"": ""place"", ""reasoning"": ""workpiece_defect_1 needs to be stacked on grey_bracket"", ""parameters"": { ""object_id"
LG_TRIAL_00302,34,P34,Cat 4: Compound Multi-Step,"Grasp the blue block, tap it on the table to align edges, and stack on red block.",Direct_LLM,1337,0.7,8d83b97,2026-10-03T21:36:51.865516Z,True,False,True,False,0.3333333333333333,False,0.95,0.7,False,4588.02,"{""plan_id"": ""block_stacking_plan"", ""confidence"": 0.95, ""subgoals"": [""Grasp blue block"", ""Align edges with table tap"", ""Stack red block""], ""actions"": [{""step"": 1, ""agent"": ""ControlAgent"", ""skill"": ""pick"", ""parameters"": {""object_id"": ""blue_block"", ""target"": ""hand""}, ""reasoning"": ""Grasp blue block to prepare for stacking""}, {""step"": 2, ""agent"": ""VisionAgent"", ""skill"": ""tap"", ""parameters"": {""object_id"": ""blue_block"", ""target"": ""table""}, ""reasoning"": ""Tap blue block on table to align edges""}, {""step"": 3, ""agent"": ""ControlAgent"", ""skill"": ""place"", ""parameters"": {""object_id"": ""red_block"", ""target"": ""blue_block""}, ""reasoning"": ""Stack red block on top of blue block""}], ""requires_approval"": false, ""ambiguity_notes"": """"}","{
  ""plan_id"": ""block_stacking_plan"",
  ""confidence"": 0.95,
  ""subgoals"": [""Grasp blue block"", ""Align edges with table tap"", ""Stack red block""],
  ""actions"": [
    {
      ""step"": 1,
      ""agent"": ""ControlAgent"",
      ""skill"": ""pick"",
      ""parameters"": {""object_id"": ""blue_block"", ""target"": ""hand""},
      ""reasoning"": ""Grasp blue block to prepare for stacking""
    },
    {
      ""step"": 2,
      ""agent"": ""VisionAgent"",
      ""skill"": ""tap"",
      ""parameters"": {""object_id"": ""blue_block"", ""target"": ""table""},
      ""reasoning"": ""Tap blue block on table to align edges""
    },
    {
      ""step"": 3,
      ""agent"": ""ControlAgent"",
      ""skill"": ""place"",
      ""parameters"": {""object_id"": ""red_block"", ""target"": ""blue_block""},
      ""reasoning"": ""Stack red block on top of blue block""
    }
  ],
  ""requires_approval"": false,
  ""ambiguity_notes"": """"
}"
LG_TRIAL_00303,34,P34,Cat 4: Compound Multi-Step,"Grasp the blue block, tap it on the table to align edges, and stack on red block.",SayCan,1337,0.7,8d83b97,2026-10-03T21:36:54.774665Z,True,False,False,True,0.3333333333333333,False,0.704,0.7,False,2908.95,"{""selected_primitive"": ""pick(red_cylinder)"", ""score"": 0.704}","{
  ""pick(blue_bolt)"": 0.05,
  ""pick(blue_cube)"": 0.7,
  ""pick(red_cylinder)"": 0.8,
  ""pick(red_housing)"": 0.2,
  ""pick(grey_bracket)"": 0.1,
  ""place(assembly_tray)"": 0.3,
  ""place(scrap_bin)"": 0.05,
  ""place(tray_pocket_1)"": 0.2,
  ""place(tray_pocket_2)"": 0.15,
  ""inspect(red_cylinder)"": 0.1,
  ""sweep(conveyor)"": 0.0,
  ""done()"": 0.0
}"
LG_TRIAL_00304,34,P34,Cat 4: Compound Multi-Step,"Grasp the blue block, tap it on the table to align edges, and stack on red block.",ARIA_Dialogue_Planning,2026,0.7,8d83b97,2026-10-03T21:37:00.411670Z,False,False,True,True,0.6666666666666666,True,0.5,0.7,False,5636.81,{},"{

    ""plan_id"": ""PLAN_001"",
    ""confidence"": 1.00,
    ""subgoals"": [
        ""Grasp workpiece_good_2 (blue cube)"",
        ""Tap workpiece_good_2 on the table to align edges"",
        ""Stack workpiece_good_2 on top of workpiece_defect_1 (red block)""
    ],
    ""actions"": [
        {
            ""step"": 1,
            ""agent"": ""AffordanceAgent"",
            ""skill"": ""pick"",
            ""reasoning"": ""Pick up workpiece_good_2 using the robot's gripper"",
            ""parameters"": {
                ""object_id"": ""workpiece_good_2""
            }
        },
        {
            ""step"": 2,
            ""agent"": ""AffordanceAgent"",
            ""skill"": ""place"",
            ""reasoning"": ""Place workpiece_good_2 on the table to align edges"",
            ""parameters"": {
                ""object_id"": ""workpiece_good_2"",
                ""direction"": ""down""
            }
        },
        {
            ""step"": 3,
            ""agent"": ""AffordanceAgent"",
            ""skill"": ""place"",
            ""reasoning"": ""Stack workpiece_good_2 on top of workpiece_defect_1"",
            ""parameters"": {
                ""object_id"": ""workpiece_good_2"",
                ""direction"": ""up""
            }
"
LG_TRIAL_00305,34,P34,Cat 4: Compound Multi-Step,"Grasp the blue block, tap it on the table to align edges, and stack on red block.",Direct_LLM,2026,0.7,8d83b97,2026-10-03T21:37:03.088175Z,True,False,True,True,0.6666666666666666,False,0.95,0.7,True,2676.3,"{""plan_id"": ""string"", ""confidence"": 0.95, ""subgoals"": [""Grasp blue block"", ""Tap on table to align edges"", ""Stack red block""], ""actions"": [{""step"": 1, ""agent"": ""SkillAgent"", ""skill"": ""pick"", ""parameters"": {""object_id"": ""blue_block""}, ""reasoning"": ""grasping object""}, {""step"": 2, ""agent"": ""ControlAgent"", ""skill"": ""tap"", ""parameters"": {""surface_id"": ""table_surface""}, ""reasoning"": ""aligning edges with table surface""}, {""step"": 3, ""agent"": ""SkillAgent"", ""skill"": ""place"", ""parameters"": {""object_id"": ""red_block""}, ""reasoning"": ""placing red block on top""}], ""requires_approval"": false, ""ambiguity_notes"": """"}","{""plan_id"":""string"",""confidence"":0.95,""subgoals"":[""Grasp blue block"",""Tap on table to align edges"",""Stack red block""],""actions"":[{""step"":1,""agent"":""SkillAgent"",""skill"":""pick"",""parameters"":{""object_id"":""blue_block""},""reasoning"":""grasping object""},{""step"":2,""agent"":""ControlAgent"",""skill"":""tap"",""parameters"":{""surface_id"":""table_surface""},""reasoning"":""aligning edges with table surface""},{""step"":3,""agent"":""SkillAgent"",""skill"":""place"",""parameters"":{""object_id"":""red_block""},""reasoning"":""placing red block on top""}],""requires_approval"":false,""ambiguity_notes"":""""}"
LG_TRIAL_00306,34,P34,Cat 4: Compound Multi-Step,"Grasp the blue block, tap it on the table to align edges, and stack on red block.",SayCan,2026,0.7,8d83b97,2026-10-03T21:37:06.215280Z,True,False,False,True,0.3333333333333333,False,0.616,0.7,False,3126.92,"{""selected_primitive"": ""pick(red_cylinder)"", ""score"": 0.616}","{  
   ""pick(blue_bolt)"": 0.0, 
   ""pick(blue_cube)"": 0.4, 
   ""pick(red_cylinder)"": 0.7, 
   ""pick(red_housing)"": 0.3, 
   ""pick(grey_bracket)"": 0.1, 
   ""place(assembly_tray)"": 0.2, 
   ""place(scrap_bin)"": 0.05, 
   ""place(tray_pocket_1)"": 0.15, 
   ""place(tray_pocket_2)"": 0.1, 
   ""inspect(red_cylinder)"": 0.6, 
   ""sweep(conveyor)"": 0.01, 
   ""done()"": 0.8
}"
LG_TRIAL_00307,35,P35,Cat 4: Compound Multi-Step,"Pick the bracket, pivot from horizontal to vertical, and place into groove.",ARIA_Dialogue_Planning,42,0.7,8d83b97,2026-10-03T21:37:10.506753Z,True,True,True,True,1.0,False,1.0,0.7,True,4291.29,"{""plan_id"": ""PICK_BRACKET"", ""confidence"": 1.0, ""subgoals"": [""pick_bracket""], ""actions"": [{""step"": 1, ""agent"": ""AffordanceAgent"", ""skill"": ""pick"", ""reasoning"": ""pick grey bracket to execute instruction"", ""parameters"": {""object_id"": ""grey_bracket"", ""target"": ""hand_1""}}, {""step"": 2, ""agent"": ""AffordanceAgent"", ""skill"": ""pull"", ""reasoning"": ""pivot from horizontal to vertical orientation to enable placing into groove"", ""parameters"": {""direction"": ""vertical""}}, {""step"": 3, ""agent"": ""AffordanceAgent"", ""skill"": ""place"", ""reasoning"": ""place bracket into groove as instructed"", ""parameters"": {""target"": ""groove_1""}}], ""requires_approval"": false, ""ambiguity_notes"": """"}","{ ""plan_id"": ""PICK_BRACKET"", ""confidence"": 1.0, ""subgoals"": [ ""pick_bracket"" ] , ""actions"": [ {""step"": 1, ""agent"": ""AffordanceAgent"", ""skill"": ""pick"", ""reasoning"": ""pick grey bracket to execute instruction"", ""parameters"": { ""object_id"": ""grey_bracket"", ""target"": ""hand_1"" } }, {""step"": 2, ""agent"": ""AffordanceAgent"", ""skill"": ""pull"", ""reasoning"": ""pivot from horizontal to vertical orientation to enable placing into groove"", ""parameters"": { ""direction"": ""vertical"" } }, {""step"": 3, ""agent"": ""AffordanceAgent"", ""skill"": ""place"", ""reasoning"": ""place bracket into groove as instructed"", ""parameters"": { ""target"": ""groove_1"" } } ] , ""requires_approval"": false, ""ambiguity_notes"": """" }"
LG_TRIAL_00308,35,P35,Cat 4: Compound Multi-Step,"Pick the bracket, pivot from horizontal to vertical, and place into groove.",Direct_LLM,42,0.7,8d83b97,2026-10-03T21:37:15.547485Z,True,False,True,False,0.3333333333333333,False,0.95,0.7,False,5040.52,"{""plan_id"": ""BracketPlacementPlan"", ""confidence"": 0.95, ""subgoals"": [""Pick bracket"", ""Pivot to vertical position"", ""Place in groove""], ""actions"": [{""step"": 1, ""agent"": ""SkillAgent"", ""skill"": ""pick"", ""parameters"": {""object_id"": ""Bracket-123"", ""target"": ""gripper""}, ""reasoning"": ""Grip the bracket using the gripper.""}, {""step"": 2, ""agent"": ""ControlAgent"", ""skill"": ""pivot"", ""parameters"": {}, ""reasoning"": ""Rotate the arm to vertical position.""}, {""step"": 3, ""agent"": ""SkillAgent"", ""skill"": ""place"", ""parameters"": {""object_id"": ""Bracket-123"", ""target"": ""groove""}, ""reasoning"": ""Release the bracket into the groove.""}], ""requires_approval"": false, ""ambiguity_notes"": """"}","{
  ""plan_id"": ""BracketPlacementPlan"",
  ""confidence"": 0.95,
  ""subgoals"": [""Pick bracket"", ""Pivot to vertical position"", ""Place in groove""],
  ""actions"": [
    {
      ""step"": 1,
      ""agent"": ""SkillAgent"",
      ""skill"": ""pick"",
      ""parameters"": {""object_id"": ""Bracket-123"", ""target"": ""gripper""},
      ""reasoning"": ""Grip the bracket using the gripper.""
    },
    {
      ""step"": 2,
      ""agent"": ""ControlAgent"",
      ""skill"": ""pivot"",
      ""parameters"": {},
      ""reasoning"": ""Rotate the arm to vertical position.""
    },
    {
      ""step"": 3,
      ""agent"": ""SkillAgent"",
      ""skill"": ""place"",
      ""parameters"": {""object_id"": ""Bracket-123"", ""target"": ""groove""},
      ""reasoning"": ""Release the bracket into the groove.""
    }
  ],
  ""requires_approval"": false,
  ""ambiguity_notes"": """"
}"
LG_TRIAL_00309,35,P35,Cat 4: Compound Multi-Step,"Pick the bracket, pivot from horizontal to vertical, and place into groove.",SayCan,42,0.7,8d83b97,2026-10-03T21:37:18.586300Z,True,False,True,True,0.6666666666666666,False,0.212,0.7,True,3038.62,"{""selected_primitive"": ""pick(grey_bracket)"", ""score"": 0.212}","{
  ""pick(blue_bolt)"": 0.02,
  ""pick(blue_cube)"": 0.03,
  ""pick(red_cylinder)"": 0.05,
  ""pick(red_housing)"": 0.04,
  ""pick(grey_bracket)"": 0.25,
  ""place(assembly_tray)"": 0.01,
  ""place(scrap_bin)"": 0.02,
  ""place(tray_pocket_1)"": 0.06,
  ""place(tray_pocket_2)"": 0.07,
  ""inspect(red_cylinder)"": 0.00,
  ""sweep(conveyor)"": 0.00,
  ""done()"": 0.00
}"
LG_TRIAL_00310,35,P35,Cat 4: Compound Multi-Step,"Pick the bracket, pivot from horizontal to vertical, and place into groove.",ARIA_Dialogue_Planning,1337,0.7,8d83b97,2026-10-03T21:37:23.048940Z,True,True,True,True,1.0,False,1.0,0.7,True,4462.41,"{""plan_id"": ""PICK_BRACKET"", ""confidence"": 1.0, ""subgoals"": [""STEP_1: PICK_BRACKET""], ""actions"": [{""step"": 1, ""agent"": ""AffordanceAgent"", ""skill"": ""pick"", ""reasoning"": ""Pick the grey_bracket."", ""parameters"": {""object_id"": ""grey_bracket"", ""direction"": ""downward""}}, {""step"": 2, ""agent"": ""AffordanceAgent"", ""skill"": ""pull"", ""reasoning"": ""Pull the picked bracket towards self in horizontal direction."", ""parameters"": {""direction"": ""horizontal""}}, {""step"": 3, ""agent"": ""AffordanceAgent"", ""skill"": ""place"", ""reasoning"": ""Place the pulled bracket into groove."", ""parameters"": {""object_id"": ""grey_bracket"", ""direction"": ""downward"", ""distance_m"": 0.5}}], ""requires_approval"": false, ""ambiguity_notes"": """"}","{ ""plan_id"": ""PICK_BRACKET"", ""confidence"": 1.0, ""subgoals"": [ ""STEP_1: PICK_BRACKET"" ] , ""actions"": [ { ""step"": 1, ""agent"": ""AffordanceAgent"", ""skill"": ""pick"", ""reasoning"": ""Pick the grey_bracket."", ""parameters"": {""object_id"": ""grey_bracket"", ""direction"": ""downward""} }, { ""step"": 2, ""agent"": ""AffordanceAgent"", ""skill"": ""pull"", ""reasoning"": ""Pull the picked bracket towards self in horizontal direction."", ""parameters"": {""direction"": ""horizontal""} }, { ""step"": 3, ""agent"": ""AffordanceAgent"", ""skill"": ""place"", ""reasoning"": ""Place the pulled bracket into groove."", ""parameters"": {""object_id"": ""grey_bracket"", ""direction"": ""downward"", ""distance_m"": 0.5} } ], ""requires_approval"": false, ""ambiguity_notes"": """" }"
LG_TRIAL_00311,35,P35,Cat 4: Compound Multi-Step,"Pick the bracket, pivot from horizontal to vertical, and place into groove.",Direct_LLM,1337,0.7,8d83b97,2026-10-03T21:37:26.336938Z,False,False,True,True,0.6666666666666666,False,0.95,0.7,False,3287.85,"{""plan_id"": ""string"", ""confidence"": 0.95, ""subgoals"": [""Pick bracket"", ""Pivot to vertical"", ""Place in groove""], ""actions"": [{""step"": 1, ""agent"": ""ControlAgent"", ""skill"": ""pivot"", ""parameters"": {""object_id"": ""bracket"", ""target"": ""vertical""}, ""reasoning"": ""align with gravity""}, {""step"": 2, ""agent"": ""SkillAgent"", ""skill"": ""pick"", ""parameters"": {""object_id"": ""bracket"", ""target"": ""groove""}, ""reasoning"": "" grasp and lift bracket""}], ""requires_approval"": false, ""ambiguity_notes"": """"}","{
  ""plan_id"": ""string"",
  ""confidence"": 0.95,
  ""subgoals"": [""Pick bracket"", ""Pivot to vertical"", ""Place in groove""],
  ""actions"": [
    {
      ""step"": 1,
      ""agent"": ""ControlAgent"",
      ""skill"": ""pivot"",
      ""parameters"": {""object_id"": ""bracket"", ""target"": ""vertical""},
      ""reasoning"": ""align with gravity""
    },
    {
      ""step"": 2,
      ""agent"": ""SkillAgent"",
      ""skill"": ""pick"",
      ""parameters"": {""object_id"": ""bracket"", ""target"": ""groove""},
      ""reasoning"": "" grasp and lift bracket""
    }
  ],
  ""requires_approval"": false,
  ""ambiguity_notes"": """"
}"
LG_TRIAL_00312,35,P35,Cat 4: Compound Multi-Step,"Pick the bracket, pivot from horizontal to vertical, and place into groove.",SayCan,1337,0.7,8d83b97,2026-10-03T21:37:29.230007Z,True,False,True,True,0.6666666666666666,False,0.68,0.7,True,2892.93,"{""selected_primitive"": ""pick(grey_bracket)"", ""score"": 0.68}","{
  ""pick(blue_bolt)"": 0.0,
  ""pick(blue_cube)"": 0.0,
  ""pick(red_cylinder)"": 0.1,
  ""pick(red_housing)"": 0.2,
  ""pick(grey_bracket)"": 0.8,
  ""place(assembly_tray)"": 0.3,
  ""place(scrap_bin)"": 0.4,
  ""place(tray_pocket_1)"": 0.6,
  ""place(tray_pocket_2)"": 0.7,
  ""inspect(red_cylinder)"": 0.0,
  ""sweep(conveyor)"": 0.0,
  ""done()"": 0.0
}"
LG_TRIAL_00313,35,P35,Cat 4: Compound Multi-Step,"Pick the bracket, pivot from horizontal to vertical, and place into groove.",ARIA_Dialogue_Planning,2026,0.7,8d83b97,2026-10-03T21:37:34.047096Z,True,True,True,True,1.0,False,1.0,0.7,True,4816.87,"{""plan_id"": ""pick_bracket"", ""confidence"": 1.0, ""subgoals"": [""Pick the bracket""], ""actions"": [{""step"": 1, ""agent"": ""AffordanceAgent"", ""skill"": ""pick"", ""reasoning"": ""Picking the grey_bracket using affordance-based planning."", ""parameters"": {""object_id"": ""grey_bracket""}}, {""step"": 2, ""agent"": ""AffordanceAgent"", ""skill"": ""pull"", ""reasoning"": ""Pivoting the picked bracket from horizontal to vertical orientation using affordance-based planning."", ""parameters"": {}}, {""step"": 3, ""agent"": ""AffordanceAgent"", ""skill"": ""place"", ""reasoning"": ""Placing the pivoted bracket into its destination groove using affordance-based planning."", ""parameters"": {}}], ""requires_approval"": false, ""ambiguity_notes"": """"}","{
    ""plan_id"": ""pick_bracket"",
    ""confidence"": 1.00,
    ""subgoals"": [
        ""Pick the bracket""
    ],
    ""actions"": [
        {
            ""step"": 1,
            ""agent"": ""AffordanceAgent"",
            ""skill"": ""pick"",
            ""reasoning"": ""Picking the grey_bracket using affordance-based planning."",
            ""parameters"": {
                ""object_id"": ""grey_bracket""
            }
        },
        {
            ""step"": 2,
            ""agent"": ""AffordanceAgent"",
            ""skill"": ""pull"",
            ""reasoning"": ""Pivoting the picked bracket from horizontal to vertical orientation using affordance-based planning."",
            ""parameters"": {}
        },
        {
            ""step"": 3,
            ""agent"": ""AffordanceAgent"",
            ""skill"": ""place"",
            ""reasoning"": ""Placing the pivoted bracket into its destination groove using affordance-based planning."",
            ""parameters"": {}
        }
    ]
  ,
    ""requires_approval"": false
  ,
    ""ambiguity_notes"": """"
}"
LG_TRIAL_00314,35,P35,Cat 4: Compound Multi-Step,"Pick the bracket, pivot from horizontal to vertical, and place into groove.",Direct_LLM,2026,0.7,8d83b97,2026-10-03T21:37:35.709694Z,False,False,True,True,0.6666666666666666,False,0.9,0.7,False,1662.43,"{""plan_id"": ""pick-bracket-plan"", ""confidence"": 0.9, ""subgoals"": [""pick-bracket"", ""pivot-arm"", ""place-into-groove""], ""actions"": [{""step"": 1, ""agent"": ""ControlAgent"", ""skill"": ""move-to-object"", ""parameters"": {""object_id"": ""bracket""}, ""reasoning"": ""Move to bracket position""}], ""requires_approval"": false, ""ambiguity_notes"": """"}","{""plan_id"":""pick-bracket-plan"",""confidence"":0.9,""subgoals"":[""pick-bracket"",""pivot-arm"",""place-into-groove""],""actions"":[{""step"":1,""agent"":""ControlAgent"",""skill"":""move-to-object"",""parameters"":{""object_id"":""bracket""},""reasoning"":""Move to bracket position""}],""requires_approval"":false,""ambiguity_notes"":""""}"
LG_TRIAL_00315,35,P35,Cat 4: Compound Multi-Step,"Pick the bracket, pivot from horizontal to vertical, and place into groove.",SayCan,2026,0.7,8d83b97,2026-10-03T21:37:38.573666Z,True,False,True,True,0.6666666666666666,False,0.765,0.7,True,2863.79,"{""selected_primitive"": ""pick(grey_bracket)"", ""score"": 0.765}","{
  ""pick(blue_bolt)"": 0.4,
  ""pick(blue_cube)"": 0.6,
  ""pick(red_cylinder)"": 0.8,
  ""pick(red_housing)"": 0.2,
  ""pick(grey_bracket)"": 0.9,
  ""place(assembly_tray)"": 0.1,
  ""place(scrap_bin)"": 0.05,
  ""place(tray_pocket_1)"": 0.15,
  ""place(tray_pocket_2)"": 0.3,
  ""inspect(red_cylinder)"": 0.5,
  ""sweep(conveyor)"": 0.9,
  ""done()"": 0
}"
LG_TRIAL_00316,36,P36,Cat 4: Compound Multi-Step,"Retrieve the red cylinder, perform in-hand reorientation, and place upright.",ARIA_Dialogue_Planning,42,0.7,8d83b97,2026-10-03T21:37:44.292683Z,True,False,True,True,0.6666666666666666,False,1.0,0.7,True,5718.64,"{""plan_id"": ""retrieve_red_cylinder"", ""confidence"": 1.0, ""subgoals"": [""reorient_red_cylinder""], ""actions"": [{""step"": 1, ""agent"": ""AffordanceAgent"", ""skill"": ""pick"", ""reasoning"": ""The instruction specifies the red cylinder, which is one of the objects in the workcell. Pick up the object matching this description."", ""parameters"": {""object_id"": ""workpiece_defect_1""}}, {""step"": 2, ""agent"": ""AffordanceAgent"", ""skill"": ""inspect"", ""reasoning"": ""Verify that the red cylinder has been successfully picked up."", ""parameters"": {}}, {""step"": 3, ""agent"": ""AffordanceAgent"", ""skill"": ""place"", ""reasoning"": ""The instruction specifies placing the object upright. Assuming this means aligning the top surface of the red cylinder with the vertical axis and making contact with a supporting surface."", ""parameters"": {""object_id"": ""workpiece_defect_1"", ""direction"": ""vertical""}}, {""step"": 4, ""agent"": ""AffordanceAgent"", ""skill"": ""inspect"", ""reasoning"": ""Verify that the red cylinder has been successfully placed upright."", ""parameters"": {}}], ""requires_approval"": false, ""ambiguity_notes"": """"}","{ ""plan_id"": ""retrieve_red_cylinder"", ""confidence"": 1.00, ""subgoals"": [ ""reorient_red_cylinder"" ], ""actions"": [ { ""step"": 1, ""agent"": ""AffordanceAgent"", ""skill"": ""pick"", ""reasoning"": ""The instruction specifies the red cylinder, which is one of the objects in the workcell. Pick up the object matching this description."", ""parameters"": { ""object_id"": ""workpiece_defect_1"" } }, { ""step"": 2, ""agent"": ""AffordanceAgent"", ""skill"": ""inspect"", ""reasoning"": ""Verify that the red cylinder has been successfully picked up."", ""parameters"": {} }, { ""step"": 3, ""agent"": ""AffordanceAgent"", ""skill"": ""place"", ""reasoning"": ""The instruction specifies placing the object upright. Assuming this means aligning the top surface of the red cylinder with the vertical axis and making contact with a supporting surface."", ""parameters"": { ""object_id"": ""workpiece_defect_1"", ""direction"": ""vertical"" } }, { ""step"": 4, ""agent"": ""AffordanceAgent"", ""skill"": ""inspect"", ""reasoning"": ""Verify that the red cylinder has been successfully placed upright."", ""parameters"": {} } ], ""requires_approval"": false, ""ambiguity_notes"": """" }"
LG_TRIAL_00317,36,P36,Cat 4: Compound Multi-Step,"Retrieve the red cylinder, perform in-hand reorientation, and place upright.",Direct_LLM,42,0.7,8d83b97,2026-10-03T21:37:48.673009Z,True,False,True,False,0.3333333333333333,False,0.95,0.7,False,4380.13,"{""plan_id"": ""retrieve_red_cylinder"", ""confidence"": 0.95, ""subgoals"": [""Retrieve red cylinder"", ""Perform in-hand reorientation"", ""Place upright""], ""actions"": [{""step"": 1, ""agent"": ""SkillAgent"", ""skill"": ""pick"", ""parameters"": {""object_id"": ""red_cylinder"", ""target"": ""grasp""}, ""reasoning"": ""Identify red cylinder and grasp""}, {""step"": 2, ""agent"": ""ControlAgent"", ""skill"": ""reorient"", ""parameters"": {}, ""reasoning"": ""Reorient cylinder in hand""}, {""step"": 3, ""agent"": ""SkillAgent"", ""skill"": ""place"", ""parameters"": {""object_id"": ""red_cylinder"", ""target"": ""upright""}, ""reasoning"": ""Place red cylinder upright on surface""}], ""requires_approval"": false, ""ambiguity_notes"": """"}","{
  ""plan_id"": ""retrieve_red_cylinder"",
  ""confidence"": 0.95,
  ""subgoals"": [""Retrieve red cylinder"", ""Perform in-hand reorientation"", ""Place upright""],
  ""actions"": [
    {
      ""step"": 1,
      ""agent"": ""SkillAgent"",
      ""skill"": ""pick"",
      ""parameters"": {""object_id"": ""red_cylinder"", ""target"": ""grasp""},
      ""reasoning"": ""Identify red cylinder and grasp""
    },
    {
      ""step"": 2,
      ""agent"": ""ControlAgent"",
      ""skill"": ""reorient"",
      ""parameters"": {},
      ""reasoning"": ""Reorient cylinder in hand""
    },
    {
      ""step"": 3,
      ""agent"": ""SkillAgent"",
      ""skill"": ""place"",
      ""parameters"": {""object_id"": ""red_cylinder"", ""target"": ""upright""},
      ""reasoning"": ""Place red cylinder upright on surface""
    }
  ],
  ""requires_approval"": false,
  ""ambiguity_notes"": """"
}"
LG_TRIAL_00318,36,P36,Cat 4: Compound Multi-Step,"Retrieve the red cylinder, perform in-hand reorientation, and place upright.",SayCan,42,0.7,8d83b97,2026-10-03T21:37:51.614350Z,True,False,True,True,0.6666666666666666,False,0.862,0.7,True,2941.14,"{""selected_primitive"": ""pick(red_cylinder)"", ""score"": 0.862}","{
  ""pick(blue_bolt)"": 0.01,
  ""pick(blue_cube)"": 0.02,
  ""pick(red_cylinder)"": 0.98,
  ""pick(red_housing)"": 0.03,
  ""pick(grey_bracket)"": 0.04,
  ""place(assembly_tray)"": 0.05,
  ""place(scrap_bin)"": 0.06,
  ""place(tray_pocket_1)"": 0.07,
  ""place(tray_pocket_2)"": 0.08,
  ""inspect(red_cylinder)"": 0.09,
  ""sweep(conveyor)"": 0.01,
  ""done()"": 0
}"
LG_TRIAL_00319,36,P36,Cat 4: Compound Multi-Step,"Retrieve the red cylinder, perform in-hand reorientation, and place upright.",ARIA_Dialogue_Planning,1337,0.7,8d83b97,2026-10-03T21:37:55.177150Z,True,True,True,True,1.0,False,1.0,0.7,True,3562.61,"{""plan_id"": ""retrieve_red_cylinder"", ""confidence"": 1.0, ""subgoals"": [""retrieve_red_cylinder""], ""actions"": [{""step"": 1, ""agent"": ""AffordanceAgent"", ""skill"": ""pick"", ""reasoning"": ""Select the red cylinder from the workcell using object detection and manipulation capabilities.""}, {""step"": 2, ""agent"": ""AffordanceAgent"", ""skill"": ""inspect"", ""reasoning"": ""Use tactile feedback to check if the selected item is indeed a red cylinder.""}, {""step"": 3, ""agent"": ""AffordanceAgent"", ""skill"": ""place"", ""reasoning"": ""Place the red cylinder upright using spatial reasoning and manipulation capabilities.""}], ""requires_approval"": false, ""ambiguity_notes"": """"}","{ ""plan_id"": ""retrieve_red_cylinder"", ""confidence"": 1.0, ""subgoals"": [ ""retrieve_red_cylinder"" ], ""actions"": [ { ""step"": 1, ""agent"": ""AffordanceAgent"", ""skill"": ""pick"", ""reasoning"": ""Select the red cylinder from the workcell using object detection and manipulation capabilities."" }, { ""step"": 2, ""agent"": ""AffordanceAgent"", ""skill"": ""inspect"", ""reasoning"": ""Use tactile feedback to check if the selected item is indeed a red cylinder."" }, { ""step"": 3, ""agent"": ""AffordanceAgent"", ""skill"": ""place"", ""reasoning"": ""Place the red cylinder upright using spatial reasoning and manipulation capabilities."" } ], ""requires_approval"": false, ""ambiguity_notes"": """" }"
LG_TRIAL_00320,36,P36,Cat 4: Compound Multi-Step,"Retrieve the red cylinder, perform in-hand reorientation, and place upright.",Direct_LLM,1337,0.7,8d83b97,2026-10-03T21:37:59.453270Z,True,False,True,False,0.3333333333333333,False,0.9,0.7,False,4275.93,"{""plan_id"": ""retrieve_red_cylinder"", ""confidence"": 0.9, ""subgoals"": [""Retrieve red cylinder"", ""Perform in-hand reorientation"", ""Place upright""], ""actions"": [{""step"": 1, ""agent"": ""ControlAgent"", ""skill"": ""pick"", ""parameters"": {""object_id"": ""red_cylinder"", ""target"": ""hand""}, ""reasoning"": ""Move to cylinder and grasp it""}, {""step"": 2, ""agent"": ""AffordanceAgent"", ""skill"": ""reorient"", ""parameters"": {}, ""reasoning"": ""Determine reorientation pose in hand""}, {""step"": 3, ""agent"": ""ControlAgent"", ""skill"": ""place"", ""parameters"": {""object_id"": ""red_cylinder"", ""target"": ""vertical_surface""}, ""reasoning"": ""Place cylinder upright on surface""}], ""requires_approval"": false, ""ambiguity_notes"": """"}","{
  ""plan_id"": ""retrieve_red_cylinder"",
  ""confidence"": 0.9,
  ""subgoals"": [""Retrieve red cylinder"", ""Perform in-hand reorientation"", ""Place upright""],
  ""actions"": [
    {
      ""step"": 1,
      ""agent"": ""ControlAgent"",
      ""skill"": ""pick"",
      ""parameters"": {""object_id"": ""red_cylinder"", ""target"": ""hand""},
      ""reasoning"": ""Move to cylinder and grasp it""
    },
    {
      ""step"": 2,
      ""agent"": ""AffordanceAgent"",
      ""skill"": ""reorient"",
      ""parameters"": {},
      ""reasoning"": ""Determine reorientation pose in hand""
    },
    {
      ""step"": 3,
      ""agent"": ""ControlAgent"",
      ""skill"": ""place"",
      ""parameters"": {""object_id"": ""red_cylinder"", ""target"": ""vertical_surface""},
      ""reasoning"": ""Place cylinder upright on surface""
    }
  ],
  ""requires_approval"": false,
  ""ambiguity_notes"": """"
}"
LG_TRIAL_00321,36,P36,Cat 4: Compound Multi-Step,"Retrieve the red cylinder, perform in-hand reorientation, and place upright.",SayCan,1337,0.7,8d83b97,2026-10-03T21:38:02.388244Z,True,False,True,True,0.6666666666666666,False,0.88,0.7,True,2934.78,"{""selected_primitive"": ""pick(red_cylinder)"", ""score"": 0.88}","{
  ""pick(blue_bolt)"": 0.0,
  ""pick(blue_cube)"": 0.0,
  ""pick(red_cylinder)"": 1.0,
  ""pick(red_housing)"": 0.0,
  ""pick(grey_bracket)"": 0.0,
  ""place(assembly_tray)"": 0.0,
  ""place(scrap_bin)"": 0.0,
  ""place(tray_pocket_1)"": 0.0,
  ""place(tray_pocket_2)"": 0.0,
  ""inspect(red_cylinder)"": 0.0,
  ""sweep(conveyor)"": 0.0,
  ""done()"": 0.0
}"
LG_TRIAL_00322,36,P36,Cat 4: Compound Multi-Step,"Retrieve the red cylinder, perform in-hand reorientation, and place upright.",ARIA_Dialogue_Planning,2026,0.7,8d83b97,2026-10-03T21:38:08.391894Z,False,False,True,True,0.6666666666666666,True,0.5,0.7,False,6003.48,{},"{
    ""plan_id"": ""retrieve_red_cylinder"",
    ""confidence"": 1.0,
    ""subgoals"":
    [
        ""get_workpiece_defect_1"", ""><!-- Retrieve the red cylinder (workpiece_defect_1) from workcell --></option></select> </div> <!-- Action Step 1: Pickup workpiece_defect_1 (defective red cylinder with surface scratches) using gripper. --></option></select> </div> </div> <div class="" ]
        ,
        ""actions"": [
            {
                ""step"": 1,
                ""agent"": ""AffordanceAgent"",
                ""skill"": ""pick"",
                ""reasoning"": ""Retrieve the red cylinder (workpiece_defect_1) from workcell."",
                ""parameters"": {""object_id"": ""workpiece_defect_1"", ""target"": ""gripper""}
            },
            {
                ""step"": 2,
                ""agent"": ""AffordanceAgent"",
                ""skill"": ""inspect"",
                ""reasoning"": ""Perform in-hand reorientation of the red cylinder (workpiece_defect_1)."",
                ""parameters"": {}
            },
            {
                ""step"": 3,
                ""agent"": ""AffordanceAgent"",
                ""skill"": ""place"",
                ""reasoning"": ""Place the upright red cylinder (workpiece_defect_1) on a"
LG_TRIAL_00323,36,P36,Cat 4: Compound Multi-Step,"Retrieve the red cylinder, perform in-hand reorientation, and place upright.",Direct_LLM,2026,0.7,8d83b97,2026-10-03T21:38:11.363325Z,True,False,True,False,0.3333333333333333,False,0.9,0.7,False,2971.24,"{""plan_id"": ""red_cylinder_task"", ""confidence"": 0.9, ""subgoals"": [""retrieve_red_cylinder"", ""reorient_in_hand"", ""place_uptight""], ""actions"": [{""step"": 1, ""agent"": ""SkillAgent"", ""skill"": ""pick"", ""parameters"": {""object_id"": ""red_cylinder"", ""target"": ""gripper""}, ""reasoning"": ""grasp_red_cylinder""}, {""step"": 2, ""agent"": ""AffordanceAgent"", ""skill"": ""rotate"", ""parameters"": {""object_id"": ""red_cylinder""}, ""reasoning"": ""orient_red_cylinder_in_gripper""}, {""step"": 3, ""agent"": ""ControlAgent"", ""skill"": ""place"", ""parameters"": {""object_id"": ""red_cylinder"", ""target"": ""surface""}, ""reasoning"": ""place_red_cylinder_uptight""}], ""requires_approval"": false, ""ambiguity_notes"": """"}","{""plan_id"":""red_cylinder_task"",""confidence"":0.9,""subgoals"":[""retrieve_red_cylinder"",""reorient_in_hand"",""place_uptight""],""actions"":[{""step"":1,""agent"":""SkillAgent"",""skill"":""pick"",""parameters"":{""object_id"":""red_cylinder"",""target"":""gripper""},""reasoning"":""grasp_red_cylinder""},{""step"":2,""agent"":""AffordanceAgent"",""skill"":""rotate"",""parameters"":{""object_id"":""red_cylinder""},""reasoning"":""orient_red_cylinder_in_gripper""},{""step"":3,""agent"":""ControlAgent"",""skill"":""place"",""parameters"":{""object_id"":""red_cylinder"",""target"":""surface""},""reasoning"":""place_red_cylinder_uptight""}],""requires_approval"":false,""ambiguity_notes"":""""}"
LG_TRIAL_00324,36,P36,Cat 4: Compound Multi-Step,"Retrieve the red cylinder, perform in-hand reorientation, and place upright.",SayCan,2026,0.7,8d83b97,2026-10-03T21:38:14.269734Z,True,False,True,True,0.6666666666666666,False,0.73,0.7,True,2906.2,"{""selected_primitive"": ""pick(red_cylinder)"", ""score"": 0.73}","{
  ""pick(blue_bolt)"": 0.02,
  ""pick(blue_cube)"": 0.03,
  ""pick(red_cylinder)"": 0.83,
  ""pick(red_housing)"": 0.01,
  ""pick(grey_bracket)"": 0.05,
  ""place(assembly_tray)"": 0.04,
  ""place(scrap_bin)"": 0.06,
  ""place(tray_pocket_1)"": 0.08,
  ""place(tray_pocket_2)"": 0.09,
  ""inspect(red_cylinder)"": 0.05,
  ""sweep(conveyor)"": 0.02,
  ""done()"": 0.0
}"
LG_TRIAL_00325,37,P37,Cat 4: Compound Multi-Step,"Grasp the grey peg, adjust tilt angle by 30 degrees, and drop into sleeve.",ARIA_Dialogue_Planning,42,0.7,8d83b97,2026-10-03T21:38:15.577684Z,True,False,True,True,0.6666666666666666,False,1.0,0.7,True,1307.68,"{""plan_id"": ""grasp_and_drop"", ""confidence"": 1.0, ""subgoals"": [], ""actions"": [], ""requires_approval"": false, ""ambiguity_notes"": ""None""}","{ ""plan_id"": ""grasp_and_drop"", ""confidence"": 1.0, ""subgoals"": [ ],""actions"":[ ],""requires_approval"":false,""ambiguity_notes"":""None""}

  															"
LG_TRIAL_00326,37,P37,Cat 4: Compound Multi-Step,"Grasp the grey peg, adjust tilt angle by 30 degrees, and drop into sleeve.",Direct_LLM,42,0.7,8d83b97,2026-10-03T21:38:20.575184Z,True,False,True,False,0.3333333333333333,False,0.95,0.7,False,4997.28,"{""plan_id"": ""peg_grasping_plan"", ""confidence"": 0.95, ""subgoals"": [""Grasp grey peg"", ""Adjust tilt angle by 30 degrees"", ""Drop into sleeve""], ""actions"": [{""step"": 1, ""agent"": ""ControlAgent"", ""skill"": ""pick"", ""parameters"": {""object_id"": ""grey_pegs_001"", ""target"": ""peg_hole""}, ""reasoning"": ""Grasp the grey peg using control agent.""}, {""step"": 2, ""agent"": ""WorldModelAgent"", ""skill"": ""rotate"", ""parameters"": {""object_id"": ""grey_pegs_001"", ""target"": ""tilt_angle""}, ""reasoning"": ""Adjust tilt angle by 30 degrees using world model agent.""}, {""step"": 3, ""agent"": ""ControlAgent"", ""skill"": ""place"", ""parameters"": {""object_id"": ""grey_pegs_001"", ""target"": ""sleeve""}, ""reasoning"": ""Drop into sleeve using control agent.""}], ""requires_approval"": false, ""ambiguity_notes"": """"}","{
  ""plan_id"": ""peg_grasping_plan"",
  ""confidence"": 0.95,
  ""subgoals"": [""Grasp grey peg"", ""Adjust tilt angle by 30 degrees"", ""Drop into sleeve""],
  ""actions"": [
    {
      ""step"": 1,
      ""agent"": ""ControlAgent"",
      ""skill"": ""pick"",
      ""parameters"": {""object_id"": ""grey_pegs_001"", ""target"": ""peg_hole""},
      ""reasoning"": ""Grasp the grey peg using control agent.""
    },
    {
      ""step"": 2,
      ""agent"": ""WorldModelAgent"",
      ""skill"": ""rotate"",
      ""parameters"": {""object_id"": ""grey_pegs_001"", ""target"": ""tilt_angle""},
      ""reasoning"": ""Adjust tilt angle by 30 degrees using world model agent.""
    },
    {
      ""step"": 3,
      ""agent"": ""ControlAgent"",
      ""skill"": ""place"",
      ""parameters"": {""object_id"": ""grey_pegs_001"", ""target"": ""sleeve""},
      ""reasoning"": ""Drop into sleeve using control agent.""
    }
  ],
  ""requires_approval"": false,
  ""ambiguity_notes"": """"
}"
LG_TRIAL_00327,37,P37,Cat 4: Compound Multi-Step,"Grasp the grey peg, adjust tilt angle by 30 degrees, and drop into sleeve.",SayCan,42,0.7,8d83b97,2026-10-03T21:38:23.550771Z,True,False,True,True,0.6666666666666666,False,0.128,0.7,True,2975.39,"{""selected_primitive"": ""pick(grey_bracket)"", ""score"": 0.128}","{
  ""pick(blue_bolt)"": 0.01,
  ""pick(blue_cube)"": 0.02,
  ""pick(red_cylinder)"": 0.03,
  ""pick(red_housing)"": 0.04,
  ""pick(grey_bracket)"": 0.15,
  ""place(assembly_tray)"": 0.05,
  ""place(scrap_bin)"": 0.06,
  ""place(tray_pocket_1)"": 0.07,
  ""place(tray_pocket_2)"": 0.08,
  ""inspect(red_cylinder)"": 0.09,
  ""sweep(conveyor)"": 0.10,
  ""done()"": 0.11
}"
LG_TRIAL_00328,37,P37,Cat 4: Compound Multi-Step,"Grasp the grey peg, adjust tilt angle by 30 degrees, and drop into sleeve.",ARIA_Dialogue_Planning,1337,0.7,8d83b97,2026-10-03T21:38:27.897071Z,True,True,True,True,1.0,False,1.0,0.7,True,4346.1,"{""plan_id"": ""GraspGreyPegPlan"", ""confidence"": 1.0, ""subgoals"": [""grasp grey_bracket"", ""adjust tilt angle by 30 degrees"", ""drop into sleeve""], ""actions"": [{""step"": 1, ""agent"": ""AffordanceAgent"", ""skill"": ""pick"", ""reasoning"": ""Grasp the grey peg"", ""parameters"": {""object_id"": ""grey_bracket""}}, {""step"": 2, ""agent"": ""AffordanceAgent"", ""skill"": ""pull"", ""reasoning"": ""Adjust the arm to change the tilt angle by 30 degrees"", ""parameters"": {""direction"": ""tilt_angle"", ""distance_m"": 0.3}}, {""step"": 3, ""agent"": ""AffordanceAgent"", ""skill"": ""place"", ""reasoning"": ""Drop into sleeve"", ""parameters"": {""object_id"": ""grey_bracket""}}], ""requires_approval"": false, ""ambiguity_notes"": """"}","{ ""plan_id"": ""GraspGreyPegPlan"", ""confidence"": 1.0, ""subgoals"": [ ""grasp grey_bracket"", ""adjust tilt angle by 30 degrees"", ""drop into sleeve"" ] , ""actions"": [ {""step"": 1, ""agent"": ""AffordanceAgent"", ""skill"": ""pick"", ""reasoning"": ""Grasp the grey peg"", ""parameters"": {""object_id"": ""grey_bracket""}}, {""step"": 2, ""agent"": ""AffordanceAgent"", ""skill"": ""pull"", ""reasoning"": ""Adjust the arm to change the tilt angle by 30 degrees"", ""parameters"": {""direction"": ""tilt_angle"", ""distance_m"": 0.3}}, {""step"": 3, ""agent"": ""AffordanceAgent"", ""skill"": ""place"", ""reasoning"": ""Drop into sleeve"", ""parameters"": {""object_id"": ""grey_bracket""}}], ""requires_approval"": false, ""ambiguity_notes"": """"}"
LG_TRIAL_00329,37,P37,Cat 4: Compound Multi-Step,"Grasp the grey peg, adjust tilt angle by 30 degrees, and drop into sleeve.",Direct_LLM,1337,0.7,8d83b97,2026-10-03T21:38:32.835965Z,True,False,True,True,0.6666666666666666,False,0.95,0.7,True,4938.69,"{""plan_id"": ""peg_grasping_plan"", ""confidence"": 0.95, ""subgoals"": [""Grasp grey peg"", ""Adjust tilt angle by 30 degrees"", ""Drop into sleeve""], ""actions"": [{""step"": 1, ""agent"": ""ControlAgent"", ""skill"": ""pick"", ""parameters"": {""object_id"": ""grey_peg""}, ""reasoning"": ""Grasp the grey peg using the control agent's pick skill""}, {""step"": 2, ""agent"": ""WorldModelAgent"", ""skill"": ""set_parameter"", ""parameters"": {""parameter"": ""tilt_angle"", ""value"": 30.0}, ""reasoning"": ""Adjust the tilt angle by 30 degrees using the world model agent's set parameter skill""}, {""step"": 3, ""agent"": ""ControlAgent"", ""skill"": ""place"", ""parameters"": {""object_id"": ""grey_peg"", ""target"": ""sleeve""}, ""reasoning"": ""Drop the grey peg into the sleeve using the control agent's place skill""}], ""requires_approval"": false, ""ambiguity_notes"": """"}","{
  ""plan_id"": ""peg_grasping_plan"",
  ""confidence"": 0.95,
  ""subgoals"": [""Grasp grey peg"", ""Adjust tilt angle by 30 degrees"", ""Drop into sleeve""],
  ""actions"": [
    {
      ""step"": 1,
      ""agent"": ""ControlAgent"",
      ""skill"": ""pick"",
      ""parameters"": {""object_id"": ""grey_peg""},
      ""reasoning"": ""Grasp the grey peg using the control agent's pick skill""
    },
    {
      ""step"": 2,
      ""agent"": ""WorldModelAgent"",
      ""skill"": ""set_parameter"",
      ""parameters"": {""parameter"": ""tilt_angle"", ""value"": 30.0},
      ""reasoning"": ""Adjust the tilt angle by 30 degrees using the world model agent's set parameter skill""
    },
    {
      ""step"": 3,
      ""agent"": ""ControlAgent"",
      ""skill"": ""place"",
      ""parameters"": {""object_id"": ""grey_peg"", ""target"": ""sleeve""},
      ""reasoning"": ""Drop the grey peg into the sleeve using the control agent's place skill""
    }
  ],
  ""requires_approval"": false,
  ""ambiguity_notes"": """"
}"
LG_TRIAL_00330,37,P37,Cat 4: Compound Multi-Step,"Grasp the grey peg, adjust tilt angle by 30 degrees, and drop into sleeve.",SayCan,1337,0.7,8d83b97,2026-10-03T21:38:35.781995Z,True,False,True,True,0.6666666666666666,False,0.425,0.7,True,2945.85,"{""selected_primitive"": ""pick(grey_bracket)"", ""score"": 0.425}","{
  ""pick(blue_bolt)"": 0.0,
  ""pick(blue_cube)"": 0.0,
  ""pick(red_cylinder)"": 0.0,
  ""pick(red_housing)"": 0.0,
  ""pick(grey_bracket)"": 0.5, 
  ""place(assembly_tray)"": 0.0,
  ""place(scrap_bin)"": 0.0,
  ""place(tray_pocket_1)"": 0.0,
  ""place(tray_pocket_2)"": 0.0,
  ""inspect(red_cylinder)"": 0.0,
  ""sweep(conveyor)"": 0.0,
  ""done()"": 0.0
}"
LG_TRIAL_00331,37,P37,Cat 4: Compound Multi-Step,"Grasp the grey peg, adjust tilt angle by 30 degrees, and drop into sleeve.",ARIA_Dialogue_Planning,2026,0.7,8d83b97,2026-10-03T21:38:40.475570Z,True,True,True,True,1.0,False,1.0,0.7,True,4693.38,"{""plan_id"": ""GRASP_GREY_PEG"", ""confidence"": 1.0, ""subgoals"": [""grasp grey_bracket""], ""actions"": [{""step"": 1, ""agent"": ""AffordanceAgent"", ""skill"": ""pick"", ""reasoning"": ""Grasp the grey bracket to perform subsequent actions."", ""parameters"": {""object_id"": ""grey_bracket""}}, {""step"": 2, ""agent"": ""ControlAgent"", ""skill"": ""sweep"", ""reasoning"": ""Adjust tilt angle by 30 degrees for precise placement."", ""parameters"": {""direction"": ""tilt"", ""distance_m"": 30}}, {""step"": 3, ""agent"": ""AffordanceAgent"", ""skill"": ""place"", ""reasoning"": ""Drop the grey bracket into sleeve."", ""parameters"": {""object_id"": ""grey_bracket""}}], ""requires_approval"": false, ""ambiguity_notes"": """"}","{
    ""plan_id"": ""GRASP_GREY_PEG"",
    ""confidence"": 1.00,
    ""subgoals"":
        [
            ""grasp grey_bracket""
        ],
    ""actions"":
        [
            {
                ""step"": 1,
                ""agent"": ""AffordanceAgent"",
                ""skill"": ""pick"",
                ""reasoning"": ""Grasp the grey bracket to perform subsequent actions."",
                ""parameters"": {""object_id"": ""grey_bracket""}
            },
            {
                ""step"": 2,
                ""agent"": ""ControlAgent"",
                ""skill"": ""sweep"",
                ""reasoning"": ""Adjust tilt angle by 30 degrees for precise placement."",
                ""parameters"": {""direction"": ""tilt"", ""distance_m"": 30}
            },
            {
                ""step"": 3,
                ""agent"": ""AffordanceAgent"",
                ""skill"": ""place"",
                ""reasoning"": ""Drop the grey bracket into sleeve."",
                ""parameters"": {""object_id"": ""grey_bracket""}
            }
        ],
    ""requires_approval"": false
  ,
  ""ambiguity_notes"": """"
}"
LG_TRIAL_00332,37,P37,Cat 4: Compound Multi-Step,"Grasp the grey peg, adjust tilt angle by 30 degrees, and drop into sleeve.",Direct_LLM,2026,0.7,8d83b97,2026-10-03T21:38:43.256458Z,True,False,True,False,0.3333333333333333,False,0.95,0.7,False,2780.6,"{""plan_id"": ""string"", ""confidence"": 0.95, ""subgoals"": [""Grasp grey peg""], ""actions"": [{""step"": 1, ""agent"": ""SkillAgent"", ""skill"": ""pick"", ""parameters"": {""object_id"": ""grey_peg"", ""target"": ""grasping_point""}, ""reasoning"": ""Close proximity to grasping point""}, {""step"": 2, ""agent"": ""ControlAgent"", ""skill"": ""adjust_tilt"", ""parameters"": {""angle"": 30}, ""reasoning"": ""Precise angle adjustment for stable peg placement""}, {""step"": 3, ""agent"": ""SkillAgent"", ""skill"": ""place"", ""parameters"": {""object_id"": ""grey_peg"", ""target"": ""sleeve""}, ""reasoning"": ""Accurate placement into sleeve""}], ""requires_approval"": false, ""ambiguity_notes"": """"}","{""plan_id"":""string"",""confidence"":0.95,""subgoals"":[""Grasp grey peg""],""actions"":[{""step"":1,""agent"":""SkillAgent"",""skill"":""pick"",""parameters"":{""object_id"":""grey_peg"",""target"":""grasping_point""},""reasoning"":""Close proximity to grasping point""},{""step"":2,""agent"":""ControlAgent"",""skill"":""adjust_tilt"",""parameters"":{""angle"":30},""reasoning"":""Precise angle adjustment for stable peg placement""},{""step"":3,""agent"":""SkillAgent"",""skill"":""place"",""parameters"":{""object_id"":""grey_peg"",""target"":""sleeve""},""reasoning"":""Accurate placement into sleeve""}],""requires_approval"":false,""ambiguity_notes"":""""}"
LG_TRIAL_00333,37,P37,Cat 4: Compound Multi-Step,"Grasp the grey peg, adjust tilt angle by 30 degrees, and drop into sleeve.",SayCan,2026,0.7,8d83b97,2026-10-03T21:38:46.147270Z,True,False,True,True,0.6666666666666666,False,0.68,0.7,True,2890.64,"{""selected_primitive"": ""pick(grey_bracket)"", ""score"": 0.68}","{
  ""pick(blue_bolt)"": 0.1,
  ""pick(blue_cube)"": 0.1,
  ""pick(red_cylinder)"": 0.15,
  ""pick(red_housing)"": 0.1,
  ""pick(grey_bracket)"": 0.8,
  ""place(assembly_tray)"": 0.2,
  ""place(scrap_bin)"": 0.05,
  ""place(tray_pocket_1)"": 0.05,
  ""place(tray_pocket_2)"": 0.05,
  ""inspect(red_cylinder)"": 0.1,
  ""sweep(conveyor)"": 0.05,
  ""done()"": 0
}"
LG_TRIAL_00334,38,P38,Cat 4: Compound Multi-Step,"Pick the blue component, translate 15 cm along Y, and stack onto tier 2.",ARIA_Dialogue_Planning,42,0.7,8d83b97,2026-10-03T21:38:50.127122Z,True,True,False,True,0.6666666666666666,False,1.0,0.7,True,3979.6,"{""plan_id"": ""pick_and_stack"", ""confidence"": 1.0, ""subgoals"": [""pick_workpiece"", ""translate_workpiece"", ""stack_workpiece""], ""actions"": [{""step"": 1, ""agent"": ""AffordanceAgent"", ""skill"": ""pick"", ""reasoning"": ""pick blue bolt from workcell"", ""parameters"": {""object_id"": ""workpiece_good_1""}}, {""step"": 2, ""agent"": ""AffordanceAgent"", ""skill"": ""place"", ""reasoning"": ""translate picked object to destination tier"", ""parameters"": {""distance_m"": 15.0}}, {""step"": 3, ""agent"": ""AffordanceAgent"", ""skill"": ""stack"", ""reasoning"": ""stack translated object on tier 2""}], ""requires_approval"": false, ""ambiguity_notes"": """"}","{ ""plan_id"": ""pick_and_stack"", ""confidence"": 1.00, ""subgoals"": [ ""pick_workpiece"", ""translate_workpiece"", ""stack_workpiece"" ], ""actions"": [ { ""step"": 1, ""agent"": ""AffordanceAgent"", ""skill"": ""pick"", ""reasoning"": ""pick blue bolt from workcell"", ""parameters"": { ""object_id"": ""workpiece_good_1"" } }, { ""step"": 2, ""agent"": ""AffordanceAgent"", ""skill"": ""place"", ""reasoning"": ""translate picked object to destination tier"", ""parameters"": { ""distance_m"": 15.0 } }, { ""step"": 3, ""agent"": ""AffordanceAgent"", ""skill"": ""stack"", ""reasoning"": ""stack translated object on tier 2"" } ], ""requires_approval"": false, ""ambiguity_notes"": """" }"
LG_TRIAL_00335,38,P38,Cat 4: Compound Multi-Step,"Pick the blue component, translate 15 cm along Y, and stack onto tier 2.",Direct_LLM,42,0.7,8d83b97,2026-10-03T21:38:55.470521Z,False,False,True,True,0.6666666666666666,False,0.95,0.7,False,5343.21,"{""plan_id"": ""pick-translate-stack"", ""confidence"": 0.95, ""subgoals"": [""Pick blue component"", ""Translate along Y axis""], ""actions"": [{""step"": 1, ""agent"": ""ControlAgent"", ""skill"": ""move_to"", ""parameters"": {""object_id"": ""blue_component""}, ""reasoning"": ""Move to pick location""}, {""step"": 2, ""agent"": ""SkillAgent"", ""skill"": ""pick"", ""parameters"": {""object_id"": ""blue_component"", ""target"": ""hand_gripper""}, ""reasoning"": ""Pick blue component from its current location""}, {""step"": 3, ""agent"": ""ControlAgent"", ""skill"": ""translate"", ""parameters"": {""distance"": 15, ""axis"": ""y""}, ""reasoning"": ""Translate along Y axis by 15 cm""}, {""step"": 4, ""agent"": ""SkillAgent"", ""skill"": ""place"", ""parameters"": {""object_id"": ""blue_component"", ""target"": ""tier_2""}, ""reasoning"": ""Place blue component on tier 2""}], ""requires_approval"": false, ""ambiguity_notes"": """"}","{
  ""plan_id"": ""pick-translate-stack"",
  ""confidence"": 0.95,
  ""subgoals"": [""Pick blue component"", ""Translate along Y axis""],
  ""actions"": [
    {
      ""step"": 1,
      ""agent"": ""ControlAgent"",
      ""skill"": ""move_to"",
      ""parameters"": {""object_id"": ""blue_component""},
      ""reasoning"": ""Move to pick location""
    },
    {
      ""step"": 2,
      ""agent"": ""SkillAgent"",
      ""skill"": ""pick"",
      ""parameters"": {""object_id"": ""blue_component"", ""target"": ""hand_gripper""},
      ""reasoning"": ""Pick blue component from its current location""
    },
    {
      ""step"": 3,
      ""agent"": ""ControlAgent"",
      ""skill"": ""translate"",
      ""parameters"": {""distance"": 15, ""axis"": ""y""},
      ""reasoning"": ""Translate along Y axis by 15 cm""
    },
    {
      ""step"": 4,
      ""agent"": ""SkillAgent"",
      ""skill"": ""place"",
      ""parameters"": {""object_id"": ""blue_component"", ""target"": ""tier_2""},
      ""reasoning"": ""Place blue component on tier 2""
    }
  ],
  ""requires_approval"": false,
  ""ambiguity_notes"": """"
}"
LG_TRIAL_00336,38,P38,Cat 4: Compound Multi-Step,"Pick the blue component, translate 15 cm along Y, and stack onto tier 2.",SayCan,42,0.7,8d83b97,2026-10-03T21:38:58.464314Z,True,False,True,True,0.6666666666666666,False,0.704,0.7,True,2993.59,"{""selected_primitive"": ""pick(blue_cube)"", ""score"": 0.704}","{
  ""pick(blue_bolt)"": 0.5,
  ""pick(blue_cube)"": 0.8,
  ""pick(red_cylinder)"": 0.1,
  ""pick(red_housing)"": 0.2,
  ""pick(grey_bracket)"": 0.3,
  ""place(assembly_tray)"": 0.4,
  ""place(scrap_bin)"": 0.6,
  ""place(tray_pocket_1)"": 0.7,
  ""place(tray_pocket_2)"": 0.9,
  ""inspect(red_cylinder)"": 0.1,
  ""sweep(conveyor)"": 0.0,
  ""done()"": 0.1
}"
LG_TRIAL_00337,38,P38,Cat 4: Compound Multi-Step,"Pick the blue component, translate 15 cm along Y, and stack onto tier 2.",ARIA_Dialogue_Planning,1337,0.7,8d83b97,2026-10-03T21:39:03.621253Z,True,True,False,True,0.6666666666666666,False,1.0,0.7,True,5156.76,"{""plan_id"": ""pick_and_stack"", ""confidence"": 1.0, ""subgoals"": [""pick_workpiece_good_1"", ""translate_y_15_cm"", ""stack_workpiece_good_1_on_tier_2""], ""actions"": [{""step"": 1, ""agent"": ""AffordanceAgent"", ""skill"": ""pick"", ""reasoning"": ""Object recognition: workpiece_good_1 (blue bolt) detected in workcell."", ""parameters"": {""object_id"": ""workpiece_good_1""}}, {""step"": 2, ""agent"": ""AffordanceAgent"", ""skill"": ""place"", ""reasoning"": ""Translate to destination: along Y axis by 15 cm and stack onto tier 2."", ""parameters"": {""object_id"": ""workpiece_good_1"", ""distance_m"": 0.15}}, {""step"": 3, ""agent"": ""AffordanceAgent"", ""skill"": ""stack"", ""reasoning"": ""Stack workpiece_good_1 on tier 2."", ""parameters"": {""object_id"": ""workpiece_good_1"", ""target"": ""tier_2""}}], ""requires_approval"": false, ""ambiguity_notes"": """"}","{ ""plan_id"": ""pick_and_stack"", ""confidence"": 1.00, ""subgoals"": [ ""pick_workpiece_good_1"", ""translate_y_15_cm"", ""stack_workpiece_good_1_on_tier_2"" ] , ""actions"": [ { ""step"": 1, ""agent"": ""AffordanceAgent"", ""skill"": ""pick"", ""reasoning"": ""Object recognition: workpiece_good_1 (blue bolt) detected in workcell."", ""parameters"": { ""object_id"": ""workpiece_good_1"" } }, { ""step"": 2, ""agent"": ""AffordanceAgent"", ""skill"": ""place"", ""reasoning"": ""Translate to destination: along Y axis by 15 cm and stack onto tier 2."", ""parameters"": { ""object_id"": ""workpiece_good_1"", ""distance_m"": 0.15 } }, { ""step"": 3, ""agent"": ""AffordanceAgent"", ""skill"": ""stack"", ""reasoning"": ""Stack workpiece_good_1 on tier 2."", ""parameters"": { ""object_id"": ""workpiece_good_1"", ""target"": ""tier_2"" } } ] , ""requires_approval"": false, ""ambiguity_notes"": """" }"
LG_TRIAL_00338,38,P38,Cat 4: Compound Multi-Step,"Pick the blue component, translate 15 cm along Y, and stack onto tier 2.",Direct_LLM,1337,0.7,8d83b97,2026-10-03T21:39:08.173383Z,True,False,True,True,0.6666666666666666,False,0.95,0.7,True,4551.97,"{""plan_id"": ""blue_component_task"", ""confidence"": 0.95, ""subgoals"": [""Pick blue component"", ""Translate along Y axis""], ""actions"": [{""step"": 1, ""agent"": ""ControlAgent"", ""skill"": ""pick"", ""parameters"": {""object_id"": ""blue_component""}, ""reasoning"": ""Retrieve the blue component from its current location""}, {""step"": 2, ""agent"": ""WorldModelAgent"", ""skill"": ""translate"", ""parameters"": {""distance"": 15, ""axis"": ""y"", ""target_location"": ""tier_2""}, ""reasoning"": ""Translate the picked component along the Y axis to reach tier 2""}, {""step"": 3, ""agent"": ""ControlAgent"", ""skill"": ""stack"", ""parameters"": {""object_id"": ""blue_component"", ""target"": ""tier_2""}, ""reasoning"": ""Stack the translated component onto tier 2""}], ""requires_approval"": false, ""ambiguity_notes"": """"}","{
  ""plan_id"": ""blue_component_task"",
  ""confidence"": 0.95,
  ""subgoals"": [""Pick blue component"", ""Translate along Y axis""],
  ""actions"": [
    {
      ""step"": 1,
      ""agent"": ""ControlAgent"",
      ""skill"": ""pick"",
      ""parameters"": {""object_id"": ""blue_component""},
      ""reasoning"": ""Retrieve the blue component from its current location""
    },
    {
      ""step"": 2,
      ""agent"": ""WorldModelAgent"",
      ""skill"": ""translate"",
      ""parameters"": {""distance"": 15, ""axis"": ""y"", ""target_location"": ""tier_2""},
      ""reasoning"": ""Translate the picked component along the Y axis to reach tier 2""
    },
    {
      ""step"": 3,
      ""agent"": ""ControlAgent"",
      ""skill"": ""stack"",
      ""parameters"": {""object_id"": ""blue_component"", ""target"": ""tier_2""},
      ""reasoning"": ""Stack the translated component onto tier 2""
    }
  ],
  ""requires_approval"": false,
  ""ambiguity_notes"": """"
}"
LG_TRIAL_00339,38,P38,Cat 4: Compound Multi-Step,"Pick the blue component, translate 15 cm along Y, and stack onto tier 2.",SayCan,1337,0.7,8d83b97,2026-10-03T21:39:11.112125Z,True,False,True,True,0.6666666666666666,False,0.704,0.7,True,2938.52,"{""selected_primitive"": ""pick(blue_cube)"", ""score"": 0.704}","{
  ""pick(blue_bolt)"": 0.05,
  ""pick(blue_cube)"": 0.8,
  ""pick(red_cylinder)"": 0.01,
  ""pick(red_housing)"": 0.02,
  ""pick(grey_bracket)"": 0.03,
  ""place(assembly_tray)"": 0.1,
  ""place(scrap_bin)"": 0.12,
  ""place(tray_pocket_1)"": 0.13,
  ""place(tray_pocket_2)"": 0.14,
  ""inspect(red_cylinder)"": 0.05,
  ""sweep(conveyor)"": 0.02,
  ""done()"": 0.0
}"
LG_TRIAL_00340,38,P38,Cat 4: Compound Multi-Step,"Pick the blue component, translate 15 cm along Y, and stack onto tier 2.",ARIA_Dialogue_Planning,2026,0.7,8d83b97,2026-10-03T21:39:16.424468Z,True,True,True,True,1.0,False,1.0,0.7,True,5312.19,"{""plan_id"": ""ARIA_001"", ""confidence"": 1.0, ""subgoals"": [""Pick the blue component""], ""actions"": [{""step"": 1, ""agent"": ""AffordanceAgent"", ""skill"": ""pick"", ""reasoning"": ""Select workpiece_good_1 as the target object based on its color (blue) and shape."", ""parameters"": {""target"": ""workpiece_good_1""}}, {""step"": 2, ""agent"": ""AffordanceAgent"", ""skill"": ""pick"", ""reasoning"": ""Select workpiece_good_2 as the target object based on its color (blue) and shape."", ""parameters"": {""target"": ""workpiece_good_2""}}, {""step"": 3, ""agent"": ""AffordanceAgent"", ""skill"": ""stack"", ""reasoning"": ""Stack the picked blue component onto tier 2 based on its destination."", ""parameters"": {""target"": ""tier 2"", ""distance_m"": 15}}], ""requires_approval"": false, ""ambiguity_notes"": """"}","{
    ""plan_id"": ""ARIA_001"",
    ""confidence"": 1.00,
    ""subgoals"": [
        ""Pick the blue component""
    ],
    ""actions"": [
        {
            ""step"": 1,
            ""agent"": ""AffordanceAgent"",
            ""skill"": ""pick"",
            ""reasoning"": ""Select workpiece_good_1 as the target object based on its color (blue) and shape."",
            ""parameters"": {
                ""target"": ""workpiece_good_1""
            }
        },
        {
            ""step"": 2,
            ""agent"": ""AffordanceAgent"",
            ""skill"": ""pick"",
            ""reasoning"": ""Select workpiece_good_2 as the target object based on its color (blue) and shape."",
            ""parameters"": {
                ""target"": ""workpiece_good_2""
            }
        },
        {
            ""step"": 3,
            ""agent"": ""AffordanceAgent"",
            ""skill"": ""stack"",
            ""reasoning"": ""Stack the picked blue component onto tier 2 based on its destination."",
            ""parameters"": {
                ""target"": ""tier 2"",
                ""distance_m"": 15
            }
        }
    ],
    ""requires_approval"": false,
    ""ambiguity_notes"": """"
}"
LG_TRIAL_00341,38,P38,Cat 4: Compound Multi-Step,"Pick the blue component, translate 15 cm along Y, and stack onto tier 2.",Direct_LLM,2026,0.7,8d83b97,2026-10-03T21:39:18.011406Z,True,False,True,True,0.6666666666666666,False,0.9,0.7,True,1586.79,"{""plan_id"": ""robotic_arm_task_decomposition_001"", ""confidence"": 0.9, ""subgoals"": [""pick_the_blue_component""], ""actions"": [{""step"": 1, ""agent"": ""VisionAgent"", ""skill"": ""locate"", ""parameters"": {""object_id"": ""blue_component""}, ""reasoning"": ""Identify blue component on tier 1""}], ""requires_approval"": false, ""ambiguity_notes"": """"}","{""plan_id"":""robotic_arm_task_decomposition_001"",""confidence"":0.9,""subgoals"":[""pick_the_blue_component""],""actions"":[{""step"":1,""agent"":""VisionAgent"",""skill"":""locate"",""parameters"":{""object_id"":""blue_component""},""reasoning"":""Identify blue component on tier 1""}],""requires_approval"":false,""ambiguity_notes"":""""}"
LG_TRIAL_00342,38,P38,Cat 4: Compound Multi-Step,"Pick the blue component, translate 15 cm along Y, and stack onto tier 2.",SayCan,2026,0.7,8d83b97,2026-10-03T21:39:20.910150Z,True,False,True,True,0.6666666666666666,False,0.704,0.7,True,2898.57,"{""selected_primitive"": ""pick(blue_cube)"", ""score"": 0.704}","{
  ""pick(blue_bolt)"": 0.0,
  ""pick(blue_cube)"": 0.8,
  ""pick(red_cylinder)"": 0.1,
  ""pick(red_housing)"": 0.0,
  ""pick(grey_bracket)"": 0.0,
  ""place(assembly_tray)"": 0.0,
  ""place(scrap_bin)"": 0.0,
  ""place(tray_pocket_1)"": 0.0,
  ""place(tray_pocket_2)"": 0.0,
  ""inspect(red_cylinder)"": 0.0,
  ""sweep(conveyor)"": 0.0,
  ""done()"": 0.0
}"
LG_TRIAL_00343,39,P39,Cat 4: Compound Multi-Step,"Lift the red block, pivot 45 degrees, and seat flush against the backstop.",ARIA_Dialogue_Planning,42,0.7,8d83b97,2026-10-03T21:39:25.630728Z,True,True,True,True,1.0,False,1.0,0.7,True,4720.38,"{""plan_id"": ""Lift_Red_Block_Plan"", ""confidence"": 1.0, ""subgoals"": [""lift_the_red_block""], ""actions"": [{""step"": 1, ""agent"": ""AffordanceAgent"", ""skill"": ""pick"", ""reasoning"": ""Affordance reasoning to pick up the red block from its current location."", ""parameters"": {""object_id"": ""workpiece_defect_2""}}, {""step"": 2, ""agent"": ""AffordanceAgent"", ""skill"": ""place"", ""reasoning"": ""Place the picked object at a position where it can be pivoted by 45 degrees without collision."", ""parameters"": {""object_id"": ""workpiece_defect_2""}}, {""step"": 3, ""agent"": ""AffordanceAgent"", ""skill"": ""place"", ""reasoning"": ""Place the pivoted object flush against the backstop to achieve the desired position."", ""parameters"": {""object_id"": ""workpiece_defect_2""}}], ""requires_approval"": false, ""ambiguity_notes"": """"}","{ ""plan_id"": ""Lift_Red_Block_Plan"", ""confidence"": 1.00, ""subgoals"": [ ""lift_the_red_block"" ], ""actions"": [ { ""step"": 1, ""agent"": ""AffordanceAgent"", ""skill"": ""pick"", ""reasoning"": ""Affordance reasoning to pick up the red block from its current location."", ""parameters"": { ""object_id"": ""workpiece_defect_2"" } }, { ""step"": 2, ""agent"": ""AffordanceAgent"", ""skill"": ""place"", ""reasoning"": ""Place the picked object at a position where it can be pivoted by 45 degrees without collision."", ""parameters"": { ""object_id"": ""workpiece_defect_2"" } }, { ""step"": 3, ""agent"": ""AffordanceAgent"", ""skill"": ""place"", ""reasoning"": ""Place the pivoted object flush against the backstop to achieve the desired position."", ""parameters"": { ""object_id"": ""workpiece_defect_2"" } } ], ""requires_approval"": false, ""ambiguity_notes"": """" }"
LG_TRIAL_00344,39,P39,Cat 4: Compound Multi-Step,"Lift the red block, pivot 45 degrees, and seat flush against the backstop.",Direct_LLM,42,0.7,8d83b97,2026-10-03T21:39:30.075260Z,True,False,True,True,0.6666666666666666,False,0.95,0.7,True,4444.36,"{""plan_id"": ""LiftAndSeatBlock"", ""confidence"": 0.95, ""subgoals"": [""lift_red_block"", ""pivot_45_degrees"", ""seat_against_backstop""], ""actions"": [{""step"": 1, ""agent"": ""ControlAgent"", ""skill"": ""pick"", ""parameters"": {""object_id"": ""red_block_id""}, ""reasoning"": ""lift_red_block""}, {""step"": 2, ""agent"": ""WorldModelAgent"", ""skill"": ""pivot"", ""parameters"": {""target_angle"": ""45_degrees""}, ""reasoning"": ""rotate_to_pivot""}, {""step"": 3, ""agent"": ""ControlAgent"", ""skill"": ""place"", ""parameters"": {""object_id"": ""red_block_id"", ""target"": ""backstop_position""}, ""reasoning"": ""seat_red_block_against_backstop""}], ""requires_approval"": false, ""ambiguity_notes"": """"}","{
  ""plan_id"": ""LiftAndSeatBlock"",
  ""confidence"": 0.95,
  ""subgoals"": [""lift_red_block"", ""pivot_45_degrees"", ""seat_against_backstop""],
  ""actions"": [
    {
      ""step"": 1,
      ""agent"": ""ControlAgent"",
      ""skill"": ""pick"",
      ""parameters"": {""object_id"": ""red_block_id""},
      ""reasoning"": ""lift_red_block""
    },
    {
      ""step"": 2,
      ""agent"": ""WorldModelAgent"",
      ""skill"": ""pivot"",
      ""parameters"": {""target_angle"": ""45_degrees""},
      ""reasoning"": ""rotate_to_pivot""
    },
    {
      ""step"": 3,
      ""agent"": ""ControlAgent"",
      ""skill"": ""place"",
      ""parameters"": {""object_id"": ""red_block_id"", ""target"": ""backstop_position""},
      ""reasoning"": ""seat_red_block_against_backstop""
    }
  ],
  ""requires_approval"": false,
  ""ambiguity_notes"": """"
}"
LG_TRIAL_00345,39,P39,Cat 4: Compound Multi-Step,"Lift the red block, pivot 45 degrees, and seat flush against the backstop.",SayCan,42,0.7,8d83b97,2026-10-03T21:39:33.085800Z,True,False,True,True,0.6666666666666666,False,0.862,0.7,True,3010.37,"{""selected_primitive"": ""pick(red_cylinder)"", ""score"": 0.862}","{
  ""pick(blue_bolt)"": 0.01,
  ""pick(blue_cube)"": 0.02,
  ""pick(red_cylinder)"": 0.98,
  ""pick(red_housing)"": 0.03,
  ""pick(grey_bracket)"": 0.04,
  ""place(assembly_tray)"": 0.05,
  ""place(scrap_bin)"": 0.06,
  ""place(tray_pocket_1)"": 0.07,
  ""place(tray_pocket_2)"": 0.08,
  ""inspect(red_cylinder)"": 0.09,
  ""sweep(conveyor)"": 0.01,
  ""done()"": 0.05
}"
LG_TRIAL_00346,39,P39,Cat 4: Compound Multi-Step,"Lift the red block, pivot 45 degrees, and seat flush against the backstop.",ARIA_Dialogue_Planning,1337,0.7,8d83b97,2026-10-03T21:39:37.346394Z,True,True,False,True,0.6666666666666666,False,1.0,0.7,True,4260.37,"{""plan_id"": ""Lift_and_Seat_Red_Block"", ""confidence"": 1.0, ""subgoals"": [""Lift_the_red_block""], ""actions"": [{""step"": 1, ""agent"": ""AffordanceAgent"", ""skill"": ""pick"", ""reasoning"": ""Select the red cylinder (workpiece_defect_1) from the workcell."", ""parameters"": {""object_id"": ""workpiece_defect_1"", ""direction"": ""up""}}, {""step"": 2, ""agent"": ""AffordanceAgent"", ""skill"": ""place"", ""reasoning"": ""Pivot 45 degrees and move the red cylinder (workpiece_defect_1) to seat flush against the backstop."", ""parameters"": {""object_id"": ""workpiece_defect_1"", ""direction"": ""flush"", ""distance_m"": 0.2}}], ""requires_approval"": false, ""ambiguity_notes"": """"}","{ ""plan_id"": ""Lift_and_Seat_Red_Block"", ""confidence"": 1.00, ""subgoals"": [ ""Lift_the_red_block"" ] , ""actions"": [ { ""step"": 1, ""agent"": ""AffordanceAgent"", ""skill"": ""pick"", ""reasoning"": ""Select the red cylinder (workpiece_defect_1) from the workcell."", ""parameters"": { ""object_id"": ""workpiece_defect_1"", ""direction"": ""up"" } } , { ""step"": 2, ""agent"": ""AffordanceAgent"", ""skill"": ""place"", ""reasoning"": ""Pivot 45 degrees and move the red cylinder (workpiece_defect_1) to seat flush against the backstop."", ""parameters"": { ""object_id"": ""workpiece_defect_1"", ""direction"": ""flush"", ""distance_m"": 0.2 } } ] , ""requires_approval"": false, ""ambiguity_notes"": """" }"
LG_TRIAL_00347,39,P39,Cat 4: Compound Multi-Step,"Lift the red block, pivot 45 degrees, and seat flush against the backstop.",Direct_LLM,1337,0.7,8d83b97,2026-10-03T21:39:41.942607Z,True,False,True,True,0.6666666666666666,False,0.95,0.7,True,4596.03,"{""plan_id"": ""block_pivot_seating"", ""confidence"": 0.95, ""subgoals"": [""Lift red block"", ""Pivot 45 degrees"", ""Seat flush against backstop""], ""actions"": [{""step"": 1, ""agent"": ""ControlAgent"", ""skill"": ""pick"", ""parameters"": {""object_id"": ""red_block""}, ""reasoning"": ""Identified red block as target object""}, {""step"": 2, ""agent"": ""ControlAgent"", ""skill"": ""place"", ""parameters"": {""target"": ""pivot_position"", ""x_offset"": ""10.5"", ""y_offset"": ""20.8""}, ""reasoning"": ""Calculated pivot position for 45 degree rotation""}, {""step"": 3, ""agent"": ""ControlAgent"", ""skill"": ""place"", ""parameters"": {""target"": ""backstop_position""}, ""reasoning"": ""Identified backstop position as final destination""}], ""requires_approval"": false, ""ambiguity_notes"": """"}","{
  ""plan_id"": ""block_pivot_seating"",
  ""confidence"": 0.95,
  ""subgoals"": [""Lift red block"", ""Pivot 45 degrees"", ""Seat flush against backstop""],
  ""actions"": [
    {
      ""step"": 1,
      ""agent"": ""ControlAgent"",
      ""skill"": ""pick"",
      ""parameters"": {""object_id"": ""red_block""},
      ""reasoning"": ""Identified red block as target object""
    },
    {
      ""step"": 2,
      ""agent"": ""ControlAgent"",
      ""skill"": ""place"",
      ""parameters"": {""target"": ""pivot_position"", ""x_offset"": ""10.5"", ""y_offset"": ""20.8""},
      ""reasoning"": ""Calculated pivot position for 45 degree rotation""
    },
    {
      ""step"": 3,
      ""agent"": ""ControlAgent"",
      ""skill"": ""place"",
      ""parameters"": {""target"": ""backstop_position""},
      ""reasoning"": ""Identified backstop position as final destination""
    }
  ],
  ""requires_approval"": false,
  ""ambiguity_notes"": """"
}"
LG_TRIAL_00348,39,P39,Cat 4: Compound Multi-Step,"Lift the red block, pivot 45 degrees, and seat flush against the backstop.",SayCan,1337,0.7,8d83b97,2026-10-03T21:39:44.935056Z,True,False,True,True,0.6666666666666666,False,0.88,0.7,True,2992.17,"{""selected_primitive"": ""pick(red_cylinder)"", ""score"": 0.88}","{
  ""pick(blue_bolt)"": 0.0,
  ""pick(blue_cube)"": 0.0,
  ""pick(red_cylinder)"": 1.0,
  ""pick(red_housing)"": 0.0,
  ""pick(grey_bracket)"": 0.0,
  ""place(assembly_tray)"": 0.0,
  ""place(scrap_bin)"": 0.0,
  ""place(tray_pocket_1)"": 0.0,
  ""place(tray_pocket_2)"": 0.0,
  ""inspect(red_cylinder)"": 0.0,
  ""sweep(conveyor)"": 0.0,
  ""done()"": 0.0
}"
LG_TRIAL_00349,39,P39,Cat 4: Compound Multi-Step,"Lift the red block, pivot 45 degrees, and seat flush against the backstop.",ARIA_Dialogue_Planning,2026,0.7,8d83b97,2026-10-03T21:39:50.941545Z,False,False,True,True,0.6666666666666666,True,0.5,0.7,False,6006.3,{},"{

    ""plan_id"": ""ARIA-001"",
    ""confidence"": 1.00,
    ""subgoals"": [
        ""Lift the red block"",
        ""Pivot 45 degrees"",
        ""Seat flush against the backstop""
    ],
    ""actions"": [
        {
            ""step"": 1,
            ""agent"": ""AffordanceAgent"",
            ""skill"": ""pick"",
            ""reasoning"": ""Pick up workpiece_defect_2 (cracked red housing) from the workcell floor"",
            ""parameters"": {
                ""object_id"": ""workpiece_defect_2""
            }
        },
        {
            ""step"": 2,
            ""agent"": ""AffordanceAgent"",
            ""skill"": ""place"",
            ""reasoning"": ""Place the red block at a 45-degree angle against the backstop"",
            ""parameters"": {
                ""object_id"": ""workpiece_defect_2"",
                ""target"": ""grey_bracket""
            }
        },
        {
            ""step"": 3,
            ""agent"": ""AffordanceAgent"",
            ""skill"": ""place"",
            ""reasoning"": ""Adjust the red block to be flush against the backstop"",
            ""parameters"": {
                ""object_id"": ""workpiece_defect_2""
            }
        }
    ],
    ""requires_approval"": false,
    ""ambigu"
LG_TRIAL_00350,39,P39,Cat 4: Compound Multi-Step,"Lift the red block, pivot 45 degrees, and seat flush against the backstop.",Direct_LLM,2026,0.7,8d83b97,2026-10-03T21:39:53.872263Z,True,False,True,False,0.3333333333333333,False,0.95,0.7,False,2930.53,"{""plan_id"": ""task_001"", ""confidence"": 0.95, ""subgoals"": [""lift_red_block"", ""pivot_45_degrees"", ""seat_against_backstop""], ""actions"": [{""step"": 1, ""agent"": ""ControlAgent"", ""skill"": ""pick"", ""parameters"": {""object_id"": ""red_block"", ""target"": ""table""}, ""reasoning"": ""grasping_red_block""}, {""step"": 2, ""agent"": ""WorldModelAgent"", ""skill"": ""locate"", ""parameters"": {}, ""reasoning"": ""calculating_pivot_angle""}, {""step"": 3, ""agent"": ""ControlAgent"", ""skill"": ""place"", ""parameters"": {""object_id"": ""red_block"", ""target"": ""backstop""}, ""reasoning"": ""seating_against_backstop""}], ""requires_approval"": false, ""ambiguity_notes"": """"}","{""plan_id"":""task_001"",""confidence"":0.95,""subgoals"":[""lift_red_block"",""pivot_45_degrees"",""seat_against_backstop""],""actions"":[{""step"":1,""agent"":""ControlAgent"",""skill"":""pick"",""parameters"":{""object_id"":""red_block"",""target"":""table""},""reasoning"":""grasping_red_block""},{""step"":2,""agent"":""WorldModelAgent"",""skill"":""locate"",""parameters"":{},""reasoning"":""calculating_pivot_angle""},{""step"":3,""agent"":""ControlAgent"",""skill"":""place"",""parameters"":{""object_id"":""red_block"",""target"":""backstop""},""reasoning"":""seating_against_backstop""}],""requires_approval"":false,""ambiguity_notes"":""""}"
LG_TRIAL_00351,39,P39,Cat 4: Compound Multi-Step,"Lift the red block, pivot 45 degrees, and seat flush against the backstop.",SayCan,2026,0.7,8d83b97,2026-10-03T21:39:57.178615Z,True,False,True,True,0.6666666666666666,False,0.202,0.7,True,3306.14,"{""selected_primitive"": ""pick(red_cylinder)"", ""score"": 0.202}","{
  ""lift"": 0.25,
  ""pivot"": 0.5,
  ""pick(blue_bolt)"": 0.01,
  ""pick(blue_cube)"": 0.02,
  ""pick(red_cylinder)"": 0.23,
  ""pick(red_housing)"": 0.04,
  ""pick(grey_bracket)"": 0.05,
  ""place(assembly_tray)"": 0.06,
  ""place(scrap_bin)"": 0.07,
  ""place(tray_pocket_1)"": 0.08,
  ""place(tray_pocket_2)"": 0.09,
  ""inspect(red_cylinder)"": 0.10,
  ""sweep(conveyor)"": 0.11,
  ""done()"": 0.12
}"
LG_TRIAL_00352,40,P40,Cat 4: Compound Multi-Step,"Grasp the grey plate, reorient face-down, and slide into storage slot.",ARIA_Dialogue_Planning,42,0.7,8d83b97,2026-10-03T21:40:01.529716Z,True,True,True,True,1.0,False,1.0,0.7,True,4350.68,"{""plan_id"": ""grasp-grey-plate"", ""confidence"": 1.0, ""subgoals"": [""grasp_grey_bracket""], ""actions"": [{""step"": 1, ""agent"": ""AffordanceAgent"", ""skill"": ""pick"", ""reasoning"": ""grasping grey_bracket using pick skill"", ""parameters"": {""object_id"": ""grey_bracket""}}, {""step"": 2, ""agent"": ""AffordanceAgent"", ""skill"": ""place"", ""reasoning"": ""placing grey_bracket face-down"", ""parameters"": {""object_id"": ""grey_bracket""}}, {""step"": 3, ""agent"": ""AffordanceAgent"", ""skill"": ""slide"", ""reasoning"": ""sliding grey_bracket into storage slot"", ""parameters"": {""object_id"": ""grey_bracket"", ""target"": ""storage_slot""}}], ""requires_approval"": false, ""ambiguity_notes"": """"}","{ ""plan_id"": ""grasp-grey-plate"", ""confidence"": 1.00, ""subgoals"": [ ""grasp_grey_bracket"" ] , ""actions"": [ { ""step"": 1, ""agent"": ""AffordanceAgent"", ""skill"": ""pick"", ""reasoning"": ""grasping grey_bracket using pick skill"", ""parameters"": { ""object_id"": ""grey_bracket"" } }, { ""step"": 2, ""agent"": ""AffordanceAgent"", ""skill"": ""place"", ""reasoning"": ""placing grey_bracket face-down"", ""parameters"": { ""object_id"": ""grey_bracket"" } }, { ""step"": 3, ""agent"": ""AffordanceAgent"", ""skill"": ""slide"", ""reasoning"": ""sliding grey_bracket into storage slot"", ""parameters"": { ""object_id"": ""grey_bracket"", ""target"": ""storage_slot"" } } ] , ""requires_approval"": false, ""ambiguity_notes"": """"}"
LG_TRIAL_00353,40,P40,Cat 4: Compound Multi-Step,"Grasp the grey plate, reorient face-down, and slide into storage slot.",Direct_LLM,42,0.7,8d83b97,2026-10-03T21:40:06.333839Z,True,False,True,False,0.3333333333333333,False,0.95,0.7,False,4803.87,"{""plan_id"": ""Task_001"", ""confidence"": 0.95, ""subgoals"": [""Grasp grey plate"", ""Reorient face-down"", ""Slide into storage slot""], ""actions"": [{""step"": 1, ""agent"": ""ControlAgent"", ""skill"": ""pick"", ""parameters"": {""object_id"": ""grey_plate"", ""target"": ""hand_gripper""}, ""reasoning"": ""Identify and grasp grey plate using gripper""}, {""step"": 2, ""agent"": ""AffordanceAgent"", ""skill"": ""reorient"", ""parameters"": {""object_id"": ""grey_plate"", ""target"": ""face-down""}, ""reasoning"": ""Detect and adjust orientation to face-down using affordance analysis""}, {""step"": 3, ""agent"": ""ControlAgent"", ""skill"": ""slide"", ""parameters"": {""object_id"": ""grey_plate"", ""target"": ""storage_slot""}, ""reasoning"": ""Guide plate into storage slot with precision control""}], ""requires_approval"": false, ""ambiguity_notes"": """"}","{
  ""plan_id"": ""Task_001"",
  ""confidence"": 0.95,
  ""subgoals"": [""Grasp grey plate"", ""Reorient face-down"", ""Slide into storage slot""],
  ""actions"": [
    {
      ""step"": 1,
      ""agent"": ""ControlAgent"",
      ""skill"": ""pick"",
      ""parameters"": {""object_id"": ""grey_plate"", ""target"": ""hand_gripper""},
      ""reasoning"": ""Identify and grasp grey plate using gripper""
    },
    {
      ""step"": 2,
      ""agent"": ""AffordanceAgent"",
      ""skill"": ""reorient"",
      ""parameters"": {""object_id"": ""grey_plate"", ""target"": ""face-down""},
      ""reasoning"": ""Detect and adjust orientation to face-down using affordance analysis""
    },
    {
      ""step"": 3,
      ""agent"": ""ControlAgent"",
      ""skill"": ""slide"",
      ""parameters"": {""object_id"": ""grey_plate"", ""target"": ""storage_slot""},
      ""reasoning"": ""Guide plate into storage slot with precision control""
    }
  ],
  ""requires_approval"": false,
  ""ambiguity_notes"": """"
}"
LG_TRIAL_00354,40,P40,Cat 4: Compound Multi-Step,"Grasp the grey plate, reorient face-down, and slide into storage slot.",SayCan,42,0.7,8d83b97,2026-10-03T21:40:09.377858Z,True,False,True,True,0.6666666666666666,False,0.068,0.7,True,3043.79,"{""selected_primitive"": ""pick(grey_bracket)"", ""score"": 0.068}","{
  ""pick(blue_bolt)"": 0.05,
  ""pick(blue_cube)"": 0.02,
  ""pick(red_cylinder)"": 0.03,
  ""pick(red_housing)"": 0.01,
  ""pick(grey_bracket)"": 0.08,
  ""place(assembly_tray)"": 0.12,
  ""place(scrap_bin)"": 0.05,
  ""place(tray_pocket_1)"": 0.09,
  ""place(tray_pocket_2)"": 0.06,
  ""inspect(red_cylinder)"": 0.04,
  ""sweep(conveyor)"": 0.00,
  ""done()"": 0.00
}"
LG_TRIAL_00355,40,P40,Cat 4: Compound Multi-Step,"Grasp the grey plate, reorient face-down, and slide into storage slot.",ARIA_Dialogue_Planning,1337,0.7,8d83b97,2026-10-03T21:40:12.579039Z,True,False,True,True,0.6666666666666666,False,1.0,0.7,True,3200.97,"{""plan_id"": ""GraspGreyBracket"", ""confidence"": 1.0, ""subgoals"": [], ""actions"": [{""step"": 1, ""agent"": ""AffordanceAgent"", ""skill"": ""pick"", ""reasoning"": ""The instruction specifies the object to be grasped (grey_bracket) and the goal is clear."", ""parameters"": {""object_id"": ""grey_bracket""}}, {""step"": 2, ""agent"": ""AffordanceAgent"", ""skill"": ""place"", ""reasoning"": ""The face-down orientation of the grey_bracket needs to be achieved before it can be placed into storage slot."", ""parameters"": {}}], ""requires_approval"": false, ""ambiguity_notes"": """"}","{ ""plan_id"": ""GraspGreyBracket"", ""confidence"": 1.0, ""subgoals"": [ ], ""actions"": [ { ""step"": 1, ""agent"": ""AffordanceAgent"", ""skill"": ""pick"", ""reasoning"": ""The instruction specifies the object to be grasped (grey_bracket) and the goal is clear."", ""parameters"": {""object_id"": ""grey_bracket""} }, { ""step"": 2, ""agent"": ""AffordanceAgent"", ""skill"": ""place"", ""reasoning"": ""The face-down orientation of the grey_bracket needs to be achieved before it can be placed into storage slot."", ""parameters"": {}} ], ""requires_approval"": false, ""ambiguity_notes"": """"}"
LG_TRIAL_00356,40,P40,Cat 4: Compound Multi-Step,"Grasp the grey plate, reorient face-down, and slide into storage slot.",Direct_LLM,1337,0.7,8d83b97,2026-10-03T21:40:17.252283Z,True,False,True,True,0.6666666666666666,False,0.85,0.7,True,4673.06,"{""plan_id"": ""grey_plate_storage"", ""confidence"": 0.85, ""subgoals"": [""Grasp grey plate"", ""Reorient face-down"", ""Slide into storage slot""], ""actions"": [{""step"": 1, ""agent"": ""ControlAgent"", ""skill"": ""pick"", ""parameters"": {""object_id"": ""grey_plate""}, ""reasoning"": ""The grey plate is visible in the workspace.""}, {""step"": 2, ""agent"": ""AffordanceAgent"", ""skill"": ""reorient"", ""parameters"": {""object_id"": ""grey_plate"", ""target"": ""face_down""}, ""reasoning"": ""The affordances of the plate suggest that reorientation is feasible.""}, {""step"": 3, ""agent"": ""ControlAgent"", ""skill"": ""slide"", ""parameters"": {""object_id"": ""grey_plate"", ""target"": ""storage_slot""}, ""reasoning"": ""The grey plate has been successfully reoriented and can now be slid into storage.""}], ""requires_approval"": false, ""ambiguity_notes"": """"}","{
  ""plan_id"": ""grey_plate_storage"",
  ""confidence"": 0.85,
  ""subgoals"": [""Grasp grey plate"", ""Reorient face-down"", ""Slide into storage slot""],
  ""actions"": [
    {
      ""step"": 1,
      ""agent"": ""ControlAgent"",
      ""skill"": ""pick"",
      ""parameters"": {""object_id"": ""grey_plate""},
      ""reasoning"": ""The grey plate is visible in the workspace.""
    },
    {
      ""step"": 2,
      ""agent"": ""AffordanceAgent"",
      ""skill"": ""reorient"",
      ""parameters"": {""object_id"": ""grey_plate"", ""target"": ""face_down""},
      ""reasoning"": ""The affordances of the plate suggest that reorientation is feasible.""
    },
    {
      ""step"": 3,
      ""agent"": ""ControlAgent"",
      ""skill"": ""slide"",
      ""parameters"": {""object_id"": ""grey_plate"", ""target"": ""storage_slot""},
      ""reasoning"": ""The grey plate has been successfully reoriented and can now be slid into storage.""
    }
  ],
  ""requires_approval"": false,
  ""ambiguity_notes"": """"
}"
LG_TRIAL_00357,40,P40,Cat 4: Compound Multi-Step,"Grasp the grey plate, reorient face-down, and slide into storage slot.",SayCan,1337,0.7,8d83b97,2026-10-03T21:40:20.187613Z,True,False,True,True,0.6666666666666666,False,0.128,0.7,True,2935.15,"{""selected_primitive"": ""pick(grey_bracket)"", ""score"": 0.128}","{
  ""pick(blue_bolt)"": 0.01,
  ""pick(blue_cube)"": 0.02,
  ""pick(red_cylinder)"": 0.03,
  ""pick(red_housing)"": 0.04,
  ""pick(grey_bracket)"": 0.15,
  ""place(assembly_tray)"": 0.05,
  ""place(scrap_bin)"": 0.06,
  ""place(tray_pocket_1)"": 0.07,
  ""place(tray_pocket_2)"": 0.08,
  ""inspect(red_cylinder)"": 0.09,
  ""sweep(conveyor)"": 0.10,
  ""done()"": 0.00
}"
LG_TRIAL_00358,40,P40,Cat 4: Compound Multi-Step,"Grasp the grey plate, reorient face-down, and slide into storage slot.",ARIA_Dialogue_Planning,2026,0.7,8d83b97,2026-10-03T21:40:25.382932Z,True,False,True,True,0.6666666666666666,False,1.0,0.7,True,5195.09,"{""plan_id"": ""GreyPlatePlan"", ""confidence"": 1.0, ""subgoals"": [""Grasp the grey plate"", ""Reorient face-down"", ""Slide into storage slot""], ""actions"": [{""step"": 1, ""agent"": ""AffordanceAgent"", ""skill"": ""pick"", ""reasoning"": ""The instruction explicitly mentions grasping the grey plate."", ""parameters"": {""object_id"": ""grey_bracket""}}, {""step"": 2, ""agent"": ""AffordanceAgent"", ""skill"": ""place"", ""reasoning"": ""The instruction requires reorienting the face-down of the grey plate."", ""parameters"": {""object_id"": ""grey_bracket"", ""direction"": ""face_down""}}, {""step"": 3, ""agent"": ""AffordanceAgent"", ""skill"": ""push"", ""reasoning"": ""The instruction requires sliding into a storage slot."", ""parameters"": {""object_id"": ""grey_bracket"", ""direction"": ""storage_slot""}}], ""requires_approval"": false, ""ambiguity_notes"": """"}","{
    ""plan_id"": ""GreyPlatePlan"",
    ""confidence"": 1.0,
    ""subgoals"": [
        ""Grasp the grey plate"",
        ""Reorient face-down"",
        ""Slide into storage slot""
    ],
    ""actions"": [
        {
            ""step"": 1,
            ""agent"": ""AffordanceAgent"",
            ""skill"": ""pick"",
            ""reasoning"": ""The instruction explicitly mentions grasping the grey plate."",
            ""parameters"": {""object_id"": ""grey_bracket""}
        },
        {
            ""step"": 2,
            ""agent"": ""AffordanceAgent"",
            ""skill"": ""place"",
            ""reasoning"": ""The instruction requires reorienting the face-down of the grey plate."",
            ""parameters"": {""object_id"": ""grey_bracket"", ""direction"": ""face_down""}
        },
        {
            ""step"": 3,
            ""agent"": ""AffordanceAgent"",
            ""skill"": ""push"",
            ""reasoning"": ""The instruction requires sliding into a storage slot."",
            ""parameters"": {""object_id"": ""grey_bracket"", ""direction"": ""storage_slot""}
        }
    ],
    ""requires_approval"": false
  ,
    ""ambiguity_notes"": """"
}"
LG_TRIAL_00359,40,P40,Cat 4: Compound Multi-Step,"Grasp the grey plate, reorient face-down, and slide into storage slot.",Direct_LLM,2026,0.7,8d83b97,2026-10-03T21:40:28.185409Z,True,False,True,False,0.3333333333333333,False,0.95,0.7,False,2802.28,"{""plan_id"": ""string"", ""confidence"": 0.95, ""subgoals"": [""Grasp the grey plate""], ""actions"": [{""step"": 1, ""agent"": ""ControlAgent"", ""skill"": ""pick"", ""parameters"": {""object_id"": ""grey_plate"", ""target"": ""workspace""}, ""reasoning"": ""Identify grey plate in workspace""}, {""step"": 2, ""agent"": ""AffordanceAgent"", ""skill"": ""reorient"", ""parameters"": {""orientation"": ""face_down""}, ""reasoning"": ""Determine appropriate reorientation for face-down placement""}, {""step"": 3, ""agent"": ""ControlAgent"", ""skill"": ""slide"", ""parameters"": {""object_id"": ""grey_plate"", ""target"": ""storage_slot""}, ""reasoning"": ""Slide grey plate into storage slot""}], ""requires_approval"": false, ""ambiguity_notes"": """"}","{""plan_id"":""string"",""confidence"":0.95,""subgoals"":[""Grasp the grey plate""],""actions"":[{""step"":1,""agent"":""ControlAgent"",""skill"":""pick"",""parameters"":{""object_id"":""grey_plate"",""target"":""workspace""},""reasoning"":""Identify grey plate in workspace""},{""step"":2,""agent"":""AffordanceAgent"",""skill"":""reorient"",""parameters"":{""orientation"":""face_down""},""reasoning"":""Determine appropriate reorientation for face-down placement""},{""step"":3,""agent"":""ControlAgent"",""skill"":""slide"",""parameters"":{""object_id"":""grey_plate"",""target"":""storage_slot""},""reasoning"":""Slide grey plate into storage slot""}],""requires_approval"":false,""ambiguity_notes"":""""}"
LG_TRIAL_00360,40,P40,Cat 4: Compound Multi-Step,"Grasp the grey plate, reorient face-down, and slide into storage slot.",SayCan,2026,0.7,8d83b97,2026-10-03T21:40:31.101936Z,True,False,True,True,0.6666666666666666,False,0.17,0.7,True,2916.3,"{""selected_primitive"": ""pick(grey_bracket)"", ""score"": 0.17}","{
  ""pick(blue_bolt)"": 0.1,
  ""pick(blue_cube)"": 0.1,
  ""pick(red_cylinder)"": 0.15,
  ""pick(red_housing)"": 0.1,
  ""pick(grey_bracket)"": 0.2,
  ""place(assembly_tray)"": 0.05,
  ""place(scrap_bin)"": 0.05,
  ""place(tray_pocket_1)"": 0.05,
  ""place(tray_pocket_2)"": 0.05,
  ""inspect(red_cylinder)"": 0.1,
  ""sweep(conveyor)"": 0.01,
  ""done()"": 0
}"
LG_TRIAL_00361,41,P41,Cat 5: Constraint / Dynamic,Intercept the moving workpiece on the conveyor without exceeding velocity limits.,ARIA_Dialogue_Planning,42,0.7,8d83b97,2026-10-03T21:40:36.179556Z,True,False,True,True,0.6666666666666666,False,1.0,0.7,True,5077.36,"{""plan_id"": ""intercept_moving_workpiece"", ""confidence"": 1.0, ""subgoals"": [""detect_moving_workpiece""], ""actions"": [{""step"": 1, ""agent"": ""AffordanceAgent"", ""skill"": ""sweep"", ""reasoning"": ""To intercept the moving workpiece on the conveyor, we need to move the grey_bracket to its current position."", ""parameters"": {""object_id"": ""grey_bracket""}}, {""step"": 2, ""agent"": ""AffordanceAgent"", ""skill"": ""sweep"", ""reasoning"": ""To intercept the moving workpiece on the conveyor, we need to move the grey_bracket in the direction of the moving workpiece."", ""parameters"": {""object_id"": ""grey_bracket""}}, {""step"": 3, ""agent"": ""AffordanceAgent"", ""skill"": ""sweep"", ""reasoning"": ""To intercept the moving workpiece on the conveyor, we need to move the grey_bracket in front of or near the moving workpiece."", ""parameters"": {""object_id"": ""grey_bracket""}}], ""requires_approval"": false, ""ambiguity_notes"": """"}","{ ""plan_id"": ""intercept_moving_workpiece"", ""confidence"": 1.00, ""subgoals"": [ ""detect_moving_workpiece"" ], ""actions"": [ { ""step"": 1, ""agent"": ""AffordanceAgent"", ""skill"": ""sweep"", ""reasoning"": ""To intercept the moving workpiece on the conveyor, we need to move the grey_bracket to its current position."", ""parameters"": { ""object_id"": ""grey_bracket"" } }, { ""step"": 2, ""agent"": ""AffordanceAgent"", ""skill"": ""sweep"", ""reasoning"": ""To intercept the moving workpiece on the conveyor, we need to move the grey_bracket in the direction of the moving workpiece."", ""parameters"": { ""object_id"": ""grey_bracket"" } }, { ""step"": 3, ""agent"": ""AffordanceAgent"", ""skill"": ""sweep"", ""reasoning"": ""To intercept the moving workpiece on the conveyor, we need to move the grey_bracket in front of or near the moving workpiece."", ""parameters"": { ""object_id"": ""grey_bracket"" } } ], ""requires_approval"": false, ""ambiguity_notes"": """" }"
LG_TRIAL_00362,41,P41,Cat 5: Constraint / Dynamic,Intercept the moving workpiece on the conveyor without exceeding velocity limits.,Direct_LLM,42,0.7,8d83b97,2026-10-03T21:40:42.262363Z,True,False,True,False,0.3333333333333333,False,0.85,0.7,False,6082.59,"{""plan_id"": ""conveyor_intercept"", ""confidence"": 0.85, ""subgoals"": [""intercept moving workpiece""], ""actions"": [{""step"": 1, ""agent"": ""VisionAgent"", ""skill"": ""locate"", ""parameters"": {""object_id"": ""moving_workpiece"", ""target"": ""conveyor""}, ""reasoning"": ""Detect the position and velocity of the moving workpiece on the conveyor.""}, {""step"": 2, ""agent"": ""ControlAgent"", ""skill"": ""move_to"", ""parameters"": {""object_id"": ""robotic_arm"", ""target"": ""conveyor_workpiece""}, ""reasoning"": ""Move the robotic arm to intercept the moving workpiece.""}, {""step"": 3, ""agent"": ""ControlAgent"", ""skill"": ""velocity_control"", ""parameters"": {""max_velocity"": ""5.0"", ""min_velocity"": ""2.0""}, ""reasoning"": ""Adjust velocity to match or exceed the workpiece's speed without exceeding limits.""}], ""requires_approval"": false, ""ambiguity_notes"": """"}","{
  ""plan_id"": ""conveyor_intercept"",
  ""confidence"": 0.85,
  ""subgoals"": [""intercept moving workpiece""],
  ""actions"": [
    {
      ""step"": 1,
      ""agent"": ""VisionAgent"",
      ""skill"": ""locate"",
      ""parameters"": {""object_id"": ""moving_workpiece"", ""target"": ""conveyor"" },
      ""reasoning"": ""Detect the position and velocity of the moving workpiece on the conveyor.""
    },
    {
      ""step"": 2,
      ""agent"": ""ControlAgent"",
      ""skill"": ""move_to"",
      ""parameters"": {""object_id"": ""robotic_arm"", ""target"": ""conveyor_workpiece""},
      ""reasoning"": ""Move the robotic arm to intercept the moving workpiece.""
    },
    {
      ""step"": 3,
      ""agent"": ""ControlAgent"",
      ""skill"": ""velocity_control"",
      ""parameters"": {""max_velocity"": ""5.0"", ""min_velocity"": ""2.0""},
      ""reasoning"": ""Adjust velocity to match or exceed the workpiece's speed without exceeding limits.""
    }
  ],
  ""requires_approval"": false,
  ""ambiguity_notes"": """"
}"
LG_TRIAL_00363,41,P41,Cat 5: Constraint / Dynamic,Intercept the moving workpiece on the conveyor without exceeding velocity limits.,SayCan,42,0.7,8d83b97,2026-10-03T21:40:46.015615Z,True,True,False,True,0.6666666666666666,False,0.704,0.7,True,3753.06,"{""selected_primitive"": ""pick(red_cylinder)"", ""score"": 0.704}","{
  ""pick(blue_bolt)"": 0.6,
  ""pick(blue_cube)"": 0.3,
  ""pick(red_cylinder)"": 0.8,
  ""pick(red_housing)"": 0.2,
  ""pick(grey_bracket)"": 0.1,
  ""place(assembly_tray)"": 0.4,
  ""place(scrap_bin)"": 0.5,
  ""place(tray_pocket_1)"": 0.7,
  ""place(tray_pocket_2)"": 0.9,
  ""inspect(red_cylinder)"": 0.6,
  ""sweep(conveyor)"": 0.9,
  ""done()"": 0.4
}"
LG_TRIAL_00364,41,P41,Cat 5: Constraint / Dynamic,Intercept the moving workpiece on the conveyor without exceeding velocity limits.,ARIA_Dialogue_Planning,1337,0.7,8d83b97,2026-10-03T21:40:50.304771Z,True,False,True,True,0.6666666666666666,False,1.0,0.7,True,4288.93,"{""plan_id"": ""intercept_moving_workpiece"", ""confidence"": 1.0, ""subgoals"": [""detect_moving_workpiece"", ""track_velocity"", ""adjust_movement""], ""actions"": [{""step"": 1, ""agent"": ""AffordanceAgent"", ""skill"": ""locate"", ""reasoning"": ""Identify moving workpiece on conveyor belt."", ""parameters"": {""object_id"": ""workpiece_good_1""}}, {""step"": 2, ""agent"": ""AffordanceAgent"", ""skill"": ""inspect"", ""reasoning"": ""Determine the velocity of the detected workpiece to avoid exceeding limits."", ""parameters"": {""object_id"": ""workpiece_good_1""}}, {""step"": 3, ""agent"": ""AffordanceAgent"", ""skill"": ""pull"", ""reasoning"": ""Intercept moving workpiece without exceeding velocity limits by adjusting movement accordingly.""}], ""requires_approval"": false, ""ambiguity_notes"": """"}","{ ""plan_id"": ""intercept_moving_workpiece"", ""confidence"": 1.0, ""subgoals"": [ ""detect_moving_workpiece"", ""track_velocity"", ""adjust_movement"" ], ""actions"": [ { ""step"": 1, ""agent"": ""AffordanceAgent"", ""skill"": ""locate"", ""reasoning"": ""Identify moving workpiece on conveyor belt."", ""parameters"": {""object_id"": ""workpiece_good_1""} }, { ""step"": 2, ""agent"": ""AffordanceAgent"", ""skill"": ""inspect"", ""reasoning"": ""Determine the velocity of the detected workpiece to avoid exceeding limits."", ""parameters"": {""object_id"": ""workpiece_good_1""} }, { ""step"": 3, ""agent"": ""AffordanceAgent"", ""skill"": ""pull"", ""reasoning"": ""Intercept moving workpiece without exceeding velocity limits by adjusting movement accordingly."" } ], ""requires_approval"": false, ""ambiguity_notes"": """" }"
LG_TRIAL_00365,41,P41,Cat 5: Constraint / Dynamic,Intercept the moving workpiece on the conveyor without exceeding velocity limits.,Direct_LLM,1337,0.7,8d83b97,2026-10-03T21:40:55.066322Z,True,False,True,False,0.3333333333333333,False,0.85,0.7,False,4761.37,"{""plan_id"": ""conveyor_intercept"", ""confidence"": 0.85, ""subgoals"": [""intercept moving workpiece""], ""actions"": [{""step"": 1, ""agent"": ""VisionAgent"", ""skill"": ""locate"", ""parameters"": {""object_id"": ""workpiece_001"", ""target"": ""conveyor""}, ""reasoning"": ""Identify the location of the moving workpiece on the conveyor""}, {""step"": 2, ""agent"": ""ControlAgent"", ""skill"": ""move"", ""parameters"": {""object_id"": ""robot_001"", ""target"": ""conveyor""}, ""reasoning"": ""Position the robotic arm near the moving workpiece on the conveyor""}, {""step"": 3, ""agent"": ""ControlAgent"", ""skill"": ""accelerate"", ""parameters"": {""object_id"": ""robot_001"", ""target"": ""conveyor""}, ""reasoning"": ""Accelerate the robotic arm to intercept the moving workpiece without exceeding velocity limits""}], ""requires_approval"": false, ""ambiguity_notes"": """"}","{
  ""plan_id"": ""conveyor_intercept"",
  ""confidence"": 0.85,
  ""subgoals"": [""intercept moving workpiece""],
  ""actions"": [
    {
      ""step"": 1,
      ""agent"": ""VisionAgent"",
      ""skill"": ""locate"",
      ""parameters"": {""object_id"": ""workpiece_001"", ""target"": ""conveyor""},
      ""reasoning"": ""Identify the location of the moving workpiece on the conveyor""
    },
    {
      ""step"": 2,
      ""agent"": ""ControlAgent"",
      ""skill"": ""move"",
      ""parameters"": {""object_id"": ""robot_001"", ""target"": ""conveyor""},
      ""reasoning"": ""Position the robotic arm near the moving workpiece on the conveyor""
    },
    {
      ""step"": 3,
      ""agent"": ""ControlAgent"",
      ""skill"": ""accelerate"",
      ""parameters"": {""object_id"": ""robot_001"", ""target"": ""conveyor""},
      ""reasoning"": ""Accelerate the robotic arm to intercept the moving workpiece without exceeding velocity limits""
    }
  ],
  ""requires_approval"": false,
  ""ambiguity_notes"": """"
}"
LG_TRIAL_00366,41,P41,Cat 5: Constraint / Dynamic,Intercept the moving workpiece on the conveyor without exceeding velocity limits.,SayCan,1337,0.7,8d83b97,2026-10-03T21:40:58.064797Z,True,True,False,True,0.6666666666666666,False,0.704,0.7,True,2998.26,"{""selected_primitive"": ""pick(red_cylinder)"", ""score"": 0.704}","{
  ""pick(blue_bolt)"": 0.5,
  ""pick(blue_cube)"": 0.3,
  ""pick(red_cylinder)"": 0.8,
  ""pick(red_housing)"": 0.2,
  ""pick(grey_bracket)"": 0.1,
  ""place(assembly_tray)"": 0.4,
  ""place(scrap_bin)"": 0.6,
  ""place(tray_pocket_1)"": 0.9,
  ""place(tray_pocket_2)"": 0.7,
  ""inspect(red_cylinder)"": 0.5,
  ""sweep(conveyor)"": 0.8,
  ""done()"": 0.0
}"
LG_TRIAL_00367,41,P41,Cat 5: Constraint / Dynamic,Intercept the moving workpiece on the conveyor without exceeding velocity limits.,ARIA_Dialogue_Planning,2026,0.7,8d83b97,2026-10-03T21:41:03.636258Z,True,False,True,True,0.6666666666666666,False,1.0,0.7,True,5571.24,"{""plan_id"": ""intercept_workpiece"", ""confidence"": 1.0, ""subgoals"": [""detect_moving_workpiece""], ""actions"": [{""step"": 1, ""agent"": ""AffordanceAgent"", ""skill"": ""locate"", ""reasoning"": ""Identify the moving workpiece on the conveyor belt."", ""parameters"": {""object_id"": ""workpiece_good_1"", ""target"": ""conveyor_belt""}}, {""step"": 2, ""agent"": ""AffordanceAgent"", ""skill"": ""pull"", ""reasoning"": ""Gently pull the moving workpiece towards a safe stopping position without exceeding velocity limits."", ""parameters"": {""object_id"": ""workpiece_good_1"", ""target"": ""safe_stopping_position""}}, {""step"": 3, ""agent"": ""AffordanceAgent"", ""skill"": ""inspect"", ""reasoning"": ""Verify the workpiece has been safely intercepted and is within velocity limits."", ""parameters"": {""object_id"": ""workpiece_good_1""}}], ""requires_approval"": false, ""ambiguity_notes"": """"}","{
    ""plan_id"": ""intercept_workpiece"",
    ""confidence"": 1.0,
    ""subgoals"": [
        ""detect_moving_workpiece""
    ],
    ""actions"": [
        {
            ""step"": 1,
            ""agent"": ""AffordanceAgent"",
            ""skill"": ""locate"",
            ""reasoning"": ""Identify the moving workpiece on the conveyor belt."",
            ""parameters"": {
                ""object_id"": ""workpiece_good_1"", ""target"": ""conveyor_belt""
            }
        },
        {
            ""step"": 2,
            ""agent"": ""AffordanceAgent"",
            ""skill"": ""pull"",
            ""reasoning"": ""Gently pull the moving workpiece towards a safe stopping position without exceeding velocity limits."",
            ""parameters"": {
                ""object_id"": ""workpiece_good_1"", ""target"": ""safe_stopping_position""
            }
        },
        {
            ""step"": 3,
            ""agent"": ""AffordanceAgent"",
            ""skill"": ""inspect"",
            ""reasoning"": ""Verify the workpiece has been safely intercepted and is within velocity limits."",
            ""parameters"": {
                ""object_id"": ""workpiece_good_1""
            }
        }
    ],
    ""requires_approval"": false,
    ""ambiguity_notes"": """"
}"
LG_TRIAL_00368,41,P41,Cat 5: Constraint / Dynamic,Intercept the moving workpiece on the conveyor without exceeding velocity limits.,Direct_LLM,2026,0.7,8d83b97,2026-10-03T21:41:06.410595Z,True,False,True,False,0.3333333333333333,False,0.95,0.7,False,2774.1,"{""plan_id"": ""conveyor_intercept_001"", ""confidence"": 0.95, ""subgoals"": [""Intercept moving workpiece on conveyor without exceeding velocity limits""], ""actions"": [{""step"": 1, ""agent"": ""VisionAgent"", ""skill"": ""locate"", ""parameters"": {""object_id"": ""workpiece_123"", ""target"": ""conveyor""}, ""reasoning"": ""Detect the location of the moving workpiece and its target position on the conveyor.""}, {""step"": 2, ""agent"": ""ControlAgent"", ""skill"": ""move"", ""parameters"": {""velocity"": 5.0, ""acceleration"": 10.0}, ""reasoning"": ""Move the robotic arm to intercept the moving workpiece while maintaining velocity limits.""}], ""requires_approval"": false, ""ambiguity_notes"": """"}","{""plan_id"":""conveyor_intercept_001"",""confidence"":0.95,""subgoals"":[""Intercept moving workpiece on conveyor without exceeding velocity limits""],""actions"":[{""step"":1,""agent"":""VisionAgent"",""skill"":""locate"",""parameters"":{""object_id"":""workpiece_123"",""target"":""conveyor""},""reasoning"":""Detect the location of the moving workpiece and its target position on the conveyor.""},{""step"":2,""agent"":""ControlAgent"",""skill"":""move"",""parameters"":{""velocity"":5.0,""acceleration"":10.0},""reasoning"":""Move the robotic arm to intercept the moving workpiece while maintaining velocity limits.""}],""requires_approval"":false,""ambiguity_notes"":""""}"
LG_TRIAL_00369,41,P41,Cat 5: Constraint / Dynamic,Intercept the moving workpiece on the conveyor without exceeding velocity limits.,SayCan,2026,0.7,8d83b97,2026-10-03T21:41:09.086948Z,True,False,True,True,0.6666666666666666,False,0.525,0.7,True,2676.17,"{""selected_primitive"": ""sweep(conveyor)"", ""score"": 0.525}","{""pick(blue_bolt)"": 0.35, ""pick(blue_cube)"": 0.25, ""pick(red_cylinder)"": 0.5, ""pick(red_housing)"": 0.4, ""pick(grey_bracket)"": 0.3, ""place(assembly_tray)"": 0.2, ""place(scrap_bin)"": 0.15, ""place(tray_pocket_1)"": 0.1, ""place(tray_pocket_2)"": 0.05, ""inspect(red_cylinder)"": 0.4, ""sweep(conveyor)"": 0.7, ""done()"": 0}"
LG_TRIAL_00370,42,P42,Cat 5: Constraint / Dynamic,Grasp the conveyor block before it reaches the 0.35m workspace boundary.,ARIA_Dialogue_Planning,42,0.7,8d83b97,2026-10-03T21:41:13.679390Z,True,True,True,True,1.0,False,1.0,0.7,True,4592.12,"{""plan_id"": ""grasp_conveyor_block"", ""confidence"": 1.0, ""subgoals"": [""identify_conveyor_block_position"", ""move_to_conveyor_block_position"", ""grasp_conveyor_block""], ""actions"": [{""step"": 1, ""agent"": ""AffordanceAgent"", ""skill"": ""locate"", ""reasoning"": ""Identify the position of the conveyor block"", ""parameters"": {""object_id"": ""conveyor_block""}}, {""step"": 2, ""agent"": ""AffordanceAgent"", ""skill"": ""pick"", ""reasoning"": ""Move to the location of the conveyor block in front of it before it reaches the 0.35m workspace boundary"", ""parameters"": {""object_id"": ""conveyor_block""}}, {""step"": 3, ""agent"": ""AffordanceAgent"", ""skill"": ""pick"", ""reasoning"": ""Grasp the conveyor block"", ""parameters"": {""object_id"": ""conveyor_block""}}], ""requires_approval"": false, ""ambiguity_notes"": """"}","{ ""plan_id"": ""grasp_conveyor_block"", ""confidence"": 1.0, ""subgoals"": [ ""identify_conveyor_block_position"", ""move_to_conveyor_block_position"", ""grasp_conveyor_block"" ] , ""actions"": [ { ""step"": 1, ""agent"": ""AffordanceAgent"", ""skill"": ""locate"", ""reasoning"": ""Identify the position of the conveyor block"", ""parameters"": {""object_id"": ""conveyor_block""} }, { ""step"": 2, ""agent"": ""AffordanceAgent"", ""skill"": ""pick"", ""reasoning"": ""Move to the location of the conveyor block in front of it before it reaches the 0.35m workspace boundary"", ""parameters"": {""object_id"": ""conveyor_block""}}, { ""step"": 3, ""agent"": ""AffordanceAgent"", ""skill"": ""pick"", ""reasoning"": ""Grasp the conveyor block"", ""parameters"": {""object_id"": ""conveyor_block""}} ] , ""requires_approval"": false, ""ambiguity_notes"": """"}"
LG_TRIAL_00371,42,P42,Cat 5: Constraint / Dynamic,Grasp the conveyor block before it reaches the 0.35m workspace boundary.,Direct_LLM,42,0.7,8d83b97,2026-10-03T21:41:18.499151Z,True,False,True,False,0.3333333333333333,False,0.85,0.7,False,4819.51,"{""plan_id"": ""grasp_conveyor_block"", ""confidence"": 0.85, ""subgoals"": [""Grasp conveyor block""], ""actions"": [{""step"": 1, ""agent"": ""VisionAgent"", ""skill"": ""locate"", ""parameters"": {""object_id"": ""conveyor_block"", ""target"": ""workspace boundary""}, ""reasoning"": ""Identify the location of the conveyor block""}, {""step"": 2, ""agent"": ""ControlAgent"", ""skill"": ""move_arm"", ""parameters"": {""object_id"": ""conveyor_block"", ""target"": ""0.35m workspace boundary""}, ""reasoning"": ""Move to the conveyor block and position arm at target location""}, {""step"": 3, ""agent"": ""ControlAgent"", ""skill"": ""grasp"", ""parameters"": {""object_id"": ""conveyor_block"", ""target"": ""gripper""}, ""reasoning"": ""Grasp the conveyor block with the gripper""}], ""requires_approval"": false, ""ambiguity_notes"": """"}","{
  ""plan_id"": ""grasp_conveyor_block"",
  ""confidence"": 0.85,
  ""subgoals"": [""Grasp conveyor block""],
  ""actions"": [
    {
      ""step"": 1,
      ""agent"": ""VisionAgent"",
      ""skill"": ""locate"",
      ""parameters"": {""object_id"": ""conveyor_block"", ""target"": ""workspace boundary""},
      ""reasoning"": ""Identify the location of the conveyor block""
    },
    {
      ""step"": 2,
      ""agent"": ""ControlAgent"",
      ""skill"": ""move_arm"",
      ""parameters"": {""object_id"": ""conveyor_block"", ""target"": ""0.35m workspace boundary""},
      ""reasoning"": ""Move to the conveyor block and position arm at target location""
    },
    {
      ""step"": 3,
      ""agent"": ""ControlAgent"",
      ""skill"": ""grasp"",
      ""parameters"": {""object_id"": ""conveyor_block"", ""target"": ""gripper""},
      ""reasoning"": ""Grasp the conveyor block with the gripper""
    }
  ],
  ""requires_approval"": false,
  ""ambiguity_notes"": """"
}"
LG_TRIAL_00372,42,P42,Cat 5: Constraint / Dynamic,Grasp the conveyor block before it reaches the 0.35m workspace boundary.,SayCan,42,0.7,8d83b97,2026-10-03T21:41:21.552024Z,True,True,False,True,0.6666666666666666,False,0.704,0.7,True,3052.68,"{""selected_primitive"": ""pick(red_cylinder)"", ""score"": 0.704}","{
  ""pick(blue_bolt)"": 0.3,
  ""pick(blue_cube)"": 0.6,
  ""pick(red_cylinder)"": 0.8,
  ""pick(red_housing)"": 0.2,
  ""pick(grey_bracket)"": 0.4,
  ""place(assembly_tray)"": 0.1,
  ""place(scrap_bin)"": 0.05,
  ""place(tray_pocket_1)"": 0.15,
  ""place(tray_pocket_2)"": 0.25,
  ""inspect(red_cylinder)"": 0.35,
  ""sweep(conveyor)"": 0.9,
  ""done()"": 0
}"
LG_TRIAL_00373,42,P42,Cat 5: Constraint / Dynamic,Grasp the conveyor block before it reaches the 0.35m workspace boundary.,ARIA_Dialogue_Planning,1337,0.7,8d83b97,2026-10-03T21:41:25.717074Z,True,True,True,True,1.0,False,1.0,0.7,True,4164.85,"{""plan_id"": ""grasp_conveyor_block"", ""confidence"": 1.0, ""subgoals"": [""identify_conveyor_block_location"", ""move_to_workspace_boundary"", ""execute_grasping_action""], ""actions"": [{""step"": 1, ""agent"": ""AffordanceAgent"", ""skill"": ""locate"", ""reasoning"": ""Reasoner"", ""parameters"": {""object_id"": ""grey_bracket"", ""distance_m"": 0.35}}, {""step"": 2, ""agent"": ""AffordanceAgent"", ""skill"": ""pick"", ""reasoning"": ""Reasoner"", ""parameters"": {""object_id"": ""grey_bracket""}}], ""requires_approval"": false, ""ambiguity_notes"": """"}","{ ""plan_id"": ""grasp_conveyor_block"", ""confidence"": 1.0, ""subgoals"": [ ""identify_conveyor_block_location"", ""move_to_workspace_boundary"", ""execute_grasping_action"" ] , ""actions"": [ { ""step"": 1, ""agent"": ""AffordanceAgent"", ""skill"": ""locate"", ""reasoning"": ""Reasoner"", ""parameters"": {""object_id"": ""grey_bracket"", ""distance_m"": 0.35} }, { ""step"": 2, ""agent"": ""AffordanceAgent"", ""skill"": ""pick"", ""reasoning"": ""Reasoner"", ""parameters"": {""object_id"": ""grey_bracket""} } ] , ""requires_approval"": false, ""ambiguity_notes"": """" }"
LG_TRIAL_00374,42,P42,Cat 5: Constraint / Dynamic,Grasp the conveyor block before it reaches the 0.35m workspace boundary.,Direct_LLM,1337,0.7,8d83b97,2026-10-03T21:41:31.881462Z,True,False,True,True,0.6666666666666666,False,0.8,0.7,True,6164.2,"{""plan_id"": ""GraspConveyorBlock"", ""confidence"": 0.8, ""subgoals"": [""Grasp conveyor block before it reaches the 0.35m workspace boundary""], ""actions"": [{""step"": 1, ""agent"": ""VisionAgent"", ""skill"": ""locate"", ""parameters"": {""object_id"": ""conveyor_block""}, ""reasoning"": ""Detect the location of the conveyor block in the workspace""}, {""step"": 2, ""agent"": ""ControlAgent"", ""skill"": ""move"", ""parameters"": {""target"": ""0.35m from the current position""}, ""reasoning"": ""Move the robotic arm to the destination where the conveyor block will be""}, {""step"": 3, ""agent"": ""SkillAgent"", ""skill"": ""pick"", ""parameters"": {""object_id"": ""conveyor_block""}, ""reasoning"": ""Grasp the conveyor block before it reaches the workspace boundary""}], ""requires_approval"": false, ""ambiguity_notes"": """"}","{
  ""plan_id"": ""GraspConveyorBlock"",
  ""confidence"": 0.8,
  ""subgoals"": [""Grasp conveyor block before it reaches the 0.35m workspace boundary""],
  ""actions"": [
    {
      ""step"": 1,
      ""agent"": ""VisionAgent"",
      ""skill"": ""locate"",
      ""parameters"": {""object_id"": ""conveyor_block""},
      ""reasoning"": ""Detect the location of the conveyor block in the workspace""
    },
    {
      ""step"": 2,
      ""agent"": ""ControlAgent"",
      ""skill"": ""move"",
      ""parameters"": {""target"": ""0.35m from the current position""},
      ""reasoning"": ""Move the robotic arm to the destination where the conveyor block will be""
    },
    {
      ""step"": 3,
      ""agent"": ""SkillAgent"",
      ""skill"": ""pick"",
      ""parameters"": {""object_id"": ""conveyor_block""},
      ""reasoning"": ""Grasp the conveyor block before it reaches the workspace boundary""
    }
  ],
  ""requires_approval"": false,
  ""ambiguity_notes"": """"
}"
LG_TRIAL_00375,42,P42,Cat 5: Constraint / Dynamic,Grasp the conveyor block before it reaches the 0.35m workspace boundary.,SayCan,1337,0.7,8d83b97,2026-10-03T21:41:34.836597Z,True,True,False,True,0.6666666666666666,False,0.704,0.7,True,2954.9,"{""selected_primitive"": ""pick(red_cylinder)"", ""score"": 0.704}","{
  ""pick(blue_bolt)"": 0.5,
  ""pick(blue_cube)"": 0.3,
  ""pick(red_cylinder)"": 0.8,
  ""pick(red_housing)"": 0.2,
  ""pick(grey_bracket)"": 0.1,
  ""place(assembly_tray)"": 0.4,
  ""place(scrap_bin)"": 0.6,
  ""place(tray_pocket_1)"": 0.9,
  ""place(tray_pocket_2)"": 0.7,
  ""inspect(red_cylinder)"": 0.5,
  ""sweep(conveyor)"": 0.8,
  ""done()"": 0
}"
LG_TRIAL_00376,42,P42,Cat 5: Constraint / Dynamic,Grasp the conveyor block before it reaches the 0.35m workspace boundary.,ARIA_Dialogue_Planning,2026,0.7,8d83b97,2026-10-03T21:41:42.075999Z,True,False,True,True,0.6666666666666666,False,1.0,0.7,True,7239.07,"{""plan_id"": ""GraspConveyorBlock"", ""confidence"": 1.0, ""subgoals"": [""LocateConveyorBlock""], ""actions"": [{""step"": 1, ""agent"": ""AffordanceAgent"", ""skill"": ""locate"", ""reasoning"": ""The conveyor block is likely to be moving along a predefined path in the workcell."", ""parameters"": {""object_id"": ""conveyor_block""}}, {""step"": 2, ""agent"": ""AffordanceAgent"", ""skill"": ""pick"", ""reasoning"": ""Once located, grasp the conveyor block to prevent it from reaching the workspace boundary."", ""parameters"": {""object_id"": ""conveyor_block""}}, {""step"": 3, ""agent"": ""AffordanceAgent"", ""skill"": ""place"", ""reasoning"": ""Place the conveyor block in a safe location, such as the workstation or a designated tray."", ""parameters"": {""object_id"": ""conveyor_block""}}], ""requires_approval"": false, ""ambiguity_notes"": """"}","{

    ""plan_id"": ""GraspConveyorBlock"",
    ""confidence"": 1.00,
    ""subgoals"": [
        ""LocateConveyorBlock""
    ],
    ""actions"": [
        {
            ""step"": 1,
            ""agent"": ""AffordanceAgent"",
            ""skill"": ""locate"",
            ""reasoning"": ""The conveyor block is likely to be moving along a predefined path in the workcell."",
            ""parameters"": {
                ""object_id"": ""conveyor_block""
            }
        },
        {
            ""step"": 2,
            ""agent"": ""AffordanceAgent"",
            ""skill"": ""pick"",
            ""reasoning"": ""Once located, grasp the conveyor block to prevent it from reaching the workspace boundary."",
            ""parameters"": {
                ""object_id"": ""conveyor_block""
            }
        },
        {
            ""step"": 3,
            ""agent"": ""AffordanceAgent"",
            ""skill"": ""place"",
            ""reasoning"": ""Place the conveyor block in a safe location, such as the workstation or a designated tray."",
            ""parameters"": {
                ""object_id"": ""conveyor_block""
            }
        }
    ],
    ""requires_approval"": false,
    ""ambiguity_notes"": """"
}"
LG_TRIAL_00377,42,P42,Cat 5: Constraint / Dynamic,Grasp the conveyor block before it reaches the 0.35m workspace boundary.,Direct_LLM,2026,0.7,8d83b97,2026-10-03T21:41:44.989546Z,False,False,True,True,0.6666666666666666,False,0.8,0.7,False,2913.3,"{""plan_id"": ""GraspConveyorBlock"", ""confidence"": 0.8, ""subgoals"": [""GraspConveyorBlock""], ""actions"": [{""step"": 1, ""agent"": ""ControlAgent"", ""skill"": ""move"", ""parameters"": {""target"": ""0.35m""}, ""reasoning"": ""Move to workspace boundary""}, {""step"": 2, ""agent"": ""VisionAgent"", ""skill"": ""locate"", ""parameters"": {""object_id"": ""conveyor_block""}, ""reasoning"": ""Detect conveyor block location""}, {""step"": 3, ""agent"": ""SkillAgent"", ""skill"": ""pick"", ""parameters"": {""object_id"": ""conveyor_block""}, ""reasoning"": ""Grasp conveyor block before it reaches workspace boundary""}], ""requires_approval"": false, ""ambiguity_notes"": """"}","{""plan_id"":""GraspConveyorBlock"",""confidence"":0.8,""subgoals"":[""GraspConveyorBlock""],""actions"":[{""step"":1,""agent"":""ControlAgent"",""skill"":""move"",""parameters"":{""target"":""0.35m""},""reasoning"":""Move to workspace boundary""},{""step"":2,""agent"":""VisionAgent"",""skill"":""locate"",""parameters"":{""object_id"":""conveyor_block""},""reasoning"":""Detect conveyor block location""},{""step"":3,""agent"":""SkillAgent"",""skill"":""pick"",""parameters"":{""object_id"":""conveyor_block""},""reasoning"":""Grasp conveyor block before it reaches workspace boundary""}],""requires_approval"":false,""ambiguity_notes"":""""}"
LG_TRIAL_00378,42,P42,Cat 5: Constraint / Dynamic,Grasp the conveyor block before it reaches the 0.35m workspace boundary.,SayCan,2026,0.7,8d83b97,2026-10-03T21:41:48.040885Z,True,True,False,True,0.6666666666666666,False,0.792,0.7,True,3051.12,"{""selected_primitive"": ""pick(red_cylinder)"", ""score"": 0.792}","{ ""pick(blue_bolt)"": 0.0, ""pick(blue_cube)"": 0.8, ""pick(red_cylinder)"": 0.9, ""pick(red_housing)"": 0.7, ""pick(grey_bracket)"": 0.4, ""place(assembly_tray)"": 0.2, ""place(scrap_bin)"": 0.1, ""place(tray_pocket_1)"": 0.3, ""place(tray_pocket_2)"": 0.6, ""inspect(red_cylinder)"": 0.5, ""sweep(conveyor)"": 0.9, ""done()"": 0.0 }"
LG_TRIAL_00379,43,P43,Cat 5: Constraint / Dynamic,Track and pick the red part at 0.08 m/s while matching velocity within 5 mm/s.,ARIA_Dialogue_Planning,42,0.7,8d83b97,2026-10-03T21:41:54.890816Z,False,True,True,True,1.0,True,0.5,0.7,False,6838.53,{},"{ ""plan_id"": ""track_and_pick_red_part"", ""confidence"": 1.00, ""subgoals"": [ ""identify red part"", ""match velocity with the workcell's movement"", ""pick the identified red part"" ], ""actions"": [ { ""step"": 1, ""agent"": ""AffordanceAgent"", ""skill"": ""locate"", ""reasoning"": ""Locate the red part within the workcell."", ""parameters"": { ""object_id"": ""workpiece_defect_1"", ""distance_m"": 0.08 } }, { ""step"": 2, ""agent"": ""AffordanceAgent"", ""skill"": ""locate"", ""reasoning"": ""Locate the identified red part at a speed of 0.08 m/s while matching velocity within 5 mm/s."", ""parameters"": { ""object_id"": ""workpiece_defect_1"", ""distance_m"": 0.08 } }, { ""step"": 3, ""agent"": ""AffordanceAgent"", ""skill"": ""pick"", ""reasoning"": ""Pick the identified red part."", ""parameters"": { ""object_id"": ""workpiece_defect_1"" } }, { ""step"": 4, ""agent"": ""AffordanceAgent"", ""skill"": ""pick"", ""reasoning"": ""Ensure that the picked part is correctly placed in a designated area."", ""parameters"": { ""object_id"": ""workpiece_def"
LG_TRIAL_00380,43,P43,Cat 5: Constraint / Dynamic,Track and pick the red part at 0.08 m/s while matching velocity within 5 mm/s.,Direct_LLM,42,0.7,8d83b97,2026-10-03T21:41:58.386152Z,True,False,True,False,0.3333333333333333,False,0.95,0.7,False,3495.12,"{""plan_id"": ""TrackingRedPartPlan"", ""confidence"": 0.95, ""subgoals"": [""Track red part"", ""Match velocity""], ""actions"": [{""step"": 1, ""agent"": ""VisionAgent"", ""skill"": ""inspect"", ""parameters"": {""object_id"": ""red_part"", ""target"": ""color""}, ""reasoning"": ""Identify the red part in the workspace""}, {""step"": 2, ""agent"": ""ControlAgent"", ""skill"": ""move"", ""parameters"": {""velocity"": 0.08}, ""reasoning"": ""Move to the location of the red part while matching velocity""}], ""requires_approval"": false, ""ambiguity_notes"": """"}","{
  ""plan_id"": ""TrackingRedPartPlan"",
  ""confidence"": 0.95,
  ""subgoals"": [""Track red part"", ""Match velocity""],
  ""actions"": [
    {
      ""step"": 1,
      ""agent"": ""VisionAgent"",
      ""skill"": ""inspect"",
      ""parameters"": {""object_id"": ""red_part"", ""target"": ""color""},
      ""reasoning"": ""Identify the red part in the workspace""
    },
    {
      ""step"": 2,
      ""agent"": ""ControlAgent"",
      ""skill"": ""move"",
      ""parameters"": {""velocity"": 0.08},
      ""reasoning"": ""Move to the location of the red part while matching velocity""
    }
  ],
  ""requires_approval"": false,
  ""ambiguity_notes"": """"
}"
LG_TRIAL_00381,43,P43,Cat 5: Constraint / Dynamic,Track and pick the red part at 0.08 m/s while matching velocity within 5 mm/s.,SayCan,42,0.7,8d83b97,2026-10-03T21:42:01.399601Z,True,True,True,True,1.0,False,0.88,0.7,True,3013.27,"{""selected_primitive"": ""pick(red_cylinder)"", ""score"": 0.88}","{
  ""pick(blue_bolt)"": 0.0,
  ""pick(blue_cube)"": 0.0,
  ""pick(red_cylinder)"": 1.0,
  ""pick(red_housing)"": 0.5,
  ""pick(grey_bracket)"": 0.0,
  ""place(assembly_tray)"": 0.0,
  ""place(scrap_bin)"": 0.0,
  ""place(tray_pocket_1)"": 0.0,
  ""place(tray_pocket_2)"": 0.0,
  ""inspect(red_cylinder)"": 0.8,
  ""sweep(conveyor)"": 0.0,
  ""done()"": 0.0
}"
LG_TRIAL_00382,43,P43,Cat 5: Constraint / Dynamic,Track and pick the red part at 0.08 m/s while matching velocity within 5 mm/s.,ARIA_Dialogue_Planning,1337,0.7,8d83b97,2026-10-03T21:42:05.877229Z,True,False,True,True,0.6666666666666666,False,1.0,0.7,True,4477.44,"{""plan_id"": ""track_and_pick_red_part"", ""confidence"": 1.0, ""subgoals"": [""step_1: Identify red part in workcell."", ""step_2: Track and move towards the identified red part at 0.08 m/s."", ""step_3: Match velocity with the red part within 5 mm/s.""], ""actions"": [{""step"": 1, ""agent"": ""AffordanceAgent"", ""skill"": ""locate"", ""reasoning"": ""Find and identify the red object among detected workpieces.""}, {""step"": 2, ""agent"": ""AffordanceAgent"", ""skill"": ""pick"", ""reasoning"": ""Move towards the identified red part while maintaining a speed of 0.08 m/s""}, {""step"": 3, ""agent"": ""AffordanceAgent"", ""skill"": ""sweep"", ""reasoning"": ""Adjust velocity to match the target velocity (5 mm/s) relative to the red part.""}], ""requires_approval"": false, ""ambiguity_notes"": """"}","{ ""plan_id"": ""track_and_pick_red_part"", ""confidence"": 1.0, ""subgoals"": [ ""step_1: Identify red part in workcell."", ""step_2: Track and move towards the identified red part at 0.08 m/s."", ""step_3: Match velocity with the red part within 5 mm/s."" ], ""actions"": [ { ""step"": 1, ""agent"": ""AffordanceAgent"", ""skill"": ""locate"", ""reasoning"": ""Find and identify the red object among detected workpieces."" }, { ""step"": 2, ""agent"": ""AffordanceAgent"", ""skill"": ""pick"", ""reasoning"": ""Move towards the identified red part while maintaining a speed of 0.08 m/s"" }, { ""step"": 3, ""agent"": ""AffordanceAgent"", ""skill"": ""sweep"", ""reasoning"": ""Adjust velocity to match the target velocity (5 mm/s) relative to the red part."" } ], ""requires_approval"": false, ""ambiguity_notes"": """" }"
LG_TRIAL_00383,43,P43,Cat 5: Constraint / Dynamic,Track and pick the red part at 0.08 m/s while matching velocity within 5 mm/s.,Direct_LLM,1337,0.7,8d83b97,2026-10-03T21:42:11.264469Z,True,False,True,True,0.6666666666666666,False,0.85,0.7,True,5387.02,"{""plan_id"": ""track_and_pick_red_part"", ""confidence"": 0.85, ""subgoals"": [""Track red part"", ""Match velocity""], ""actions"": [{""step"": 1, ""agent"": ""VisionAgent"", ""skill"": ""locate"", ""parameters"": {""object_id"": ""red_part""}, ""reasoning"": ""Detect the red part in the workspace""}, {""step"": 2, ""agent"": ""ControlAgent"", ""skill"": ""move_to"", ""parameters"": {""target"": ""red_part"", ""velocity"": 0.08}, ""reasoning"": ""Move towards the detected red part at 0.08 m/s""}, {""step"": 3, ""agent"": ""ControlAgent"", ""skill"": ""match_velocity"", ""parameters"": {""target"": ""red_part"", ""velocity"": 5}, ""reasoning"": ""Match velocity with the target object to ensure smooth pick-up""}, {""step"": 4, ""agent"": ""SkillAgent"", ""skill"": ""pick"", ""parameters"": {""object_id"": ""red_part""}, ""reasoning"": ""Pick up the red part""}], ""requires_approval"": false, ""ambiguity_notes"": """"}","{
  ""plan_id"": ""track_and_pick_red_part"",
  ""confidence"": 0.85,
  ""subgoals"": [""Track red part"", ""Match velocity""],
  ""actions"": [
    {
      ""step"": 1,
      ""agent"": ""VisionAgent"",
      ""skill"": ""locate"",
      ""parameters"": {""object_id"": ""red_part""},
      ""reasoning"": ""Detect the red part in the workspace""
    },
    {
      ""step"": 2,
      ""agent"": ""ControlAgent"",
      ""skill"": ""move_to"",
      ""parameters"": {""target"": ""red_part"", ""velocity"": 0.08},
      ""reasoning"": ""Move towards the detected red part at 0.08 m/s""
    },
    {
      ""step"": 3,
      ""agent"": ""ControlAgent"",
      ""skill"": ""match_velocity"",
      ""parameters"": {""target"": ""red_part"", ""velocity"": 5},
      ""reasoning"": ""Match velocity with the target object to ensure smooth pick-up""
    },
    {
      ""step"": 4,
      ""agent"": ""SkillAgent"",
      ""skill"": ""pick"",
      ""parameters"": {""object_id"": ""red_part""},
      ""reasoning"": ""Pick up the red part""
    }
  ],
  ""requires_approval"": false,
  ""ambiguity_notes"": """"
}"
LG_TRIAL_00384,43,P43,Cat 5: Constraint / Dynamic,Track and pick the red part at 0.08 m/s while matching velocity within 5 mm/s.,SayCan,1337,0.7,8d83b97,2026-10-03T21:42:14.191068Z,True,True,True,True,1.0,False,0.88,0.7,True,2926.36,"{""selected_primitive"": ""pick(red_cylinder)"", ""score"": 0.88}","{
  ""pick(blue_bolt)"": 0.0,
  ""pick(blue_cube)"": 0.0,
  ""pick(red_cylinder)"": 1.0,
  ""pick(red_housing)"": 0.5,
  ""pick(grey_bracket)"": 0.0,
  ""place(assembly_tray)"": 0.0,
  ""place(scrap_bin)"": 0.0,
  ""place(tray_pocket_1)"": 0.0,
  ""place(tray_pocket_2)"": 0.0,
  ""inspect(red_cylinder)"": 0.5,
  ""sweep(conveyor)"": 0.0,
  ""done()"": 0.0
}"
LG_TRIAL_00385,43,P43,Cat 5: Constraint / Dynamic,Track and pick the red part at 0.08 m/s while matching velocity within 5 mm/s.,ARIA_Dialogue_Planning,2026,0.7,8d83b97,2026-10-03T21:42:19.894332Z,True,True,False,True,0.6666666666666666,False,1.0,0.7,True,5702.99,"{""plan_id"": ""pick_red_part"", ""confidence"": 1.0, ""subgoals"": [""Identify red workpiece_defect_1 as target for picking"", ""Move the gripper to match velocity with workpiece_defect_1 at 0.08 m/s"", ""Pick up workpiece_defect_1 while maintaining matched velocity""], ""actions"": [{""step"": 1, ""agent"": ""AffordanceAgent"", ""skill"": ""locate"", ""reasoning"": ""target_identification"", ""parameters"": {""object_id"": ""workpiece_defect_1"", ""distance_m"": 0.3}}, {""step"": 2, ""agent"": ""ControlAgent"", ""skill"": ""pick"", ""reasoning"": ""velocity_matching"", ""parameters"": {""target"": ""workpiece_defect_1"", ""distance_m"": 0.3}}, {""step"": 3, ""agent"": ""ControlAgent"", ""skill"": ""pick"", ""reasoning"": ""pickup"", ""parameters"": {""object_id"": ""workpiece_defect_1""}}], ""requires_approval"": false, ""ambiguity_notes"": """"}","{

    ""plan_id"": ""pick_red_part"",
    ""confidence"": 1.00,
    ""subgoals"":
    [
        ""Identify red workpiece_defect_1 as target for picking"",
        ""Move the gripper to match velocity with workpiece_defect_1 at 0.08 m/s"",
        ""Pick up workpiece_defect_1 while maintaining matched velocity""
    ],
    ""actions"":
    [
        {
            ""step"": 1,
            ""agent"": ""AffordanceAgent"",
            ""skill"": ""locate"",
            ""reasoning"": ""target_identification"",
            ""parameters"": {""object_id"": ""workpiece_defect_1"", ""distance_m"": 0.3}
        },
        {
            ""step"": 2,
            ""agent"": ""ControlAgent"",
            ""skill"": ""pick"",
            ""reasoning"": ""velocity_matching"",
            ""parameters"": {""target"": ""workpiece_defect_1"", ""distance_m"": 0.3}
        },
        {
            ""step"": 3,
            ""agent"": ""ControlAgent"",
            ""skill"": ""pick"",
            ""reasoning"": ""pickup"",
            ""parameters"": {""object_id"": ""workpiece_defect_1""}
        }
    ],
    ""requires_approval"": false
    ,
    ""ambiguity_notes"": """"
}"
LG_TRIAL_00386,43,P43,Cat 5: Constraint / Dynamic,Track and pick the red part at 0.08 m/s while matching velocity within 5 mm/s.,Direct_LLM,2026,0.7,8d83b97,2026-10-03T21:42:22.322921Z,True,False,True,True,0.6666666666666666,False,0.8,0.7,True,2428.41,"{""plan_id"": ""tracking_red_part"", ""confidence"": 0.8, ""subgoals"": [""track_red_part""], ""actions"": [{""step"": 1, ""agent"": ""VisionAgent"", ""skill"": ""locate"", ""parameters"": {""object_id"": ""red_part""}, ""reasoning"": ""find_red_part""}, {""step"": 2, ""agent"": ""ControlAgent"", ""skill"": ""move"", ""parameters"": {""velocity"": 0.08}, ""reasoning"": ""approach_red_part""}, {""step"": 3, ""agent"": ""VisionAgent"", ""skill"": ""inspect"", ""parameters"": {""object_id"": ""red_part""}, ""reasoning"": ""verify_velocity_match""}], ""requires_approval"": false, ""ambiguity_notes"": """"}","{""plan_id"":""tracking_red_part"",""confidence"":0.8,""subgoals"":[""track_red_part""],""actions"":[{""step"":1,""agent"":""VisionAgent"",""skill"":""locate"",""parameters"":{""object_id"":""red_part""},""reasoning"":""find_red_part""},{""step"":2,""agent"":""ControlAgent"",""skill"":""move"",""parameters"":{""velocity"":0.08},""reasoning"":""approach_red_part""},{""step"":3,""agent"":""VisionAgent"",""skill"":""inspect"",""parameters"":{""object_id"":""red_part""},""reasoning"":""verify_velocity_match""}],""requires_approval"":false,""ambiguity_notes"":""""}"
LG_TRIAL_00387,43,P43,Cat 5: Constraint / Dynamic,Track and pick the red part at 0.08 m/s while matching velocity within 5 mm/s.,SayCan,2026,0.7,8d83b97,2026-10-03T21:42:24.724814Z,True,True,True,True,1.0,False,0.352,0.7,True,2401.71,"{""selected_primitive"": ""pick(red_cylinder)"", ""score"": 0.352}","{""pick(blue_bolt)"": 0, ""pick(blue_cube)"": 0, ""pick(red_cylinder)"": 0.4, ""pick(red_housing)"": 0.3, ""pick(grey_bracket)"": 0, ""place(assembly_tray)"": 0, ""place(scrap_bin)"": 0, ""place(tray_pocket_1)"": 0, ""place(tray_pocket_2)"": 0, ""inspect(red_cylinder)"": 0.4, ""sweep(conveyor)"": 0, ""done()"": 0}"
LG_TRIAL_00388,44,P44,Cat 5: Constraint / Dynamic,Intercept the moving defective cylinder and divert it without arm jerk.,ARIA_Dialogue_Planning,42,0.7,8d83b97,2026-10-03T21:42:28.267872Z,True,False,True,True,0.6666666666666666,False,1.0,0.7,True,3542.82,"{""plan_id"": ""aria_plan_001"", ""confidence"": 1.0, ""subgoals"": [""task_1"", ""task_2""], ""actions"": [{""step"": 1, ""agent"": ""AffordanceAgent"", ""skill"": ""pick"", ""reasoning"": ""Detect and intercept the moving defective red cylinder."", ""parameters"": {""object_id"": ""workpiece_defect_1""}}, {""step"": 2, ""agent"": ""AffordanceAgent"", ""skill"": ""place"", ""reasoning"": ""Divert the intercepted workpiece to a safe area without arm jerk."", ""parameters"": {""object_id"": ""workpiece_defect_1""}}], ""requires_approval"": false, ""ambiguity_notes"": """"}","{ ""plan_id"": ""aria_plan_001"", ""confidence"": 1.00, ""subgoals"": [ ""task_1"", ""task_2"" ] , ""actions"": [ { ""step"": 1, ""agent"": ""AffordanceAgent"", ""skill"": ""pick"", ""reasoning"": ""Detect and intercept the moving defective red cylinder."", ""parameters"": {""object_id"": ""workpiece_defect_1""} }, { ""step"": 2, ""agent"": ""AffordanceAgent"", ""skill"": ""place"", ""reasoning"": ""Divert the intercepted workpiece to a safe area without arm jerk."", ""parameters"": {""object_id"": ""workpiece_defect_1""}} ] , ""requires_approval"": false, ""ambiguity_notes"": """"}"
LG_TRIAL_00389,44,P44,Cat 5: Constraint / Dynamic,Intercept the moving defective cylinder and divert it without arm jerk.,Direct_LLM,42,0.7,8d83b97,2026-10-03T21:42:32.774103Z,False,False,True,True,0.6666666666666666,False,0.85,0.7,False,4506.09,"{""plan_id"": ""Cylinder_Diversion"", ""confidence"": 0.85, ""subgoals"": [""Intercept Defective Cylinder"", ""Divert Cylinder""], ""actions"": [{""step"": 1, ""agent"": ""ControlAgent"", ""skill"": ""move_arm"", ""parameters"": {""object_id"": ""cylinder_123"", ""target"": ""diversion_target""}, ""reasoning"": ""Move arm to intercept cylinder.""}, {""step"": 2, ""agent"": ""VisionAgent"", ""skill"": ""detect_obstacle"", ""parameters"": {}, ""reasoning"": ""Detect proximity of defective cylinder.""}, {""step"": 3, ""agent"": ""ControlAgent"", ""skill"": ""adjust_arm_speed"", ""parameters"": {""object_id"": ""cylinder_123"", ""target"": ""diversion_target""}, ""reasoning"": ""Adjust arm speed to divert cylinder smoothly.""}], ""requires_approval"": false, ""ambiguity_notes"": """"}","{
  ""plan_id"": ""Cylinder_Diversion"",
  ""confidence"": 0.85,
  ""subgoals"": [""Intercept Defective Cylinder"", ""Divert Cylinder""],
  ""actions"": [
    {
      ""step"": 1,
      ""agent"": ""ControlAgent"",
      ""skill"": ""move_arm"",
      ""parameters"": {""object_id"": ""cylinder_123"", ""target"": ""diversion_target""},
      ""reasoning"": ""Move arm to intercept cylinder.""
    },
    {
      ""step"": 2,
      ""agent"": ""VisionAgent"",
      ""skill"": ""detect_obstacle"",
      ""parameters"": {},
      ""reasoning"": ""Detect proximity of defective cylinder.""
    },
    {
      ""step"": 3,
      ""agent"": ""ControlAgent"",
      ""skill"": ""adjust_arm_speed"",
      ""parameters"": {""object_id"": ""cylinder_123"", ""target"": ""diversion_target""},
      ""reasoning"": ""Adjust arm speed to divert cylinder smoothly.""
    }
  ],
  ""requires_approval"": false,
  ""ambiguity_notes"": """"
}"
LG_TRIAL_00390,44,P44,Cat 5: Constraint / Dynamic,Intercept the moving defective cylinder and divert it without arm jerk.,SayCan,42,0.7,8d83b97,2026-10-03T21:42:35.801793Z,True,False,True,True,0.6666666666666666,False,0.704,0.7,True,3027.52,"{""selected_primitive"": ""pick(red_cylinder)"", ""score"": 0.704}","{
  ""pick(blue_bolt)"": 0.01,
  ""pick(blue_cube)"": 0.01,
  ""pick(red_cylinder)"": 0.8,
  ""pick(red_housing)"": 0.02,
  ""pick(grey_bracket)"": 0.01,
  ""place(assembly_tray)"": 0.05,
  ""place(scrap_bin)"": 0.03,
  ""place(tray_pocket_1)"": 0.02,
  ""place(tray_pocket_2)"": 0.04,
  ""inspect(red_cylinder)"": 0.6,
  ""sweep(conveyor)"": 0.35,
  ""done()"": 0.01
}"
LG_TRIAL_00391,44,P44,Cat 5: Constraint / Dynamic,Intercept the moving defective cylinder and divert it without arm jerk.,ARIA_Dialogue_Planning,1337,0.7,8d83b97,2026-10-03T21:42:37.335060Z,True,False,True,True,0.6666666666666666,False,1.0,0.7,True,1533.11,"{""plan_id"": ""intercept_defective_cylinder"", ""confidence"": 1.0, ""subgoals"": [""step_1_intercept"", ""step_2_divert""], ""actions"": [], ""requires_approval"": false, ""ambiguity_notes"": """"}","{ ""plan_id"": ""intercept_defective_cylinder"", ""confidence"": 1.0, ""subgoals"": [ ""step_1_intercept"", ""step_2_divert"" ], ""actions"": [], ""requires_approval"": false, ""ambiguity_notes"": """" }

    																"
LG_TRIAL_00392,44,P44,Cat 5: Constraint / Dynamic,Intercept the moving defective cylinder and divert it without arm jerk.,Direct_LLM,1337,0.7,8d83b97,2026-10-03T21:42:42.889369Z,False,False,True,True,0.6666666666666666,False,0.7,0.7,False,5554.17,{},"{
  ""plan_id"": ""cylinder_diversion_plan"",
  ""confidence"": 0.85,
  ""subgoals"": [""intercept moving cylinder"", ""divert cylinder without arm jerk""],
  ""actions"": [
    {
      ""step"": 1,
      ""agent"": ""VisionAgent"",
      ""skill"": ""locate"",
      ""parameters"": {""object_id"": ""defective_cylinder""},
      ""reasoning"": ""Identify the location of the defective cylinder in the workspace.""
    },
    {
      ""step"": 2,
      ""agent"": ""ControlAgent"",
      ""skill"": ""slide"",
      ""parameters"": {""target"": ""nearest clear surface""},
      ""reasoning"": ""Slide towards the nearest clear surface to position the arm for interception.""
    },
    {
      ""step"": 3,
      ""agent"": ""AffordanceAgent"",
      ""skill"": ""push"",
      ""parameters"": {""object_id"": ""defective_cylinder"", ""target"": ""nearest obstacle""},
      ""reasoning"": ""Push the defective cylinder towards a nearby obstacle to divert its path.""
    },
    {
      ""step"": 4,
      ""agent"": ""SafetyAgent"",
      ""skill"": ""inspect"",
      ""parameters"": {""object_id"": ""defective_cylinder"", ""target"": ""nearest clear surface""},
      ""reasoning"": ""Inspect the diverted cylinder's new trajectory to ensure it does not pose a hazard.""
    }
 "
LG_TRIAL_00393,44,P44,Cat 5: Constraint / Dynamic,Intercept the moving defective cylinder and divert it without arm jerk.,SayCan,1337,0.7,8d83b97,2026-10-03T21:42:45.840314Z,True,False,True,True,0.6666666666666666,False,0.792,0.7,True,2950.77,"{""selected_primitive"": ""pick(red_cylinder)"", ""score"": 0.792}","{
  ""pick(blue_bolt)"": 0.0,
  ""pick(blue_cube)"": 0.0,
  ""pick(red_cylinder)"": 0.9,
  ""pick(red_housing)"": 0.1,
  ""pick(grey_bracket)"": 0.0,
  ""place(assembly_tray)"": 0.8,
  ""place(scrap_bin)"": 0.2,
  ""place(tray_pocket_1)"": 0.5,
  ""place(tray_pocket_2)"": 0.3,
  ""inspect(red_cylinder)"": 0.6,
  ""sweep(conveyor)"": 0.4,
  ""done()"": 0.0
}"
LG_TRIAL_00394,44,P44,Cat 5: Constraint / Dynamic,Intercept the moving defective cylinder and divert it without arm jerk.,ARIA_Dialogue_Planning,2026,0.7,8d83b97,2026-10-03T21:42:51.353969Z,True,False,True,False,0.3333333333333333,False,1.0,0.7,False,5513.42,"{""plan_id"": ""intercept_defective_cylinder"", ""confidence"": 1.0, ""subgoals"": [""identify_defective_cylinder"", ""move_to_divert_defective_cylinder""], ""actions"": [{""step"": 1, ""agent"": ""AffordanceAgent"", ""skill"": ""inspect"", ""reasoning"": ""Identify the defective cylinder based on its color, shape, and surface scratches."", ""parameters"": {""object_id"": ""workpiece_defect_1""}}, {""step"": 2, ""agent"": ""AffordanceAgent"", ""skill"": ""pick"", ""reasoning"": ""Pick up the defective cylinder without arm jerk to prevent damage to the workcell or other objects."", ""parameters"": {""object_id"": ""workpiece_defect_1""}}, {""step"": 3, ""agent"": ""AffordanceAgent"", ""skill"": ""place"", ""reasoning"": ""Divert the defective cylinder to a designated storage location, ensuring its safety and preventing further interference with production."", ""parameters"": {""object_id"": ""workpiece_defect_1"", ""target"": ""storage_location""}}], ""requires_approval"": false, ""ambiguity_notes"": """"}","{
    ""plan_id"": ""intercept_defective_cylinder"",
    ""confidence"": 1.00,
    ""subgoals"": [
        ""identify_defective_cylinder"",
        ""move_to_divert_defective_cylinder""
    ],
    ""actions"": [
        {
            ""step"": 1,
            ""agent"": ""AffordanceAgent"",
            ""skill"": ""inspect"",
            ""reasoning"": ""Identify the defective cylinder based on its color, shape, and surface scratches."",
            ""parameters"": {""object_id"": ""workpiece_defect_1""}
        },
        {
            ""step"": 2,
            ""agent"": ""AffordanceAgent"",
            ""skill"": ""pick"",
            ""reasoning"": ""Pick up the defective cylinder without arm jerk to prevent damage to the workcell or other objects."",
            ""parameters"": {""object_id"": ""workpiece_defect_1""}
        },
        {
            ""step"": 3,
            ""agent"": ""AffordanceAgent"",
            ""skill"": ""place"",
            ""reasoning"": ""Divert the defective cylinder to a designated storage location, ensuring its safety and preventing further interference with production."",
            ""parameters"": {""object_id"": ""workpiece_defect_1"", ""target"": ""storage_location""}
        }
    ],
    ""requires_approval"": false,
    ""ambiguity_notes"": """"
}"
LG_TRIAL_00395,44,P44,Cat 5: Constraint / Dynamic,Intercept the moving defective cylinder and divert it without arm jerk.,Direct_LLM,2026,0.7,8d83b97,2026-10-03T21:42:54.058915Z,False,False,True,True,0.6666666666666666,False,0.85,0.7,False,2704.68,"{""plan_id"": ""cylinde_diversion"", ""confidence"": 0.85, ""subgoals"": [""intercept_defective_cylinder"", ""divert_defective_cylinder""], ""actions"": [{""step"": 1, ""agent"": ""ControlAgent"", ""skill"": ""move"", ""parameters"": {""object_id"": ""defective_cylinder"", ""target"": ""safe_location""}, ""reasoning"": ""Approach the defective cylinder to intercept its trajectory.""}, {""step"": 2, ""agent"": ""ControlAgent"", ""skill"": ""push"", ""parameters"": {""object_id"": ""defective_cylinder"", ""target"": ""diversion_channel""}, ""reasoning"": ""Divert the defective cylinder into a safe channel to prevent damage or injury.""}], ""requires_approval"": false, ""ambiguity_notes"": """"}","{""plan_id"":""cylinde_diversion"",""confidence"":0.85,""subgoals"":[""intercept_defective_cylinder"",""divert_defective_cylinder""],""actions"":[{""step"":1,""agent"":""ControlAgent"",""skill"":""move"",""parameters"":{""object_id"":""defective_cylinder"",""target"":""safe_location""},""reasoning"":""Approach the defective cylinder to intercept its trajectory.""},{""step"":2,""agent"":""ControlAgent"",""skill"":""push"",""parameters"":{""object_id"":""defective_cylinder"",""target"":""diversion_channel""},""reasoning"":""Divert the defective cylinder into a safe channel to prevent damage or injury.""}],""requires_approval"":false,""ambiguity_notes"":""""}"
LG_TRIAL_00396,44,P44,Cat 5: Constraint / Dynamic,Intercept the moving defective cylinder and divert it without arm jerk.,SayCan,2026,0.7,8d83b97,2026-10-03T21:42:56.952432Z,True,False,True,True,0.6666666666666666,False,0.704,0.7,True,2893.34,"{""selected_primitive"": ""pick(red_cylinder)"", ""score"": 0.704}","{
  ""pick(blue_bolt)"": 0.02,
  ""pick(blue_cube)"": 0.01,
  ""pick(red_cylinder)"": 0.8,
  ""pick(red_housing)"": 0.1,
  ""pick(grey_bracket)"": 0.05,
  ""place(assembly_tray)"": 0.03,
  ""place(scrap_bin)"": 0.02,
  ""place(tray_pocket_1)"": 0.01,
  ""place(tray_pocket_2)"": 0.005,
  ""inspect(red_cylinder)"": 0.3,
  ""sweep(conveyor)"": 0.6,
  ""done()"": 0
}"
LG_TRIAL_00397,45,P45,Cat 5: Constraint / Dynamic,Grasp the belt workpiece maintaining end-effector acceleration under 1.5 m/s^2.,ARIA_Dialogue_Planning,42,0.7,8d83b97,2026-10-03T21:43:01.519822Z,True,True,True,True,1.0,False,1.0,0.7,True,4567.14,"{""plan_id"": ""grasp_belt_workpiece"", ""confidence"": 1.0, ""subgoals"": [""identify_closest_belt_workpiece"", ""move_arm_to_grasp_position"", ""close_gripper""], ""actions"": [{""step"": 1, ""agent"": ""AffordanceAgent"", ""skill"": ""pick"", ""reasoning"": ""pick blue bolt (workpiece_good_1) nearest to gripper"", ""parameters"": {""object_id"": ""workpiece_good_1""}}, {""step"": 2, ""agent"": ""AffordanceAgent"", ""skill"": ""pick"", ""reasoning"": ""move arm to grasp position above workpiece_good_1"", ""parameters"": {""distance_m"": 0.15}}, {""step"": 3, ""agent"": ""AffordanceAgent"", ""skill"": ""pick"", ""reasoning"": ""close gripper around workpiece_good_1"", ""parameters"": {}}], ""requires_approval"": false, ""ambiguity_notes"": """"}","{ ""plan_id"": ""grasp_belt_workpiece"", ""confidence"": 1.00, ""subgoals"": [ ""identify_closest_belt_workpiece"", ""move_arm_to_grasp_position"", ""close_gripper"" ], ""actions"": [ { ""step"": 1, ""agent"": ""AffordanceAgent"", ""skill"": ""pick"", ""reasoning"": ""pick blue bolt (workpiece_good_1) nearest to gripper"", ""parameters"": {""object_id"": ""workpiece_good_1""} }, { ""step"": 2, ""agent"": ""AffordanceAgent"", ""skill"": ""pick"", ""reasoning"": ""move arm to grasp position above workpiece_good_1"", ""parameters"": {""distance_m"": 0.15} }, { ""step"": 3, ""agent"": ""AffordanceAgent"", ""skill"": ""pick"", ""reasoning"": ""close gripper around workpiece_good_1"", ""parameters"": {} } ], ""requires_approval"": false, ""ambiguity_notes"": """" }"
LG_TRIAL_00398,45,P45,Cat 5: Constraint / Dynamic,Grasp the belt workpiece maintaining end-effector acceleration under 1.5 m/s^2.,Direct_LLM,42,0.7,8d83b97,2026-10-03T21:43:05.799622Z,True,False,True,True,0.6666666666666666,False,0.85,0.7,True,4279.61,"{""plan_id"": ""belt_workpiece_grasp"", ""confidence"": 0.85, ""subgoals"": [""Grasp the belt workpiece""], ""actions"": [{""step"": 1, ""agent"": ""VisionAgent"", ""skill"": ""locate"", ""parameters"": {""object_id"": ""belt_workpiece""}, ""reasoning"": ""Identify target object""}, {""step"": 2, ""agent"": ""ControlAgent"", ""skill"": ""move_to"", ""parameters"": {""target"": ""near_belt_workpiece""}, ""reasoning"": ""Move end-effector to near belt workpiece""}, {""step"": 3, ""agent"": ""SkillAgent"", ""skill"": ""grasp"", ""parameters"": {""object_id"": ""belt_workpiece""}, ""reasoning"": ""Grasp the belt workpiece with end-effector""}], ""requires_approval"": false, ""ambiguity_notes"": """"}","{
  ""plan_id"": ""belt_workpiece_grasp"",
  ""confidence"": 0.85,
  ""subgoals"": [""Grasp the belt workpiece""],
  ""actions"": [
    {
      ""step"": 1,
      ""agent"": ""VisionAgent"",
      ""skill"": ""locate"",
      ""parameters"": {""object_id"": ""belt_workpiece""},
      ""reasoning"": ""Identify target object""
    },
    {
      ""step"": 2,
      ""agent"": ""ControlAgent"",
      ""skill"": ""move_to"",
      ""parameters"": {""target"": ""near_belt_workpiece""},
      ""reasoning"": ""Move end-effector to near belt workpiece""
    },
    {
      ""step"": 3,
      ""agent"": ""SkillAgent"",
      ""skill"": ""grasp"",
      ""parameters"": {""object_id"": ""belt_workpiece""},
      ""reasoning"": ""Grasp the belt workpiece with end-effector""
    }
  ],
  ""requires_approval"": false,
  ""ambiguity_notes"": """"
}"
LG_TRIAL_00399,45,P45,Cat 5: Constraint / Dynamic,Grasp the belt workpiece maintaining end-effector acceleration under 1.5 m/s^2.,SayCan,42,0.7,8d83b97,2026-10-03T21:43:08.801196Z,True,True,False,True,0.6666666666666666,False,0.704,0.7,True,3001.35,"{""selected_primitive"": ""pick(red_housing)"", ""score"": 0.704}","{
  ""pick(blue_bolt)"": 0.0,
  ""pick(blue_cube)"": 0.4,
  ""pick(red_cylinder)"": 0.6,
  ""pick(red_housing)"": 0.8,
  ""pick(grey_bracket)"": 0.2,
  ""place(assembly_tray)"": 0.9,
  ""place(scrap_bin)"": 0.5,
  ""place(tray_pocket_1)"": 0.7,
  ""place(tray_pocket_2)"": 0.3,
  ""inspect(red_cylinder)"": 0.0,
  ""sweep(conveyor)"": 0.4,
  ""done()"": 1.0
}"
LG_TRIAL_00400,45,P45,Cat 5: Constraint / Dynamic,Grasp the belt workpiece maintaining end-effector acceleration under 1.5 m/s^2.,ARIA_Dialogue_Planning,1337,0.7,8d83b97,2026-10-03T21:43:11.979806Z,True,True,True,True,1.0,False,1.0,0.7,True,3178.42,"{""plan_id"": ""grasp_belt_workpiece"", ""confidence"": 1.0, ""subgoals"": [""locate_belt_workpiece"", ""move_to_grasping_position"", ""execute_grasping_action""], ""actions"": [{""step"": 1, ""agent"": ""AffordanceAgent"", ""skill"": ""locate"", ""reasoning"": ""Reasoner"", ""parameters"": {""object_id"": ""workpiece_good_1""}}, {""step"": 2, ""agent"": ""AffordanceAgent"", ""skill"": ""pick"", ""reasoning"": ""Reasoner"", ""parameters"": {}}], ""requires_approval"": false, ""ambiguity_notes"": """"}","{ ""plan_id"": ""grasp_belt_workpiece"", ""confidence"": 1.0, ""subgoals"": [ ""locate_belt_workpiece"", ""move_to_grasping_position"", ""execute_grasping_action"" ] , ""actions"": [ { ""step"": 1, ""agent"": ""AffordanceAgent"", ""skill"": ""locate"", ""reasoning"": ""Reasoner"", ""parameters"": {""object_id"": ""workpiece_good_1""} }, { ""step"": 2, ""agent"": ""AffordanceAgent"", ""skill"": ""pick"", ""reasoning"": ""Reasoner"", ""parameters"": {} } ] , ""requires_approval"": false, ""ambiguity_notes"": """" }"
LG_TRIAL_00401,45,P45,Cat 5: Constraint / Dynamic,Grasp the belt workpiece maintaining end-effector acceleration under 1.5 m/s^2.,Direct_LLM,1337,0.7,8d83b97,2026-10-03T21:43:15.781336Z,False,False,True,True,0.6666666666666666,False,0.95,0.7,False,3801.38,"{""plan_id"": ""belt_workpiece_grasp"", ""confidence"": 0.95, ""subgoals"": [""Grasp the belt workpiece""], ""actions"": [{""step"": 1, ""agent"": ""ControlAgent"", ""skill"": ""move_to_target"", ""parameters"": {""object_id"": ""belt_workpiece"", ""target"": ""grasping_position""}, ""reasoning"": ""Move to grasping position of the belt workpiece""}, {""step"": 2, ""agent"": ""SkillAgent"", ""skill"": ""pick"", ""parameters"": {""object_id"": ""belt_workpiece"", ""target"": ""grasping_position""}, ""reasoning"": ""Grasp the belt workpiece maintaining end-effector acceleration under 1.5 m/s^2""}], ""requires_approval"": false, ""ambiguity_notes"": """"}","{
  ""plan_id"": ""belt_workpiece_grasp"",
  ""confidence"": 0.95,
  ""subgoals"": [""Grasp the belt workpiece""],
  ""actions"": [
    {
      ""step"": 1,
      ""agent"": ""ControlAgent"",
      ""skill"": ""move_to_target"",
      ""parameters"": {""object_id"": ""belt_workpiece"", ""target"": ""grasping_position""},
      ""reasoning"": ""Move to grasping position of the belt workpiece""
    },
    {
      ""step"": 2,
      ""agent"": ""SkillAgent"",
      ""skill"": ""pick"",
      ""parameters"": {""object_id"": ""belt_workpiece"", ""target"": ""grasping_position""},
      ""reasoning"": ""Grasp the belt workpiece maintaining end-effector acceleration under 1.5 m/s^2""
    }
  ],
  ""requires_approval"": false,
  ""ambiguity_notes"": """"
}"
LG_TRIAL_00402,45,P45,Cat 5: Constraint / Dynamic,Grasp the belt workpiece maintaining end-effector acceleration under 1.5 m/s^2.,SayCan,1337,0.7,8d83b97,2026-10-03T21:43:18.704116Z,True,True,False,True,0.6666666666666666,False,0.704,0.7,True,2922.59,"{""selected_primitive"": ""pick(red_cylinder)"", ""score"": 0.704}","{
  ""pick(blue_bolt)"": 0.5,
  ""pick(blue_cube)"": 0.3,
  ""pick(red_cylinder)"": 0.8,
  ""pick(red_housing)"": 0.4,
  ""pick(grey_bracket)"": 0.2,
  ""place(assembly_tray)"": 0.1,
  ""place(scrap_bin)"": 0.6,
  ""place(tray_pocket_1)"": 0.9,
  ""place(tray_pocket_2)"": 0.7,
  ""inspect(red_cylinder)"": 0.5,
  ""sweep(conveyor)"": 0.4,
  ""done()"": 0.0
}"
LG_TRIAL_00403,45,P45,Cat 5: Constraint / Dynamic,Grasp the belt workpiece maintaining end-effector acceleration under 1.5 m/s^2.,ARIA_Dialogue_Planning,2026,0.7,8d83b97,2026-10-03T21:43:23.716424Z,True,False,True,True,0.6666666666666666,False,1.0,0.7,True,5012.11,"{""plan_id"": ""belt_workpiece_grasp"", ""confidence"": 1.0, ""subgoals"": [""locate belt workpiece""], ""actions"": [{""step"": 1, ""agent"": ""AffordanceAgent"", ""skill"": ""locate"", ""reasoning"": ""Locate the belt workpiece in the workcell to enable grasping."", ""parameters"": {""object_id"": ""workpiece_good_1"", ""distance_m"": 0.2}}, {""step"": 2, ""agent"": ""AffordanceAgent"", ""skill"": ""pick"", ""reasoning"": ""Grasp the belt workpiece."", ""parameters"": {}}, {""step"": 3, ""agent"": ""ControlAgent"", ""skill"": ""sweep"", ""reasoning"": ""Maintain end-effector acceleration under 1.5 m/s^2 during grasping."", ""parameters"": {}}], ""requires_approval"": false, ""ambiguity_notes"": """"}","{

    ""plan_id"": ""belt_workpiece_grasp"",
    ""confidence"": 1.00,
    ""subgoals"": [
        ""locate belt workpiece""
    ],
    ""actions"": [
        {
            ""step"": 1,
            ""agent"": ""AffordanceAgent"",
            ""skill"": ""locate"",
            ""reasoning"": ""Locate the belt workpiece in the workcell to enable grasping."",
            ""parameters"": {
                ""object_id"": ""workpiece_good_1"" ,

            ""distance_m"": 0.2
            }
        },
        {
            ""step"": 2,
            ""agent"": ""AffordanceAgent"",
            ""skill"": ""pick"",
            ""reasoning"": ""Grasp the belt workpiece."",
            ""parameters"": {

            }
        },
        {
            ""step"": 3,
            ""agent"": ""ControlAgent"",
            ""skill"": ""sweep"",
            ""reasoning"": ""Maintain end-effector acceleration under 1.5 m/s^2 during grasping."",
            ""parameters"": {

            }

        }
    ],
    ""requires_approval"": false
    ,
    ""ambiguity_notes"": """"

}"
LG_TRIAL_00404,45,P45,Cat 5: Constraint / Dynamic,Grasp the belt workpiece maintaining end-effector acceleration under 1.5 m/s^2.,Direct_LLM,2026,0.7,8d83b97,2026-10-03T21:43:25.583476Z,True,True,True,False,0.6666666666666666,False,0.95,0.7,True,1866.79,"{""plan_id"": ""belt_workpiece_grasp"", ""confidence"": 0.95, ""subgoals"": [""Grasp belt workpiece""], ""actions"": [{""step"": 1, ""agent"": ""SkillAgent"", ""skill"": ""pick"", ""parameters"": {""object_id"": ""belt_workpiece"", ""target"": ""grasping_point""}, ""reasoning"": ""Maintain end-effector acceleration under 1.5 m/s^2 by reducing pick speed""}], ""requires_approval"": false, ""ambiguity_notes"": """"}","{""plan_id"":""belt_workpiece_grasp"",""confidence"":0.95,""subgoals"":[""Grasp belt workpiece""],""actions"":[{""step"":1,""agent"":""SkillAgent"",""skill"":""pick"",""parameters"":{""object_id"":""belt_workpiece"",""target"":""grasping_point""},""reasoning"":""Maintain end-effector acceleration under 1.5 m/s^2 by reducing pick speed""}],""requires_approval"":false,""ambiguity_notes"":""""}"
LG_TRIAL_00405,45,P45,Cat 5: Constraint / Dynamic,Grasp the belt workpiece maintaining end-effector acceleration under 1.5 m/s^2.,SayCan,2026,0.7,8d83b97,2026-10-03T21:43:28.474773Z,True,True,False,True,0.6666666666666666,False,0.264,0.7,True,2891.06,"{""selected_primitive"": ""pick(red_housing)"", ""score"": 0.264}","{
  ""pick(blue_bolt)"": 0.1,
  ""pick(blue_cube)"": 0.15,
  ""pick(red_cylinder)"": 0.25,
  ""pick(red_housing)"": 0.3,
  ""pick(grey_bracket)"": 0.2,
  ""place(assembly_tray)"": 0.05,
  ""place(scrap_bin)"": 0.1,
  ""place(tray_pocket_1)"": 0.12,
  ""place(tray_pocket_2)"": 0.18,
  ""inspect(red_cylinder)"": 0.22,
  ""sweep(conveyor)"": 0.08,
  ""done()"": 0
}"
LG_TRIAL_00406,46,P46,Cat 5: Constraint / Dynamic,Pick the conveyor part within a 1.4 second rendezvous execution window.,ARIA_Dialogue_Planning,42,0.7,8d83b97,2026-10-03T21:43:32.120050Z,True,False,True,True,0.6666666666666666,False,1.0,0.7,True,3643.87,"{""plan_id"": ""pick_conveyor_part"", ""confidence"": 1.0, ""subgoals"": [""move_arm_to_workcell"", ""select_conveyor_part"", ""place_part_in_tray""], ""actions"": [{""step"": 1, ""agent"": ""AffordanceAgent"", ""skill"": ""pick"", ""reasoning"": ""The workpiece to be picked is the grey_bracket."", ""parameters"": {""object_id"": ""grey_bracket""}}, {""step"": 2, ""agent"": ""AffordanceAgent"", ""skill"": ""place"", ""reasoning"": ""Place the part on a tray."", ""parameters"": {""object_id"": ""grey_bracket""}}], ""requires_approval"": false, ""ambiguity_notes"": """"}","{ ""plan_id"": ""pick_conveyor_part"", ""confidence"": 1.0, ""subgoals"":
[
    ""move_arm_to_workcell"",
    ""select_conveyor_part"",
    ""place_part_in_tray""
]
, ""actions"":
[
    {""step"": 1, ""agent"": ""AffordanceAgent"", ""skill"": ""pick"", ""reasoning"": ""The workpiece to be picked is the grey_bracket."", ""parameters"": {""object_id"": ""grey_bracket""}},
    {""step"": 2, ""agent"": ""AffordanceAgent"", ""skill"": ""place"", ""reasoning"": ""Place the part on a tray."", ""parameters"": {""object_id"": ""grey_bracket""}}
]
, ""requires_approval"": false
, ""ambiguity_notes"": """"
}"
LG_TRIAL_00407,46,P46,Cat 5: Constraint / Dynamic,Pick the conveyor part within a 1.4 second rendezvous execution window.,Direct_LLM,42,0.7,8d83b97,2026-10-03T21:43:36.204112Z,True,False,True,False,0.3333333333333333,False,0.85,0.7,False,4083.85,"{""plan_id"": ""conveyor_part_pick"", ""confidence"": 0.85, ""subgoals"": [""pick_conveyor_part""], ""actions"": [{""step"": 1, ""agent"": ""VisionAgent"", ""skill"": ""locate"", ""parameters"": {""object_id"": ""part_on_conveyor"", ""target"": ""x:10,y:20""}, ""reasoning"": ""Identify part on conveyor within 1.4 seconds""}, {""step"": 2, ""agent"": ""SkillAgent"", ""skill"": ""pick"", ""parameters"": {""object_id"": ""part_on_conveyor"", ""target"": ""gripper""}, ""reasoning"": ""Pick part from conveyor within 1.4 seconds""}], ""requires_approval"": false, ""ambiguity_notes"": """"}","{
  ""plan_id"": ""conveyor_part_pick"",
  ""confidence"": 0.85,
  ""subgoals"": [""pick_conveyor_part""],
  ""actions"": [
    {
      ""step"": 1,
      ""agent"": ""VisionAgent"",
      ""skill"": ""locate"",
      ""parameters"": {""object_id"": ""part_on_conveyor"", ""target"": ""x:10,y:20""},
      ""reasoning"": ""Identify part on conveyor within 1.4 seconds""
    },
    {
      ""step"": 2,
      ""agent"": ""SkillAgent"",
      ""skill"": ""pick"",
      ""parameters"": {""object_id"": ""part_on_conveyor"", ""target"": ""gripper""},
      ""reasoning"": ""Pick part from conveyor within 1.4 seconds""
    }
  ],
  ""requires_approval"": false,
  ""ambiguity_notes"": """"
}"
LG_TRIAL_00408,46,P46,Cat 5: Constraint / Dynamic,Pick the conveyor part within a 1.4 second rendezvous execution window.,SayCan,42,0.7,8d83b97,2026-10-03T21:43:39.887699Z,True,True,False,True,0.6666666666666666,False,0.792,0.7,True,3683.36,"{""selected_primitive"": ""pick(red_housing)"", ""score"": 0.792}","{  
   ""pick(blue_bolt)"": 0.4, 
   ""pick(blue_cube)"": 0.7, 
   ""pick(red_cylinder)"": 0.3, 
   ""pick(red_housing)"": 0.9, 
   ""pick(grey_bracket)"": 0.6, 
   ""place(assembly_tray)"": 0.2, 
   ""place(scrap_bin)"": 0.1, 
   ""place(tray_pocket_1)"": 0.5, 
   ""place(tray_pocket_2)"": 0.8, 
   ""inspect(red_cylinder)"": 0.4, 
   ""sweep(conveyor)"": 0.9, 
   ""done()"": 0
}"
LG_TRIAL_00409,46,P46,Cat 5: Constraint / Dynamic,Pick the conveyor part within a 1.4 second rendezvous execution window.,ARIA_Dialogue_Planning,1337,0.7,8d83b97,2026-10-03T21:43:42.398361Z,True,True,True,True,1.0,False,1.0,0.7,True,2510.49,"{""plan_id"": ""pick_conveyor_part"", ""confidence"": 1.0, ""subgoals"": [""find_conveyor_part""], ""actions"": [{""step"": 1, ""agent"": ""AffordanceAgent"", ""skill"": ""pick"", ""reasoning"": ""pick the grey_bracket on the conveyor within a 1.4 second rendezvous execution window.""}], ""requires_approval"": false, ""ambiguity_notes"": """"}","{ ""plan_id"": ""pick_conveyor_part"", ""confidence"": 1.0, ""subgoals"": [ ""find_conveyor_part"" ], ""actions"": [ { ""step"": 1, ""agent"": ""AffordanceAgent"", ""skill"": ""pick"", ""reasoning"": ""pick the grey_bracket on the conveyor within a 1.4 second rendezvous execution window."" } ] , ""requires_approval"": false, ""ambiguity_notes"": """" }

    				   					"
LG_TRIAL_00410,46,P46,Cat 5: Constraint / Dynamic,Pick the conveyor part within a 1.4 second rendezvous execution window.,Direct_LLM,1337,0.7,8d83b97,2026-10-03T21:43:46.216673Z,True,False,True,False,0.3333333333333333,False,0.95,0.7,False,3818.13,"{""plan_id"": ""conveyor_part_pick_001"", ""confidence"": 0.95, ""subgoals"": [""Pick conveyor part""], ""actions"": [{""step"": 1, ""agent"": ""VisionAgent"", ""skill"": ""locate"", ""parameters"": {""object_id"": ""conveyor_part_001"", ""target"": ""camera_view""}, ""reasoning"": ""Identify conveyor part location""}, {""step"": 2, ""agent"": ""ControlAgent"", ""skill"": ""pick"", ""parameters"": {""object_id"": ""conveyor_part_001"", ""target"": ""end_effector_gripper""}, ""reasoning"": ""Extend gripper to grasp conveyor part""}], ""requires_approval"": false, ""ambiguity_notes"": """"}","{
  ""plan_id"": ""conveyor_part_pick_001"",
  ""confidence"": 0.95,
  ""subgoals"": [""Pick conveyor part""],
  ""actions"": [
    {
      ""step"": 1,
      ""agent"": ""VisionAgent"",
      ""skill"": ""locate"",
      ""parameters"": {""object_id"": ""conveyor_part_001"", ""target"": ""camera_view""},
      ""reasoning"": ""Identify conveyor part location""
    },
    {
      ""step"": 2,
      ""agent"": ""ControlAgent"",
      ""skill"": ""pick"",
      ""parameters"": {""object_id"": ""conveyor_part_001"", ""target"": ""end_effector_gripper""},
      ""reasoning"": ""Extend gripper to grasp conveyor part""
    }
  ],
  ""requires_approval"": false,
  ""ambiguity_notes"": """"
}"
LG_TRIAL_00411,46,P46,Cat 5: Constraint / Dynamic,Pick the conveyor part within a 1.4 second rendezvous execution window.,SayCan,1337,0.7,8d83b97,2026-10-03T21:43:49.414181Z,True,True,False,True,0.6666666666666666,False,0.792,0.7,True,3197.35,"{""selected_primitive"": ""pick(red_cylinder)"", ""score"": 0.792}","{
  ""pick(blue_bolt)"": 0.4,
  ""pick(blue_cube)"": 0.3,
  ""pick(red_cylinder)"": 0.9,
  ""pick(red_housing)"": 0.8,
  ""pick(grey_bracket)"": 0.2,
  ""place(assembly_tray)"": 0.1,
  ""place(scrap_bin)"": 0.05,
  ""place(tray_pocket_1)"": 0.02,
  ""place(tray_pocket_2)"": 0.01,
  ""inspect(red_cylinder)"": 0.6,
  ""sweep(conveyor)"": 0.4,
  ""done()"": 0
}"
LG_TRIAL_00412,46,P46,Cat 5: Constraint / Dynamic,Pick the conveyor part within a 1.4 second rendezvous execution window.,ARIA_Dialogue_Planning,2026,0.7,8d83b97,2026-10-03T21:43:55.329751Z,True,False,True,True,0.6666666666666666,False,1.0,0.7,True,5915.38,"{""plan_id"": ""PickConveyorPart"", ""confidence"": 1.0, ""subgoals"": [""IdentifyConveyorPart""], ""actions"": [{""step"": 1, ""agent"": ""AffordanceAgent"", ""skill"": ""pick"", ""reasoning"": ""Select the object on the conveyor belt that matches the instruction"", ""parameters"": {""object_id"": ""grey_bracket""}}, {""step"": 2, ""agent"": ""AffordanceAgent"", ""skill"": ""pick"", ""reasoning"": ""Execute a precise pick of the selected object within the 1.4 second window"", ""parameters"": {}}, {""step"": 3, ""agent"": ""AffordanceAgent"", ""skill"": ""place"", ""reasoning"": ""Place the picked conveyor part on its destination, which is not specified in this instruction."", ""parameters"": {}}], ""requires_approval"": false, ""ambiguity_notes"": """"}","{

    ""plan_id"": ""PickConveyorPart"",
    ""confidence"": 1.0,
    ""subgoals"": [
        ""IdentifyConveyorPart""
    ],
    ""actions"": [
        {
            ""step"": 1,
            ""agent"": ""AffordanceAgent"",
            ""skill"": ""pick"",
            ""reasoning"": ""Select the object on the conveyor belt that matches the instruction"",
            ""parameters"": {
                ""object_id"": ""grey_bracket""
            }
        },
        {
            ""step"": 2,
            ""agent"": ""AffordanceAgent"",
            ""skill"": ""pick"",
            ""reasoning"": ""Execute a precise pick of the selected object within the 1.4 second window"",
            ""parameters"": {}
        },
        {
            ""step"": 3,
            ""agent"": ""AffordanceAgent"",
            ""skill"": ""place"",
            ""reasoning"": ""Place the picked conveyor part on its destination, which is not specified in this instruction."",
            ""parameters"": {}
        }
    ],
    ""requires_approval"": false,
    ""ambiguity_notes"": """"
}"
LG_TRIAL_00413,46,P46,Cat 5: Constraint / Dynamic,Pick the conveyor part within a 1.4 second rendezvous execution window.,Direct_LLM,2026,0.7,8d83b97,2026-10-03T21:43:57.051378Z,True,False,True,False,0.3333333333333333,False,0.85,0.7,False,1720.12,"{""plan_id"": ""conveyor_part_pick_001"", ""confidence"": 0.85, ""subgoals"": [""pick_conveyor_part""], ""actions"": [{""step"": 1, ""agent"": ""VisionAgent"", ""skill"": ""locate"", ""parameters"": {""object_id"": ""conveyor_part"", ""target"": ""camera_view""}, ""reasoning"": ""Identify conveyor part location""}], ""requires_approval"": false, ""ambiguity_notes"": """"}","{""plan_id"":""conveyor_part_pick_001"",""confidence"":0.85,""subgoals"":[""pick_conveyor_part""],""actions"":[{""step"":1,""agent"":""VisionAgent"",""skill"":""locate"",""parameters"":{""object_id"":""conveyor_part"",""target"":""camera_view""},""reasoning"":""Identify conveyor part location""}],""requires_approval"":false,""ambiguity_notes"":""""}"
LG_TRIAL_00414,46,P46,Cat 5: Constraint / Dynamic,Pick the conveyor part within a 1.4 second rendezvous execution window.,SayCan,2026,0.7,8d83b97,2026-10-03T21:43:59.827592Z,True,False,False,True,0.3333333333333333,False,0.738,0.7,False,2776.01,"{""selected_primitive"": ""inspect(red_cylinder)"", ""score"": 0.738}","{""pick(blue_bolt)"": 0.2, ""pick(blue_cube)"": 0.5, ""pick(red_cylinder)"": 0.8, ""pick(red_housing)"": 0.3, ""pick(grey_bracket)"": 0.6, ""place(assembly_tray)"": 0.1, ""place(scrap_bin)"": 0.4, ""place(tray_pocket_1)"": 0.2, ""place(tray_pocket_2)"": 0.7, ""inspect(red_cylinder)"": 0.9, ""sweep(conveyor)"": 0.6, ""done()"": 0.0}"
LG_TRIAL_00415,47,P47,Cat 5: Constraint / Dynamic,Intercept and sort the blue item moving at 0.10 m/s into tray pocket 4.,ARIA_Dialogue_Planning,42,0.7,8d83b97,2026-10-03T21:44:04.684541Z,True,False,False,True,0.3333333333333333,False,1.0,0.7,False,4856.64,"{""plan_id"": ""sort_blue_item"", ""confidence"": 1.0, ""subgoals"": [""locate blue item"", ""intercept blue item"", ""sort into tray pocket 4""], ""actions"": [{""step"": 1, ""agent"": ""AffordanceAgent"", ""skill"": ""pick"", ""reasoning"": ""Select the closest available gripper to pick up workpiece_good_1."", ""parameters"": {""object_id"": ""workpiece_good_1""}}, {""step"": 2, ""agent"": ""AffordanceAgent"", ""skill"": ""place"", ""reasoning"": ""Move to tray pocket 4 and release the workpiece into it."", ""parameters"": {""object_id"": ""workpiece_good_1"", ""target"": ""tray_pocket_4""}}, {""step"": 3, ""agent"": ""AffordanceAgent"", ""skill"": ""pick"", ""reasoning"": ""Select a gripper to pick up the next blue item."", ""parameters"": {""object_id"": ""workpiece_good_2""}}], ""requires_approval"": false, ""ambiguity_notes"": """"}","{ ""plan_id"": ""sort_blue_item"", ""confidence"": 1.00, ""subgoals"": [ ""locate blue item"", ""intercept blue item"", ""sort into tray pocket 4"" ], ""actions"": [ { ""step"": 1, ""agent"": ""AffordanceAgent"", ""skill"": ""pick"", ""reasoning"": ""Select the closest available gripper to pick up workpiece_good_1."", ""parameters"": {""object_id"": ""workpiece_good_1""} }, { ""step"": 2, ""agent"": ""AffordanceAgent"", ""skill"": ""place"", ""reasoning"": ""Move to tray pocket 4 and release the workpiece into it."", ""parameters"": {""object_id"": ""workpiece_good_1"", ""target"": ""tray_pocket_4""} }, { ""step"": 3, ""agent"": ""AffordanceAgent"", ""skill"": ""pick"", ""reasoning"": ""Select a gripper to pick up the next blue item."", ""parameters"": {""object_id"": ""workpiece_good_2""} } ], ""requires_approval"": false, ""ambiguity_notes"": """" }"
LG_TRIAL_00416,47,P47,Cat 5: Constraint / Dynamic,Intercept and sort the blue item moving at 0.10 m/s into tray pocket 4.,Direct_LLM,42,0.7,8d83b97,2026-10-03T21:44:10.323475Z,False,False,True,True,0.6666666666666666,False,0.7,0.7,False,5638.75,{},"{
  ""plan_id"": ""intercept_and_sort_blue_item"",
  ""confidence"": 0.85,
  ""subgoals"": [""Intercept blue item"", ""Sort blue item into tray pocket 4""],
  ""actions"": [
    {
      ""step"": 1,
      ""agent"": ""VisionAgent"",
      ""skill"": ""inspect"",
      ""parameters"": {""object_id"": ""blue_item""},
      ""reasoning"": ""To identify the blue item and its trajectory""
    },
    {
      ""step"": 2,
      ""agent"": ""ControlAgent"",
      ""skill"": ""move_arm"",
      ""parameters"": {""target"": ""tray_pocket_4""},
      ""reasoning"": ""Move arm to position for intercept""
    },
    {
      ""step"": 3,
      ""agent"": ""ControlAgent"",
      ""skill"": ""pick"",
      ""parameters"": {""object_id"": ""blue_item"", ""target"": ""hand""},
      ""reasoning"": ""Pick up blue item from its current location""
    },
    {
      ""step"": 4,
      ""agent"": ""ControlAgent"",
      ""skill"": ""move_arm"",
      ""parameters"": {""target"": ""tray_pocket_4""},
      ""reasoning"": ""Move arm to position for sorting""
    },
    {
      ""step"": 5,
      ""agent"": ""ControlAgent"",
      ""skill"": ""place"",
      ""parameters"": {"""
LG_TRIAL_00417,47,P47,Cat 5: Constraint / Dynamic,Intercept and sort the blue item moving at 0.10 m/s into tray pocket 4.,SayCan,42,0.7,8d83b97,2026-10-03T21:44:13.874900Z,True,False,True,True,0.6666666666666666,False,0.264,0.7,True,3551.25,"{""selected_primitive"": ""pick(blue_cube)"", ""score"": 0.264}","{
  ""pick(blue_bolt)"": 0.05,
  ""pick(blue_cube)"": 0.3,
  ""pick(red_cylinder)"": 0.01,
  ""pick(red_housing)"": 0.01,
  ""pick(grey_bracket)"": 0.01,
  ""place(assembly_tray)"": 0.1,
  ""place(scrap_bin)"": 0.05,
  ""place(tray_pocket_1)"": 0.2,
  ""place(tray_pocket_2)"": 0.1,
  ""place(tray_pocket_3)"": 0.02,
  ""place(tray_pocket_4)"": 0.8, 
  ""inspect(red_cylinder)"": 0.01,
  ""sweep(conveyor)"": 0.05,
  ""done()"": 0.1
}"
LG_TRIAL_00418,47,P47,Cat 5: Constraint / Dynamic,Intercept and sort the blue item moving at 0.10 m/s into tray pocket 4.,ARIA_Dialogue_Planning,1337,0.7,8d83b97,2026-10-03T21:44:18.765026Z,True,True,False,True,0.6666666666666666,False,1.0,0.7,True,4889.93,"{""plan_id"": ""intercept_and_sort_blue_item"", ""confidence"": 1.0, ""subgoals"": [""locate_workpiece_good_1""], ""actions"": [{""step"": 1, ""agent"": ""AffordanceAgent"", ""skill"": ""pick"", ""reasoning"": ""To intercept the blue item, it needs to be picked up."", ""parameters"": {""object_id"": ""workpiece_good_1"", ""direction"": ""up""}}, {""step"": 2, ""agent"": ""AffordanceAgent"", ""skill"": ""place"", ""reasoning"": ""The picked-up workpiece_good_1 needs to be placed in tray pocket 4."", ""parameters"": {""object_id"": ""workpiece_good_1"", ""direction"": ""down"", ""distance_m"": 0.2}}, {""step"": 3, ""agent"": ""AffordanceAgent"", ""skill"": ""sort"", ""reasoning"": ""After placing workpiece_good_1 in tray pocket 4, it can be considered sorted."", ""parameters"": {""object_id"": ""workpiece_good_1""}}], ""requires_approval"": false, ""ambiguity_notes"": """"}","{ ""plan_id"": ""intercept_and_sort_blue_item"", ""confidence"": 1.00, ""subgoals"": [ ""locate_workpiece_good_1"" ], ""actions"": [ { ""step"": 1, ""agent"": ""AffordanceAgent"", ""skill"": ""pick"", ""reasoning"": ""To intercept the blue item, it needs to be picked up."", ""parameters"": {""object_id"": ""workpiece_good_1"", ""direction"": ""up""} }, { ""step"": 2, ""agent"": ""AffordanceAgent"", ""skill"": ""place"", ""reasoning"": ""The picked-up workpiece_good_1 needs to be placed in tray pocket 4."", ""parameters"": {""object_id"": ""workpiece_good_1"", ""direction"": ""down"", ""distance_m"": 0.2} }, { ""step"": 3, ""agent"": ""AffordanceAgent"", ""skill"": ""sort"", ""reasoning"": ""After placing workpiece_good_1 in tray pocket 4, it can be considered sorted."", ""parameters"": {""object_id"": ""workpiece_good_1""} } ], ""requires_approval"": false, ""ambiguity_notes"": """" }"
LG_TRIAL_00419,47,P47,Cat 5: Constraint / Dynamic,Intercept and sort the blue item moving at 0.10 m/s into tray pocket 4.,Direct_LLM,1337,0.7,8d83b97,2026-10-03T21:44:23.337623Z,True,False,True,True,0.6666666666666666,False,0.95,0.7,True,4572.42,"{""plan_id"": ""intercept_and_sort_blue_item"", ""confidence"": 0.95, ""subgoals"": [""Intercept blue item"", ""Sort into tray pocket 4""], ""actions"": [{""step"": 1, ""agent"": ""VisionAgent"", ""skill"": ""locate"", ""parameters"": {""object_id"": ""blue_item""}, ""reasoning"": ""Identify location of blue item""}, {""step"": 2, ""agent"": ""ControlAgent"", ""skill"": ""pick"", ""parameters"": {""object_id"": ""blue_item"", ""target"": ""tray_pocket_4""}, ""reasoning"": ""Move to intercept and pick up blue item""}, {""step"": 3, ""agent"": ""SkillAgent"", ""skill"": ""sort"", ""parameters"": {""object_id"": ""blue_item"", ""target"": ""tray_pocket_4""}, ""reasoning"": ""Place blue item in tray pocket 4""}], ""requires_approval"": false, ""ambiguity_notes"": """"}","{
  ""plan_id"": ""intercept_and_sort_blue_item"",
  ""confidence"": 0.95,
  ""subgoals"": [""Intercept blue item"", ""Sort into tray pocket 4""],
  ""actions"": [
    {
      ""step"": 1,
      ""agent"": ""VisionAgent"",
      ""skill"": ""locate"",
      ""parameters"": {""object_id"": ""blue_item""},
      ""reasoning"": ""Identify location of blue item""
    },
    {
      ""step"": 2,
      ""agent"": ""ControlAgent"",
      ""skill"": ""pick"",
      ""parameters"": {""object_id"": ""blue_item"", ""target"": ""tray_pocket_4""},
      ""reasoning"": ""Move to intercept and pick up blue item""
    },
    {
      ""step"": 3,
      ""agent"": ""SkillAgent"",
      ""skill"": ""sort"",
      ""parameters"": {""object_id"": ""blue_item"", ""target"": ""tray_pocket_4""},
      ""reasoning"": ""Place blue item in tray pocket 4""
    }
  ],
  ""requires_approval"": false,
  ""ambiguity_notes"": """"
}"
LG_TRIAL_00420,47,P47,Cat 5: Constraint / Dynamic,Intercept and sort the blue item moving at 0.10 m/s into tray pocket 4.,SayCan,1337,0.7,8d83b97,2026-10-03T21:44:26.562758Z,True,False,True,True,0.6666666666666666,False,0.704,0.7,True,3224.92,"{""selected_primitive"": ""pick(blue_cube)"", ""score"": 0.704}","{
  ""pick(blue_bolt)"": 0.0,
  ""pick(blue_cube)"": 0.8,
  ""pick(red_cylinder)"": 0.0,
  ""pick(red_housing)"": 0.0,
  ""pick(grey_bracket)"": 0.0,
  ""place(assembly_tray)"": 0.0,
  ""place(scrap_bin)"": 0.0,
  ""place(tray_pocket_1)"": 0.0,
  ""place(tray_pocket_2)"": 0.0,
  ""place(tray_pocket_4)"": 0.9, 
  ""inspect(red_cylinder)"": 0.0,
  ""sweep(conveyor)"": 0.0,
  ""done()"": 0.0
}"
LG_TRIAL_00421,47,P47,Cat 5: Constraint / Dynamic,Intercept and sort the blue item moving at 0.10 m/s into tray pocket 4.,ARIA_Dialogue_Planning,2026,0.7,8d83b97,2026-10-03T21:44:31.989552Z,True,False,False,True,0.3333333333333333,False,1.0,0.7,False,5426.53,"{""plan_id"": ""Intercept_and_Sort_Blue_Item"", ""confidence"": 1.0, ""subgoals"": [""Locate blue item in workcell"", ""Navigate to tray pocket 4"", ""Deposit blue item into tray pocket 4""], ""actions"": [{""step"": 1, ""agent"": ""AffordanceAgent"", ""skill"": ""locate"", ""reasoning"": ""Identify and track the blue workpiece_good_1 in the workcell."", ""parameters"": {""object_id"": ""workpiece_good_1""}}, {""step"": 2, ""agent"": ""AffordanceAgent"", ""skill"": ""pick"", ""reasoning"": ""Intercept and grasp the blue workpiece_good_1 in its current location."", ""parameters"": {}}, {""step"": 3, ""agent"": ""AffordanceAgent"", ""skill"": ""place"", ""reasoning"": ""Deposite the blue workpiece_good_1 into tray pocket 4."", ""parameters"": {""object_id"": ""workpiece_good_1"", ""target"": ""tray_pocket_4""}}], ""requires_approval"": false, ""ambiguity_notes"": """"}","{

    ""plan_id"": ""Intercept_and_Sort_Blue_Item"",
    ""confidence"": 1.00,
    ""subgoals"": [
        ""Locate blue item in workcell"",
        ""Navigate to tray pocket 4"",
        ""Deposit blue item into tray pocket 4""
    ],
    ""actions"": [
        {
            ""step"": 1,
            ""agent"": ""AffordanceAgent"",
            ""skill"": ""locate"",
            ""reasoning"": ""Identify and track the blue workpiece_good_1 in the workcell."",
            ""parameters"": {""object_id"": ""workpiece_good_1""}
        },
        {
            ""step"": 2,
            ""agent"": ""AffordanceAgent"",
            ""skill"": ""pick"",
            ""reasoning"": ""Intercept and grasp the blue workpiece_good_1 in its current location."",
            ""parameters"": {}
        },
        {
            ""step"": 3,
            ""agent"": ""AffordanceAgent"",
            ""skill"": ""place"",
            ""reasoning"": ""Deposite the blue workpiece_good_1 into tray pocket 4."",
            ""parameters"": {""object_id"": ""workpiece_good_1"", ""target"": ""tray_pocket_4""}
        }
    ],
    ""requires_approval"": false,
    ""ambiguity_notes"": """"
}"
LG_TRIAL_00422,47,P47,Cat 5: Constraint / Dynamic,Intercept and sort the blue item moving at 0.10 m/s into tray pocket 4.,Direct_LLM,2026,0.7,8d83b97,2026-10-03T21:44:33.662817Z,True,False,True,True,0.6666666666666666,False,0.95,0.7,True,1673.1,"{""plan_id"": ""blue_item_sorting"", ""confidence"": 0.95, ""subgoals"": [""Intercept blue item"", ""Sort blue item""], ""actions"": [{""step"": 1, ""agent"": ""VisionAgent"", ""skill"": ""locate"", ""parameters"": {""object_id"": ""blue_item"", ""target"": ""tray_pocket_4""}, ""reasoning"": ""Identify target object""}], ""requires_approval"": false, ""ambiguity_notes"": """"}","{""plan_id"":""blue_item_sorting"",""confidence"":0.95,""subgoals"":[""Intercept blue item"",""Sort blue item""],""actions"":[{""step"":1,""agent"":""VisionAgent"",""skill"":""locate"",""parameters"":{""object_id"":""blue_item"",""target"":""tray_pocket_4""},""reasoning"":""Identify target object""}],""requires_approval"":false,""ambiguity_notes"":""""}"
LG_TRIAL_00423,47,P47,Cat 5: Constraint / Dynamic,Intercept and sort the blue item moving at 0.10 m/s into tray pocket 4.,SayCan,2026,0.7,8d83b97,2026-10-03T21:44:37.675821Z,True,False,True,True,0.6666666666666666,False,0.088,0.7,True,4012.8,"{""selected_primitive"": ""pick(blue_bolt)"", ""score"": 0.088}","{
  ""pick(blue_bolt)"": 0.5,
  ""pick(blue_cube)"": 0.8,
  ""pick(red_cylinder)"": 0.1,
  ""pick(red_housing)"": 0.1,
  ""pick(grey_bracket)"": 0.0,
  ""place(assembly_tray)"": 0.2,
  ""place(scrap_bin)"": 0.1,
  ""place(tray_pocket_1)"": 0.0,
  ""place(tray_pocket_2)"": 0.0,
  ""place(tray_pocket_4)"": 0.9, 	""# Added this primitive to match the instruction's tray pocket number (4). It was missing in the original list of primitives. If you want to leave it out, just remove the added line and adjust scores accordingly for other primitives, e.g., place(tray_pocket_3) should have a score of 0."
LG_TRIAL_00424,48,P48,Cat 5: Constraint / Dynamic,Execute dynamic rendezvous on the workpiece without tipping adjacent parts.,ARIA_Dialogue_Planning,42,0.7,8d83b97,2026-10-03T21:44:42.308661Z,True,False,True,True,0.6666666666666666,False,1.0,0.7,True,4632.58,"{""plan_id"": ""dynamic_rendezvous"", ""confidence"": 1.0, ""subgoals"": [""move_workpiece_good_1_to_workcell_center"", ""perform_dynamic_rendezvous_on_workpiece_good_1"", ""reposition_adjacent_parts""], ""actions"": [{""step"": 1, ""agent"": ""AffordanceAgent"", ""skill"": ""pick"", ""reasoning"": ""Select workpiece_good_1 for dynamic rendezvous."", ""parameters"": {""object_id"": ""workpiece_good_1""}}, {""step"": 2, ""agent"": ""AffordanceAgent"", ""skill"": ""place"", ""reasoning"": ""Perform dynamic rendezvous on workpiece_good_1."", ""parameters"": {""object_id"": ""workpiece_good_1""}}, {""step"": 3, ""agent"": ""AffordanceAgent"", ""skill"": ""push"", ""reasoning"": ""Reposition adjacent parts without tipping them."", ""parameters"": {""object_id"": ""grey_bracket""}}], ""requires_approval"": false, ""ambiguity_notes"": """"}","{ ""plan_id"": ""dynamic_rendezvous"", ""confidence"": 1.0, ""subgoals"":
[ ""move_workpiece_good_1_to_workcell_center"", ""perform_dynamic_rendezvous_on_workpiece_good_1"", ""reposition_adjacent_parts"" ],
""actions"": [ { ""step"": 1, ""agent"": ""AffordanceAgent"", ""skill"": ""pick"", ""reasoning"": ""Select workpiece_good_1 for dynamic rendezvous."", ""parameters"": {""object_id"": ""workpiece_good_1""} }, { ""step"": 2, ""agent"": ""AffordanceAgent"", ""skill"": ""place"", ""reasoning"": ""Perform dynamic rendezvous on workpiece_good_1."", ""parameters"": {""object_id"": ""workpiece_good_1""} }, { ""step"": 3, ""agent"": ""AffordanceAgent"", ""skill"": ""push"", ""reasoning"": ""Reposition adjacent parts without tipping them."", ""parameters"": {""object_id"": ""grey_bracket""}} ],
""requires_approval"": false,
""ambiguity_notes"": """"}"
LG_TRIAL_00425,48,P48,Cat 5: Constraint / Dynamic,Execute dynamic rendezvous on the workpiece without tipping adjacent parts.,Direct_LLM,42,0.7,8d83b97,2026-10-03T21:44:46.804921Z,True,True,True,False,0.6666666666666666,False,0.85,0.7,True,4496.03,"{""plan_id"": ""DynamicRendezvousPlan"", ""confidence"": 0.85, ""subgoals"": [""Execute dynamic rendezvous on workpiece""], ""actions"": [{""step"": 1, ""agent"": ""ControlAgent"", ""skill"": ""pick"", ""parameters"": {""object_id"": ""WorkpieceID"", ""target"": ""Workspace""}, ""reasoning"": ""Select closest part to tip""}, {""step"": 2, ""agent"": ""VisionAgent"", ""skill"": ""inspect"", ""parameters"": {""object_id"": ""AdjacencyObjectID""}, ""reasoning"": ""Verify clearance for adjacent parts""}, {""step"": 3, ""agent"": ""ControlAgent"", ""skill"": ""place"", ""parameters"": {""object_id"": ""WorkpieceID"", ""target"": ""Workspace""}, ""reasoning"": ""Place workpiece without tipping adjacent parts""}], ""requires_approval"": false, ""ambiguity_notes"": """"}","{
  ""plan_id"": ""DynamicRendezvousPlan"",
  ""confidence"": 0.85,
  ""subgoals"": [""Execute dynamic rendezvous on workpiece""],
  ""actions"": [
    {
      ""step"": 1,
      ""agent"": ""ControlAgent"",
      ""skill"": ""pick"",
      ""parameters"": {""object_id"": ""WorkpieceID"", ""target"": ""Workspace""},
      ""reasoning"": ""Select closest part to tip""
    },
    {
      ""step"": 2,
      ""agent"": ""VisionAgent"",
      ""skill"": ""inspect"",
      ""parameters"": {""object_id"": ""AdjacencyObjectID""},
      ""reasoning"": ""Verify clearance for adjacent parts""
    },
    {
      ""step"": 3,
      ""agent"": ""ControlAgent"",
      ""skill"": ""place"",
      ""parameters"": {""object_id"": ""WorkpieceID"", ""target"": ""Workspace""},
      ""reasoning"": ""Place workpiece without tipping adjacent parts""
    }
  ],
  ""requires_approval"": false,
  ""ambiguity_notes"": """"
}"
LG_TRIAL_00426,48,P48,Cat 5: Constraint / Dynamic,Execute dynamic rendezvous on the workpiece without tipping adjacent parts.,SayCan,42,0.7,8d83b97,2026-10-03T21:44:49.921420Z,True,True,False,True,0.6666666666666666,False,0.704,0.7,True,3116.31,"{""selected_primitive"": ""pick(red_cylinder)"", ""score"": 0.704}","{
  ""pick(blue_bolt)"": 0.7,
  ""pick(blue_cube)"": 0.3,
  ""pick(red_cylinder)"": 0.8,
  ""pick(red_housing)"": 0.2,
  ""pick(grey_bracket)"": 0.1,
  ""place(assembly_tray)"": 0.9,
  ""place(scrap_bin)"": 0.4,
  ""place(tray_pocket_1)"": 0.6,
  ""place(tray_pocket_2)"": 0.5,
  ""inspect(red_cylinder)"": 0.3,
  ""sweep(conveyor)"": 0.7,
  ""done()"": 0.1
}"
LG_TRIAL_00427,48,P48,Cat 5: Constraint / Dynamic,Execute dynamic rendezvous on the workpiece without tipping adjacent parts.,ARIA_Dialogue_Planning,1337,0.7,8d83b97,2026-10-03T21:44:54.024326Z,True,False,True,True,0.6666666666666666,False,1.0,0.7,True,4102.75,"{""plan_id"": ""dynamic_rendezvous"", ""confidence"": 1.0, ""subgoals"": [], ""actions"": [{""step"": 1, ""agent"": ""AffordanceAgent"", ""skill"": ""pick"", ""reasoning"": ""pick up the workpiece_good_1 to execute dynamic rendezvous""}, {""step"": 2, ""agent"": ""AffordanceAgent"", ""skill"": ""place"", ""reasoning"": ""place the picked workpiece_good_1 on a surface that prevents it from tipping and allows for easy access""}, {""step"": 3, ""agent"": ""AffordanceAgent"", ""skill"": ""stack"", ""reasoning"": ""stack other objects (workpiece_good_2, grey_bracket) in such way they do not interfere with workpiece_good_1 or tip over""}], ""requires_approval"": false, ""ambiguity_notes"": """"}","{ ""plan_id"": ""dynamic_rendezvous"", ""confidence"": 1.0, ""subgoals"": [ ] , ""actions"": [ { ""step"": 1, ""agent"": ""AffordanceAgent"", ""skill"": ""pick"", ""reasoning"": ""pick up the workpiece_good_1 to execute dynamic rendezvous"" }, { ""step"": 2, ""agent"": ""AffordanceAgent"", ""skill"": ""place"", ""reasoning"": ""place the picked workpiece_good_1 on a surface that prevents it from tipping and allows for easy access"" }, { ""step"": 3, ""agent"": ""AffordanceAgent"", ""skill"": ""stack"", ""reasoning"": ""stack other objects (workpiece_good_2, grey_bracket) in such way they do not interfere with workpiece_good_1 or tip over"" } ] , ""requires_approval"": false, ""ambiguity_notes"": """" }"
LG_TRIAL_00428,48,P48,Cat 5: Constraint / Dynamic,Execute dynamic rendezvous on the workpiece without tipping adjacent parts.,Direct_LLM,1337,0.7,8d83b97,2026-10-03T21:44:58.919340Z,True,False,True,False,0.3333333333333333,False,0.85,0.7,False,4894.81,"{""plan_id"": ""dynamic_rendezvous_001"", ""confidence"": 0.85, ""subgoals"": [""execute dynamic rendezvous"", ""avoid adjacent parts""], ""actions"": [{""step"": 1, ""agent"": ""ControlAgent"", ""skill"": ""slide"", ""parameters"": {""object_id"": ""workpiece_001"", ""target"": ""rendezvous_point_001""}, ""reasoning"": ""align with rendezvous point""}, {""step"": 2, ""agent"": ""ControlAgent"", ""skill"": ""push"", ""parameters"": {""object_id"": ""part_adjacent_001"", ""target"": ""safe_distance_001""}, ""reasoning"": ""create safe distance from adjacent part""}, {""step"": 3, ""agent"": ""ControlAgent"", ""skill"": ""pick"", ""parameters"": {""object_id"": ""workpiece_001"", ""target"": ""rendezvous_point_002""}, ""reasoning"": ""execute dynamic rendezvous with workpiece""}], ""requires_approval"": false, ""ambiguity_notes"": """"}","{
  ""plan_id"": ""dynamic_rendezvous_001"",
  ""confidence"": 0.85,
  ""subgoals"": [""execute dynamic rendezvous"", ""avoid adjacent parts""],
  ""actions"": [
    {
      ""step"": 1,
      ""agent"": ""ControlAgent"",
      ""skill"": ""slide"",
      ""parameters"": {""object_id"": ""workpiece_001"", ""target"": ""rendezvous_point_001""},
      ""reasoning"": ""align with rendezvous point""
    },
    {
      ""step"": 2,
      ""agent"": ""ControlAgent"",
      ""skill"": ""push"",
      ""parameters"": {""object_id"": ""part_adjacent_001"", ""target"": ""safe_distance_001""},
      ""reasoning"": ""create safe distance from adjacent part""
    },
    {
      ""step"": 3,
      ""agent"": ""ControlAgent"",
      ""skill"": ""pick"",
      ""parameters"": {""object_id"": ""workpiece_001"", ""target"": ""rendezvous_point_002""},
      ""reasoning"": ""execute dynamic rendezvous with workpiece""
    }
  ],
  ""requires_approval"": false,
  ""ambiguity_notes"": """"
}"
LG_TRIAL_00429,48,P48,Cat 5: Constraint / Dynamic,Execute dynamic rendezvous on the workpiece without tipping adjacent parts.,SayCan,1337,0.7,8d83b97,2026-10-03T21:45:01.948265Z,True,True,False,True,0.6666666666666666,False,0.704,0.7,True,3028.7,"{""selected_primitive"": ""pick(red_cylinder)"", ""score"": 0.704}","{
  ""pick(blue_bolt)"": 0.6,
  ""pick(blue_cube)"": 0.4,
  ""pick(red_cylinder)"": 0.8,
  ""pick(red_housing)"": 0.2,
  ""pick(grey_bracket)"": 0.1,
  ""place(assembly_tray)"": 0.9,
  ""place(scrap_bin)"": 0.3,
  ""place(tray_pocket_1)"": 0.5,
  ""place(tray_pocket_2)"": 0.7,
  ""inspect(red_cylinder)"": 0.6,
  ""sweep(conveyor)"": 0.8,
  ""done()"": 0.9
}"
LG_TRIAL_00430,48,P48,Cat 5: Constraint / Dynamic,Execute dynamic rendezvous on the workpiece without tipping adjacent parts.,ARIA_Dialogue_Planning,2026,0.7,8d83b97,2026-10-03T21:45:07.183125Z,True,False,True,True,0.6666666666666666,False,1.0,0.7,True,5234.61,"{""plan_id"": ""dynamic_rendezvous_plan"", ""confidence"": 1.0, ""subgoals"": [""move_workpiece_good_1_to_center""], ""actions"": [{""step"": 1, ""agent"": ""AffordanceAgent"", ""skill"": ""pick"", ""reasoning"": ""Select the workpiece without tipping adjacent parts."", ""parameters"": {""object_id"": ""workpiece_good_1""}}, {""step"": 2, ""agent"": ""AffordanceAgent"", ""skill"": ""place"", ""reasoning"": ""Place the workpiece at the center of the workcell."", ""parameters"": {""object_id"": ""workpiece_good_1""}}, {""step"": 3, ""agent"": ""AffordanceAgent"", ""skill"": ""stack"", ""reasoning"": ""Stack adjacent parts without tipping them over."", ""parameters"": {""object_id"": ""grey_bracket""}}], ""requires_approval"": false, ""ambiguity_notes"": """"}","{
    ""plan_id"": ""dynamic_rendezvous_plan"",
    ""confidence"": 1.0,
    ""subgoals"": [
        ""move_workpiece_good_1_to_center""
    ],
    ""actions"": [
        {
            ""step"": 1,
            ""agent"": ""AffordanceAgent"",
            ""skill"": ""pick"",
            ""reasoning"": ""Select the workpiece without tipping adjacent parts."",
            ""parameters"": {
                ""object_id"": ""workpiece_good_1""
            }
        },
        {
            ""step"": 2,
            ""agent"": ""AffordanceAgent"",
            ""skill"": ""place"",
            ""reasoning"": ""Place the workpiece at the center of the workcell."",
            ""parameters"": {
                ""object_id"": ""workpiece_good_1""
            }
        },
        {
            ""step"": 3,
            ""agent"": ""AffordanceAgent"",
            ""skill"": ""stack"",
            ""reasoning"": ""Stack adjacent parts without tipping them over."",
            ""parameters"": {
                ""object_id"": ""grey_bracket""
            }
        }
    ]
    ,
    ""requires_approval"": false
    ,
    ""ambiguity_notes"": """"
}"
LG_TRIAL_00431,48,P48,Cat 5: Constraint / Dynamic,Execute dynamic rendezvous on the workpiece without tipping adjacent parts.,Direct_LLM,2026,0.7,8d83b97,2026-10-03T21:45:09.910390Z,True,False,True,False,0.3333333333333333,False,0.85,0.7,False,2727.04,"{""plan_id"": ""dynamic_rendezvous_001"", ""confidence"": 0.85, ""subgoals"": [""avoid_tipping"", ""reach_destination""], ""actions"": [{""step"": 1, ""agent"": ""ControlAgent"", ""skill"": ""slide"", ""parameters"": {""object_id"": ""workpiece"", ""target"": ""adjacent_parts""}, ""reasoning"": ""stabilize_workpiece""}, {""step"": 2, ""agent"": ""VisionAgent"", ""skill"": ""inspect"", ""parameters"": {}, ""reasoning"": ""detect_stable_position""}, {""step"": 3, ""agent"": ""SafetyAgent"", ""skill"": ""push"", ""parameters"": {""object_id"": ""adjacent_parts"", ""target"": ""stable_position""}, ""reasoning"": ""maintain_balance""}], ""requires_approval"": false, ""ambiguity_notes"": """"}","{""plan_id"":""dynamic_rendezvous_001"",""confidence"":0.85,""subgoals"":[""avoid_tipping"",""reach_destination""],""actions"":[{""step"":1,""agent"":""ControlAgent"",""skill"":""slide"",""parameters"":{""object_id"":""workpiece"",""target"":""adjacent_parts""},""reasoning"":""stabilize_workpiece""},{""step"":2,""agent"":""VisionAgent"",""skill"":""inspect"",""parameters"":{},""reasoning"":""detect_stable_position""},{""step"":3,""agent"":""SafetyAgent"",""skill"":""push"",""parameters"":{""object_id"":""adjacent_parts"",""target"":""stable_position""},""reasoning"":""maintain_balance""}],""requires_approval"":false,""ambiguity_notes"":""""}"
LG_TRIAL_00432,48,P48,Cat 5: Constraint / Dynamic,Execute dynamic rendezvous on the workpiece without tipping adjacent parts.,SayCan,2026,0.7,8d83b97,2026-10-03T21:45:12.799186Z,True,True,False,True,0.6666666666666666,False,0.748,0.7,True,2888.62,"{""selected_primitive"": ""pick(red_cylinder)"", ""score"": 0.748}","{
  ""pick(blue_bolt)"": 0.65,
  ""pick(blue_cube)"": 0.25,
  ""pick(red_cylinder)"": 0.85,
  ""pick(red_housing)"": 0.75,
  ""pick(grey_bracket)"": 0.55,
  ""place(assembly_tray)"": 0.95,
  ""place(scrap_bin)"": 0.8,
  ""place(tray_pocket_1)"": 0.85,
  ""place(tray_pocket_2)"": 0.75,
  ""inspect(red_cylinder)"": 0.65,
  ""sweep(conveyor)"": 0.45,
  ""done()"": 0
}"
LG_TRIAL_00433,49,P49,Cat 5: Constraint / Dynamic,Pick the moving grey cylinder while preserving terminal approach pitch at zero.,ARIA_Dialogue_Planning,42,0.7,8d83b97,2026-10-03T21:45:16.232430Z,True,True,True,True,1.0,False,1.0,0.7,True,3433.02,"{""plan_id"": ""pick_moving_cylinder"", ""confidence"": 1.0, ""subgoals"": [""task_1: locate_and_identify_grey_bracket"", ""task_2: pick grey_bracket"", ""task_3: preserve_terminal_approach_pitch""], ""actions"": [{""step"": 1, ""agent"": ""AffordanceAgent"", ""skill"": ""locate"", ""reasoning"": ""Object identification"", ""parameters"": {""object_id"": ""grey_bracket""}}, {""step"": 2, ""agent"": ""AffordanceAgent"", ""skill"": ""pick"", ""reasoning"": ""Object manipulation"", ""parameters"": {""object_id"": ""grey_bracket""}}], ""requires_approval"": false, ""ambiguity_notes"": """"}","{ ""plan_id"": ""pick_moving_cylinder"", ""confidence"": 1.0, ""subgoals"": [ ""task_1: locate_and_identify_grey_bracket"", ""task_2: pick grey_bracket"", ""task_3: preserve_terminal_approach_pitch"" ], ""actions"": [ {""step"": 1, ""agent"": ""AffordanceAgent"", ""skill"": ""locate"", ""reasoning"": ""Object identification"", ""parameters"": {""object_id"": ""grey_bracket""}}, {""step"": 2, ""agent"": ""AffordanceAgent"", ""skill"": ""pick"", ""reasoning"": ""Object manipulation"", ""parameters"": {""object_id"": ""grey_bracket""}}], ""requires_approval"": false, ""ambiguity_notes"": """"}"
LG_TRIAL_00434,49,P49,Cat 5: Constraint / Dynamic,Pick the moving grey cylinder while preserving terminal approach pitch at zero.,Direct_LLM,42,0.7,8d83b97,2026-10-03T21:45:19.491099Z,True,False,True,True,0.6666666666666666,False,0.95,0.7,True,3258.46,"{""plan_id"": ""grey_cylinder_pick"", ""confidence"": 0.95, ""subgoals"": [""pick grey cylinder""], ""actions"": [{""step"": 1, ""agent"": ""VisionAgent"", ""skill"": ""locate"", ""parameters"": {""object_id"": ""grey_cylinder""}, ""reasoning"": ""detect object in workspace""}, {""step"": 2, ""agent"": ""ControlAgent"", ""skill"": ""pick"", ""parameters"": {""object_id"": ""grey_cylinder"", ""target"": ""grip""}, ""reasoning"": ""move to grip target with pitch zero""}], ""requires_approval"": false, ""ambiguity_notes"": """"}","{
  ""plan_id"": ""grey_cylinder_pick"",
  ""confidence"": 0.95,
  ""subgoals"": [""pick grey cylinder""],
  ""actions"": [
    {
      ""step"": 1,
      ""agent"": ""VisionAgent"",
      ""skill"": ""locate"",
      ""parameters"": {""object_id"": ""grey_cylinder""},
      ""reasoning"": ""detect object in workspace""
    },
    {
      ""step"": 2,
      ""agent"": ""ControlAgent"",
      ""skill"": ""pick"",
      ""parameters"": {""object_id"": ""grey_cylinder"", ""target"": ""grip""},
      ""reasoning"": ""move to grip target with pitch zero""
    }
  ],
  ""requires_approval"": false,
  ""ambiguity_notes"": """"
}"
LG_TRIAL_00435,49,P49,Cat 5: Constraint / Dynamic,Pick the moving grey cylinder while preserving terminal approach pitch at zero.,SayCan,42,0.7,8d83b97,2026-10-03T21:45:22.466326Z,True,True,True,True,1.0,False,0.68,0.7,True,2975.03,"{""selected_primitive"": ""pick(grey_bracket)"", ""score"": 0.68}","{
  ""pick(blue_bolt)"": 0.0,
  ""pick(blue_cube)"": 0.0,
  ""pick(red_cylinder)"": 0.5,
  ""pick(red_housing)"": 0.0,
  ""pick(grey_bracket)"": 0.8,
  ""place(assembly_tray)"": 0.0,
  ""place(scrap_bin)"": 0.0,
  ""place(tray_pocket_1)"": 0.0,
  ""place(tray_pocket_2)"": 0.0,
  ""inspect(red_cylinder)"": 0.0,
  ""sweep(conveyor)"": 0.0,
  ""done()"": 0.0
}"
LG_TRIAL_00436,49,P49,Cat 5: Constraint / Dynamic,Pick the moving grey cylinder while preserving terminal approach pitch at zero.,ARIA_Dialogue_Planning,1337,0.7,8d83b97,2026-10-03T21:45:28.127450Z,False,True,True,True,1.0,True,0.5,0.7,False,5660.96,{},"{ ""plan_id"": ""pick_moving_cylinder"", ""confidence"": 1.0, ""subgoals"": [ ""move_to_workpiece_defect_2"", ""preserve_terminal_approach_pitch_zero"", ""pickup_object"" ], ""actions"": [ { ""step"": 1, ""agent"": ""AffordanceAgent"", ""skill"": ""pick"", ""reasoning"": ""Select workpiece_defect_1 (grey cylinder) as the target object for pickup."", ""parameters"": { ""target"": ""workpiece_defect_2"", ""direction"": ""move_to"" } }, { ""step"": 2, ""agent"": ""AffordanceAgent"", ""skill"": ""pick"", ""reasoning"": ""Apply pick action to grey cylinder while preserving terminal approach pitch at zero."", ""parameters"": { ""target"": ""workpiece_defect_2"", ""direction"": ""pick_up"" } }, { ""step"": 3, ""agent"": ""AffordanceAgent"", ""skill"": ""pick"", ""reasoning"": ""Verify that the grey cylinder has been successfully picked up and its terminal approach pitch is at zero."", ""parameters"": { ""target"": ""workpiece_defect_2"", ""direction"": ""verify_pickup"" } }, { ""step"": 4, ""agent"": ""AffordanceAgent"", ""skill"": ""pick"", ""reasoning"": ""Verify that the grey cylinder has been successfully picked up and its"
LG_TRIAL_00437,49,P49,Cat 5: Constraint / Dynamic,Pick the moving grey cylinder while preserving terminal approach pitch at zero.,Direct_LLM,1337,0.7,8d83b97,2026-10-03T21:45:32.264775Z,True,False,True,True,0.6666666666666666,False,0.95,0.7,True,4137.16,"{""plan_id"": ""cylinder_pick_001"", ""confidence"": 0.95, ""subgoals"": [""pick moving grey cylinder""], ""actions"": [{""step"": 1, ""agent"": ""VisionAgent"", ""skill"": ""locate"", ""parameters"": {""object_id"": ""grey_cylinder""}, ""reasoning"": ""Detect the grey cylinder in the environment""}, {""step"": 2, ""agent"": ""ControlAgent"", ""skill"": ""move"", ""parameters"": {""target"": ""grey_cylinder""}, ""reasoning"": ""Move towards the grey cylinder""}, {""step"": 3, ""agent"": ""ControlAgent"", ""skill"": ""pick"", ""parameters"": {""object_id"": ""grey_cylinder"", ""target"": ""gripper""}, ""reasoning"": ""Pick up the grey cylinder with the gripper""}], ""requires_approval"": false, ""ambiguity_notes"": """"}","{
  ""plan_id"": ""cylinder_pick_001"",
  ""confidence"": 0.95,
  ""subgoals"": [""pick moving grey cylinder""],
  ""actions"": [
    {
      ""step"": 1,
      ""agent"": ""VisionAgent"",
      ""skill"": ""locate"",
      ""parameters"": {""object_id"": ""grey_cylinder""},
      ""reasoning"": ""Detect the grey cylinder in the environment""
    },
    {
      ""step"": 2,
      ""agent"": ""ControlAgent"",
      ""skill"": ""move"",
      ""parameters"": {""target"": ""grey_cylinder""},
      ""reasoning"": ""Move towards the grey cylinder""
    },
    {
      ""step"": 3,
      ""agent"": ""ControlAgent"",
      ""skill"": ""pick"",
      ""parameters"": {""object_id"": ""grey_cylinder"", ""target"": ""gripper""},
      ""reasoning"": ""Pick up the grey cylinder with the gripper""
    }
  ],
  ""requires_approval"": false,
  ""ambiguity_notes"": """"
}"
LG_TRIAL_00438,49,P49,Cat 5: Constraint / Dynamic,Pick the moving grey cylinder while preserving terminal approach pitch at zero.,SayCan,1337,0.7,8d83b97,2026-10-03T21:45:35.211356Z,True,False,True,True,0.6666666666666666,False,0.3,0.7,True,2946.43,"{""selected_primitive"": ""done()"", ""score"": 0.3}","{
  ""pick(blue_bolt)"": 0.0,
  ""pick(blue_cube)"": 0.0,
  ""pick(red_cylinder)"": 0.1,
  ""pick(red_housing)"": 0.0,
  ""pick(grey_bracket)"": 0.3,
  ""place(assembly_tray)"": 0.0,
  ""place(scrap_bin)"": 0.0,
  ""place(tray_pocket_1)"": 0.0,
  ""place(tray_pocket_2)"": 0.0,
  ""inspect(red_cylinder)"": 0.0,
  ""sweep(conveyor)"": 0.0,
  ""done()"": 0.6
}"
LG_TRIAL_00439,49,P49,Cat 5: Constraint / Dynamic,Pick the moving grey cylinder while preserving terminal approach pitch at zero.,ARIA_Dialogue_Planning,2026,0.7,8d83b97,2026-10-03T21:45:39.002116Z,True,True,True,True,1.0,False,1.0,0.7,True,3790.58,"{""plan_id"": ""pick_moving_grey_cylinder"", ""confidence"": 1.0, ""subgoals"": [""move_arm_to_grey_bracket"", ""pick_up_grey_bracket"", ""preserve_terminal_approach_pitch""], ""actions"": [{""step"": 1, ""agent"": ""AffordanceAgent"", ""skill"": ""pick"", ""reasoning"": ""pick up grey bracket"", ""parameters"": {""object_id"": ""grey_bracket""}}, {""step"": 2, ""agent"": ""AffordanceAgent"", ""skill"": ""pick"", ""reasoning"": ""preserve terminal approach pitch at zero"", ""parameters"": {}}], ""requires_approval"": false, ""ambiguity_notes"": """"}","{
    ""plan_id"": ""pick_moving_grey_cylinder"",
    ""confidence"": 1.00,
    ""subgoals"": [
        ""move_arm_to_grey_bracket"",
        ""pick_up_grey_bracket"",
        ""preserve_terminal_approach_pitch""
    ],
    ""actions"": [
        {
            ""step"": 1,
            ""agent"": ""AffordanceAgent"",
            ""skill"": ""pick"",
            ""reasoning"": ""pick up grey bracket"",
            ""parameters"": {
                ""object_id"": ""grey_bracket""
            }
        },
        {
            ""step"": 2,
            ""agent"": ""AffordanceAgent"",
            ""skill"": ""pick"",
            ""reasoning"": ""preserve terminal approach pitch at zero"",
            ""parameters"": {}
        }
    ],
    ""requires_approval"": false,
    ""ambiguity_notes"": """"
}"
LG_TRIAL_00440,49,P49,Cat 5: Constraint / Dynamic,Pick the moving grey cylinder while preserving terminal approach pitch at zero.,Direct_LLM,2026,0.7,8d83b97,2026-10-03T21:45:41.708032Z,True,False,True,True,0.6666666666666666,False,0.8,0.7,True,2705.71,"{""plan_id"": ""GreyCylinderPick"", ""confidence"": 0.8, ""subgoals"": [""pick grey cylinder""], ""actions"": [{""step"": 1, ""agent"": ""VisionAgent"", ""skill"": ""locate"", ""parameters"": {""object_id"": ""grey_cylinder""}, ""reasoning"": ""find grey cylinder in workspace""}, {""step"": 2, ""agent"": ""ControlAgent"", ""skill"": ""move"", ""parameters"": {""destination_x"": 0.5, ""destination_y"": -0.3}, ""reasoning"": ""move to position of grey cylinder""}, {""step"": 3, ""agent"": ""ControlAgent"", ""skill"": ""pick"", ""parameters"": {""object_id"": ""grey_cylinder""}, ""reasoning"": ""pick up grey cylinder""}], ""requires_approval"": false, ""ambiguity_notes"": """"}","{""plan_id"":""GreyCylinderPick"",""confidence"":0.8,""subgoals"":[""pick grey cylinder""],""actions"":[{""step"":1,""agent"":""VisionAgent"",""skill"":""locate"",""parameters"":{""object_id"":""grey_cylinder""},""reasoning"":""find grey cylinder in workspace""},{""step"":2,""agent"":""ControlAgent"",""skill"":""move"",""parameters"":{""destination_x"":0.5,""destination_y"":-0.3},""reasoning"":""move to position of grey cylinder""},{""step"":3,""agent"":""ControlAgent"",""skill"":""pick"",""parameters"":{""object_id"":""grey_cylinder""},""reasoning"":""pick up grey cylinder""}],""requires_approval"":false,""ambiguity_notes"":""""}"
LG_TRIAL_00441,49,P49,Cat 5: Constraint / Dynamic,Pick the moving grey cylinder while preserving terminal approach pitch at zero.,SayCan,2026,0.7,8d83b97,2026-10-03T21:45:44.639291Z,True,False,False,True,0.3333333333333333,False,0.413,0.7,False,2931.08,"{""selected_primitive"": ""sweep(conveyor)"", ""score"": 0.413}","{
  ""pick(blue_bolt)"": 0.05,
  ""pick(blue_cube)"": 0.1,
  ""pick(red_cylinder)"": 0.15,
  ""pick(red_housing)"": 0.2,
  ""pick(grey_bracket)"": 0.25,
  ""place(assembly_tray)"": 0.3,
  ""place(scrap_bin)"": 0.35,
  ""place(tray_pocket_1)"": 0.4,
  ""place(tray_pocket_2)"": 0.45,
  ""inspect(red_cylinder)"": 0.5,
  ""sweep(conveyor)"": 0.55,
  ""done()"": 0.6
}"
LG_TRIAL_00442,50,P50,Cat 5: Constraint / Dynamic,Intercept the moving part prior to conveyor exit sensor trigger.,ARIA_Dialogue_Planning,42,0.7,8d83b97,2026-10-03T21:45:48.237323Z,True,False,True,True,0.6666666666666666,False,1.0,0.7,True,3597.8,"{""plan_id"": ""intercept_moving_part"", ""confidence"": 1.0, ""subgoals"": [""detect_moving_object"", ""track_moving_object"", ""position_workcell""], ""actions"": [{""step"": 1, ""agent"": ""AffordanceAgent"", ""skill"": ""pick"", ""reasoning"": ""Identify moving object based on detected objects in workcell and its trajectory."", ""parameters"": {""object_id"": ""grey_bracket""}}, {""step"": 2, ""agent"": ""AffordanceAgent"", ""skill"": ""push"", ""reasoning"": ""Nudge the grey bracket to intercept the moving part prior to conveyor exit sensor trigger."", ""parameters"": {}}], ""requires_approval"": false, ""ambiguity_notes"": """"}","{ ""plan_id"": ""intercept_moving_part"", ""confidence"": 1.00, ""subgoals"": [ ""detect_moving_object"", ""track_moving_object"", ""position_workcell"" ], ""actions"": [ { ""step"": 1, ""agent"": ""AffordanceAgent"", ""skill"": ""pick"", ""reasoning"": ""Identify moving object based on detected objects in workcell and its trajectory."", ""parameters"": {""object_id"": ""grey_bracket""} }, { ""step"": 2, ""agent"": ""AffordanceAgent"", ""skill"": ""push"", ""reasoning"": ""Nudge the grey bracket to intercept the moving part prior to conveyor exit sensor trigger."", ""parameters"": {} } ], ""requires_approval"": false, ""ambiguity_notes"": """" }"
LG_TRIAL_00443,50,P50,Cat 5: Constraint / Dynamic,Intercept the moving part prior to conveyor exit sensor trigger.,Direct_LLM,42,0.7,8d83b97,2026-10-03T21:45:51.620374Z,True,False,True,True,0.6666666666666666,False,0.85,0.7,True,3382.8,"{""plan_id"": ""conveyor_exit_intercept"", ""confidence"": 0.85, ""subgoals"": [""intercept moving part""], ""actions"": [{""step"": 1, ""agent"": ""VisionAgent"", ""skill"": ""locate"", ""parameters"": {""object_id"": ""moving_part_123""}, ""reasoning"": ""Detect moving part's position and velocity""}, {""step"": 2, ""agent"": ""ControlAgent"", ""skill"": ""move"", ""parameters"": {""x"": 10.5, ""y"": 23.7}, ""reasoning"": ""Move to intercept point before sensor trigger""}], ""requires_approval"": false, ""ambiguity_notes"": """"}","{
  ""plan_id"": ""conveyor_exit_intercept"",
  ""confidence"": 0.85,
  ""subgoals"": [""intercept moving part""],
  ""actions"": [
    {
      ""step"": 1,
      ""agent"": ""VisionAgent"",
      ""skill"": ""locate"",
      ""parameters"": {""object_id"": ""moving_part_123""},
      ""reasoning"": ""Detect moving part's position and velocity""
    },
    {
      ""step"": 2,
      ""agent"": ""ControlAgent"",
      ""skill"": ""move"",
      ""parameters"": {""x"": 10.5, ""y"": 23.7},
      ""reasoning"": ""Move to intercept point before sensor trigger""
    }
  ],
  ""requires_approval"": false,
  ""ambiguity_notes"": """"
}"
LG_TRIAL_00444,50,P50,Cat 5: Constraint / Dynamic,Intercept the moving part prior to conveyor exit sensor trigger.,SayCan,42,0.7,8d83b97,2026-10-03T21:45:54.689051Z,True,False,True,True,0.6666666666666666,False,0.562,0.7,True,3068.53,"{""selected_primitive"": ""sweep(conveyor)"", ""score"": 0.562}","{
  ""pick(blue_bolt)"": 0.15,
  ""pick(blue_cube)"": 0.12,
  ""pick(red_cylinder)"": 0.22,
  ""pick(red_housing)"": 0.18,
  ""pick(grey_bracket)"": 0.08,
  ""place(assembly_tray)"": 0.05,
  ""place(scrap_bin)"": 0.03,
  ""place(tray_pocket_1)"": 0.02,
  ""place(tray_pocket_2)"": 0.01,
  ""inspect(red_cylinder)"": 0.0,
  ""sweep(conveyor)"": 0.75,
  ""done()"": 0.0
}"
LG_TRIAL_00445,50,P50,Cat 5: Constraint / Dynamic,Intercept the moving part prior to conveyor exit sensor trigger.,ARIA_Dialogue_Planning,1337,0.7,8d83b97,2026-10-03T21:45:59.183875Z,True,False,True,True,0.6666666666666666,False,1.0,0.7,True,4494.67,"{""plan_id"": ""intercept_moving_part"", ""confidence"": 1.0, ""subgoals"": [""identify_moving_object"", ""track_moving_object"", ""interrupt_conveyor""], ""actions"": [{""step"": 1, ""agent"": ""AffordanceAgent"", ""skill"": ""pick"", ""reasoning"": ""pick the moving part""}, {""step"": 2, ""agent"": ""AffordanceAgent"", ""skill"": ""place"", ""reasoning"": ""place the moving part before the conveyor exit sensor trigger is triggered""}, {""step"": 3, ""agent"": ""AffordanceAgent"", ""skill"": ""push"", ""reasoning"": ""interrupt the conveyor to ensure the moving part is intercepted prior to the sensor trigger""}, {""step"": 4, ""agent"": ""AffordanceAgent"", ""skill"": ""inspect"", ""reasoning"": ""verify that the moving part has been successfully intercepted and placed before proceeding""}], ""requires_approval"": false, ""ambiguity_notes"": """"}","{ ""plan_id"": ""intercept_moving_part"", ""confidence"": 1.0, ""subgoals"": [ ""identify_moving_object"", ""track_moving_object"", ""interrupt_conveyor"" ] , ""actions"": [ { ""step"": 1, ""agent"": ""AffordanceAgent"", ""skill"": ""pick"", ""reasoning"": ""pick the moving part"" }, { ""step"": 2, ""agent"": ""AffordanceAgent"", ""skill"": ""place"", ""reasoning"": ""place the moving part before the conveyor exit sensor trigger is triggered"" } , { ""step"": 3, ""agent"": ""AffordanceAgent"", ""skill"": ""push"", ""reasoning"": ""interrupt the conveyor to ensure the moving part is intercepted prior to the sensor trigger"" }, { ""step"": 4, ""agent"": ""AffordanceAgent"", ""skill"": ""inspect"", ""reasoning"": ""verify that the moving part has been successfully intercepted and placed before proceeding"" } ] , ""requires_approval"": false, ""ambiguity_notes"": """" }"
LG_TRIAL_00446,50,P50,Cat 5: Constraint / Dynamic,Intercept the moving part prior to conveyor exit sensor trigger.,Direct_LLM,1337,0.7,8d83b97,2026-10-03T21:46:03.772091Z,True,False,True,True,0.6666666666666666,False,0.85,0.7,True,4588.02,"{""plan_id"": ""intercept_conveyor_exit"", ""confidence"": 0.85, ""subgoals"": [""Intercept moving part"", ""Prevent conveyor exit sensor trigger""], ""actions"": [{""step"": 1, ""agent"": ""VisionAgent"", ""skill"": ""locate"", ""parameters"": {""object_id"": ""moving_part_123""}, ""reasoning"": ""Identify the moving part's location""}, {""step"": 2, ""agent"": ""ControlAgent"", ""skill"": ""move"", ""parameters"": {""target"": ""conveyor_exit_sensor_position"", ""speed"": ""0.5""}, ""reasoning"": ""Move to the conveyor exit sensor position""}, {""step"": 3, ""agent"": ""SkillAgent"", ""skill"": ""push"", ""parameters"": {""object_id"": ""moving_part_123"", ""target"": ""conveyor_exit_sensor_position""}, ""reasoning"": ""Push the moving part towards the conveyor exit sensor""}], ""requires_approval"": false, ""ambiguity_notes"": """"}","{
  ""plan_id"": ""intercept_conveyor_exit"",
  ""confidence"": 0.85,
  ""subgoals"": [""Intercept moving part"", ""Prevent conveyor exit sensor trigger""],
  ""actions"": [
    {
      ""step"": 1,
      ""agent"": ""VisionAgent"",
      ""skill"": ""locate"",
      ""parameters"": {""object_id"": ""moving_part_123""},
      ""reasoning"": ""Identify the moving part's location""
    },
    {
      ""step"": 2,
      ""agent"": ""ControlAgent"",
      ""skill"": ""move"",
      ""parameters"": {""target"": ""conveyor_exit_sensor_position"", ""speed"": ""0.5""},
      ""reasoning"": ""Move to the conveyor exit sensor position""
    },
    {
      ""step"": 3,
      ""agent"": ""SkillAgent"",
      ""skill"": ""push"",
      ""parameters"": {""object_id"": ""moving_part_123"", ""target"": ""conveyor_exit_sensor_position""},
      ""reasoning"": ""Push the moving part towards the conveyor exit sensor""
    }
  ],
  ""requires_approval"": false,
  ""ambiguity_notes"": """"
}"
LG_TRIAL_00447,50,P50,Cat 5: Constraint / Dynamic,Intercept the moving part prior to conveyor exit sensor trigger.,SayCan,1337,0.7,8d83b97,2026-10-03T21:46:06.710782Z,True,True,True,True,1.0,False,0.807,0.7,True,2938.52,"{""selected_primitive"": ""pick(grey_bracket)"", ""score"": 0.807}","{
  ""pick(blue_bolt)"": 0.25,
  ""pick(blue_cube)"": 0.5,
  ""pick(red_cylinder)"": 0.75,
  ""pick(red_housing)"": 0.9,
  ""pick(grey_bracket)"": 0.95,
  ""place(assembly_tray)"": 0.8,
  ""place(scrap_bin)"": 0.6,
  ""place(tray_pocket_1)"": 0.4,
  ""place(tray_pocket_2)"": 0.3,
  ""inspect(red_cylinder)"": 0.7,
  ""sweep(conveyor)"": 0.99,
  ""done()"": 0.0
}"
LG_TRIAL_00448,50,P50,Cat 5: Constraint / Dynamic,Intercept the moving part prior to conveyor exit sensor trigger.,ARIA_Dialogue_Planning,2026,0.7,8d83b97,2026-10-03T21:46:12.083971Z,True,True,True,True,1.0,False,1.0,0.7,True,5372.96,"{""plan_id"": ""InterceptMovingPart"", ""confidence"": 1.0, ""subgoals"": [""IdentifyConveyorExitSensor"", ""LocateMovingWorkpiece""], ""actions"": [{""step"": 1, ""agent"": ""AffordanceAgent"", ""skill"": ""inspect"", ""reasoning"": ""To identify the conveyor exit sensor, we need to inspect its position and status."", ""parameters"": {}}, {""step"": 2, ""agent"": ""AffordanceAgent"", ""skill"": ""locate"", ""reasoning"": ""Once the conveyor exit sensor is identified, locate the moving workpiece (workpiece_defect_1 or workpiece_defect_2) to intercept it."", ""parameters"": {""object_id"": ""workpiece_defect_1"", ""distance_m"": 0.5}}, {""step"": 3, ""agent"": ""AffordanceAgent"", ""skill"": ""pick"", ""reasoning"": ""With the moving workpiece located, pick it up to intercept its movement."", ""parameters"": {}}], ""requires_approval"": false, ""ambiguity_notes"": """"}","{

    ""plan_id"": ""InterceptMovingPart"",
    ""confidence"": 1.0,
    ""subgoals"": [
        ""IdentifyConveyorExitSensor"",
        ""LocateMovingWorkpiece""
    ],
    ""actions"": [
        {
            ""step"": 1,
            ""agent"": ""AffordanceAgent"",
            ""skill"": ""inspect"",
            ""reasoning"": ""To identify the conveyor exit sensor, we need to inspect its position and status."",
            ""parameters"": {}
        },
        {
            ""step"": 2,
            ""agent"": ""AffordanceAgent"",
            ""skill"": ""locate"",
            ""reasoning"": ""Once the conveyor exit sensor is identified, locate the moving workpiece (workpiece_defect_1 or workpiece_defect_2) to intercept it."",
            ""parameters"": {
                ""object_id"": ""workpiece_defect_1"" ,
                ""distance_m"": 0.5
            }
        },
        {
            ""step"": 3,
            ""agent"": ""AffordanceAgent"",
            ""skill"": ""pick"",
            ""reasoning"": ""With the moving workpiece located, pick it up to intercept its movement."",
            ""parameters"": {}
        }
    ],
    ""requires_approval"": false,
    ""ambiguity_notes"": """"
}"
LG_TRIAL_00449,50,P50,Cat 5: Constraint / Dynamic,Intercept the moving part prior to conveyor exit sensor trigger.,Direct_LLM,2026,0.7,8d83b97,2026-10-03T21:46:14.976937Z,False,False,True,True,0.6666666666666666,False,0.8,0.7,False,2892.81,"{""plan_id"": ""intercept_conveyor_exit"", ""confidence"": 0.8, ""subgoals"": [""Intercept moving part"", ""Avoid conveyor exit sensor trigger""], ""actions"": [{""step"": 1, ""agent"": ""ControlAgent"", ""skill"": ""move_to"", ""parameters"": {""x"": 10.5, ""y"": 2.7}, ""reasoning"": ""approach target""}, {""step"": 2, ""agent"": ""VisionAgent"", ""skill"": ""detect_position"", ""parameters"": {""object_id"": ""moving_part""}, ""reasoning"": ""estimate moving part position""}, {""step"": 3, ""agent"": ""ControlAgent"", ""skill"": ""intercept"", ""parameters"": {""x"": 10.5, ""y"": 2.7, ""v"": 1.8}, ""reasoning"": ""calculate intercept trajectory""}], ""requires_approval"": false, ""ambiguity_notes"": """"}","{""plan_id"":""intercept_conveyor_exit"",""confidence"":0.8,""subgoals"":[""Intercept moving part"",""Avoid conveyor exit sensor trigger""],""actions"":[{""step"":1,""agent"":""ControlAgent"",""skill"":""move_to"",""parameters"":{""x"":10.5,""y"":2.7},""reasoning"":""approach target""},{""step"":2,""agent"":""VisionAgent"",""skill"":""detect_position"",""parameters"":{""object_id"":""moving_part""},""reasoning"":""estimate moving part position""},{""step"":3,""agent"":""ControlAgent"",""skill"":""intercept"",""parameters"":{""x"":10.5,""y"":2.7,""v"":1.8},""reasoning"":""calculate intercept trajectory""}],""requires_approval"":false,""ambiguity_notes"":""""}"
LG_TRIAL_00450,50,P50,Cat 5: Constraint / Dynamic,Intercept the moving part prior to conveyor exit sensor trigger.,SayCan,2026,0.7,8d83b97,2026-10-03T21:46:18.047355Z,True,False,True,True,0.6666666666666666,False,0.6,0.7,True,3070.24,"{""selected_primitive"": ""sweep(conveyor)"", ""score"": 0.6}","{ ""pick(blue_bolt)"": 0.0, 
  ""pick(blue_cube)"": 0.0, 
  ""pick(red_cylinder)"": 0.4, 
  ""pick(red_housing)"": 0.0, 
  ""pick(grey_bracket)"": 0.0, 
  ""place(assembly_tray)"": 0.1, 
  ""place(scrap_bin)"": 0.1, 
  ""place(tray_pocket_1)"": 0.2, 
  ""place(tray_pocket_2)"": 0.3, 
  ""inspect(red_cylinder)"": 0.5, 
  ""sweep(conveyor)"": 0.8, 
  ""done()"": 0.0 }"
LG_TRIAL_00451,51,P51,Cat 6: Ambiguous / Under-specified,Clear the damaged component from the workcell station.,ARIA_Dialogue_Planning,42,0.7,8d83b97,2026-10-03T21:46:23.510501Z,True,False,True,True,0.6666666666666666,False,1.0,0.7,False,5462.8,"{""plan_id"": ""clear_damaged_component"", ""confidence"": 1.0, ""subgoals"": [], ""actions"": [{""step"": 1, ""agent"": ""AffordanceAgent"", ""skill"": ""pick"", ""reasoning"": ""Pick up workpiece_defect_2 (cracked red housing)"", ""parameters"": {""object_id"": ""workpiece_defect_2""}}, {""step"": 2, ""agent"": ""AffordanceAgent"", ""skill"": ""place"", ""reasoning"": ""Place the damaged component in the designated disposal bin"", ""parameters"": {""object_id"": ""workpiece_defect_2""}}, {""step"": 3, ""agent"": ""AffordanceAgent"", ""skill"": ""pick"", ""reasoning"": ""Pick up grey_bracket"", ""parameters"": {""object_id"": ""grey_bracket""}}, {""step"": 4, ""agent"": ""AffordanceAgent"", ""skill"": ""place"", ""reasoning"": ""Place the grey bracket back in its original position on the workcell station"", ""parameters"": {""object_id"": ""grey_bracket""}}], ""requires_approval"": false, ""ambiguity_notes"": """"}","{ ""plan_id"": ""clear_damaged_component"", ""confidence"": 1.00, ""subgoals"": [ ] , ""actions"": [ { ""step"": 1, ""agent"": ""AffordanceAgent"", ""skill"": ""pick"", ""reasoning"": ""Pick up workpiece_defect_2 (cracked red housing)"", ""parameters"": { ""object_id"": ""workpiece_defect_2"" } }, { ""step"": 2, ""agent"": ""AffordanceAgent"", ""skill"": ""place"", ""reasoning"": ""Place the damaged component in the designated disposal bin"", ""parameters"": { ""object_id"": ""workpiece_defect_2"" } } , { ""step"": 3, ""agent"": ""AffordanceAgent"", ""skill"": ""pick"", ""reasoning"": ""Pick up grey_bracket"", ""parameters"": { ""object_id"": ""grey_bracket"" } }, { ""step"": 4, ""agent"": ""AffordanceAgent"", ""skill"": ""place"", ""reasoning"": ""Place the grey bracket back in its original position on the workcell station"", ""parameters"": { ""object_id"": ""grey_bracket"" } } ] , ""requires_approval"": false, ""ambiguity_notes"": """" }"
LG_TRIAL_00452,51,P51,Cat 6: Ambiguous / Under-specified,Clear the damaged component from the workcell station.,Direct_LLM,42,0.7,8d83b97,2026-10-03T21:46:27.976203Z,False,False,True,True,0.6666666666666666,False,0.8,0.7,False,4465.46,"{""plan_id"": ""ClearDamagedComponent"", ""confidence"": 0.8, ""subgoals"": [""Remove damaged component from workcell""], ""actions"": [{""step"": 1, ""agent"": ""ControlAgent"", ""skill"": ""move_arm"", ""parameters"": {""x"": 10, ""y"": 20}, ""reasoning"": ""Move arm to retrieve damaged component""}, {""step"": 2, ""agent"": ""SkillAgent"", ""skill"": ""pick"", ""parameters"": {""object_id"": ""damaged_component"", ""target"": ""grippers""}, ""reasoning"": ""Pick up damaged component with gripper""}, {""step"": 3, ""agent"": ""ControlAgent"", ""skill"": ""move_arm"", ""parameters"": {""x"": -10, ""y"": 0}, ""reasoning"": ""Move arm to clear damaged component from workcell station""}], ""requires_approval"": false, ""ambiguity_notes"": """"}","{
  ""plan_id"": ""ClearDamagedComponent"",
  ""confidence"": 0.8,
  ""subgoals"": [""Remove damaged component from workcell""],
  ""actions"": [
    {
      ""step"": 1,
      ""agent"": ""ControlAgent"",
      ""skill"": ""move_arm"",
      ""parameters"": {""x"": 10, ""y"": 20},
      ""reasoning"": ""Move arm to retrieve damaged component""
    },
    {
      ""step"": 2,
      ""agent"": ""SkillAgent"",
      ""skill"": ""pick"",
      ""parameters"": {""object_id"": ""damaged_component"", ""target"": ""grippers""},
      ""reasoning"": ""Pick up damaged component with gripper""
    },
    {
      ""step"": 3,
      ""agent"": ""ControlAgent"",
      ""skill"": ""move_arm"",
      ""parameters"": {""x"": -10, ""y"": 0},
      ""reasoning"": ""Move arm to clear damaged component from workcell station""
    }
  ],
  ""requires_approval"": false,
  ""ambiguity_notes"": """"
}"
LG_TRIAL_00453,51,P51,Cat 6: Ambiguous / Under-specified,Clear the damaged component from the workcell station.,SayCan,42,0.7,8d83b97,2026-10-03T21:46:30.944352Z,True,False,True,True,0.6666666666666666,False,0.17,0.7,False,2967.96,"{""selected_primitive"": ""pick(grey_bracket)"", ""score"": 0.17}","{
  ""pick(blue_bolt)"": 0.05,
  ""pick(blue_cube)"": 0.0,
  ""pick(red_cylinder)"": 0.1,
  ""pick(red_housing)"": 0.15,
  ""pick(grey_bracket)"": 0.2,
  ""place(assembly_tray)"": 0.25,
  ""place(scrap_bin)"": 0.8,
  ""place(tray_pocket_1)"": 0.05,
  ""place(tray_pocket_2)"": 0.0,
  ""inspect(red_cylinder)"": 0.1,
  ""sweep(conveyor)"": 0.0,
  ""done()"": 0.3
}"
LG_TRIAL_00454,51,P51,Cat 6: Ambiguous / Under-specified,Clear the damaged component from the workcell station.,ARIA_Dialogue_Planning,1337,0.7,8d83b97,2026-10-03T21:46:35.847657Z,True,False,False,True,0.3333333333333333,False,1.0,0.7,False,4903.1,"{""plan_id"": ""clear_damaged_component"", ""confidence"": 1.0, ""subgoals"": [""move_workpiece_defect_2_to_destination""], ""actions"": [{""step"": 1, ""agent"": ""AffordanceAgent"", ""skill"": ""pick"", ""reasoning"": ""Select the defective red cylinder with surface scratches (workpiece_defect_1) in the workcell."", ""parameters"": {""object_id"": ""workpiece_defect_1""}}, {""step"": 2, ""agent"": ""AffordanceAgent"", ""skill"": ""place"", ""reasoning"": ""Move the selected defective red cylinder with surface scratches (workpiece_defect_1) to a designated destination."", ""parameters"": {""object_id"": ""workpiece_defect_1""}}, {""step"": 3, ""agent"": ""AffordanceAgent"", ""skill"": ""pick"", ""reasoning"": ""Select the cracked red housing (workpiece_defect_2) in the workcell."", ""parameters"": {""object_id"": ""workpiece_defect_2""}}], ""requires_approval"": false, ""ambiguity_notes"": """"}","{ ""plan_id"": ""clear_damaged_component"", ""confidence"": 1.0, ""subgoals"": [ ""move_workpiece_defect_2_to_destination"" ], ""actions"": [ { ""step"": 1, ""agent"": ""AffordanceAgent"", ""skill"": ""pick"", ""reasoning"": ""Select the defective red cylinder with surface scratches (workpiece_defect_1) in the workcell."", ""parameters"": { ""object_id"": ""workpiece_defect_1"" } }, { ""step"": 2, ""agent"": ""AffordanceAgent"", ""skill"": ""place"", ""reasoning"": ""Move the selected defective red cylinder with surface scratches (workpiece_defect_1) to a designated destination."", ""parameters"": { ""object_id"": ""workpiece_defect_1"" } }, { ""step"": 3, ""agent"": ""AffordanceAgent"", ""skill"": ""pick"", ""reasoning"": ""Select the cracked red housing (workpiece_defect_2) in the workcell."", ""parameters"": { ""object_id"": ""workpiece_defect_2"" } } ], ""requires_approval"": false, ""ambiguity_notes"": """" }"
LG_TRIAL_00455,51,P51,Cat 6: Ambiguous / Under-specified,Clear the damaged component from the workcell station.,Direct_LLM,1337,0.7,8d83b97,2026-10-03T21:46:40.543791Z,True,False,True,False,0.3333333333333333,False,0.85,0.7,False,4695.93,"{""plan_id"": ""clear_damaged_component"", ""confidence"": 0.85, ""subgoals"": [""Clear damaged component""], ""actions"": [{""step"": 1, ""agent"": ""ControlAgent"", ""skill"": ""pick"", ""parameters"": {""object_id"": ""damaged_component"", ""target"": ""workcell_station""}, ""reasoning"": ""The damaged component is located in the workcell station.""}, {""step"": 2, ""agent"": ""VisionAgent"", ""skill"": ""inspect"", ""parameters"": {""object_id"": ""damaged_component"", ""target"": ""handheld_tool""}, ""reasoning"": ""Verify that the damaged component is securely grasped by the robotic arm.""}, {""step"": 3, ""agent"": ""ControlAgent"", ""skill"": ""place"", ""parameters"": {""object_id"": ""damaged_component"", ""target"": ""waste_receptacle""}, ""reasoning"": ""Dispose of the damaged component in the waste receptacle.""}], ""requires_approval"": false, ""ambiguity_notes"": """"}","{
  ""plan_id"": ""clear_damaged_component"",
  ""confidence"": 0.85,
  ""subgoals"": [""Clear damaged component""],
  ""actions"": [
    {
      ""step"": 1,
      ""agent"": ""ControlAgent"",
      ""skill"": ""pick"",
      ""parameters"": {""object_id"": ""damaged_component"", ""target"": ""workcell_station""},
      ""reasoning"": ""The damaged component is located in the workcell station.""
    },
    {
      ""step"": 2,
      ""agent"": ""VisionAgent"",
      ""skill"": ""inspect"",
      ""parameters"": {""object_id"": ""damaged_component"", ""target"": ""handheld_tool""},
      ""reasoning"": ""Verify that the damaged component is securely grasped by the robotic arm.""
    },
    {
      ""step"": 3,
      ""agent"": ""ControlAgent"",
      ""skill"": ""place"",
      ""parameters"": {""object_id"": ""damaged_component"", ""target"": ""waste_receptacle""},
      ""reasoning"": ""Dispose of the damaged component in the waste receptacle.""
    }
  ],
  ""requires_approval"": false,
  ""ambiguity_notes"": """"
}"
LG_TRIAL_00456,51,P51,Cat 6: Ambiguous / Under-specified,Clear the damaged component from the workcell station.,SayCan,1337,0.7,8d83b97,2026-10-03T21:46:43.506299Z,True,False,False,True,0.3333333333333333,False,0.704,0.7,False,2962.28,"{""selected_primitive"": ""pick(red_housing)"", ""score"": 0.704}","{
  ""pick(blue_bolt)"": 0.0,
  ""pick(blue_cube)"": 0.0,
  ""pick(red_cylinder)"": 0.5,
  ""pick(red_housing)"": 0.8,
  ""pick(grey_bracket)"": 0.2,
  ""place(assembly_tray)"": 0.1,
  ""place(scrap_bin)"": 0.6,
  ""place(tray_pocket_1)"": 0.3,
  ""place(tray_pocket_2)"": 0.4,
  ""inspect(red_cylinder)"": 0.0,
  ""sweep(conveyor)"": 0.9,
  ""done()"": 0.0
}"
LG_TRIAL_00457,51,P51,Cat 6: Ambiguous / Under-specified,Clear the damaged component from the workcell station.,ARIA_Dialogue_Planning,2026,0.7,8d83b97,2026-10-03T21:46:49.166106Z,False,False,True,True,0.6666666666666666,True,0.5,0.7,False,5659.64,{},"{

    ""plan_id"": ""clear_damaged_component"",
    ""confidence"": 1.0,
    ""subgoals"": [
        ""identify_damaged_components""
    ],
    ""actions"": [
        {
            ""step"": 1,
            ""agent"": ""AffordanceAgent"",
            ""skill"": ""pick"",
            ""reasoning"": ""Select workpiece_defect_1 (defective red cylinder with surface scratches) as the damaged component to be removed."",
            ""parameters"": {
                ""object_id"": ""workpiece_defect_1""
            }
        },
        {
            ""step"": 2,
            ""agent"": ""AffordanceAgent"",
            ""skill"": ""place"",
            ""reasoning"": ""Move workpiece_defect_1 to the designated destination (e.g. a bin or a tray for defective components)."",
            ""parameters"": {
                ""object_id"": ""workpiece_defect_1""
            }
        },
        {
            ""step"": 3,
            ""agent"": ""AffordanceAgent"",
            ""skill"": ""place"",
            ""reasoning"": ""If the instruction is not clear, consider placing workpiece_defect_2 (cracked red housing) in a designated area for defective components as well."",
            ""parameters"": {
                ""object_id"": ""workpiece_defect_2""
            }
        }
    ],
    ""requires_approval"": false,
    ""ambigu"
LG_TRIAL_00458,51,P51,Cat 6: Ambiguous / Under-specified,Clear the damaged component from the workcell station.,Direct_LLM,2026,0.7,8d83b97,2026-10-03T21:46:51.157758Z,False,False,True,True,0.6666666666666666,False,0.85,0.7,False,1991.5,"{""plan_id"": ""ClearDamagedComponent"", ""confidence"": 0.85, ""subgoals"": [""Remove damaged component from workcell""], ""actions"": [{""step"": 1, ""agent"": ""ControlAgent"", ""skill"": ""move"", ""parameters"": {""x"": -10, ""y"": 20}, ""reasoning"": ""Move to pick location""}, {""step"": 2, ""agent"": ""SkillAgent"", ""skill"": ""pick"", ""parameters"": {""object_id"": ""damaged_component""}, ""reasoning"": ""Pick damaged component""}], ""requires_approval"": false, ""ambiguity_notes"": """"}","{""plan_id"":""ClearDamagedComponent"",""confidence"":0.85,""subgoals"":[""Remove damaged component from workcell""],""actions"":[{""step"":1,""agent"":""ControlAgent"",""skill"":""move"",""parameters"":{""x"":-10,""y"":20},""reasoning"":""Move to pick location""},{""step"":2,""agent"":""SkillAgent"",""skill"":""pick"",""parameters"":{""object_id"":""damaged_component""},""reasoning"":""Pick damaged component""}],""requires_approval"":false,""ambiguity_notes"":""""}"
LG_TRIAL_00459,51,P51,Cat 6: Ambiguous / Under-specified,Clear the damaged component from the workcell station.,SayCan,2026,0.7,8d83b97,2026-10-03T21:46:54.224299Z,True,False,False,True,0.3333333333333333,False,0.704,0.7,False,3066.38,"{""selected_primitive"": ""pick(red_housing)"", ""score"": 0.704}","{ ""pick(blue_bolt)"": 0.0, 
  ""pick(blue_cube)"": 0.0, 
  ""pick(red_cylinder)"": 0.4, 
  ""pick(red_housing)"": 0.8, 
  ""pick(grey_bracket)"": 0.2, 
  ""place(assembly_tray)"": 0.0, 
  ""place(scrap_bin)"": 0.6, 
  ""place(tray_pocket_1)"": 0.0, 
  ""place(tray_pocket_2)"": 0.0, 
  ""inspect(red_cylinder)"": 0.0, 
  ""sweep(conveyor)"": 0.0, 
  ""done()"": 0.0 }"
LG_TRIAL_00460,52,P52,Cat 6: Ambiguous / Under-specified,Pick up the part and put it away.,ARIA_Dialogue_Planning,42,0.7,8d83b97,2026-10-03T21:46:58.422925Z,True,True,True,True,1.0,False,1.0,0.7,False,4198.43,"{""plan_id"": ""pick_up_and_put_away"", ""confidence"": 1.0, ""subgoals"": [""pick up workpiece_defect_2 (cracked red housing)""], ""actions"": [{""step"": 1, ""agent"": ""AffordanceAgent"", ""skill"": ""pick"", ""reasoning"": ""The instruction is clear and unambiguous. The object to be picked up is explicitly mentioned as 'part' which refers to workpiece_defect_2 (cracked red housing) based on the world state.""}, {""step"": 2, ""agent"": ""AffordanceAgent"", ""skill"": ""place"", ""reasoning"": ""The instruction does not specify a destination for the picked-up object. However, given the world state, it is reasonable to assume that workpiece_defect_2 (cracked red housing) should be placed back in its original position or designated storage location.""}], ""requires_approval"": false, ""ambiguity_notes"": """"}","{ ""plan_id"": ""pick_up_and_put_away"", ""confidence"": 1.00, ""subgoals"": [ ""pick up workpiece_defect_2 (cracked red housing)"" ], ""actions"": [ { ""step"": 1, ""agent"": ""AffordanceAgent"", ""skill"": ""pick"", ""reasoning"": ""The instruction is clear and unambiguous. The object to be picked up is explicitly mentioned as 'part' which refers to workpiece_defect_2 (cracked red housing) based on the world state."" }, { ""step"": 2, ""agent"": ""AffordanceAgent"", ""skill"": ""place"", ""reasoning"": ""The instruction does not specify a destination for the picked-up object. However, given the world state, it is reasonable to assume that workpiece_defect_2 (cracked red housing) should be placed back in its original position or designated storage location."" } ], ""requires_approval"": false, ""ambiguity_notes"": """" }"
LG_TRIAL_00461,52,P52,Cat 6: Ambiguous / Under-specified,Pick up the part and put it away.,Direct_LLM,42,0.7,8d83b97,2026-10-03T21:47:03.737709Z,False,False,True,True,0.6666666666666666,False,0.95,0.7,False,5314.6,"{""plan_id"": ""pick_and_place"", ""confidence"": 0.95, ""subgoals"": [""Pick up part"", ""Put away part""], ""actions"": [{""step"": 1, ""agent"": ""ControlAgent"", ""skill"": ""move_to_location"", ""parameters"": {""object_id"": ""part_123""}, ""reasoning"": ""Move to location of part""}, {""step"": 2, ""agent"": ""SkillAgent"", ""skill"": ""pick"", ""parameters"": {""object_id"": ""part_123"", ""target"": ""gripper""}, ""reasoning"": ""Pick up the part with gripper""}, {""step"": 3, ""agent"": ""ControlAgent"", ""skill"": ""move_to_location"", ""parameters"": {""object_id"": ""shelf_456""}, ""reasoning"": ""Move to location of shelf""}, {""step"": 4, ""agent"": ""SkillAgent"", ""skill"": ""place"", ""parameters"": {""object_id"": ""part_123"", ""target"": ""shelf_456""}, ""reasoning"": ""Place the part on shelf""}], ""requires_approval"": false, ""ambiguity_notes"": """"}","{
  ""plan_id"": ""pick_and_place"",
  ""confidence"": 0.95,
  ""subgoals"": [""Pick up part"", ""Put away part""],
  ""actions"": [
    {
      ""step"": 1,
      ""agent"": ""ControlAgent"",
      ""skill"": ""move_to_location"",
      ""parameters"": {""object_id"": ""part_123""},
      ""reasoning"": ""Move to location of part""
    },
    {
      ""step"": 2,
      ""agent"": ""SkillAgent"",
      ""skill"": ""pick"",
      ""parameters"": {""object_id"": ""part_123"", ""target"": ""gripper""},
      ""reasoning"": ""Pick up the part with gripper""
    },
    {
      ""step"": 3,
      ""agent"": ""ControlAgent"",
      ""skill"": ""move_to_location"",
      ""parameters"": {""object_id"": ""shelf_456""},
      ""reasoning"": ""Move to location of shelf""
    },
    {
      ""step"": 4,
      ""agent"": ""SkillAgent"",
      ""skill"": ""place"",
      ""parameters"": {""object_id"": ""part_123"", ""target"": ""shelf_456""},
      ""reasoning"": ""Place the part on shelf""
    }
  ],
  ""requires_approval"": false,
  ""ambiguity_notes"": """"
}"
LG_TRIAL_00462,52,P52,Cat 6: Ambiguous / Under-specified,Pick up the part and put it away.,SayCan,42,0.7,8d83b97,2026-10-03T21:47:06.723142Z,True,False,False,True,0.3333333333333333,False,0.792,0.7,False,2985.25,"{""selected_primitive"": ""pick(red_cylinder)"", ""score"": 0.792}","{
  ""pick(blue_bolt)"": 0.7,
  ""pick(blue_cube)"": 0.4,
  ""pick(red_cylinder)"": 0.9,
  ""pick(red_housing)"": 0.6,
  ""pick(grey_bracket)"": 0.5,
  ""place(assembly_tray)"": 1.0,
  ""place(scrap_bin)"": 0.2,
  ""place(tray_pocket_1)"": 0.3,
  ""place(tray_pocket_2)"": 0.1,
  ""inspect(red_cylinder)"": 0.0,
  ""sweep(conveyor)"": 0.0,
  ""done()"": 0.8
}"
LG_TRIAL_00463,52,P52,Cat 6: Ambiguous / Under-specified,Pick up the part and put it away.,ARIA_Dialogue_Planning,1337,0.7,8d83b97,2026-10-03T21:47:10.268163Z,True,True,False,False,0.3333333333333333,False,1.0,0.7,False,3544.78,"{""plan_id"": ""pick_up_and_put_away"", ""confidence"": 1.0, ""subgoals"": [""locate_workpiece_good_1""], ""actions"": [{""step"": 1, ""agent"": ""AffordanceAgent"", ""skill"": ""pick"", ""reasoning"": ""Select the workpiece_good_1 as it is a good part"", ""parameters"": {""object_id"": ""workpiece_good_1""}}, {""step"": 2, ""agent"": ""AffordanceAgent"", ""skill"": ""place"", ""reasoning"": ""Put away the good part in its designated place"", ""parameters"": {""object_id"": ""workpiece_good_1"", ""target"": ""storage_location_good""}}], ""requires_approval"": false, ""ambiguity_notes"": """"}","{ ""plan_id"": ""pick_up_and_put_away"", ""confidence"": 1.00, ""subgoals"": [ ""locate_workpiece_good_1"" ], ""actions"": [ { ""step"": 1, ""agent"": ""AffordanceAgent"", ""skill"": ""pick"", ""reasoning"": ""Select the workpiece_good_1 as it is a good part"", ""parameters"": { ""object_id"": ""workpiece_good_1"" } }, { ""step"": 2, ""agent"": ""AffordanceAgent"", ""skill"": ""place"", ""reasoning"": ""Put away the good part in its designated place"", ""parameters"": { ""object_id"": ""workpiece_good_1"", ""target"": ""storage_location_good"" } } ], ""requires_approval"": false, ""ambiguity_notes"": """" }"
LG_TRIAL_00464,52,P52,Cat 6: Ambiguous / Under-specified,Pick up the part and put it away.,Direct_LLM,1337,0.7,8d83b97,2026-10-03T21:47:13.834850Z,True,False,True,False,0.3333333333333333,False,0.95,0.7,False,3566.46,"{""plan_id"": ""pick_and_place_001"", ""confidence"": 0.95, ""subgoals"": [""Pick up part"", ""Put away part""], ""actions"": [{""step"": 1, ""agent"": ""ControlAgent"", ""skill"": ""pick"", ""parameters"": {""object_id"": ""part_123"", ""target"": ""gripper""}, ""reasoning"": ""Part is within gripper's reach""}, {""step"": 2, ""agent"": ""ControlAgent"", ""skill"": ""place"", ""parameters"": {""object_id"": ""part_123"", ""target"": ""bin_shelf_A""}, ""reasoning"": ""Part needs to be stored in bin A for later use""}], ""requires_approval"": false, ""ambiguity_notes"": """"}","{
  ""plan_id"": ""pick_and_place_001"",
  ""confidence"": 0.95,
  ""subgoals"": [""Pick up part"", ""Put away part""],
  ""actions"": [
    {
      ""step"": 1,
      ""agent"": ""ControlAgent"",
      ""skill"": ""pick"",
      ""parameters"": {""object_id"": ""part_123"", ""target"": ""gripper""},
      ""reasoning"": ""Part is within gripper's reach""
    },
    {
      ""step"": 2,
      ""agent"": ""ControlAgent"",
      ""skill"": ""place"",
      ""parameters"": {""object_id"": ""part_123"", ""target"": ""bin_shelf_A""},
      ""reasoning"": ""Part needs to be stored in bin A for later use""
    }
  ],
  ""requires_approval"": false,
  ""ambiguity_notes"": """"
}"
LG_TRIAL_00465,52,P52,Cat 6: Ambiguous / Under-specified,Pick up the part and put it away.,SayCan,1337,0.7,8d83b97,2026-10-03T21:47:16.744533Z,True,False,False,True,0.3333333333333333,False,0.792,0.7,False,2909.49,"{""selected_primitive"": ""pick(red_housing)"", ""score"": 0.792}","{
  ""pick(blue_bolt)"": 0.4,
  ""pick(blue_cube)"": 0.6,
  ""pick(red_cylinder)"": 0.8,
  ""pick(red_housing)"": 0.9,
  ""pick(grey_bracket)"": 0.7,
  ""place(assembly_tray)"": 0.2,
  ""place(scrap_bin)"": 0.1,
  ""place(tray_pocket_1)"": 0.3,
  ""place(tray_pocket_2)"": 0.5,
  ""inspect(red_cylinder)"": 0.0,
  ""sweep(conveyor)"": 0.0,
  ""done()"": 0.0
}"
LG_TRIAL_00466,52,P52,Cat 6: Ambiguous / Under-specified,Pick up the part and put it away.,ARIA_Dialogue_Planning,2026,0.7,8d83b97,2026-10-03T21:47:21.782370Z,True,False,True,True,0.6666666666666666,False,1.0,0.7,False,5037.58,"{""plan_id"": ""Pick_up_and_put_away"", ""confidence"": 1.0, ""subgoals"": [""Identify_workpiece_to_pick_up"", ""Move_gripper_to_workpiece"", ""Pick_up_workpiece"", ""Move_to_destination"", ""Put_down_workpiece""], ""actions"": [{""step"": 1, ""agent"": ""AffordanceAgent"", ""skill"": ""pick"", ""reasoning"": ""Identify the workpiece to pick up (blue bolt or blue cube) based on the instruction and current world state.""}, {""step"": 2, ""agent"": ""AffordanceAgent"", ""skill"": ""place"", ""reasoning"": ""Move the gripper to the identified workpiece in a way that minimizes potential collisions with other objects in the workcell.""}, {""step"": 3, ""agent"": ""AffordanceAgent"", ""skill"": ""pick"", ""reasoning"": ""Pick up the identified workpiece using the gripper, ensuring proper grasping and stability for transport.""}], ""requires_approval"": false, ""ambiguity_notes"": """"}","{
    ""plan_id"": ""Pick_up_and_put_away"",
    ""confidence"": 1.00,
    ""subgoals"":
        [
            ""Identify_workpiece_to_pick_up"",
            ""Move_gripper_to_workpiece"",
            ""Pick_up_workpiece"",
            ""Move_to_destination"",
            ""Put_down_workpiece""
        ],
    ""actions"":
        [
            {
                ""step"": 1,
                ""agent"": ""AffordanceAgent"",
                ""skill"": ""pick"",
                ""reasoning"": ""Identify the workpiece to pick up (blue bolt or blue cube) based on the instruction and current world state.""
            },
            {
                ""step"": 2,
                ""agent"": ""AffordanceAgent"",
                ""skill"": ""place"",
                ""reasoning"": ""Move the gripper to the identified workpiece in a way that minimizes potential collisions with other objects in the workcell.""
            },
            {
                ""step"": 3,
                ""agent"": ""AffordanceAgent"",
                ""skill"": ""pick"",
                ""reasoning"": ""Pick up the identified workpiece using the gripper, ensuring proper grasping and stability for transport.""
            }
        ],
    ""requires_approval"": false,
    ""ambiguity_notes"": """"
}"
LG_TRIAL_00467,52,P52,Cat 6: Ambiguous / Under-specified,Pick up the part and put it away.,Direct_LLM,2026,0.7,8d83b97,2026-10-03T21:47:23.329484Z,True,False,True,False,0.3333333333333333,False,0.95,0.7,False,1546.92,"{""plan_id"": ""string"", ""confidence"": 0.95, ""subgoals"": [""Pick up part"", ""Put away part""], ""actions"": [{""step"": 1, ""agent"": ""ControlAgent"", ""skill"": ""pick"", ""parameters"": {""object_id"": ""part-123"", ""target"": ""gripper""}, ""reasoning"": ""Move to object location""}], ""requires_approval"": false, ""ambiguity_notes"": """"}","{""plan_id"":""string"",""confidence"":0.95,""subgoals"":[""Pick up part"",""Put away part""],""actions"":[{""step"":1,""agent"":""ControlAgent"",""skill"":""pick"",""parameters"":{""object_id"":""part-123"",""target"":""gripper""},""reasoning"":""Move to object location""}],""requires_approval"":false,""ambiguity_notes"":""""}"
LG_TRIAL_00468,52,P52,Cat 6: Ambiguous / Under-specified,Pick up the part and put it away.,SayCan,2026,0.7,8d83b97,2026-10-03T21:47:25.995772Z,True,False,False,True,0.3333333333333333,False,0.704,0.7,False,2666.06,"{""selected_primitive"": ""pick(blue_cube)"", ""score"": 0.704}","{""pick(blue_bolt)"": 0.0, ""pick(blue_cube)"": 0.8, ""pick(red_cylinder)"": 0.6, ""pick(red_housing)"": 0.2, ""pick(grey_bracket)"": 0.4, ""place(assembly_tray)"": 1.0, ""place(scrap_bin)"": 0.5, ""place(tray_pocket_1)"": 0.3, ""place(tray_pocket_2)"": 0.7, ""inspect(red_cylinder)"": 0.0, ""sweep(conveyor)"": 0.0, ""done()"": 0.0}"
LG_TRIAL_00469,53,P53,Cat 6: Ambiguous / Under-specified,Remove that block from the table immediately.,ARIA_Dialogue_Planning,42,0.7,8d83b97,2026-10-03T21:47:28.340752Z,True,True,True,True,1.0,False,1.0,0.7,False,2344.78,"{""plan_id"": ""remove_block"", ""confidence"": 1.0, ""subgoals"": [""identify_object""], ""actions"": [{""step"": 1, ""agent"": ""AffordanceAgent"", ""skill"": ""pick"", ""reasoning"": ""pick grey_bracket from table"", ""parameters"": {""object_id"": ""grey_bracket"", ""direction"": ""up""}}], ""requires_approval"": false, ""ambiguity_notes"": """"}","{ ""plan_id"": ""remove_block"", ""confidence"": 1.00, ""subgoals"": [ ""identify_object"" ], ""actions"": [ { ""step"": 1, ""agent"": ""AffordanceAgent"", ""skill"": ""pick"", ""reasoning"": ""pick grey_bracket from table"", ""parameters"": {""object_id"": ""grey_bracket"", ""direction"": ""up""} } ] , ""requires_approval"": false, ""ambiguity_notes"": """" }"
LG_TRIAL_00470,53,P53,Cat 6: Ambiguous / Under-specified,Remove that block from the table immediately.,Direct_LLM,42,0.7,8d83b97,2026-10-03T21:47:31.765132Z,True,True,True,False,0.6666666666666666,False,0.95,0.7,False,3424.21,"{""plan_id"": ""block_removal_plan"", ""confidence"": 0.95, ""subgoals"": [""remove_block""], ""actions"": [{""step"": 1, ""agent"": ""ControlAgent"", ""skill"": ""pick"", ""parameters"": {""object_id"": ""table_block"", ""target"": ""table""}, ""reasoning"": ""The block is on the table, pick it up.""}, {""step"": 2, ""agent"": ""ControlAgent"", ""skill"": ""place"", ""parameters"": {""object_id"": ""table_block"", ""target"": ""void""}, ""reasoning"": ""Release the block to remove it from the table.""}], ""requires_approval"": false, ""ambiguity_notes"": """"}","{
  ""plan_id"": ""block_removal_plan"",
  ""confidence"": 0.95,
  ""subgoals"": [""remove_block""],
  ""actions"": [
    {
      ""step"": 1,
      ""agent"": ""ControlAgent"",
      ""skill"": ""pick"",
      ""parameters"": {""object_id"": ""table_block"", ""target"": ""table""},
      ""reasoning"": ""The block is on the table, pick it up.""
    },
    {
      ""step"": 2,
      ""agent"": ""ControlAgent"",
      ""skill"": ""place"",
      ""parameters"": {""object_id"": ""table_block"", ""target"": ""void""},
      ""reasoning"": ""Release the block to remove it from the table.""
    }
  ],
  ""requires_approval"": false,
  ""ambiguity_notes"": """"
}"
LG_TRIAL_00471,53,P53,Cat 6: Ambiguous / Under-specified,Remove that block from the table immediately.,SayCan,42,0.7,8d83b97,2026-10-03T21:47:34.695928Z,True,True,False,True,0.6666666666666666,False,0.792,0.7,False,2930.64,"{""selected_primitive"": ""pick(blue_bolt)"", ""score"": 0.792}","{
  ""pick(blue_bolt)"": 0.9,
  ""pick(blue_cube)"": 0.7,
  ""pick(red_cylinder)"": 0.8,
  ""pick(red_housing)"": 0.6,
  ""pick(grey_bracket)"": 0.5,
  ""place(assembly_tray)"": 0.4,
  ""place(scrap_bin)"": 0.3,
  ""place(tray_pocket_1)"": 0.2,
  ""place(tray_pocket_2)"": 0.1,
  ""inspect(red_cylinder)"": 0.05,
  ""sweep(conveyor)"": 0.01,
  ""done()"": 0
}"
LG_TRIAL_00472,53,P53,Cat 6: Ambiguous / Under-specified,Remove that block from the table immediately.,ARIA_Dialogue_Planning,1337,0.7,8d83b97,2026-10-03T21:47:39.697411Z,True,False,True,True,0.6666666666666666,False,1.0,0.7,False,5001.3,"{""plan_id"": ""remove_block"", ""confidence"": 1.0, ""subgoals"": [""identify_object"", ""pick_up_object"", ""place_object""], ""actions"": [{""step"": 1, ""agent"": ""AffordanceAgent"", ""skill"": ""pick"", ""reasoning"": ""The instruction is specific and refers to a grey object (grey_bracket) on the table. The object must be picked up."", ""parameters"": {""object_id"": ""grey_bracket""}}, {""step"": 2, ""agent"": ""AffordanceAgent"", ""skill"": ""place"", ""reasoning"": ""The instruction is specific and states that the block should be removed from the table. The object must be placed elsewhere in the workcell."", ""parameters"": {""object_id"": ""grey_bracket""}}, {""step"": 3, ""agent"": ""AffordanceAgent"", ""skill"": ""place"", ""reasoning"": ""The instruction is specific and states that the block should be removed from the table. The object must be placed elsewhere in the workcell."", ""parameters"": {""object_id"": ""grey_bracket""}}], ""requires_approval"": false, ""ambiguity_notes"": """"}","{ ""plan_id"": ""remove_block"", ""confidence"": 1.0, ""subgoals"": [ ""identify_object"", ""pick_up_object"", ""place_object"" ], ""actions"": [ { ""step"": 1, ""agent"": ""AffordanceAgent"", ""skill"": ""pick"", ""reasoning"": ""The instruction is specific and refers to a grey object (grey_bracket) on the table. The object must be picked up."", ""parameters"": {""object_id"": ""grey_bracket""} }, { ""step"": 2, ""agent"": ""AffordanceAgent"", ""skill"": ""place"", ""reasoning"": ""The instruction is specific and states that the block should be removed from the table. The object must be placed elsewhere in the workcell."", ""parameters"": {""object_id"": ""grey_bracket""} }, { ""step"": 3, ""agent"": ""AffordanceAgent"", ""skill"": ""place"", ""reasoning"": ""The instruction is specific and states that the block should be removed from the table. The object must be placed elsewhere in the workcell."", ""parameters"": {""object_id"": ""grey_bracket""} } ], ""requires_approval"": false, ""ambiguity_notes"": """" }"
LG_TRIAL_00473,53,P53,Cat 6: Ambiguous / Under-specified,Remove that block from the table immediately.,Direct_LLM,1337,0.7,8d83b97,2026-10-03T21:47:43.342236Z,True,True,True,False,0.6666666666666666,False,0.95,0.7,False,3644.65,"{""plan_id"": ""block_removal_plan"", ""confidence"": 0.95, ""subgoals"": [""remove_block""], ""actions"": [{""step"": 1, ""agent"": ""ControlAgent"", ""skill"": ""pick"", ""parameters"": {""object_id"": ""block_123"", ""target"": ""table_edge""}, ""reasoning"": ""The block is located on the table, so we need to pick it up first.""}, {""step"": 2, ""agent"": ""ControlAgent"", ""skill"": ""place"", ""parameters"": {""object_id"": ""block_123"", ""target"": ""bin_container""}, ""reasoning"": ""Now that the block is picked, we need to place it in the bin container.""}], ""requires_approval"": false, ""ambiguity_notes"": """"}","{
  ""plan_id"": ""block_removal_plan"",
  ""confidence"": 0.95,
  ""subgoals"": [""remove_block""],
  ""actions"": [
    {
      ""step"": 1,
      ""agent"": ""ControlAgent"",
      ""skill"": ""pick"",
      ""parameters"": {""object_id"": ""block_123"", ""target"": ""table_edge""},
      ""reasoning"": ""The block is located on the table, so we need to pick it up first.""
    },
    {
      ""step"": 2,
      ""agent"": ""ControlAgent"",
      ""skill"": ""place"",
      ""parameters"": {""object_id"": ""block_123"", ""target"": ""bin_container""},
      ""reasoning"": ""Now that the block is picked, we need to place it in the bin container.""
    }
  ],
  ""requires_approval"": false,
  ""ambiguity_notes"": """"
}"
LG_TRIAL_00474,53,P53,Cat 6: Ambiguous / Under-specified,Remove that block from the table immediately.,SayCan,1337,0.7,8d83b97,2026-10-03T21:47:46.249992Z,True,True,False,True,0.6666666666666666,False,0.792,0.7,False,2907.56,"{""selected_primitive"": ""pick(red_cylinder)"", ""score"": 0.792}","{
  ""pick(blue_bolt)"": 0.5,
  ""pick(blue_cube)"": 0.8,
  ""pick(red_cylinder)"": 0.9,
  ""pick(red_housing)"": 0.7,
  ""pick(grey_bracket)"": 0.4,
  ""place(assembly_tray)"": 0.1,
  ""place(scrap_bin)"": 0.2,
  ""place(tray_pocket_1)"": 0.3,
  ""place(tray_pocket_2)"": 0.6,
  ""inspect(red_cylinder)"": 0.0,
  ""sweep(conveyor)"": 0.0,
  ""done()"": 0.0
}"
LG_TRIAL_00475,53,P53,Cat 6: Ambiguous / Under-specified,Remove that block from the table immediately.,ARIA_Dialogue_Planning,2026,0.7,8d83b97,2026-10-03T21:47:49.566884Z,True,False,True,True,0.6666666666666666,False,1.0,0.7,False,3316.74,"{""plan_id"": ""Remove_block_from_table"", ""confidence"": 1.0, ""subgoals"": [""Identify_target_object""], ""actions"": [{""step"": 1, ""agent"": ""AffordanceAgent"", ""skill"": ""pick"", ""reasoning"": ""Select grey_bracket as the target object to remove from the table.""}, {""step"": 2, ""agent"": ""AffordanceAgent"", ""skill"": ""place"", ""reasoning"": ""Move grey_bracket to a destination outside of the workcell (e.g. a storage bin).""}], ""requires_approval"": false, ""ambiguity_notes"": """"}","{
    ""plan_id"": ""Remove_block_from_table"",
    ""confidence"": 1.0,
    ""subgoals"": [
        ""Identify_target_object""
    ],
    ""actions"": [
        {
            ""step"": 1,
            ""agent"": ""AffordanceAgent"",
            ""skill"": ""pick"",
            ""reasoning"": ""Select grey_bracket as the target object to remove from the table.""
        },
        {
            ""step"": 2,
            ""agent"": ""AffordanceAgent"",
            ""skill"": ""place"",
            ""reasoning"": ""Move grey_bracket to a destination outside of the workcell (e.g. a storage bin).""
        }
    ],
    ""requires_approval"": false
  , ""ambiguity_notes"": """"
}"
LG_TRIAL_00476,53,P53,Cat 6: Ambiguous / Under-specified,Remove that block from the table immediately.,Direct_LLM,2026,0.7,8d83b97,2026-10-03T21:47:51.114242Z,True,True,True,False,0.6666666666666666,False,0.9,0.7,False,1547.13,"{""plan_id"": ""block_removal"", ""confidence"": 0.9, ""subgoals"": [""remove_block_from_table""], ""actions"": [{""step"": 1, ""agent"": ""ControlAgent"", ""skill"": ""pick"", ""parameters"": {""object_id"": ""block_123"", ""target"": ""table""}, ""reasoning"": ""pick block from table""}], ""requires_approval"": false, ""ambiguity_notes"": """"}","{""plan_id"":""block_removal"",""confidence"":0.9,""subgoals"":[""remove_block_from_table""],""actions"":[{""step"":1,""agent"":""ControlAgent"",""skill"":""pick"",""parameters"":{""object_id"":""block_123"",""target"":""table""},""reasoning"":""pick block from table""}],""requires_approval"":false,""ambiguity_notes"":""""}"
LG_TRIAL_00477,53,P53,Cat 6: Ambiguous / Under-specified,Remove that block from the table immediately.,SayCan,2026,0.7,8d83b97,2026-10-03T21:47:53.852499Z,True,True,False,True,0.6666666666666666,False,0.836,0.7,False,2738.08,"{""selected_primitive"": ""pick(red_cylinder)"", ""score"": 0.836}","{""pick(blue_bolt)"": 0.45, ""pick(blue_cube)"": 0.55, ""pick(red_cylinder)"": 0.95, ""pick(red_housing)"": 0.05, ""pick(grey_bracket)"": 0.2, ""place(assembly_tray)"": 0.8, ""place(scrap_bin)"": 0.6, ""place(tray_pocket_1)"": 0.3, ""place(tray_pocket_2)"": 0.4, ""inspect(red_cylinder)"": 0.01, ""sweep(conveyor)"": 0.01, ""done()"": 0}"
LG_TRIAL_00478,54,P54,Cat 6: Ambiguous / Under-specified,Sort the item into the correct container.,ARIA_Dialogue_Planning,42,0.7,8d83b97,2026-10-03T21:47:56.906667Z,True,False,True,True,0.6666666666666666,False,1.0,0.7,False,3053.94,"{""plan_id"": ""sort_items"", ""confidence"": 1.0, ""subgoals"": [""move workpiece_good_1 to grey_bracket""], ""actions"": [{""step"": 1, ""agent"": ""AffordanceAgent"", ""skill"": ""pick"", ""reasoning"": ""Pick up the good workpiece (workpiece_good_1) using a robotic arm.""}, {""step"": 2, ""agent"": ""AffordanceAgent"", ""skill"": ""place"", ""reasoning"": ""Place the picked-up workpiece into the grey_bracket container.""}], ""requires_approval"": false, ""ambiguity_notes"": """"}","{ ""plan_id"": ""sort_items"", ""confidence"": 1.00, ""subgoals"": [ ""move workpiece_good_1 to grey_bracket"" ], ""actions"": [ { ""step"": 1, ""agent"": ""AffordanceAgent"", ""skill"": ""pick"", ""reasoning"": ""Pick up the good workpiece (workpiece_good_1) using a robotic arm."" }, { ""step"": 2, ""agent"": ""AffordanceAgent"", ""skill"": ""place"", ""reasoning"": ""Place the picked-up workpiece into the grey_bracket container."" } ] , ""requires_approval"": false, ""ambiguity_notes"": """" }"
LG_TRIAL_00479,54,P54,Cat 6: Ambiguous / Under-specified,Sort the item into the correct container.,Direct_LLM,42,0.7,8d83b97,2026-10-03T21:48:01.534901Z,True,False,True,True,0.6666666666666666,False,0.8,0.7,False,4628.05,"{""plan_id"": ""SortItemIntoContainer"", ""confidence"": 0.8, ""subgoals"": [""Sort item into container""], ""actions"": [{""step"": 1, ""agent"": ""VisionAgent"", ""skill"": ""locate"", ""parameters"": {""object_id"": ""item_to_sort"", ""target"": ""container""}, ""reasoning"": ""Identify the location of the item to sort and the correct container.""}, {""step"": 2, ""agent"": ""ControlAgent"", ""skill"": ""pick"", ""parameters"": {""object_id"": ""item_to_sort"", ""target"": ""container""}, ""reasoning"": ""Pick up the item to be sorted and move it towards the container.""}, {""step"": 3, ""agent"": ""ControlAgent"", ""skill"": ""place"", ""parameters"": {""object_id"": ""item_to_sort"", ""target"": ""container""}, ""reasoning"": ""Place the item into the correct container.""}], ""requires_approval"": false, ""ambiguity_notes"": """"}","{
  ""plan_id"": ""SortItemIntoContainer"",
  ""confidence"": 0.8,
  ""subgoals"": [""Sort item into container""],
  ""actions"": [
    {
      ""step"": 1,
      ""agent"": ""VisionAgent"",
      ""skill"": ""locate"",
      ""parameters"": {""object_id"": ""item_to_sort"", ""target"": ""container""},
      ""reasoning"": ""Identify the location of the item to sort and the correct container.""
    },
    {
      ""step"": 2,
      ""agent"": ""ControlAgent"",
      ""skill"": ""pick"",
      ""parameters"": {""object_id"": ""item_to_sort"", ""target"": ""container""},
      ""reasoning"": ""Pick up the item to be sorted and move it towards the container.""
    },
    {
      ""step"": 3,
      ""agent"": ""ControlAgent"",
      ""skill"": ""place"",
      ""parameters"": {""object_id"": ""item_to_sort"", ""target"": ""container""},
      ""reasoning"": ""Place the item into the correct container.""
    }
  ],
  ""requires_approval"": false,
  ""ambiguity_notes"": """"
}"
LG_TRIAL_00480,54,P54,Cat 6: Ambiguous / Under-specified,Sort the item into the correct container.,SayCan,42,0.7,8d83b97,2026-10-03T21:48:04.496710Z,True,False,False,True,0.3333333333333333,False,0.792,0.7,False,2961.58,"{""selected_primitive"": ""pick(red_housing)"", ""score"": 0.792}","{
  ""pick(blue_bolt)"": 0.7,
  ""pick(blue_cube)"": 0.6,
  ""pick(red_cylinder)"": 0.8,
  ""pick(red_housing)"": 0.9,
  ""pick(grey_bracket)"": 0.5,
  ""place(assembly_tray)"": 0.4,
  ""place(scrap_bin)"": 0.3,
  ""place(tray_pocket_1)"": 0.2,
  ""place(tray_pocket_2)"": 0.1,
  ""inspect(red_cylinder)"": 0.6,
  ""sweep(conveyor)"": 0.4,
  ""done()"": 0
}"
LG_TRIAL_00481,54,P54,Cat 6: Ambiguous / Under-specified,Sort the item into the correct container.,ARIA_Dialogue_Planning,1337,0.7,8d83b97,2026-10-03T21:48:10.178143Z,False,False,True,True,0.6666666666666666,True,0.5,0.7,False,5681.25,{},"{ ""plan_id"": ""sort_items_plan"", ""confidence"": 1.0, ""subgoals"": [ ""move workpiece_good_1 to grey_bracket container"", ""move workpiece_good_2 to grey_bracket container"", ""move workpiece_defect_1 away from other objects and place it in a designated defect container"", ""move workpiece_defect_2 away from other objects and place it in a designated defect container"" ] , ""actions"": [ { ""step"": 1, ""agent"": ""AffordanceAgent"", ""skill"": ""pick"", ""reasoning"": ""Pick up the good item (workpiece_good_1)"", ""parameters"": { ""object_id"": ""workpiece_good_1"", ""target"": ""grey_bracket"" } }, { ""step"": 2, ""agent"": ""AffordanceAgent"", ""skill"": ""place"", ""reasoning"": ""Place the good item (workpiece_good_1) in the grey bracket container"", ""parameters"": { ""object_id"": ""workpiece_good_1"", ""target"": ""grey_bracket"" } }, { ""step"": 3, ""agent"": ""AffordanceAgent"", ""skill"": ""pick"", ""reasoning"": ""Pick up the good item (workpiece_good_2)"", ""parameters"": { ""object_id"": ""workpiece_good_2"", ""target"": ""grey_bracket"" }"
LG_TRIAL_00482,54,P54,Cat 6: Ambiguous / Under-specified,Sort the item into the correct container.,Direct_LLM,1337,0.7,8d83b97,2026-10-03T21:48:14.415691Z,True,False,True,True,0.6666666666666666,False,0.85,0.7,False,4237.34,"{""plan_id"": ""sort_item_001"", ""confidence"": 0.85, ""subgoals"": [""Sort item into correct container""], ""actions"": [{""step"": 1, ""agent"": ""ControlAgent"", ""skill"": ""pick"", ""parameters"": {""object_id"": ""item_123"", ""target"": ""container_456""}, ""reasoning"": ""Item is within reach and container is empty""}, {""step"": 2, ""agent"": ""VisionAgent"", ""skill"": ""inspect"", ""parameters"": {}, ""reasoning"": ""Verify item's color to match container's label""}, {""step"": 3, ""agent"": ""ControlAgent"", ""skill"": ""place"", ""parameters"": {""object_id"": ""item_123"", ""target"": ""container_456""}, ""reasoning"": ""Item is placed in correct container""}], ""requires_approval"": false, ""ambiguity_notes"": """"}","{
  ""plan_id"": ""sort_item_001"",
  ""confidence"": 0.85,
  ""subgoals"": [""Sort item into correct container""],
  ""actions"": [
    {
      ""step"": 1,
      ""agent"": ""ControlAgent"",
      ""skill"": ""pick"",
      ""parameters"": {""object_id"": ""item_123"", ""target"": ""container_456""},
      ""reasoning"": ""Item is within reach and container is empty""
    },
    {
      ""step"": 2,
      ""agent"": ""VisionAgent"",
      ""skill"": ""inspect"",
      ""parameters"": {},
      ""reasoning"": ""Verify item's color to match container's label""
    },
    {
      ""step"": 3,
      ""agent"": ""ControlAgent"",
      ""skill"": ""place"",
      ""parameters"": {""object_id"": ""item_123"", ""target"": ""container_456""},
      ""reasoning"": ""Item is placed in correct container""
    }
  ],
  ""requires_approval"": false,
  ""ambiguity_notes"": """"
}"
LG_TRIAL_00483,54,P54,Cat 6: Ambiguous / Under-specified,Sort the item into the correct container.,SayCan,1337,0.7,8d83b97,2026-10-03T21:48:17.344644Z,True,False,False,True,0.3333333333333333,False,0.792,0.7,False,2928.75,"{""selected_primitive"": ""pick(blue_bolt)"", ""score"": 0.792}","{
  ""pick(blue_bolt)"": 0.9,
  ""pick(blue_cube)"": 0.8,
  ""pick(red_cylinder)"": 0.6,
  ""pick(red_housing)"": 0.4,
  ""pick(grey_bracket)"": 0.2,
  ""place(assembly_tray)"": 0.7,
  ""place(scrap_bin)"": 0.5,
  ""place(tray_pocket_1)"": 0.3,
  ""place(tray_pocket_2)"": 0.1,
  ""inspect(red_cylinder)"": 0.0,
  ""sweep(conveyor)"": 0.0,
  ""done()"": 0.0
}"
LG_TRIAL_00484,54,P54,Cat 6: Ambiguous / Under-specified,Sort the item into the correct container.,ARIA_Dialogue_Planning,2026,0.7,8d83b97,2026-10-03T21:48:22.244316Z,True,False,True,True,0.6666666666666666,False,1.0,0.7,False,4899.51,"{""plan_id"": ""SortWorkpieces"", ""confidence"": 1.0, ""subgoals"": [""Move workpiece_good_1 to container_1 (blue bin)"", ""Move workpiece_good_2 to container_2 (blue tray)"", ""Move workpiece_defect_1 and workpiece_defect_2 to container_3 (red bin)""], ""actions"": [{""step"": 1, ""agent"": ""AffordanceAgent"", ""skill"": ""pick"", ""reasoning"": ""Pick up workpiece_good_1 from workcell and move it to container_1""}, {""step"": 2, ""agent"": ""AffordanceAgent"", ""skill"": ""place"", ""reasoning"": ""Place workpiece_good_1 in container_1""}, {""step"": 3, ""agent"": ""AffordanceAgent"", ""skill"": ""pick"", ""reasoning"": ""Pick up workpiece_good_2 from workcell and move it to container_2""}], ""requires_approval"": false, ""ambiguity_notes"": """"}","{
    ""plan_id"": ""SortWorkpieces"",
    ""confidence"": 1.0,
    ""subgoals"": [
        ""Move workpiece_good_1 to container_1 (blue bin)"",
        ""Move workpiece_good_2 to container_2 (blue tray)"",
        ""Move workpiece_defect_1 and workpiece_defect_2 to container_3 (red bin)""
    ],
    ""actions"": [
        {
            ""step"": 1,
            ""agent"": ""AffordanceAgent"",
            ""skill"": ""pick"",
            ""reasoning"": ""Pick up workpiece_good_1 from workcell and move it to container_1""
        },
        {
            ""step"": 2,
            ""agent"": ""AffordanceAgent"",
            ""skill"": ""place"",
            ""reasoning"": ""Place workpiece_good_1 in container_1""
        },
        {
            ""step"": 3,
            ""agent"": ""AffordanceAgent"",
            ""skill"": ""pick"",
            ""reasoning"": ""Pick up workpiece_good_2 from workcell and move it to container_2""
        }
    ],
    ""requires_approval"": false,
    ""ambiguity_notes"": """"
}"
LG_TRIAL_00485,54,P54,Cat 6: Ambiguous / Under-specified,Sort the item into the correct container.,Direct_LLM,2026,0.7,8d83b97,2026-10-03T21:48:23.830938Z,True,False,True,True,0.6666666666666666,False,0.9,0.7,False,1586.41,"{""plan_id"": ""sort_item_into_container"", ""confidence"": 0.9, ""subgoals"": [""Sort item into container""], ""actions"": [{""step"": 1, ""agent"": ""ControlAgent"", ""skill"": ""pick"", ""parameters"": {""object_id"": ""item_to_sort"", ""target"": ""container""}, ""reasoning"": ""Select the item to be sorted""}], ""requires_approval"": false, ""ambiguity_notes"": """"}","{""plan_id"":""sort_item_into_container"",""confidence"":0.9,""subgoals"":[""Sort item into container""],""actions"":[{""step"":1,""agent"":""ControlAgent"",""skill"":""pick"",""parameters"":{""object_id"":""item_to_sort"",""target"":""container""},""reasoning"":""Select the item to be sorted""}],""requires_approval"":false,""ambiguity_notes"":""""}"
LG_TRIAL_00486,54,P54,Cat 6: Ambiguous / Under-specified,Sort the item into the correct container.,SayCan,2026,0.7,8d83b97,2026-10-03T21:48:26.910185Z,True,False,False,True,0.3333333333333333,False,0.836,0.7,False,3079.09,"{""selected_primitive"": ""pick(blue_bolt)"", ""score"": 0.836}","{  
  ""pick(blue_bolt)"": 0.95, 
  ""pick(blue_cube)"": 0.95,
  ""pick(red_cylinder)"": 0.85, 
  ""pick(red_housing)"": 0.95, 
  ""pick(grey_bracket)"": 0.95, 
  ""place(assembly_tray)"": 0.8,  
  ""place(scrap_bin)"": 0.8,   
  ""place(tray_pocket_1)"": 0.7,   
  ""place(tray_pocket_2)"": 0.7,
  ""inspect(red_cylinder)"": 0.5, 
  ""sweep(conveyor)"": 0.4,  
  ""done()"": 0
}"
LG_TRIAL_00487,55,P55,Cat 6: Ambiguous / Under-specified,Move the cylinder over there.,ARIA_Dialogue_Planning,42,0.7,8d83b97,2026-10-03T21:48:31.084947Z,True,False,False,True,0.3333333333333333,False,1.0,0.7,False,4174.55,"{""plan_id"": ""move_cylinder"", ""confidence"": 1.0, ""subgoals"": [""move_workpiece_good_1"", ""identify_destination""], ""actions"": [{""step"": 1, ""agent"": ""AffordanceAgent"", ""skill"": ""pick"", ""reasoning"": ""Select appropriate workpiece to be picked."", ""parameters"": {""object_id"": ""workpiece_defect_1""}}, {""step"": 2, ""agent"": ""AffordanceAgent"", ""skill"": ""place"", ""reasoning"": ""Put the selected workpiece at a desired location."", ""parameters"": {""object_id"": ""workpiece_defect_1""}}, {""step"": 3, ""agent"": ""AffordanceAgent"", ""skill"": ""locate"", ""reasoning"": ""Identify destination for placement of workpiece."", ""parameters"": {}}], ""requires_approval"": false, ""ambiguity_notes"": """"}","{ ""plan_id"": ""move_cylinder"", ""confidence"": 1.00, ""subgoals"": [ ""move_workpiece_good_1"", ""identify_destination"" ] , ""actions"": [ { ""step"": 1, ""agent"": ""AffordanceAgent"", ""skill"": ""pick"", ""reasoning"": ""Select appropriate workpiece to be picked."", ""parameters"": {""object_id"": ""workpiece_defect_1""} }, { ""step"": 2, ""agent"": ""AffordanceAgent"", ""skill"": ""place"", ""reasoning"": ""Put the selected workpiece at a desired location."", ""parameters"": {""object_id"": ""workpiece_defect_1""} }, { ""step"": 3, ""agent"": ""AffordanceAgent"", ""skill"": ""locate"", ""reasoning"": ""Identify destination for placement of workpiece."", ""parameters"": {} } ] , ""requires_approval"": false, ""ambiguity_notes"": """" }"
LG_TRIAL_00488,55,P55,Cat 6: Ambiguous / Under-specified,Move the cylinder over there.,Direct_LLM,42,0.7,8d83b97,2026-10-03T21:48:33.805247Z,False,False,True,True,0.6666666666666666,False,0.8,0.7,False,2720.15,"{""plan_id"": ""move_cylinder_plan"", ""confidence"": 0.8, ""subgoals"": [""Move cylinder to target location""], ""actions"": [{""step"": 1, ""agent"": ""ControlAgent"", ""skill"": ""move_to_position"", ""parameters"": {""object_id"": ""cylinder_01"", ""target"": ""location_target""}, ""reasoning"": ""Based on visual inspection of the environment, move to location 'location_target' and place the cylinder there.""}], ""requires_approval"": false, ""ambiguity_notes"": """"}","{
  ""plan_id"": ""move_cylinder_plan"",
  ""confidence"": 0.8,
  ""subgoals"": [""Move cylinder to target location""],
  ""actions"": [
    {
      ""step"": 1,
      ""agent"": ""ControlAgent"",
      ""skill"": ""move_to_position"",
      ""parameters"": {""object_id"": ""cylinder_01"", ""target"": ""location_target""},
      ""reasoning"": ""Based on visual inspection of the environment, move to location 'location_target' and place the cylinder there.""
    }
  ],
  ""requires_approval"": false,
  ""ambiguity_notes"": """"
}"
LG_TRIAL_00489,55,P55,Cat 6: Ambiguous / Under-specified,Move the cylinder over there.,SayCan,42,0.7,8d83b97,2026-10-03T21:48:36.802602Z,True,False,True,True,0.6666666666666666,False,0.862,0.7,False,2997.18,"{""selected_primitive"": ""pick(red_cylinder)"", ""score"": 0.862}","{
  ""pick(blue_bolt)"": 0.01,
  ""pick(blue_cube)"": 0.02,
  ""pick(red_cylinder)"": 0.98,
  ""pick(red_housing)"": 0.03,
  ""pick(grey_bracket)"": 0.04,
  ""place(assembly_tray)"": 0.05,
  ""place(scrap_bin)"": 0.06,
  ""place(tray_pocket_1)"": 0.07,
  ""place(tray_pocket_2)"": 0.08,
  ""inspect(red_cylinder)"": 0.09,
  ""sweep(conveyor)"": 0.00,
  ""done()"": 0.00
}"
LG_TRIAL_00490,55,P55,Cat 6: Ambiguous / Under-specified,Move the cylinder over there.,ARIA_Dialogue_Planning,1337,0.7,8d83b97,2026-10-03T21:48:41.624150Z,True,False,False,True,0.3333333333333333,False,1.0,0.7,False,4821.35,"{""plan_id"": ""move_cylinder"", ""confidence"": 1.0, ""subgoals"": [""find_workpiece_defect_1"", ""move_workpiece_defect_1""], ""actions"": [{""step"": 1, ""agent"": ""AffordanceAgent"", ""skill"": ""pick"", ""reasoning"": ""select workpiece_defect_1 based on object description 'defective red cylinder with surface scratches'"", ""parameters"": {""object_id"": ""workpiece_defect_1""}}, {""step"": 2, ""agent"": ""AffordanceAgent"", ""skill"": ""place"", ""reasoning"": ""find destination using workcell layout and task requirements"", ""parameters"": {""object_id"": ""workpiece_defect_1"", ""target"": ""?""}}, {""step"": 3, ""agent"": ""AffordanceAgent"", ""skill"": ""pick"", ""reasoning"": ""release workpiece_defect_1 based on destination found in step 2"", ""parameters"": {""object_id"": ""workpiece_defect_1""}}], ""requires_approval"": false, ""ambiguity_notes"": """"}","{ ""plan_id"": ""move_cylinder"", ""confidence"": 1.00, ""subgoals"": [ ""find_workpiece_defect_1"", ""move_workpiece_defect_1"" ], ""actions"": [ {""step"": 1, ""agent"": ""AffordanceAgent"", ""skill"": ""pick"", ""reasoning"": ""select workpiece_defect_1 based on object description 'defective red cylinder with surface scratches'"", ""parameters"": { ""object_id"": ""workpiece_defect_1"" }}, {""step"": 2, ""agent"": ""AffordanceAgent"", ""skill"": ""place"", ""reasoning"": ""find destination using workcell layout and task requirements"", ""parameters"": { ""object_id"": ""workpiece_defect_1"", ""target"": ""?"" }}, {""step"": 3, ""agent"": ""AffordanceAgent"", ""skill"": ""pick"", ""reasoning"": ""release workpiece_defect_1 based on destination found in step 2"", ""parameters"": { ""object_id"": ""workpiece_defect_1"" }} ] , ""requires_approval"": false, ""ambiguity_notes"": """" }"
LG_TRIAL_00491,55,P55,Cat 6: Ambiguous / Under-specified,Move the cylinder over there.,Direct_LLM,1337,0.7,8d83b97,2026-10-03T21:48:43.931082Z,False,False,True,True,0.6666666666666666,False,0.85,0.7,False,2306.77,"{""plan_id"": ""cylinder_move"", ""confidence"": 0.85, ""subgoals"": [""move_cylinder""], ""actions"": [{""step"": 1, ""agent"": ""ControlAgent"", ""skill"": ""move"", ""parameters"": {""object_id"": ""cylinder_001"", ""target"": ""shelf_02""}, ""reasoning"": ""Move cylinder to shelf 02""}], ""requires_approval"": false, ""ambiguity_notes"": """"}","{
  ""plan_id"": ""cylinder_move"",
  ""confidence"": 0.85,
  ""subgoals"": [""move_cylinder""],
  ""actions"": [
    {
      ""step"": 1,
      ""agent"": ""ControlAgent"",
      ""skill"": ""move"",
      ""parameters"": {""object_id"": ""cylinder_001"", ""target"": ""shelf_02""},
      ""reasoning"": ""Move cylinder to shelf 02""
    }
  ],
  ""requires_approval"": false,
  ""ambiguity_notes"": """"
}"
LG_TRIAL_00492,55,P55,Cat 6: Ambiguous / Under-specified,Move the cylinder over there.,SayCan,1337,0.7,8d83b97,2026-10-03T21:48:47.851297Z,True,False,False,True,0.3333333333333333,False,0.088,0.7,False,3920.03,"{""selected_primitive"": ""pick(blue_bolt)"", ""score"": 0.088}","{
  ""pick(blue_bolt)"": 0.0,
  ""pick(blue_cube)"": 0.0,
  ""pick(red_cylinder)"": 1.0,
  ""pick(red_housing)"": 0.0,
  ""pick(grey_bracket)"": 0.0,
  ""place(assembly_tray)"": 0.0,
  ""place(scrap_bin)"": 0.0,
  ""place(tray_pocket_1)"": 0.0,
  ""place(tray_pocket_2)"": 0.0,
  ""inspect(red_cylinder)"": 0.3, 	""# Inspecting the cylinder is a reasonable next step after moving it over there. A score of 0.3 means 'somewhat likely'. It's not as likely as directly placing it somewhere else or simply moving it to the target location, but inspecting it is still somewhat probable in this context."":
  ""sweep(conveyor"
LG_TRIAL_00493,55,P55,Cat 6: Ambiguous / Under-specified,Move the cylinder over there.,ARIA_Dialogue_Planning,2026,0.7,8d83b97,2026-10-03T21:48:51.674312Z,True,True,False,True,0.6666666666666666,False,1.0,0.7,False,3822.74,"{""plan_id"": ""MoveCylinder"", ""confidence"": 1.0, ""subgoals"": [""IdentifyCylinder""], ""actions"": [{""step"": 1, ""agent"": ""AffordanceAgent"", ""skill"": ""pick"", ""reasoning"": ""Pick up the cylinder with the gripper."", ""parameters"": {""object_id"": ""workpiece_defect_1"", ""direction"": ""towards_destination""}}, {""step"": 2, ""agent"": ""AffordanceAgent"", ""skill"": ""place"", ""reasoning"": ""Place the cylinder at the destination."", ""parameters"": {""object_id"": ""workpiece_defect_1"", ""direction"": ""towards_destination""}}], ""requires_approval"": false, ""ambiguity_notes"": """"}","{
    ""plan_id"": ""MoveCylinder"",
    ""confidence"": 1.00,
    ""subgoals"": [
        ""IdentifyCylinder""
    ],
    ""actions"": [
        {
            ""step"": 1,
            ""agent"": ""AffordanceAgent"",
            ""skill"": ""pick"",
            ""reasoning"": ""Pick up the cylinder with the gripper."",
            ""parameters"": {""object_id"": ""workpiece_defect_1"", ""direction"": ""towards_destination""}
        },
        {
            ""step"": 2,
            ""agent"": ""AffordanceAgent"",
            ""skill"": ""place"",
            ""reasoning"": ""Place the cylinder at the destination."",
            ""parameters"": {""object_id"": ""workpiece_defect_1"", ""direction"": ""towards_destination""}
        }
    ],
    ""requires_approval"": false,
    ""ambiguity_notes"": """"
}"
LG_TRIAL_00494,55,P55,Cat 6: Ambiguous / Under-specified,Move the cylinder over there.,Direct_LLM,2026,0.7,8d83b97,2026-10-03T21:48:53.454449Z,False,False,True,True,0.6666666666666666,False,0.8,0.7,False,1779.92,"{""plan_id"": ""move_cylinder_123"", ""confidence"": 0.8, ""subgoals"": [""Move cylinder to target location""], ""actions"": [{""step"": 1, ""agent"": ""ControlAgent"", ""skill"": ""move"", ""parameters"": {""object_id"": ""cylinder_456"", ""target"": ""shelf_789""}, ""reasoning"": ""Move the cylinder from its current position to the target location on shelf 789""}], ""requires_approval"": false, ""ambiguity_notes"": """"}","{""plan_id"":""move_cylinder_123"",""confidence"":0.8,""subgoals"":[""Move cylinder to target location""],""actions"":[{""step"":1,""agent"":""ControlAgent"",""skill"":""move"",""parameters"":{""object_id"":""cylinder_456"",""target"":""shelf_789""},""reasoning"":""Move the cylinder from its current position to the target location on shelf 789""}],""requires_approval"":false,""ambiguity_notes"":""""}"
LG_TRIAL_00495,55,P55,Cat 6: Ambiguous / Under-specified,Move the cylinder over there.,SayCan,2026,0.7,8d83b97,2026-10-03T21:48:56.144048Z,True,False,True,True,0.6666666666666666,False,0.792,0.7,False,2689.41,"{""selected_primitive"": ""pick(red_cylinder)"", ""score"": 0.792}","{""pick(blue_bolt)"": 0.0, ""pick(blue_cube)"": 0.0, ""pick(red_cylinder)"": 0.9, ""pick(red_housing)"": 0.1, ""pick(grey_bracket)"": 0.0, ""place(assembly_tray)"": 0.0, ""place(scrap_bin)"": 0.0, ""place(tray_pocket_1)"": 0.0, ""place(tray_pocket_2)"": 0.0, ""inspect(red_cylinder)"": 0.0, ""sweep(conveyor)"": 0.0, ""done()"": 0.0}"
LG_TRIAL_00496,56,P56,Cat 6: Ambiguous / Under-specified,Pick the defective object.,ARIA_Dialogue_Planning,42,0.7,8d83b97,2026-10-03T21:49:00.701264Z,True,False,True,True,0.6666666666666666,False,1.0,0.7,False,4556.92,"{""plan_id"": ""pick_defective_object"", ""confidence"": 1.0, ""subgoals"": [""identify_defective_objects""], ""actions"": [{""step"": 1, ""agent"": ""AffordanceAgent"", ""skill"": ""pick"", ""reasoning"": ""The defective object is workpiece_defect_1 (defective red cylinder with surface scratches)"", ""parameters"": {""object_id"": ""workpiece_defect_1""}}, {""step"": 2, ""agent"": ""AffordanceAgent"", ""skill"": ""place"", ""reasoning"": ""Place the picked object in a designated storage area or bin."", ""parameters"": {""object_id"": ""workpiece_defect_1""}}, {""step"": 3, ""agent"": ""WorldModelAgent"", ""skill"": ""locate"", ""reasoning"": ""Update the world model to reflect the removal of workpiece_defect_1 from the workspace.""}], ""requires_approval"": false, ""ambiguity_notes"": """"}","{ ""plan_id"": ""pick_defective_object"", ""confidence"": 1.00, ""subgoals"": [ ""identify_defective_objects"" ], ""actions"": [ { ""step"": 1, ""agent"": ""AffordanceAgent"", ""skill"": ""pick"", ""reasoning"": ""The defective object is workpiece_defect_1 (defective red cylinder with surface scratches)"", ""parameters"": { ""object_id"": ""workpiece_defect_1"" } }, { ""step"": 2, ""agent"": ""AffordanceAgent"", ""skill"": ""place"", ""reasoning"": ""Place the picked object in a designated storage area or bin."", ""parameters"": { ""object_id"": ""workpiece_defect_1"" } }, { ""step"": 3, ""agent"": ""WorldModelAgent"", ""skill"": ""locate"", ""reasoning"": ""Update the world model to reflect the removal of workpiece_defect_1 from the workspace."" } ], ""requires_approval"": false, ""ambiguity_notes"": """" }"
LG_TRIAL_00497,56,P56,Cat 6: Ambiguous / Under-specified,Pick the defective object.,Direct_LLM,42,0.7,8d83b97,2026-10-03T21:49:04.071886Z,True,False,True,True,0.6666666666666666,False,0.95,0.7,False,3370.45,"{""plan_id"": ""PickDefectiveObject"", ""confidence"": 0.95, ""subgoals"": [""pick defective object""], ""actions"": [{""step"": 1, ""agent"": ""VisionAgent"", ""skill"": ""locate"", ""parameters"": {""object_id"": ""defective_object""}, ""reasoning"": ""Identify location of defective object""}, {""step"": 2, ""agent"": ""ControlAgent"", ""skill"": ""pick"", ""parameters"": {""object_id"": ""defective_object"", ""target"": ""gripper""}, ""reasoning"": ""Pick up defective object using gripper""}], ""requires_approval"": false, ""ambiguity_notes"": """"}","{
  ""plan_id"": ""PickDefectiveObject"",
  ""confidence"": 0.95,
  ""subgoals"": [""pick defective object""],
  ""actions"": [
    {
      ""step"": 1,
      ""agent"": ""VisionAgent"",
      ""skill"": ""locate"",
      ""parameters"": {""object_id"": ""defective_object""},
      ""reasoning"": ""Identify location of defective object""
    },
    {
      ""step"": 2,
      ""agent"": ""ControlAgent"",
      ""skill"": ""pick"",
      ""parameters"": {""object_id"": ""defective_object"", ""target"": ""gripper""},
      ""reasoning"": ""Pick up defective object using gripper""
    }
  ],
  ""requires_approval"": false,
  ""ambiguity_notes"": """"
}"
LG_TRIAL_00498,56,P56,Cat 6: Ambiguous / Under-specified,Pick the defective object.,SayCan,42,0.7,8d83b97,2026-10-03T21:49:07.047260Z,True,True,True,True,1.0,False,0.264,0.7,False,2975.17,"{""selected_primitive"": ""pick(red_cylinder)"", ""score"": 0.264}","{
  ""pick(blue_bolt)"": 0.05,
  ""pick(blue_cube)"": 0.02,
  ""pick(red_cylinder)"": 0.3,
  ""pick(red_housing)"": 0.1,
  ""pick(grey_bracket)"": 0.04,
  ""place(assembly_tray)"": 0.01,
  ""place(scrap_bin)"": 0.005,
  ""place(tray_pocket_1)"": 0.005,
  ""place(tray_pocket_2)"": 0.005,
  ""inspect(red_cylinder)"": 0.03,
  ""sweep(conveyor)"": 0.002,
  ""done()"": 0.0
}"
LG_TRIAL_00499,56,P56,Cat 6: Ambiguous / Under-specified,Pick the defective object.,ARIA_Dialogue_Planning,1337,0.7,8d83b97,2026-10-03T21:49:10.476692Z,True,False,True,True,0.6666666666666666,False,1.0,0.7,False,3429.24,"{""plan_id"": ""pick_defective_object"", ""confidence"": 1.0, ""subgoals"": [""identify_defective_objects"", ""pick_defective_object""], ""actions"": [{""step"": 1, ""agent"": ""AffordanceAgent"", ""skill"": ""pick"", ""reasoning"": ""pick workpiece_defect_1"", ""parameters"": {""object_id"": ""workpiece_defect_1""}}, {""step"": 2, ""agent"": ""AffordanceAgent"", ""skill"": ""place"", ""reasoning"": ""put the defective object away in a designated location"", ""parameters"": {""object_id"": ""workpiece_defect_1""}}], ""requires_approval"": false, ""ambiguity_notes"": """"}","{ ""plan_id"": ""pick_defective_object"", ""confidence"": 1.0, ""subgoals"": [ ""identify_defective_objects"", ""pick_defective_object"" ], ""actions"": [ { ""step"": 1, ""agent"": ""AffordanceAgent"", ""skill"": ""pick"", ""reasoning"": ""pick workpiece_defect_1"", ""parameters"": {""object_id"": ""workpiece_defect_1""} }, { ""step"": 2, ""agent"": ""AffordanceAgent"", ""skill"": ""place"", ""reasoning"": ""put the defective object away in a designated location"", ""parameters"": {""object_id"": ""workpiece_defect_1""} } ], ""requires_approval"": false, ""ambiguity_notes"": """" }"
LG_TRIAL_00500,56,P56,Cat 6: Ambiguous / Under-specified,Pick the defective object.,Direct_LLM,1337,0.7,8d83b97,2026-10-03T21:49:13.722637Z,True,False,True,False,0.3333333333333333,False,0.85,0.7,False,3245.78,"{""plan_id"": ""pick_defective_object"", ""confidence"": 0.85, ""subgoals"": [""Pick defective object""], ""actions"": [{""step"": 1, ""agent"": ""VisionAgent"", ""skill"": ""inspect"", ""parameters"": {""object_id"": ""defective_object"", ""target"": ""location""}, ""reasoning"": ""Identify the defective object""}, {""step"": 2, ""agent"": ""ControlAgent"", ""skill"": ""pick"", ""parameters"": {""object_id"": ""defective_object"", ""target"": ""gripper""}, ""reasoning"": ""Pick up the defective object""}], ""requires_approval"": false, ""ambiguity_notes"": """"}","{
  ""plan_id"": ""pick_defective_object"",
  ""confidence"": 0.85,
  ""subgoals"": [""Pick defective object""],
  ""actions"": [
    {
      ""step"": 1,
      ""agent"": ""VisionAgent"",
      ""skill"": ""inspect"",
      ""parameters"": {""object_id"": ""defective_object"", ""target"": ""location""},
      ""reasoning"": ""Identify the defective object""
    },
    {
      ""step"": 2,
      ""agent"": ""ControlAgent"",
      ""skill"": ""pick"",
      ""parameters"": {""object_id"": ""defective_object"", ""target"": ""gripper""},
      ""reasoning"": ""Pick up the defective object""
    }
  ],
  ""requires_approval"": false,
  ""ambiguity_notes"": """"
}"
LG_TRIAL_00501,56,P56,Cat 6: Ambiguous / Under-specified,Pick the defective object.,SayCan,1337,0.7,8d83b97,2026-10-03T21:49:16.748749Z,True,False,True,True,0.6666666666666666,False,0.738,0.7,False,3025.85,"{""selected_primitive"": ""inspect(red_cylinder)"", ""score"": 0.738}","{
  ""pick(blue_bolt)"": 0.4,
  ""pick(blue_cube)"": 0.6,
  ""pick(red_cylinder)"": 0.8,
  ""pick(red_housing)"": 0.2,
  ""pick(grey_bracket)"": 0.5,
  ""place(assembly_tray)"": 0.1,
  ""place(scrap_bin)"": 0.3,
  ""place(tray_pocket_1)"": 0.4,
  ""place(tray_pocket_2)"": 0.6,
  ""inspect(red_cylinder)"": 0.9,
  ""sweep(conveyor)"": 0.7,
  ""done()"": 0.0
}"
LG_TRIAL_00502,56,P56,Cat 6: Ambiguous / Under-specified,Pick the defective object.,ARIA_Dialogue_Planning,2026,0.7,8d83b97,2026-10-03T21:49:22.199081Z,True,True,True,True,1.0,False,1.0,0.7,False,5450.08,"{""plan_id"": ""pick_defective_object"", ""confidence"": 1.0, ""subgoals"": [""Identify defective objects in workcell"", ""Select the most relevant defective object for pick-up"", ""Pick up selected defective object""], ""actions"": [{""step"": 1, ""agent"": ""AffordanceAgent"", ""skill"": ""inspect"", ""reasoning"": ""Identify surface scratches on objects to determine defectiveness"", ""parameters"": {""object_id"": ""workpiece_defect_1""}}, {""step"": 2, ""agent"": ""AffordanceAgent"", ""skill"": ""inspect"", ""reasoning"": ""Identify cracks on objects to determine defectiveness"", ""parameters"": {""object_id"": ""workpiece_defect_2""}}, {""step"": 3, ""agent"": ""AffordanceAgent"", ""skill"": ""pick"", ""reasoning"": ""Pick up selected defective object (red cylinder with surface scratches)"", ""parameters"": {""object_id"": ""workpiece_defect_1""}}], ""requires_approval"": false, ""ambiguity_notes"": """"}","{
    ""plan_id"": ""pick_defective_object"",
    ""confidence"": 1.00,
    ""subgoals"": [
        ""Identify defective objects in workcell"",
        ""Select the most relevant defective object for pick-up"",
        ""Pick up selected defective object""
    ],
    ""actions"": [
        {
            ""step"": 1,
            ""agent"": ""AffordanceAgent"",
            ""skill"": ""inspect"",
            ""reasoning"": ""Identify surface scratches on objects to determine defectiveness"",
            ""parameters"": {
                ""object_id"": ""workpiece_defect_1""
            }
        },
        {
            ""step"": 2,
            ""agent"": ""AffordanceAgent"",
            ""skill"": ""inspect"",
            ""reasoning"": ""Identify cracks on objects to determine defectiveness"",
            ""parameters"": {
                ""object_id"": ""workpiece_defect_2""
            }
        },
        {
            ""step"": 3,
            ""agent"": ""AffordanceAgent"",
            ""skill"": ""pick"",
            ""reasoning"": ""Pick up selected defective object (red cylinder with surface scratches)"",
            ""parameters"": {
                ""object_id"": ""workpiece_defect_1""
            }
        }
    ],
    ""requires_approval"": false,
    ""ambiguity_notes"": """"
}"
LG_TRIAL_00503,56,P56,Cat 6: Ambiguous / Under-specified,Pick the defective object.,Direct_LLM,2026,0.7,8d83b97,2026-10-03T21:49:24.552769Z,True,False,True,True,0.6666666666666666,False,0.8,0.7,False,2353.46,"{""plan_id"": ""PickDefectiveObject"", ""confidence"": 0.8, ""subgoals"": [""pick_defective_object""], ""actions"": [{""step"": 1, ""agent"": ""VisionAgent"", ""skill"": ""locate"", ""parameters"": {""object_id"": ""defective_object"", ""target"": """"}, ""reasoning"": ""Locate the defective object in the workspace.""}, {""step"": 2, ""agent"": ""SkillAgent"", ""skill"": ""pick"", ""parameters"": {""object_id"": ""defective_object"", ""target"": """"}, ""reasoning"": ""Pick up the defective object using the robotic arm.""}], ""requires_approval"": false, ""ambiguity_notes"": ""None""}","{""plan_id"":""PickDefectiveObject"",""confidence"":0.8,""subgoals"":[""pick_defective_object""],""actions"":[{""step"":1,""agent"":""VisionAgent"",""skill"":""locate"",""parameters"":{""object_id"":""defective_object"",""target"":""""},""reasoning"":""Locate the defective object in the workspace.""},{""step"":2,""agent"":""SkillAgent"",""skill"":""pick"",""parameters"":{""object_id"":""defective_object"",""target"":""""},""reasoning"":""Pick up the defective object using the robotic arm.""}],""requires_approval"":false,""ambiguity_notes"":""None""}"
LG_TRIAL_00504,56,P56,Cat 6: Ambiguous / Under-specified,Pick the defective object.,SayCan,2026,0.7,8d83b97,2026-10-03T21:49:27.261949Z,True,True,False,True,0.6666666666666666,False,0.59,0.7,False,2709.02,"{""selected_primitive"": ""pick(blue_cube)"", ""score"": 0.59}","{""pick(blue_bolt)"": 0.33, ""pick(blue_cube)"": 0.67, ""pick(red_cylinder)"": 0.0, ""pick(red_housing)"": 0.0, ""pick(grey_bracket)"": 0.0, ""place(assembly_tray)"": 0.0, ""place(scrap_bin)"": 0.33, ""place(tray_pocket_1)"": 0.67, ""place(tray_pocket_2)"": 0.0, ""inspect(red_cylinder)"": 0.0, ""sweep(conveyor)"": 0.0, ""done()"": 0.0}"
LG_TRIAL_00505,57,P57,Cat 6: Ambiguous / Under-specified,Take the part off the conveyor.,ARIA_Dialogue_Planning,42,0.7,8d83b97,2026-10-03T21:49:31.108474Z,True,False,False,False,0.0,False,1.0,0.7,False,3846.25,"{""plan_id"": ""ARIA-001"", ""confidence"": 1.0, ""subgoals"": [""Extract workpiece_defect_2 from workcell""], ""actions"": [{""step"": 1, ""agent"": ""AffordanceAgent"", ""skill"": ""pick"", ""reasoning"": ""Identify defect 2 (cracked red housing) among objects in the workcell."", ""parameters"": {""object_id"": ""workpiece_defect_2""}}, {""step"": 2, ""agent"": ""AffordanceAgent"", ""skill"": ""place"", ""reasoning"": ""Place extracted object in designated container or on a stable surface for further processing."", ""parameters"": {""object_id"": ""workpiece_defect_2"", ""target"": ""container""}}], ""requires_approval"": false, ""ambiguity_notes"": """"}","{ ""plan_id"": ""ARIA-001"", ""confidence"": 1.00, ""subgoals"": [ ""Extract workpiece_defect_2 from workcell"" ] , ""actions"": [ { ""step"": 1, ""agent"": ""AffordanceAgent"", ""skill"": ""pick"", ""reasoning"": ""Identify defect 2 (cracked red housing) among objects in the workcell."", ""parameters"": {""object_id"": ""workpiece_defect_2""} }, { ""step"": 2, ""agent"": ""AffordanceAgent"", ""skill"": ""place"", ""reasoning"": ""Place extracted object in designated container or on a stable surface for further processing."", ""parameters"": {""object_id"": ""workpiece_defect_2"", ""target"": ""container""} } ] , ""requires_approval"": false, ""ambiguity_notes"": """" }"
LG_TRIAL_00506,57,P57,Cat 6: Ambiguous / Under-specified,Take the part off the conveyor.,Direct_LLM,42,0.7,8d83b97,2026-10-03T21:49:34.458453Z,False,False,True,True,0.6666666666666666,False,0.95,0.7,False,3349.84,"{""plan_id"": ""TAKE_PART_OFF_CONVEYOR"", ""confidence"": 0.95, ""subgoals"": [""Remove part from conveyor""], ""actions"": [{""step"": 1, ""agent"": ""ControlAgent"", ""skill"": ""move_to"", ""parameters"": {""object_id"": ""conveyor""}, ""reasoning"": ""Move to the conveyor belt""}, {""step"": 2, ""agent"": ""AffordanceAgent"", ""skill"": ""push"", ""parameters"": {""object_id"": ""part"", ""target"": ""conveyor""}, ""reasoning"": ""Push the part off the conveyor""}], ""requires_approval"": false, ""ambiguity_notes"": """"}","{
  ""plan_id"": ""TAKE_PART_OFF_CONVEYOR"",
  ""confidence"": 0.95,
  ""subgoals"": [""Remove part from conveyor""],
  ""actions"": [
    {
      ""step"": 1,
      ""agent"": ""ControlAgent"",
      ""skill"": ""move_to"",
      ""parameters"": {""object_id"": ""conveyor""},
      ""reasoning"": ""Move to the conveyor belt""
    },
    {
      ""step"": 2,
      ""agent"": ""AffordanceAgent"",
      ""skill"": ""push"",
      ""parameters"": {""object_id"": ""part"", ""target"": ""conveyor""},
      ""reasoning"": ""Push the part off the conveyor""
    }
  ],
  ""requires_approval"": false,
  ""ambiguity_notes"": """"
}"
LG_TRIAL_00507,57,P57,Cat 6: Ambiguous / Under-specified,Take the part off the conveyor.,SayCan,42,0.7,8d83b97,2026-10-03T21:49:37.485295Z,True,False,True,True,0.6666666666666666,False,0.6,0.7,False,3026.69,"{""selected_primitive"": ""sweep(conveyor)"", ""score"": 0.6}","{
  ""pick(blue_bolt)"": 0.05,
  ""pick(blue_cube)"": 0.02,
  ""pick(red_cylinder)"": 0.01,
  ""pick(red_housing)"": 0.005,
  ""pick(grey_bracket)"": 0.0025,
  ""place(assembly_tray)"": 0.0,
  ""place(scrap_bin)"": 0.0,
  ""place(tray_pocket_1)"": 0.0,
  ""place(tray_pocket_2)"": 0.0,
  ""inspect(red_cylinder)"": 0.005,
  ""sweep(conveyor)"": 0.8, 
  ""done()"": 0.0
}"
LG_TRIAL_00508,57,P57,Cat 6: Ambiguous / Under-specified,Take the part off the conveyor.,ARIA_Dialogue_Planning,1337,0.7,8d83b97,2026-10-03T21:49:40.854079Z,True,False,False,False,0.0,False,1.0,0.7,False,3368.58,"{""plan_id"": ""ARIA-2023-001"", ""confidence"": 1.0, ""subgoals"": [""Move workpiece_good_2 to safe storage."", ""Remove grey_bracket from workcell.""], ""actions"": [{""step"": 1, ""agent"": ""AffordanceAgent"", ""skill"": ""pick"", ""reasoning"": ""nearest"", ""parameters"": {""object_id"": ""workpiece_good_2""}}, {""step"": 2, ""agent"": ""AffordanceAgent"", ""skill"": ""place"", ""reasoning"": ""safe storage"", ""parameters"": {""object_id"": ""workpiece_good_2"", ""target"": ""storage""}}], ""requires_approval"": false, ""ambiguity_notes"": """"}","{ ""plan_id"": ""ARIA-2023-001"",
""confidence"": 1.00,
""subgoals"":
[
    ""Move workpiece_good_2 to safe storage."",
    ""Remove grey_bracket from workcell.""
],
""actions"":
[
    {""step"": 1, ""agent"": ""AffordanceAgent"", ""skill"": ""pick"", ""reasoning"": ""nearest"", ""parameters"": {""object_id"": ""workpiece_good_2""}},
    {""step"": 2, ""agent"": ""AffordanceAgent"", ""skill"": ""place"", ""reasoning"": ""safe storage"", ""parameters"": {""object_id"": ""workpiece_good_2"", ""target"": ""storage""}}
],
""requires_approval"": false,
""ambiguity_notes"": """"
}"
LG_TRIAL_00509,57,P57,Cat 6: Ambiguous / Under-specified,Take the part off the conveyor.,Direct_LLM,1337,0.7,8d83b97,2026-10-03T21:49:44.276211Z,True,True,True,False,0.6666666666666666,False,0.95,0.7,False,3421.95,"{""plan_id"": ""part_removal_plan"", ""confidence"": 0.95, ""subgoals"": [""remove_part""], ""actions"": [{""step"": 1, ""agent"": ""ControlAgent"", ""skill"": ""pick"", ""parameters"": {""object_id"": ""conveyor_part_1"", ""target"": ""part_removal_bin""}, ""reasoning"": ""align gripper with part""}, {""step"": 2, ""agent"": ""ControlAgent"", ""skill"": ""place"", ""parameters"": {""object_id"": ""conveyor_part_1"", ""target"": ""part_removal_bin""}, ""reasoning"": ""release part in bin""}], ""requires_approval"": false, ""ambiguity_notes"": """"}","{
  ""plan_id"": ""part_removal_plan"",
  ""confidence"": 0.95,
  ""subgoals"": [""remove_part""],
  ""actions"": [
    {
      ""step"": 1,
      ""agent"": ""ControlAgent"",
      ""skill"": ""pick"",
      ""parameters"": {""object_id"": ""conveyor_part_1"", ""target"": ""part_removal_bin""},
      ""reasoning"": ""align gripper with part""
    },
    {
      ""step"": 2,
      ""agent"": ""ControlAgent"",
      ""skill"": ""place"",
      ""parameters"": {""object_id"": ""conveyor_part_1"", ""target"": ""part_removal_bin""},
      ""reasoning"": ""release part in bin""
    }
  ],
  ""requires_approval"": false,
  ""ambiguity_notes"": """"
}"
LG_TRIAL_00510,57,P57,Cat 6: Ambiguous / Under-specified,Take the part off the conveyor.,SayCan,1337,0.7,8d83b97,2026-10-03T21:49:47.174181Z,True,False,True,True,0.6666666666666666,False,0.3,0.7,False,2897.81,"{""selected_primitive"": ""sweep(conveyor)"", ""score"": 0.3}","{
  ""pick(blue_bolt)"": 0.0,
  ""pick(blue_cube)"": 0.0,
  ""pick(red_cylinder)"": 0.0,
  ""pick(red_housing)"": 0.0,
  ""pick(grey_bracket)"": 0.0,
  ""place(assembly_tray)"": 0.0,
  ""place(scrap_bin)"": 0.0,
  ""place(tray_pocket_1)"": 0.0,
  ""place(tray_pocket_2)"": 0.0,
  ""inspect(red_cylinder)"": 0.0,
  ""sweep(conveyor)"": 0.4,
  ""done()"": 0.6
}"
LG_TRIAL_00511,57,P57,Cat 6: Ambiguous / Under-specified,Take the part off the conveyor.,ARIA_Dialogue_Planning,2026,0.7,8d83b97,2026-10-03T21:49:52.340876Z,True,False,True,True,0.6666666666666666,False,1.0,0.7,False,5166.51,"{""plan_id"": ""Aria-001"", ""confidence"": 1.0, ""subgoals"": [""Identify the workpiece to be removed from the conveyor"", ""Verify the correct workpiece is being targeted (blue bolt or blue cube)"", ""Execute the removal action on the identified workpiece""], ""actions"": [{""step"": 1, ""agent"": ""AffordanceAgent"", ""skill"": ""pick"", ""reasoning"": ""The Affordance Agent is responsible for executing actions in the physical environment."", ""parameters"": {}}, {""step"": 2, ""agent"": ""AffordanceAgent"", ""skill"": ""place"", ""reasoning"": ""Place action on grey_bracket or designated storage area to free up conveyor space."", ""parameters"": {}}, {""step"": 3, ""agent"": ""AffordanceAgent"", ""skill"": ""inspect"", ""reasoning"": ""Verify the removal was successful and no other objects are obstructing the conveyor."", ""parameters"": {}}], ""requires_approval"": false, ""ambiguity_notes"": """"}","{

    ""plan_id"": ""Aria-001"",
    ""confidence"": 1.00,
    ""subgoals"":
        [
            ""Identify the workpiece to be removed from the conveyor"",
            ""Verify the correct workpiece is being targeted (blue bolt or blue cube)"",
            ""Execute the removal action on the identified workpiece""
        ],
    ""actions"":
        [
            {
                ""step"": 1,
                ""agent"": ""AffordanceAgent"",
                ""skill"": ""pick"",
                ""reasoning"": ""The Affordance Agent is responsible for executing actions in the physical environment."",
                ""parameters"":
                    {
                    }
            },
            {
                ""step"": 2,
                ""agent"": ""AffordanceAgent"",
                ""skill"": ""place"",
                ""reasoning"": ""Place action on grey_bracket or designated storage area to free up conveyor space."",
                ""parameters"":
                    {
                    }
            },
            {
                ""step"": 3,
                ""agent"": ""AffordanceAgent"",
                ""skill"": ""inspect"",
                ""reasoning"": ""Verify the removal was successful and no other objects are obstructing the conveyor."",
                ""parameters"":
                    {
                    }
            }
        ],
    ""requires_approval"": false,
    ""ambiguity_notes"": """"
}"
LG_TRIAL_00512,57,P57,Cat 6: Ambiguous / Under-specified,Take the part off the conveyor.,Direct_LLM,2026,0.7,8d83b97,2026-10-03T21:49:54.027482Z,True,True,True,False,0.6666666666666666,False,0.9,0.7,False,1686.38,"{""plan_id"": ""part_removal_001"", ""confidence"": 0.9, ""subgoals"": [""Remove part from conveyor""], ""actions"": [{""step"": 1, ""agent"": ""ControlAgent"", ""skill"": ""pick"", ""parameters"": {""object_id"": ""part_123"", ""target"": ""conveyor_outlet""}, ""reasoning"": ""Align gripper with part and activate suction""}], ""requires_approval"": false, ""ambiguity_notes"": """"}","{""plan_id"":""part_removal_001"",""confidence"":0.9,""subgoals"":[""Remove part from conveyor""],""actions"":[{""step"":1,""agent"":""ControlAgent"",""skill"":""pick"",""parameters"":{""object_id"":""part_123"",""target"":""conveyor_outlet""},""reasoning"":""Align gripper with part and activate suction""}],""requires_approval"":false,""ambiguity_notes"":""""}"
LG_TRIAL_00513,57,P57,Cat 6: Ambiguous / Under-specified,Take the part off the conveyor.,SayCan,2026,0.7,8d83b97,2026-10-03T21:49:56.742473Z,True,False,True,True,0.6666666666666666,False,0.75,0.7,False,2714.84,"{""selected_primitive"": ""sweep(conveyor)"", ""score"": 0.75}","{ ""pick(blue_bolt)"": 0.0, ""pick(blue_cube)"": 0.5, ""pick(red_cylinder)"": 0.8, ""pick(red_housing)"": 0.2, ""pick(grey_bracket)"": 0.3, ""place(assembly_tray)"": 0.6, ""place(scrap_bin)"": 0.1, ""place(tray_pocket_1)"": 0.4, ""place(tray_pocket_2)"": 0.5, ""inspect(red_cylinder)"": 0.9, ""sweep(conveyor)"": 1.0, ""done()"": 0.0 }"
LG_TRIAL_00514,58,P58,Cat 6: Ambiguous / Under-specified,Transfer the block to the fixture.,ARIA_Dialogue_Planning,42,0.7,8d83b97,2026-10-03T21:50:00.763212Z,True,False,True,True,0.6666666666666666,False,1.0,0.7,False,4020.52,"{""plan_id"": ""transfer_block_to_fixture"", ""confidence"": 1.0, ""subgoals"": [""move_arm_to_workpiece_good_2"", ""grasp_workpiece_good_2"", ""transfer_workpiece_good_2_to_fixture""], ""actions"": [{""step"": 1, ""agent"": ""AffordanceAgent"", ""skill"": ""pick"", ""reasoning"": ""Object: workpiece_good_2 (blue cube) must be grasped for transfer.""}, {""step"": 2, ""agent"": ""AffordanceAgent"", ""skill"": ""place"", ""reasoning"": ""Fixture is destination for transferring workpiece_good_2.""}, {""step"": 3, ""agent"": ""AffordanceAgent"", ""skill"": ""stack"", ""reasoning"": ""Workpiece_good_2 placed in fixture.""}], ""requires_approval"": false, ""ambiguity_notes"": """"}","{ ""plan_id"": ""transfer_block_to_fixture"", ""confidence"": 1.00, ""subgoals"": [ ""move_arm_to_workpiece_good_2"", ""grasp_workpiece_good_2"", ""transfer_workpiece_good_2_to_fixture"" ], ""actions"": [ { ""step"": 1, ""agent"": ""AffordanceAgent"", ""skill"": ""pick"", ""reasoning"": ""Object: workpiece_good_2 (blue cube) must be grasped for transfer."" }, { ""step"": 2, ""agent"": ""AffordanceAgent"", ""skill"": ""place"", ""reasoning"": ""Fixture is destination for transferring workpiece_good_2."" }, { ""step"": 3, ""agent"": ""AffordanceAgent"", ""skill"": ""stack"", ""reasoning"": ""Workpiece_good_2 placed in fixture."" } ], ""requires_approval"": false, ""ambiguity_notes"": """"}"
LG_TRIAL_00515,58,P58,Cat 6: Ambiguous / Under-specified,Transfer the block to the fixture.,Direct_LLM,42,0.7,8d83b97,2026-10-03T21:50:04.602096Z,False,False,True,True,0.6666666666666666,False,0.9,0.7,False,3838.68,"{""plan_id"": ""TransferBlockToFixture"", ""confidence"": 0.9, ""subgoals"": [""Move block to fixture""], ""actions"": [{""step"": 1, ""agent"": ""ControlAgent"", ""skill"": ""move"", ""parameters"": {""object_id"": ""block-123"", ""target"": ""fixture-X""}, ""reasoning"": ""The block is currently at position A, and the fixture is at position B. Move the block to the fixture using the control system.""}, {""step"": 2, ""agent"": ""ControlAgent"", ""skill"": ""place"", ""parameters"": {""object_id"": ""block-123"", ""target"": ""fixture-X""}, ""reasoning"": ""Place the block on the fixture at position B.""}], ""requires_approval"": false, ""ambiguity_notes"": """"}","{
  ""plan_id"": ""TransferBlockToFixture"",
  ""confidence"": 0.9,
  ""subgoals"": [""Move block to fixture""],
  ""actions"": [
    {
      ""step"": 1,
      ""agent"": ""ControlAgent"",
      ""skill"": ""move"",
      ""parameters"": {""object_id"": ""block-123"", ""target"": ""fixture-X""},
      ""reasoning"": ""The block is currently at position A, and the fixture is at position B. Move the block to the fixture using the control system.""
    },
    {
      ""step"": 2,
      ""agent"": ""ControlAgent"",
      ""skill"": ""place"",
      ""parameters"": {""object_id"": ""block-123"", ""target"": ""fixture-X""},
      ""reasoning"": ""Place the block on the fixture at position B.""
    }
  ],
  ""requires_approval"": false,
  ""ambiguity_notes"": """"
}"
LG_TRIAL_00516,58,P58,Cat 6: Ambiguous / Under-specified,Transfer the block to the fixture.,SayCan,42,0.7,8d83b97,2026-10-03T21:50:07.587762Z,True,False,False,True,0.3333333333333333,False,0.044,0.7,False,2985.46,"{""selected_primitive"": ""pick(blue_bolt)"", ""score"": 0.044}","{
  ""pick(blue_bolt)"": 0.05,
  ""pick(blue_cube)"": 0.04,
  ""pick(red_cylinder)"": 0.01,
  ""pick(red_housing)"": 0.02,
  ""pick(grey_bracket)"": 0.03,
  ""place(assembly_tray)"": 0.35,
  ""place(scrap_bin)"": 0.05,
  ""place(tray_pocket_1)"": 0.15,
  ""place(tray_pocket_2)"": 0.10,
  ""inspect(red_cylinder)"": 0.01,
  ""sweep(conveyor)"": 0.00,
  ""done()"": 0.00
}"
LG_TRIAL_00517,58,P58,Cat 6: Ambiguous / Under-specified,Transfer the block to the fixture.,ARIA_Dialogue_Planning,1337,0.7,8d83b97,2026-10-03T21:50:11.093961Z,True,True,True,True,1.0,False,1.0,0.7,False,3506.02,"{""plan_id"": ""transfer_block_to_fixture"", ""confidence"": 1.0, ""subgoals"": [""move_workpiece_good_2"", ""place_workpiece_good_2_on_fixture""], ""actions"": [{""step"": 1, ""agent"": ""AffordanceAgent"", ""skill"": ""pick"", ""reasoning"": ""Select the workpiece to be moved."", ""parameters"": {""object_id"": ""workpiece_good_2""}}, {""step"": 2, ""agent"": ""AffordanceAgent"", ""skill"": ""place"", ""reasoning"": ""Transfer the selected workpiece to the fixture."", ""parameters"": {""object_id"": ""workpiece_good_2"", ""target"": ""fixture""}}], ""requires_approval"": false, ""ambiguity_notes"": """"}","{ ""plan_id"": ""transfer_block_to_fixture"", ""confidence"": 1.0, ""subgoals"": [ ""move_workpiece_good_2"", ""place_workpiece_good_2_on_fixture"" ] , ""actions"": [ {""step"": 1, ""agent"": ""AffordanceAgent"", ""skill"": ""pick"", ""reasoning"": ""Select the workpiece to be moved."", ""parameters"": {""object_id"": ""workpiece_good_2""}}, {""step"": 2, ""agent"": ""AffordanceAgent"", ""skill"": ""place"", ""reasoning"": ""Transfer the selected workpiece to the fixture."", ""parameters"": {""object_id"": ""workpiece_good_2"", ""target"": ""fixture""}} ] , ""requires_approval"": false, ""ambiguity_notes"": """" }"
LG_TRIAL_00518,58,P58,Cat 6: Ambiguous / Under-specified,Transfer the block to the fixture.,Direct_LLM,1337,0.7,8d83b97,2026-10-03T21:50:14.557131Z,True,False,True,False,0.3333333333333333,False,0.8,0.7,False,3462.97,"{""plan_id"": ""transfer_block_to_fixture"", ""confidence"": 0.8, ""subgoals"": [""Transfer block to fixture""], ""actions"": [{""step"": 1, ""agent"": ""ControlAgent"", ""skill"": ""pick"", ""parameters"": {""object_id"": ""block_123"", ""target"": ""workspace""}, ""reasoning"": ""The control agent will pick up the block from its current location.""}, {""step"": 2, ""agent"": ""ControlAgent"", ""skill"": ""place"", ""parameters"": {""object_id"": ""block_123"", ""target"": ""fixture""}, ""reasoning"": ""The control agent will place the block on the fixture.""}], ""requires_approval"": false, ""ambiguity_notes"": """"}","{
  ""plan_id"": ""transfer_block_to_fixture"",
  ""confidence"": 0.8,
  ""subgoals"": [""Transfer block to fixture""],
  ""actions"": [
    {
      ""step"": 1,
      ""agent"": ""ControlAgent"",
      ""skill"": ""pick"",
      ""parameters"": {""object_id"": ""block_123"", ""target"": ""workspace""},
      ""reasoning"": ""The control agent will pick up the block from its current location.""
    },
    {
      ""step"": 2,
      ""agent"": ""ControlAgent"",
      ""skill"": ""place"",
      ""parameters"": {""object_id"": ""block_123"", ""target"": ""fixture""},
      ""reasoning"": ""The control agent will place the block on the fixture.""
    }
  ],
  ""requires_approval"": false,
  ""ambiguity_notes"": """"
}"
LG_TRIAL_00519,58,P58,Cat 6: Ambiguous / Under-specified,Transfer the block to the fixture.,SayCan,1337,0.7,8d83b97,2026-10-03T21:50:17.501738Z,True,False,False,True,0.3333333333333333,False,0.132,0.7,False,2944.4,"{""selected_primitive"": ""pick(red_cylinder)"", ""score"": 0.132}","{
  ""pick(blue_bolt)"": 0.05,
  ""pick(blue_cube)"": 0.02,
  ""pick(red_cylinder)"": 0.15,
  ""pick(red_housing)"": 0.08,
  ""pick(grey_bracket)"": 0.03,
  ""place(assembly_tray)"": 0.35,
  ""place(scrap_bin)"": 0.05,
  ""place(tray_pocket_1)"": 0.20,
  ""place(tray_pocket_2)"": 0.12,
  ""inspect(red_cylinder)"": 0.01,
  ""sweep(conveyor)"": 0.00,
  ""done()"": 0.00
}"
LG_TRIAL_00520,58,P58,Cat 6: Ambiguous / Under-specified,Transfer the block to the fixture.,ARIA_Dialogue_Planning,2026,0.7,8d83b97,2026-10-03T21:50:23.091900Z,False,False,True,True,0.6666666666666666,True,0.5,0.7,False,5589.98,{},"{
    ""plan_id"": ""transfer_block_to_fixture"",
    ""confidence"": 1.00,
    ""subgoals"": [
        ""Identify workpiece_good_2 (blue cube) as the block to be transferred."",
        ""Move gripper to grasp workpiece_good_2 using the nearest approach path."",
        ""Transfer workpiece_good_2 from the current location to the fixture.""
    ],
    ""actions"": [
        {
            ""step"": 1,
            ""agent"": ""AffordanceAgent"",
            ""skill"": ""pick"",
            ""reasoning"": ""The block is identified as workpiece_good_2, which can be grasped by the nearest approach path."",
            ""parameters"": {
                ""object_id"": ""workpiece_good_2""
            }
        },
        {
            ""step"": 2,
            ""agent"": ""AffordanceAgent"",
            ""skill"": ""place"",
            ""reasoning"": ""The gripper will grasp workpiece_good_2 at the nearest approach path."",
            ""parameters"": {
                ""object_id"": ""workpiece_good_2""
            }
        },
        {
            ""step"": 3,
            ""agent"": ""AffordanceAgent"",
            ""skill"": ""place"",
            ""reasoning"": ""The gripper will place workpiece_good_2 in the fixture."",
            ""parameters"": {
                ""object_id"": ""workpiece"
LG_TRIAL_00521,58,P58,Cat 6: Ambiguous / Under-specified,Transfer the block to the fixture.,Direct_LLM,2026,0.7,8d83b97,2026-10-03T21:50:25.584573Z,True,False,True,True,0.6666666666666666,False,0.95,0.7,False,2492.39,"{""plan_id"": ""transfer_block_to_fixture"", ""confidence"": 0.95, ""subgoals"": [""Transfer block to fixture""], ""actions"": [{""step"": 1, ""agent"": ""ControlAgent"", ""skill"": ""pick"", ""parameters"": {""object_id"": ""block_123"", ""target"": ""fixture_456""}, ""reasoning"": ""Pick up the block at its current location and move it to the fixture.""}, {""step"": 2, ""agent"": ""ControlAgent"", ""skill"": ""place"", ""parameters"": {""object_id"": ""block_123"", ""target"": ""fixture_456""}, ""reasoning"": ""Place the block on the fixture.""}], ""requires_approval"": false, ""ambiguity_notes"": """"}","{""plan_id"":""transfer_block_to_fixture"",""confidence"":0.95,""subgoals"":[""Transfer block to fixture""],""actions"":[{""step"":1,""agent"":""ControlAgent"",""skill"":""pick"",""parameters"":{""object_id"":""block_123"",""target"":""fixture_456""},""reasoning"":""Pick up the block at its current location and move it to the fixture.""},{""step"":2,""agent"":""ControlAgent"",""skill"":""place"",""parameters"":{""object_id"":""block_123"",""target"":""fixture_456""},""reasoning"":""Place the block on the fixture.""}],""requires_approval"":false,""ambiguity_notes"":""""}"
LG_TRIAL_00522,58,P58,Cat 6: Ambiguous / Under-specified,Transfer the block to the fixture.,SayCan,2026,0.7,8d83b97,2026-10-03T21:50:28.517207Z,True,False,False,True,0.3333333333333333,False,0.15,0.7,False,2932.42,"{""selected_primitive"": ""pick(red_cylinder)"", ""score"": 0.15}","{
  ""pick(blue_bolt)"": 0.03,
  ""pick(blue_cube)"": 0.08,
  ""pick(red_cylinder)"": 0.17,
  ""pick(red_housing)"": 0.12,
  ""pick(grey_bracket)"": 0.05,
  ""place(assembly_tray)"": 0.95,
  ""place(scrap_bin)"": 0.02,
  ""place(tray_pocket_1)"": 0.01,
  ""place(tray_pocket_2)"": 0.03,
  ""inspect(red_cylinder)"": 0.01,
  ""sweep(conveyor)"": 0.00,
  ""done()"": 0.00
}"
LG_TRIAL_00523,59,P59,Cat 6: Ambiguous / Under-specified,Clear the station of any obstacles.,ARIA_Dialogue_Planning,42,0.7,8d83b97,2026-10-03T21:50:34.209947Z,False,False,True,True,0.6666666666666666,True,0.5,0.7,False,5692.52,{},"{ ""plan_id"": ""clear_station_plan"", ""confidence"": 1.00, ""subgoals"": [ ], ""actions"": [ { ""step"": 1, ""agent"": ""AffordanceAgent"", ""skill"": ""pick"", ""reasoning"": ""Pick up the workpiece_defect_2 (cracked red housing) to clear the station."", ""parameters"": {""object_id"": ""workpiece_defect_2"", ""direction"": ""up""} }, { ""step"": 2, ""agent"": ""AffordanceAgent"", ""skill"": ""place"", ""reasoning"": ""Place the workpiece_defect_2 (cracked red housing) away from the station to clear it."", ""parameters"": {""object_id"": ""workpiece_defect_2"", ""direction"": ""down""} }, { ""step"": 3, ""agent"": ""AffordanceAgent"", ""skill"": ""pick"", ""reasoning"": ""Pick up the workpiece_defect_1 (defective red cylinder with surface scratches) to clear the station."", ""parameters"": {""object_id"": ""workpiece_defect_1"", ""direction"": ""up""} }, { ""step"": 4, ""agent"": ""AffordanceAgent"", ""skill"": ""place"", ""reasoning"": ""Place the workpiece_defect_1 (defective red cylinder with surface scratches) away from the station to clear it"
LG_TRIAL_00524,59,P59,Cat 6: Ambiguous / Under-specified,Clear the station of any obstacles.,Direct_LLM,42,0.7,8d83b97,2026-10-03T21:50:37.742241Z,True,False,True,True,0.6666666666666666,True,0.85,0.7,True,3532.05,"{""plan_id"": ""clear_station_001"", ""confidence"": 0.85, ""subgoals"": [""Clear station of obstacles""], ""actions"": [{""step"": 1, ""agent"": ""VisionAgent"", ""skill"": ""locate"", ""parameters"": {""object_id"": null, ""target"": null}, ""reasoning"": ""Identify potential obstacles in the station""}, {""step"": 2, ""agent"": ""ControlAgent"", ""skill"": ""sweep"", ""parameters"": {""object_id"": null, ""target"": ""station_floor""}, ""reasoning"": ""Clear debris from the floor""}], ""requires_approval"": true, ""ambiguity_notes"": ""Unclear destination for some obstacles. Requires manual approval to proceed.""}","{
  ""plan_id"": ""clear_station_001"",
  ""confidence"": 0.85,
  ""subgoals"": [""Clear station of obstacles""],
  ""actions"": [
    {
      ""step"": 1,
      ""agent"": ""VisionAgent"",
      ""skill"": ""locate"",
      ""parameters"": {""object_id"": null, ""target"": null},
      ""reasoning"": ""Identify potential obstacles in the station""
    },
    {
      ""step"": 2,
      ""agent"": ""ControlAgent"",
      ""skill"": ""sweep"",
      ""parameters"": {""object_id"": null, ""target"": ""station_floor""},
      ""reasoning"": ""Clear debris from the floor""
    }
  ],
  ""requires_approval"": true,
  ""ambiguity_notes"": ""Unclear destination for some obstacles. Requires manual approval to proceed.""
}"
LG_TRIAL_00525,59,P59,Cat 6: Ambiguous / Under-specified,Clear the station of any obstacles.,SayCan,42,0.7,8d83b97,2026-10-03T21:50:40.708979Z,True,False,False,True,0.3333333333333333,False,0.792,0.7,False,2966.53,"{""selected_primitive"": ""pick(red_cylinder)"", ""score"": 0.792}","{
  ""pick(blue_bolt)"": 0.7,
  ""pick(blue_cube)"": 0.4,
  ""pick(red_cylinder)"": 0.9,
  ""pick(red_housing)"": 0.6,
  ""pick(grey_bracket)"": 0.5,
  ""place(assembly_tray)"": 0.8,
  ""place(scrap_bin)"": 0.3,
  ""place(tray_pocket_1)"": 0.2,
  ""place(tray_pocket_2)"": 0.1,
  ""inspect(red_cylinder)"": 0.4,
  ""sweep(conveyor)"": 0.9,
  ""done()"": 0.01
}"
LG_TRIAL_00526,59,P59,Cat 6: Ambiguous / Under-specified,Clear the station of any obstacles.,ARIA_Dialogue_Planning,1337,0.7,8d83b97,2026-10-03T21:50:44.294298Z,True,False,True,True,0.6666666666666666,False,1.0,0.7,False,3585.13,"{""plan_id"": ""clear_station"", ""confidence"": 1.0, ""subgoals"": [""move_workpiece_defect_2_to_storage""], ""actions"": [{""step"": 1, ""agent"": ""AffordanceAgent"", ""skill"": ""pull"", ""reasoning"": ""Remove workpiece_defect_2 from the station as it is an obstacle.""}, {""step"": 2, ""agent"": ""AffordanceAgent"", ""skill"": ""push"", ""reasoning"": ""Move grey_bracket to storage location.""}, {""step"": 3, ""agent"": ""AffordanceAgent"", ""skill"": ""place"", ""reasoning"": ""Put workpiece_defect_1 in designated storage area.""}], ""requires_approval"": false, ""ambiguity_notes"": """"}","{ ""plan_id"": ""clear_station"", ""confidence"": 1.0, ""subgoals"": [ ""move_workpiece_defect_2_to_storage"" ] , ""actions"": [ {""step"": 1, ""agent"": ""AffordanceAgent"", ""skill"": ""pull"", ""reasoning"": ""Remove workpiece_defect_2 from the station as it is an obstacle.""}, {""step"": 2, ""agent"": ""AffordanceAgent"", ""skill"": ""push"", ""reasoning"": ""Move grey_bracket to storage location.""}, {""step"": 3, ""agent"": ""AffordanceAgent"", ""skill"": ""place"", ""reasoning"": ""Put workpiece_defect_1 in designated storage area.""} ] , ""requires_approval"": false, ""ambiguity_notes"": """" }"
LG_TRIAL_00527,59,P59,Cat 6: Ambiguous / Under-specified,Clear the station of any obstacles.,Direct_LLM,1337,0.7,8d83b97,2026-10-03T21:50:47.636673Z,True,False,False,False,0.0,False,0.85,0.7,False,3342.17,"{""plan_id"": ""clear_station_001"", ""confidence"": 0.85, ""subgoals"": [""Clear station of obstacles""], ""actions"": [{""step"": 1, ""agent"": ""VisionAgent"", ""skill"": ""inspect"", ""parameters"": {""object_id"": ""obstacle_01"", ""target"": ""station""}, ""reasoning"": ""Identify obstacle in the station""}, {""step"": 2, ""agent"": ""ControlAgent"", ""skill"": ""sweep"", ""parameters"": {""object_id"": ""obstacle_01"", ""target"": ""trash_can""}, ""reasoning"": ""Move obstacle to designated area for disposal""}], ""requires_approval"": false, ""ambiguity_notes"": """"}","{
  ""plan_id"": ""clear_station_001"",
  ""confidence"": 0.85,
  ""subgoals"": [""Clear station of obstacles""],
  ""actions"": [
    {
      ""step"": 1,
      ""agent"": ""VisionAgent"",
      ""skill"": ""inspect"",
      ""parameters"": {""object_id"": ""obstacle_01"", ""target"": ""station""},
      ""reasoning"": ""Identify obstacle in the station""
    },
    {
      ""step"": 2,
      ""agent"": ""ControlAgent"",
      ""skill"": ""sweep"",
      ""parameters"": {""object_id"": ""obstacle_01"", ""target"": ""trash_can""},
      ""reasoning"": ""Move obstacle to designated area for disposal""
    }
  ],
  ""requires_approval"": false,
  ""ambiguity_notes"": """"
}"
LG_TRIAL_00528,59,P59,Cat 6: Ambiguous / Under-specified,Clear the station of any obstacles.,SayCan,1337,0.7,8d83b97,2026-10-03T21:50:50.565318Z,True,False,False,True,0.3333333333333333,False,0.704,0.7,False,2928.47,"{""selected_primitive"": ""pick(red_cylinder)"", ""score"": 0.704}","{
  ""pick(blue_bolt)"": 0.6,
  ""pick(blue_cube)"": 0.4,
  ""pick(red_cylinder)"": 0.8,
  ""pick(red_housing)"": 0.2,
  ""pick(grey_bracket)"": 0.1,
  ""place(assembly_tray)"": 0.9,
  ""place(scrap_bin)"": 0.7,
  ""place(tray_pocket_1)"": 0.3,
  ""place(tray_pocket_2)"": 0.5,
  ""inspect(red_cylinder)"": 0.0,
  ""sweep(conveyor)"": 0.9,
  ""done()"": 0.0
}"
LG_TRIAL_00529,59,P59,Cat 6: Ambiguous / Under-specified,Clear the station of any obstacles.,ARIA_Dialogue_Planning,2026,0.7,8d83b97,2026-10-03T21:50:56.190421Z,False,False,True,True,0.6666666666666666,True,0.5,0.7,False,5624.93,{},"{
    ""plan_id"": ""clear_station_plan"",
    ""confidence"": 1.0,
    ""subgoals"": [
        ""identify_obstacles""
    ],
    ""actions"": [
        {
            ""step"": 1,
            ""agent"": ""AffordanceAgent"",
            ""skill"": ""pick"",
            ""reasoning"": ""Pick up the grey_bracket, which is currently obstructing the station."",
            ""parameters"": {
                ""object_id"": ""grey_bracket""
            }
        },
        {
            ""step"": 2,
            ""agent"": ""AffordanceAgent"",
            ""skill"": ""place"",
            ""reasoning"": ""Place the grey_bracket on a designated storage location outside the station."",
            ""parameters"": {
                ""object_id"": ""grey_bracket"",
                ""target"": ""storage_location""
            }
        },
        {
            ""step"": 3,
            ""agent"": ""AffordanceAgent"",
            ""skill"": ""pick"",
            ""reasoning"": ""Pick up the workpiece_defect_1 (defective red cylinder with surface scratches) and move it to a designated location outside the station."",
            ""parameters"": {
                ""object_id"": ""workpiece_defect_1""
            }
        },
        {
            ""step"": 4,
            ""agent"": ""AffordanceAgent"",
            ""skill"": ""place"",
            ""reasoning"
LG_TRIAL_00530,59,P59,Cat 6: Ambiguous / Under-specified,Clear the station of any obstacles.,Direct_LLM,2026,0.7,8d83b97,2026-10-03T21:50:59.130542Z,True,False,True,True,0.6666666666666666,False,0.8,0.7,False,2939.89,"{""plan_id"": ""clear_station_001"", ""confidence"": 0.8, ""subgoals"": [""clear_station""], ""actions"": [{""step"": 1, ""agent"": ""VisionAgent"", ""skill"": ""locate"", ""parameters"": {""object_id"": """", ""target"": """"}, ""reasoning"": ""Identify potential obstacles in the station""}, {""step"": 2, ""agent"": ""ControlAgent"", ""skill"": ""pick"", ""parameters"": {""object_id"": ""obstacle_001"", ""target"": ""destination_bin""}, ""reasoning"": ""Pick up obstacle at location A and move to destination bin B""}, {""step"": 3, ""agent"": ""ControlAgent"", ""skill"": ""place"", ""parameters"": {""object_id"": ""obstacle_001"", ""target"": ""destination_bin""}, ""reasoning"": ""Place picked-up obstacle in destination bin""}], ""requires_approval"": false, ""ambiguity_notes"": """"}","{""plan_id"":""clear_station_001"",""confidence"":0.8,""subgoals"":[""clear_station""],""actions"":[{""step"":1,""agent"":""VisionAgent"",""skill"":""locate"",""parameters"":{""object_id"":"""",""target"":""""},""reasoning"":""Identify potential obstacles in the station""},{""step"":2,""agent"":""ControlAgent"",""skill"":""pick"",""parameters"":{""object_id"":""obstacle_001"",""target"":""destination_bin""},""reasoning"":""Pick up obstacle at location A and move to destination bin B""},{""step"":3,""agent"":""ControlAgent"",""skill"":""place"",""parameters"":{""object_id"":""obstacle_001"",""target"":""destination_bin""},""reasoning"":""Place picked-up obstacle in destination bin""}],""requires_approval"":false,""ambiguity_notes"":""""}"
LG_TRIAL_00531,59,P59,Cat 6: Ambiguous / Under-specified,Clear the station of any obstacles.,SayCan,2026,0.7,8d83b97,2026-10-03T21:51:01.456926Z,True,False,False,True,0.3333333333333333,False,0.704,0.7,False,2326.16,"{""selected_primitive"": ""pick(red_housing)"", ""score"": 0.704}","{""pick(blue_bolt)"":0.25,""pick(blue_cube)"":0.5,""pick(red_cylinder)"":0.75,""pick(red_housing)"":0.8,""pick(grey_bracket)"":0.6,""place(assembly_tray)"":0.3,""place(scrap_bin)"":0.4,""place(tray_pocket_1)"":0.35,""place(tray_pocket_2)"":0.25,""inspect(red_cylinder)"":0.2,""sweep(conveyor)"":0.9,""done()"":0.0}"
LG_TRIAL_00532,60,P60,Cat 6: Ambiguous / Under-specified,Put the component in the tray.,ARIA_Dialogue_Planning,42,0.7,8d83b97,2026-10-03T21:51:07.255504Z,False,False,True,True,0.6666666666666666,True,0.5,0.7,False,5798.36,{},"{ ""plan_id"": ""put_component_in_tray"", ""confidence"": 1.00, ""subgoals"": [ ""pick_workpiece_defect_2"", ""place_workpiece_defect_2_on_grey_bracket"" ], ""actions"": [ { ""step"": 1, ""agent"": ""AffordanceAgent"", ""skill"": ""pick"", ""reasoning"": ""pick the component (workpiece_defect_2) from the workcell"", ""parameters"": { ""object_id"": ""workpiece_defect_2"", ""target"": ""hand"" } }, { ""step"": 2, ""agent"": ""AffordanceAgent"", ""skill"": ""place"", ""reasoning"": ""place the component (workpiece_defect_2) on the grey bracket"", ""parameters"": { ""object_id"": ""workpiece_defect_2"", ""target"": ""grey_bracket"" } }, { ""step"": 3, ""agent"": ""AffordanceAgent"", ""skill"": ""push"", ""reasoning"": ""push the grey bracket with the workpiece_defect_2 inside it towards the tray"", ""parameters"": { ""object_id"": ""grey_bracket"", ""target"": ""tray"" } }, { ""step"": 4, ""agent"": ""AffordanceAgent"", ""skill"": ""place"", ""reasoning"": ""place the grey bracket with workpiece_defect_2"
LG_TRIAL_00533,60,P60,Cat 6: Ambiguous / Under-specified,Put the component in the tray.,Direct_LLM,42,0.7,8d83b97,2026-10-03T21:51:10.878027Z,False,False,True,True,0.6666666666666666,False,0.95,0.7,False,3622.38,"{""plan_id"": ""put_component_in_tray_001"", ""confidence"": 0.95, ""subgoals"": [""Put component in tray""], ""actions"": [{""step"": 1, ""agent"": ""ControlAgent"", ""skill"": ""move_to"", ""parameters"": {""object_id"": ""component_123"", ""target"": ""tray_slot_1""}, ""reasoning"": ""Move to the designated tray slot""}, {""step"": 2, ""agent"": ""SkillAgent"", ""skill"": ""place"", ""parameters"": {""object_id"": ""component_123"", ""target"": ""tray_slot_1""}, ""reasoning"": ""Place the component in the tray slot""}], ""requires_approval"": false, ""ambiguity_notes"": """"}","{
  ""plan_id"": ""put_component_in_tray_001"",
  ""confidence"": 0.95,
  ""subgoals"": [""Put component in tray""],
  ""actions"": [
    {
      ""step"": 1,
      ""agent"": ""ControlAgent"",
      ""skill"": ""move_to"",
      ""parameters"": {""object_id"": ""component_123"", ""target"": ""tray_slot_1""},
      ""reasoning"": ""Move to the designated tray slot""
    },
    {
      ""step"": 2,
      ""agent"": ""SkillAgent"",
      ""skill"": ""place"",
      ""parameters"": {""object_id"": ""component_123"", ""target"": ""tray_slot_1""},
      ""reasoning"": ""Place the component in the tray slot""
    }
  ],
  ""requires_approval"": false,
  ""ambiguity_notes"": """"
}"
LG_TRIAL_00534,60,P60,Cat 6: Ambiguous / Under-specified,Put the component in the tray.,SayCan,42,0.7,8d83b97,2026-10-03T21:51:13.872091Z,True,False,True,True,0.6666666666666666,False,0.043,0.7,False,2993.92,"{""selected_primitive"": ""pick(grey_bracket)"", ""score"": 0.043}","{
  ""pick(blue_bolt)"": 0.01,
  ""pick(blue_cube)"": 0.02,
  ""pick(red_cylinder)"": 0.03,
  ""pick(red_housing)"": 0.04,
  ""pick(grey_bracket)"": 0.05,
  ""place(assembly_tray)"": 0.8,
  ""place(scrap_bin)"": 0.01,
  ""place(tray_pocket_1)"": 0.02,
  ""place(tray_pocket_2)"": 0.03,
  ""inspect(red_cylinder)"": 0.0,
  ""sweep(conveyor)"": 0.0,
  ""done()"": 0.0
}"
LG_TRIAL_00535,60,P60,Cat 6: Ambiguous / Under-specified,Put the component in the tray.,ARIA_Dialogue_Planning,1337,0.7,8d83b97,2026-10-03T21:51:17.329008Z,True,True,True,True,1.0,False,1.0,0.7,False,3456.76,"{""plan_id"": ""put_component_in_tray"", ""confidence"": 1.0, ""subgoals"": [""move_workpiece_good_1_to_tray""], ""actions"": [{""step"": 1, ""agent"": ""AffordanceAgent"", ""skill"": ""pick"", ""reasoning"": ""Select the grey_bracket and pick it up."", ""parameters"": {""object_id"": ""workpiece_good_1""}}, {""step"": 2, ""agent"": ""AffordanceAgent"", ""skill"": ""place"", ""reasoning"": ""Put the grey_bracket in the tray."", ""parameters"": {""object_id"": ""grey_bracket"", ""target"": ""tray""}}], ""requires_approval"": false, ""ambiguity_notes"": """"}","{ ""plan_id"": ""put_component_in_tray"", ""confidence"": 1.0, ""subgoals"": [ ""move_workpiece_good_1_to_tray"" ], ""actions"": [ { ""step"": 1, ""agent"": ""AffordanceAgent"", ""skill"": ""pick"", ""reasoning"": ""Select the grey_bracket and pick it up."", ""parameters"": { ""object_id"": ""workpiece_good_1"" } }, { ""step"": 2, ""agent"": ""AffordanceAgent"", ""skill"": ""place"", ""reasoning"": ""Put the grey_bracket in the tray."", ""parameters"": { ""object_id"": ""grey_bracket"", ""target"": ""tray"" } } ], ""requires_approval"": false, ""ambiguity_notes"": """" }"
LG_TRIAL_00536,60,P60,Cat 6: Ambiguous / Under-specified,Put the component in the tray.,Direct_LLM,1337,0.7,8d83b97,2026-10-03T21:51:20.744678Z,True,False,True,True,0.6666666666666666,False,0.95,0.7,False,3415.46,"{""plan_id"": ""component_tray_placement"", ""confidence"": 0.95, ""subgoals"": [""place_component""], ""actions"": [{""step"": 1, ""agent"": ""ControlAgent"", ""skill"": ""pick"", ""parameters"": {""object_id"": ""component_123"", ""target"": ""tray_456""}, ""reasoning"": ""Pick the component from the current location.""}, {""step"": 2, ""agent"": ""ControlAgent"", ""skill"": ""place"", ""parameters"": {""object_id"": ""component_123"", ""target"": ""tray_456""}, ""reasoning"": ""Place the picked component in the designated tray.""}], ""requires_approval"": false, ""ambiguity_notes"": """"}","{
  ""plan_id"": ""component_tray_placement"",
  ""confidence"": 0.95,
  ""subgoals"": [""place_component""],
  ""actions"": [
    {
      ""step"": 1,
      ""agent"": ""ControlAgent"",
      ""skill"": ""pick"",
      ""parameters"": {""object_id"": ""component_123"", ""target"": ""tray_456""},
      ""reasoning"": ""Pick the component from the current location.""
    },
    {
      ""step"": 2,
      ""agent"": ""ControlAgent"",
      ""skill"": ""place"",
      ""parameters"": {""object_id"": ""component_123"", ""target"": ""tray_456""},
      ""reasoning"": ""Place the picked component in the designated tray.""
    }
  ],
  ""requires_approval"": false,
  ""ambiguity_notes"": """"
}"
LG_TRIAL_00537,60,P60,Cat 6: Ambiguous / Under-specified,Put the component in the tray.,SayCan,1337,0.7,8d83b97,2026-10-03T21:51:23.715797Z,True,False,True,True,0.6666666666666666,False,0.425,0.7,False,2970.86,"{""selected_primitive"": ""pick(grey_bracket)"", ""score"": 0.425}","{
  ""pick(blue_bolt)"": 0.3,
  ""pick(blue_cube)"": 0.4,
  ""pick(red_cylinder)"": 0.1,
  ""pick(red_housing)"": 0.2,
  ""pick(grey_bracket)"": 0.5,
  ""place(assembly_tray)"": 0.9,
  ""place(scrap_bin)"": 0.01,
  ""place(tray_pocket_1)"": 0.02,
  ""place(tray_pocket_2)"": 0.03,
  ""inspect(red_cylinder)"": 0.0,
  ""sweep(conveyor)"": 0.0,
  ""done()"": 0.0
}"
LG_TRIAL_00538,60,P60,Cat 6: Ambiguous / Under-specified,Put the component in the tray.,ARIA_Dialogue_Planning,2026,0.7,8d83b97,2026-10-03T21:51:28.819216Z,True,True,False,True,0.6666666666666666,False,1.0,0.7,False,5103.22,"{""plan_id"": ""Aria-2023-001"", ""confidence"": 1, ""subgoals"": [""Select workpiece_defect_2""], ""actions"": [{""step"": 1, ""agent"": ""AffordanceAgent"", ""skill"": ""pick"", ""reasoning"": ""pick the component from the table"", ""parameters"": {""object_id"": ""workpiece_defect_2""}}, {""step"": 2, ""agent"": ""AffordanceAgent"", ""skill"": ""place"", ""reasoning"": ""put the selected workpiece in the tray"", ""parameters"": {""object_id"": ""tray"", ""target"": ""grey_bracket""}}, {""step"": 3, ""agent"": ""AffordanceAgent"", ""skill"": ""place"", ""reasoning"": ""confirm workpiece is in tray by looking at grey_bracket"", ""parameters"": {""object_id"": ""tray"", ""target"": ""grey_bracket""}}], ""requires_approval"": false, ""ambiguity_notes"": """"}","{

    ""plan_id"": ""Aria-2023-001"",
    ""confidence"": 1,
    ""subgoals"": [
        ""Select workpiece_defect_2""
    ],
    ""actions"": [
        {
            ""step"": 1,
            ""agent"": ""AffordanceAgent"",
            ""skill"": ""pick"",
            ""reasoning"": ""pick the component from the table"",
            ""parameters"": {
                ""object_id"": ""workpiece_defect_2""
            }
        },
        {
            ""step"": 2,
            ""agent"": ""AffordanceAgent"",
            ""skill"": ""place"",
            ""reasoning"": ""put the selected workpiece in the tray"",
            ""parameters"": {
                ""object_id"": ""tray"",
                ""target"": ""grey_bracket""
            }
        },
        {
            ""step"": 3,
            ""agent"": ""AffordanceAgent"",
            ""skill"": ""place"",
            ""reasoning"": ""confirm workpiece is in tray by looking at grey_bracket"",
            ""parameters"": {
                ""object_id"": ""tray"",
                ""target"": ""grey_bracket""
            }
        }
    ],
    ""requires_approval"": false,
    ""ambiguity_notes"": """"
}"
LG_TRIAL_00539,60,P60,Cat 6: Ambiguous / Under-specified,Put the component in the tray.,Direct_LLM,2026,0.7,8d83b97,2026-10-03T21:51:30.417325Z,True,False,True,True,0.6666666666666666,False,0.9,0.7,False,1597.92,"{""plan_id"": ""put_component_in_tray"", ""confidence"": 0.9, ""subgoals"": [""Put component in tray""], ""actions"": [{""step"": 1, ""agent"": ""ControlAgent"", ""skill"": ""pick"", ""parameters"": {""object_id"": ""component"", ""target"": ""tray""}, ""reasoning"": ""Component needs to be placed in the tray""}], ""requires_approval"": false, ""ambiguity_notes"": """"}","{""plan_id"":""put_component_in_tray"",""confidence"":0.9,""subgoals"":[""Put component in tray""],""actions"":[{""step"":1,""agent"":""ControlAgent"",""skill"":""pick"",""parameters"":{""object_id"":""component"",""target"":""tray""},""reasoning"":""Component needs to be placed in the tray""}],""requires_approval"":false,""ambiguity_notes"":""""}"
LG_TRIAL_00540,60,P60,Cat 6: Ambiguous / Under-specified,Put the component in the tray.,SayCan,2026,0.7,8d83b97,2026-10-03T21:51:33.121051Z,True,False,False,True,0.3333333333333333,False,0.026,0.7,False,2703.55,"{""selected_primitive"": ""pick(red_cylinder)"", ""score"": 0.026}","{""pick(blue_bolt)"": 0.02, ""pick(blue_cube)"": 0.01, ""pick(red_cylinder)"": 0.03, ""pick(red_housing)"": 0.02, ""pick(grey_bracket)"": 0.01, ""place(assembly_tray)"": 0.5, ""place(scrap_bin)"": 0.0, ""place(tray_pocket_1)"": 0.25, ""place(tray_pocket_2)"": 0.25, ""inspect(red_cylinder)"": 0.0, ""sweep(conveyor)"": 0.0, ""done()"": 0.0}"
