trial_id,seed,commit_hash,q0,q1,q2,q3,q4,tcp_x_m,tcp_y_m,tcp_z_m,tcp_r_m
GRID_000000,303,8d83b97,1.571733,-0.687900,0.159575,0.976698,0.380678,-0.196073,0.000881,0.244987,0.196075
GRID_000001,303,8d83b97,-0.406630,-0.983218,-0.438880,-0.664723,0.275555,0.071441,0.171207,0.245365,0.185515
GRID_000002,303,8d83b97,0.976301,-1.113883,-1.262187,0.167759,0.530511,-0.094273,0.062567,0.254752,0.113146
GRID_000003,303,8d83b97,-1.750224,-1.497528,-1.175352,0.764961,0.120394,0.172719,-0.032964,0.202089,0.175836
GRID_000004,303,8d83b97,-2.621147,0.812374,-1.475386,0.120844,1.567331,-0.088809,0.147031,0.086029,0.171771
GRID_000005,303,8d83b97,-3.075044,1.419649,-1.367114,-0.292481,0.038874,-0.014623,0.153269,-0.014936,0.153965
GRID_000006,303,8d83b97,-1.197139,0.527522,0.019143,-0.897368,-1.337347,-0.092189,-0.035959,0.298488,0.098954
GRID_000007,303,8d83b97,-0.497560,-0.442715,-0.920994,-0.613647,0.655665,0.005453,0.014244,0.300642,0.015252
GRID_000008,303,8d83b97,2.752538,1.281263,1.541594,0.863078,0.574958,0.016835,0.051855,0.238170,0.054520
GRID_000009,303,8d83b97,2.007886,1.355820,1.010237,-0.722917,1.012490,0.117909,0.057784,0.231824,0.131307
GRID_000010,303,8d83b97,2.512487,-1.123893,1.324248,-0.985326,0.665798,-0.119329,-0.157645,0.022567,0.197715
GRID_000011,303,8d83b97,-2.602645,0.637411,-0.938767,0.976564,-0.857355,-0.096652,0.153862,0.184267,0.181701
GRID_000012,303,8d83b97,0.931185,-0.643228,-0.992075,0.980473,0.555831,-0.044491,0.031782,0.293402,0.054677
GRID_000013,303,8d83b97,-2.841539,1.269211,0.390061,0.970699,0.018941,-0.060371,0.180379,0.206654,0.190213
GRID_000014,303,8d83b97,-2.196593,-1.353202,0.464973,-0.119131,-0.875497,0.198688,-0.147392,0.060916,0.247389
GRID_000015,303,8d83b97,-0.547308,-1.401493,1.084656,0.686688,0.697913,0.101619,0.170527,-0.011361,0.198509
GRID_000016,303,8d83b97,1.458114,0.578412,-0.662703,-1.128787,0.846801,0.159957,-0.017446,0.229488,0.160905
GRID_000017,303,8d83b97,2.383683,1.121704,-0.038041,-1.503489,0.017796,0.135329,0.148183,0.193345,0.200679
GRID_000018,303,8d83b97,2.984626,1.211263,-0.613981,-1.378227,-1.170956,0.029861,0.217198,0.101281,0.219241
GRID_000019,303,8d83b97,-2.117087,-0.635712,0.819924,-1.154587,-1.288665,0.179069,-0.112171,0.177016,0.211301
GRID_000020,303,8d83b97,-0.017397,0.609933,0.189174,-0.001227,-0.164940,-0.004009,-0.093722,0.297923,0.093808
GRID_000021,303,8d83b97,-2.661981,1.076941,1.131505,0.128596,-0.900978,-0.037237,0.062846,0.265744,0.073050
GRID_000022,303,8d83b97,-1.044039,-0.350642,0.194473,-0.294417,0.011181,0.110795,0.065193,0.292378,0.128553
GRID_000023,303,8d83b97,3.009456,1.289158,0.891163,-1.415576,0.957140,0.013815,0.137528,0.237301,0.138221
GRID_000024,303,8d83b97,2.231285,0.194102,0.872566,1.284817,1.090419,-0.069065,-0.049709,0.288904,0.085094
GRID_000025,303,8d83b97,-0.427208,0.685094,-0.630173,0.592170,0.868622,-0.076246,-0.162455,0.213643,0.179458
GRID_000026,303,8d83b97,-2.720674,-1.005269,0.523963,-0.889536,1.557677,0.094643,-0.221690,0.135128,0.241047
GRID_000027,303,8d83b97,-0.404064,-0.214560,-0.963509,1.527314,0.209705,-0.017289,-0.034958,0.292287,0.039000
GRID_000028,303,8d83b97,2.704548,-0.772467,-1.444757,-0.542696,1.207247,-0.015219,-0.022974,0.265573,0.027558
GRID_000029,303,8d83b97,1.165007,-0.865276,-0.222127,0.888010,-0.992504,-0.176626,0.075562,0.248896,0.192110
GRID_000030,303,8d83b97,-1.167856,0.434111,0.268286,1.278792,-1.396112,-0.043384,-0.018193,0.314720,0.047044
GRID_000031,303,8d83b97,-1.053799,1.181615,-1.265191,-0.831155,0.717524,-0.160428,-0.090383,0.035713,0.184136
GRID_000032,303,8d83b97,-2.596376,0.849574,-0.217818,1.449184,0.806511,-0.097000,0.152151,0.229314,0.180441
GRID_000033,303,8d83b97,-1.464019,-0.009211,1.224228,-0.587163,-1.422496,0.138197,0.014212,0.230362,0.138925
GRID_000034,303,8d83b97,1.451952,0.316141,-1.367112,-0.744775,-1.271662,0.141829,-0.016394,0.186499,0.142773
GRID_000035,303,8d83b97,-1.299720,-0.039209,-1.549011,0.232960,-0.313141,-0.103535,-0.028787,0.212800,0.107463
GRID_000036,303,8d83b97,0.409239,-1.148453,-0.934484,-0.237326,-0.636863,-0.065262,0.145061,0.246358,0.159066
GRID_000037,303,8d83b97,0.947881,-1.536220,0.160104,-0.548137,-0.442097,-0.210734,0.150204,0.054699,0.258786
GRID_000038,303,8d83b97,-2.210866,1.260416,0.577493,1.412093,-0.666058,-0.140303,0.100597,0.223986,0.172640
GRID_000039,303,8d83b97,0.993572,-1.122842,-1.251068,-0.786092,-0.198011,-0.097838,0.062618,0.253972,0.116161
GRID_000040,303,8d83b97,-1.848940,-0.462708,0.400869,0.942839,0.019033,0.162005,-0.048355,0.258444,0.169068
GRID_000041,303,8d83b97,2.857282,-0.071519,1.318354,-0.092385,-0.956930,-0.047378,-0.146981,0.210183,0.154428
GRID_000042,303,8d83b97,0.736954,0.386649,0.134411,-0.649890,-0.414370,0.030701,-0.036044,0.315200,0.047347
GRID_000043,303,8d83b97,1.423667,0.014768,-0.911902,-0.905278,0.248807,0.076205,-0.010782,0.280167,0.076964
GRID_000044,303,8d83b97,2.999438,-1.463698,-1.208583,1.295041,-0.369510,-0.028644,-0.169130,0.209037,0.171539
GRID_000045,303,8d83b97,-1.249368,0.052542,-1.289820,-0.339494,0.751986,-0.107814,-0.035781,0.234018,0.113596
GRID_000046,303,8d83b97,2.015827,-0.074621,-0.927651,0.037446,0.001683,0.053461,0.028263,0.286353,0.060472
GRID_000047,303,8d83b97,-1.106188,-1.118787,-0.895031,-0.424226,0.042726,0.137846,0.069663,0.249196,0.154449
GRID_000048,303,8d83b97,1.046997,-1.564631,0.024318,-1.298138,-0.932793,-0.226197,0.129893,0.064962,0.260840
GRID_000049,303,8d83b97,-1.258102,-0.417853,-0.724386,1.098202,-0.740791,0.030145,0.009755,0.308921,0.031684
GRID_000050,303,8d83b97,-1.912099,1.262323,-0.724839,-0.265253,-1.407221,-0.207778,0.071461,0.075776,0.219723
GRID_000051,303,8d83b97,2.697356,0.002942,0.157393,1.560873,-0.917785,-0.024190,-0.041088,0.321163,0.047680
GRID_000052,303,8d83b97,-0.290564,-0.771810,0.709504,-0.934340,-1.521066,0.062300,0.216282,0.163007,0.225076
GRID_000053,303,8d83b97,2.746124,-1.310536,0.398252,-0.504995,-1.055853,-0.101805,-0.232867,0.079301,0.254148
GRID_000054,303,8d83b97,0.348707,-1.553780,0.897570,-0.021188,-0.941056,-0.072538,0.192957,-0.026590,0.206141
GRID_000055,303,8d83b97,-0.872352,-0.168427,-0.024452,-0.521375,1.319720,0.046684,0.040678,0.319060,0.061921
GRID_000056,303,8d83b97,0.420255,0.809582,-0.229272,1.488831,0.363069,0.068243,-0.157805,0.235680,0.171928
GRID_000057,303,8d83b97,0.926427,0.982155,-1.051888,-1.532849,0.915061,0.156292,-0.118779,0.099056,0.196305
GRID_000058,303,8d83b97,-1.811748,0.943916,-0.180851,1.481051,0.003395,-0.187833,0.044189,0.214687,0.192961
GRID_000059,303,8d83b97,2.945570,0.631173,-1.496441,-0.584275,-0.787681,0.027699,0.161653,0.116641,0.164009
GRID_000060,303,8d83b97,2.759405,0.852360,0.611763,-0.721482,0.806072,0.030352,0.086875,0.285796,0.092024
GRID_000061,303,8d83b97,-1.045740,1.360336,-0.262657,0.862538,-1.201703,-0.199709,-0.114943,0.110485,0.230424
GRID_000062,303,8d83b97,1.344963,0.427757,-0.481115,-0.309956,-0.350583,0.119579,-0.027185,0.273101,0.122630
GRID_000063,303,8d83b97,2.367369,0.517093,-1.323071,-0.716227,0.540643,0.111600,0.119017,0.157927,0.163155
GRID_000064,303,8d83b97,-1.208001,0.816164,0.986554,0.815979,-0.023579,-0.038747,-0.014470,0.287059,0.041361
GRID_000065,303,8d83b97,1.929837,0.162960,1.168964,0.260568,-0.935632,-0.108136,-0.038269,0.256481,0.114708
GRID_000066,303,8d83b97,-2.104646,-0.182707,-1.020161,0.185355,0.873631,-0.046717,0.024394,0.285663,0.052702
GRID_000067,303,8d83b97,-0.212482,1.565897,-1.299992,-0.786000,1.515445,-0.033353,-0.143196,-0.035691,0.147029
GRID_000068,303,8d83b97,-1.877062,0.060617,-0.781102,0.727717,0.439255,-0.078409,0.022605,0.288066,0.081602
GRID_000069,303,8d83b97,-1.432490,-0.538564,1.356191,-0.032381,-0.036351,0.190227,0.026007,0.128806,0.191996
GRID_000070,303,8d83b97,-0.593130,0.192469,-1.291071,-0.634931,-0.465123,-0.075678,-0.108890,0.215057,0.132606
GRID_000071,303,8d83b97,0.823971,0.104761,0.769933,-1.233756,0.736034,-0.069849,0.062846,0.291220,0.093960
GRID_000072,303,8d83b97,1.337535,-0.119581,-0.956493,0.509825,-1.389244,0.052107,-0.012165,0.287093,0.053508
GRID_000073,303,8d83b97,2.057062,0.492644,0.790216,-1.183288,0.935397,-0.011068,-0.002884,0.304004,0.011437
GRID_000074,303,8d83b97,2.932644,-1.302078,-1.211393,-0.063064,0.201638,-0.035060,-0.144360,0.232721,0.148556
GRID_000075,303,8d83b97,0.461891,-1.551332,-1.487044,1.368011,-1.258968,-0.068358,0.132477,0.204320,0.149074
GRID_000076,303,8d83b97,2.435995,-1.302567,0.807743,-0.165542,-0.049036,-0.154902,-0.176225,0.033406,0.234627
GRID_000077,303,8d83b97,-1.824209,0.085471,-0.947170,1.199094,0.190911,-0.097546,0.023308,0.269364,0.100292
GRID_000078,303,8d83b97,2.807425,0.863050,0.894096,0.248506,0.608087,0.015109,0.056511,0.286123,0.058496
GRID_000079,303,8d83b97,-1.796790,0.222639,-0.263156,-1.126112,-1.380383,-0.061796,0.012303,0.311455,0.063009
GRID_000080,303,8d83b97,-1.956761,1.162575,1.396011,1.359440,-0.708331,-0.053577,0.019357,0.252082,0.056967
GRID_000081,303,8d83b97,1.365155,-0.638049,0.888248,-0.765879,0.971532,-0.213261,0.044781,0.167816,0.217912
GRID_000082,303,8d83b97,2.887792,-0.751549,0.162981,-0.670118,-0.952913,-0.055461,-0.196252,0.232909,0.203938
GRID_000083,303,8d83b97,-1.300002,1.310231,0.580183,0.554995,-1.448273,-0.173275,-0.048239,0.214879,0.179864
GRID_000084,303,8d83b97,1.488394,1.136696,1.181308,-1.353994,0.384812,0.072345,-0.005304,0.259769,0.072539
GRID_000085,303,8d83b97,0.225432,-1.258901,0.643652,0.373960,0.889460,-0.056958,0.237941,0.061553,0.244664
GRID_000086,303,8d83b97,-2.006071,-1.424541,-1.394952,1.493960,-1.491287,0.125314,-0.060936,0.219627,0.139345
GRID_000087,303,8d83b97,-0.953257,-0.002160,1.400814,-1.391265,0.299294,0.115702,0.083475,0.209117,0.142671
GRID_000088,303,8d83b97,2.683478,0.277763,0.624479,1.204885,-0.030653,-0.020944,-0.033139,0.310159,0.039202
GRID_000089,303,8d83b97,-1.722423,1.051560,-0.392908,0.959674,-0.852111,-0.212148,0.030798,0.166228,0.214372
GRID_000090,303,8d83b97,2.998805,-1.138103,0.206835,-1.106096,1.501271,-0.039771,-0.245138,0.144714,0.248343
GRID_000091,303,8d83b97,1.632155,0.718540,1.085110,-0.561641,0.825267,0.002487,0.001334,0.286380,0.002822
GRID_000092,303,8d83b97,-1.083416,-1.210904,1.460308,-0.462321,1.423655,0.151153,0.080897,-0.000891,0.171440
GRID_000093,303,8d83b97,1.074134,-1.469303,-0.711497,-0.431637,0.683580,-0.200216,0.107819,0.173787,0.227401
GRID_000094,303,8d83b97,-1.017384,1.138394,-1.474373,1.413477,0.138962,-0.141181,-0.086204,0.026931,0.165419
GRID_000095,303,8d83b97,2.358520,-0.199018,1.418995,-0.781931,-0.685319,-0.122625,-0.118432,0.178529,0.170479
GRID_000096,303,8d83b97,-2.781198,-0.563785,0.474490,0.750140,-0.134373,0.064018,-0.182022,0.233266,0.192951
GRID_000097,303,8d83b97,-1.777891,1.132402,1.039161,-1.105573,1.409284,-0.094992,0.018217,0.261001,0.096723
GRID_000098,303,8d83b97,-0.626458,-0.352944,0.125077,1.397379,0.195075,0.070480,0.100314,0.296979,0.122598
GRID_000099,303,8d83b97,2.436491,1.487711,-0.865228,-1.130106,-1.012248,0.124752,0.152214,0.010090,0.196805
GRID_000100,303,8d83b97,-2.135566,1.196050,0.800892,-0.541049,-0.282583,-0.117510,0.071055,0.247578,0.137323
GRID_000101,303,8d83b97,1.599686,-0.127199,-0.309059,0.750450,-1.454441,-0.021882,0.000530,0.322017,0.021889
GRID_000102,303,8d83b97,0.242241,0.329736,1.546633,-0.292415,-1.306239,-0.027197,0.099858,0.227556,0.103495
GRID_000103,303,8d83b97,0.143199,-0.173619,0.524126,-0.920340,-0.300047,-0.020511,0.125663,0.286060,0.127326
GRID_000104,303,8d83b97,0.892082,0.266836,-1.525089,1.081960,1.010096,0.105533,-0.086714,0.174132,0.136589
GRID_000105,303,8d83b97,-0.859813,1.375757,0.902161,0.074422,1.427594,-0.116744,-0.098909,0.224098,0.153011
GRID_000106,303,8d83b97,0.911613,-0.008539,0.937779,0.151654,-0.965440,-0.103729,0.078950,0.263880,0.130356
GRID_000107,303,8d83b97,-1.744199,1.529809,0.302078,0.110088,-1.397395,-0.220301,0.036892,0.140009,0.223368
GRID_000108,303,8d83b97,1.675360,1.147732,-1.104189,0.780946,1.226387,0.191016,0.021400,0.058158,0.192210
GRID_000109,303,8d83b97,2.686283,-0.017113,0.096651,0.829939,1.130411,-0.023435,-0.038383,0.322108,0.044972
GRID_000110,303,8d83b97,0.140870,-1.237556,1.313573,1.052772,-0.003572,-0.029080,0.187423,0.002973,0.189666
GRID_000111,303,8d83b97,-0.696430,1.009295,0.361556,0.482430,0.998133,-0.100648,-0.117903,0.252571,0.155020
GRID_000112,303,8d83b97,-2.580315,1.234833,-0.165300,-0.954850,-0.819956,-0.121100,0.185091,0.152639,0.221187
GRID_000113,303,8d83b97,-2.862754,0.566998,-0.559013,-1.520341,-1.496222,-0.047599,0.150352,0.243370,0.157707
GRID_000114,303,8d83b97,-2.299660,0.379054,-1.523508,-0.761651,-0.131839,-0.115160,0.098485,0.156605,0.151529
GRID_000115,303,8d83b97,1.722048,0.346639,-0.349457,1.275425,1.294291,0.092204,0.015653,0.294527,0.093524
GRID_000116,303,8d83b97,2.485795,1.515681,0.809729,0.149414,-0.140429,0.104732,0.142264,0.193224,0.176657
GRID_000117,303,8d83b97,-0.398245,-0.230449,-0.780246,-0.852775,0.255729,-0.008128,-0.013803,0.305748,0.016019
GRID_000118,303,8d83b97,1.230988,1.331787,-0.925418,1.087680,-0.879478,0.188264,-0.066703,0.037563,0.199732
GRID_000119,303,8d83b97,1.526908,0.327366,0.458459,-0.668357,-0.646515,-0.009038,0.001291,0.316972,0.009130
GRID_000120,303,8d83b97,-2.719895,0.734369,-0.370737,0.434545,1.060748,-0.074560,0.155887,0.234433,0.172800
GRID_000121,303,8d83b97,-0.382658,-1.126552,-1.455289,-1.319955,0.273286,0.030349,0.081443,0.249508,0.086914
GRID_000122,303,8d83b97,1.044793,-1.197954,1.203934,1.255489,-1.440689,-0.178967,0.102996,0.018074,0.206488
GRID_000123,303,8d83b97,1.136618,-1.153798,1.378175,1.419664,1.349938,-0.173653,0.079935,0.013447,0.191168
GRID_000124,303,8d83b97,1.967795,0.447716,1.527465,0.945966,0.494576,-0.080939,-0.031516,0.239243,0.086858
GRID_000125,303,8d83b97,-1.139490,-1.126409,-0.111891,-0.605674,0.661989,0.209530,0.096820,0.185852,0.230818
GRID_000126,303,8d83b97,1.563044,-0.367886,0.937590,-0.287141,1.236775,-0.188554,0.002424,0.212071,0.188569
GRID_000127,303,8d83b97,1.452491,-0.786738,0.745942,0.553934,0.920753,-0.228965,0.027825,0.155171,0.230649
GRID_000128,303,8d83b97,1.020768,0.095672,-1.022668,1.432712,1.502380,0.085724,-0.053505,0.260047,0.101051
GRID_000129,303,8d83b97,-1.880258,1.508974,-0.678039,0.138721,0.109551,-0.205482,0.063487,0.024734,0.215066
GRID_000130,303,8d83b97,-1.088775,-0.354617,0.792384,-0.354991,-1.558339,0.154900,0.081687,0.232144,0.175119
GRID_000131,303,8d83b97,-0.448307,-0.614950,-1.391056,-1.401137,-0.499869,-0.001909,0.000998,0.269767,0.002154
GRID_000132,303,8d83b97,-1.172639,1.126064,0.531903,0.771832,-1.193067,-0.144976,-0.060676,0.244465,0.157161
GRID_000133,303,8d83b97,0.646526,0.404765,-1.365817,-0.078267,0.320963,0.090714,-0.123187,0.172093,0.152983
GRID_000134,303,8d83b97,0.716754,-1.204172,1.329722,-0.364382,-0.419672,-0.127480,0.143760,0.007800,0.192141
GRID_000135,303,8d83b97,1.189233,1.010375,0.703562,-1.481152,-0.664228,0.101863,-0.041155,0.269689,0.109863
GRID_000136,303,8d83b97,0.945563,1.150161,1.103729,-0.662863,1.244964,0.068705,-0.050892,0.259153,0.085500
GRID_000137,303,8d83b97,0.235400,0.075116,-1.222617,-1.404303,1.566973,0.023429,-0.107881,0.239363,0.110396
GRID_000138,303,8d83b97,-0.900373,-0.760839,-1.062968,1.427229,0.108411,0.050324,0.041351,0.285662,0.065134
GRID_000139,303,8d83b97,0.249311,-1.052901,0.572254,0.559181,-0.104700,-0.062688,0.236878,0.118033,0.245033
GRID_000140,303,8d83b97,-0.072076,0.701545,0.267482,1.064589,1.001111,-0.009876,-0.103838,0.291119,0.104307
GRID_000141,303,8d83b97,-1.870556,0.380373,0.631670,-0.954599,1.280508,0.010185,-0.005310,0.311094,0.011486
GRID_000142,303,8d83b97,0.751212,0.655110,0.708513,0.191189,0.050016,0.023533,-0.027396,0.301838,0.036116
GRID_000143,303,8d83b97,1.178673,-1.313578,0.041824,-0.644737,-1.202817,-0.237954,0.098129,0.123870,0.257394
GRID_000144,303,8d83b97,2.595863,-1.128740,0.612407,0.088831,-0.175544,-0.131662,-0.209146,0.095450,0.247137
GRID_000145,303,8d83b97,2.893273,-0.466710,0.034598,-0.974357,0.541404,-0.038686,-0.134604,0.289656,0.140053
GRID_000146,303,8d83b97,-0.083759,-0.684306,0.074693,0.986598,1.049360,0.013101,0.184287,0.253922,0.184752
GRID_000147,303,8d83b97,1.189586,0.936353,-0.131212,1.220423,1.257900,0.168926,-0.067941,0.221639,0.182077
GRID_000148,303,8d83b97,1.568058,-0.321567,0.521720,-1.086135,0.430207,-0.159263,0.001465,0.267373,0.159270
GRID_000149,303,8d83b97,2.943259,-0.729010,1.079835,-0.268745,0.440553,-0.047083,-0.212157,0.125299,0.217319
GRID_000150,303,8d83b97,-0.112217,0.223701,-1.504178,-0.761325,-0.994173,-0.017675,-0.134575,0.183299,0.135731
GRID_000151,303,8d83b97,0.439505,-0.810645,1.299354,-0.261350,1.320351,-0.090352,0.187034,0.084005,0.207714
GRID_000152,303,8d83b97,-1.649935,1.273682,1.392098,0.444922,-1.083862,-0.076215,0.004829,0.243638,0.076368
GRID_000153,303,8d83b97,2.752402,0.188693,1.184071,-0.871943,1.206505,-0.045252,-0.099404,0.257256,0.109220
GRID_000154,303,8d83b97,-1.687555,0.086665,-0.880160,-1.271906,-0.345319,-0.094996,0.009695,0.276104,0.095490
GRID_000155,303,8d83b97,-2.102369,0.885266,-1.350162,-1.013783,1.057348,-0.158907,0.090292,0.085286,0.182768
GRID_000156,303,8d83b97,-2.820168,0.248129,0.636903,-1.183883,-0.665866,0.010003,-0.043694,0.308661,0.044824
GRID_000157,303,8d83b97,0.922238,0.190063,0.786708,-1.123430,0.548000,-0.062462,0.045996,0.295764,0.077570
GRID_000158,303,8d83b97,-2.733352,-0.915889,-0.909468,-1.146087,-0.380612,0.042693,-0.109262,0.274858,0.117306
GRID_000159,303,8d83b97,-1.525584,0.659219,1.204600,-0.271292,1.187337,0.015830,-0.000098,0.279146,0.015831
GRID_000160,303,8d83b97,0.068090,-0.290572,0.266706,-1.122806,-0.368439,-0.010973,0.125998,0.293933,0.126475
GRID_000161,303,8d83b97,-2.262206,-0.019228,0.345928,-1.528741,-0.715141,0.052906,-0.048036,0.312368,0.071460
GRID_000162,303,8d83b97,-2.919301,-0.788798,1.376834,0.150987,-0.806115,0.039805,-0.195597,0.080181,0.199606
GRID_000163,303,8d83b97,0.686969,0.172762,0.389204,-1.542939,0.835161,-0.024112,0.026851,0.318166,0.036088
GRID_000164,303,8d83b97,-1.613333,-1.333064,-0.190843,0.326184,-0.019904,0.244155,-0.011624,0.147974,0.244432
GRID_000165,303,8d83b97,-0.132587,-1.021995,0.195746,0.085541,0.265109,0.029114,0.236061,0.172760,0.237850
GRID_000166,303,8d83b97,2.997795,-1.222239,0.113596,-1.375462,1.022793,-0.040483,-0.248283,0.136638,0.251562
GRID_000167,303,8d83b97,0.601611,1.035779,-0.585705,-1.277180,0.804978,0.117620,-0.174502,0.145318,0.210441
GRID_000168,303,8d83b97,-2.215426,-0.308611,-0.560508,0.203031,0.473138,0.019931,-0.018910,0.315354,0.027474
GRID_000169,303,8d83b97,2.814620,-0.672111,0.998047,0.905531,0.802758,-0.073708,-0.204091,0.146987,0.216993
GRID_000170,303,8d83b97,0.120805,-1.475047,0.709488,-0.867903,0.883561,-0.030094,0.227993,0.005905,0.229971
GRID_000171,303,8d83b97,1.700850,0.004415,-1.531529,0.913825,0.657293,0.105120,0.015127,0.209759,0.106203
GRID_000172,303,8d83b97,-1.894459,0.040259,-0.468699,-0.732946,-1.189710,-0.042774,0.012059,0.312228,0.044442
GRID_000173,303,8d83b97,2.969833,-0.801733,-0.030304,-0.336731,0.322549,-0.037985,-0.192797,0.243096,0.196503
GRID_000174,303,8d83b97,-2.788427,1.034957,0.796435,-0.441321,0.276915,-0.041103,0.099191,0.269060,0.107370
GRID_000175,303,8d83b97,-0.338388,-0.236268,-0.331118,1.391616,1.022708,0.011483,0.039194,0.320021,0.040842
GRID_000176,303,8d83b97,0.802586,0.596298,0.544629,0.718700,1.035151,0.030435,-0.031295,0.306590,0.043654
GRID_000177,303,8d83b97,-1.214565,1.360841,-0.560065,-1.570495,1.493465,-0.211560,-0.078578,0.072820,0.225682
GRID_000178,303,8d83b97,1.222162,0.002755,1.270075,-0.008913,-0.452426,-0.136617,0.049402,0.226225,0.145275
GRID_000179,303,8d83b97,-2.947338,1.498143,0.679067,1.048642,-1.337766,-0.041070,0.185859,0.186024,0.190343
GRID_000180,303,8d83b97,-2.478743,0.654703,-0.091225,0.855348,1.422546,-0.086799,0.105003,0.274627,0.136234
GRID_000181,303,8d83b97,-0.854759,-0.169437,1.132869,0.876870,-0.360343,0.120122,0.106222,0.219441,0.160351
GRID_000182,303,8d83b97,-2.026892,-0.905059,-0.522812,1.528908,-0.807081,0.143288,-0.073179,0.263459,0.160893
GRID_000183,303,8d83b97,-0.050975,0.563476,0.787007,-1.039606,-0.332475,-0.002848,-0.008227,0.303163,0.008706
GRID_000184,303,8d83b97,-1.607837,0.621980,-0.649087,-0.047024,0.095054,-0.173442,0.005238,0.223220,0.173521
GRID_000185,303,8d83b97,-2.249567,1.166070,-0.625892,-1.099941,-0.712170,-0.174031,0.136234,0.110299,0.221012
GRID_000186,303,8d83b97,-1.777543,1.255889,0.702397,-0.826067,-0.598914,-0.155918,0.030917,0.233115,0.158954
GRID_000187,303,8d83b97,1.430002,1.299992,1.029128,-1.474535,0.917593,0.118802,-0.016341,0.240357,0.119921
GRID_000188,303,8d83b97,-0.887359,1.052244,0.472442,-1.211255,-1.411891,-0.117626,-0.094350,0.252865,0.150791
GRID_000189,303,8d83b97,1.236912,-1.231893,-0.146811,0.335483,0.900323,-0.231897,0.080370,0.166183,0.245429
GRID_000190,303,8d83b97,-0.982456,-0.135630,-1.208170,-0.761409,0.635394,-0.064482,-0.041906,0.263514,0.076903
GRID_000191,303,8d83b97,-1.867112,-0.329147,-1.283876,-0.585102,0.768504,-0.045275,0.011746,0.269695,0.046774
GRID_000192,303,8d83b97,-2.761258,-1.339379,-0.324922,0.201578,1.431583,0.085139,-0.224475,0.162128,0.240079
GRID_000193,303,8d83b97,-2.624536,1.369937,1.481296,1.225795,0.555913,-0.042298,0.066456,0.233013,0.078775
GRID_000194,303,8d83b97,2.940121,-1.441771,1.281253,-1.222739,-1.416863,-0.039170,-0.170176,-0.029668,0.174625
GRID_000195,303,8d83b97,3.082369,-0.890595,0.504819,0.596972,-1.376231,-0.018367,-0.233867,0.163370,0.234587
GRID_000196,303,8d83b97,-1.934669,1.544711,-1.012221,1.117396,1.144195,-0.172657,0.063351,-0.014392,0.183913
GRID_000197,303,8d83b97,2.178259,0.397225,-0.482446,-1.542700,0.802554,0.094588,0.069436,0.277152,0.117339
GRID_000198,303,8d83b97,-1.888683,1.119775,-0.050777,-0.581092,0.232972,-0.197140,0.062589,0.192315,0.206837
GRID_000199,303,8d83b97,1.545590,0.012733,-0.015472,1.228854,0.200188,-0.025164,0.001615,0.324266,0.025215
GRID_000200,303,8d83b97,-2.354818,0.122489,-0.724948,0.041651,-1.462726,-0.065103,0.060001,0.287161,0.088536
GRID_000201,303,8d83b97,1.877810,0.801993,1.270935,0.087777,-0.020192,-0.002061,0.001426,0.273810,0.002506
GRID_000202,303,8d83b97,-2.433395,0.576000,0.266396,0.253900,0.332991,-0.054189,0.057595,0.304161,0.079080
GRID_000203,303,8d83b97,-1.817726,-0.963720,-0.700084,-1.115110,-1.206322,0.145457,-0.038623,0.263584,0.150497
GRID_000204,303,8d83b97,1.796867,-0.525903,1.074601,0.802625,1.075591,-0.201781,-0.044623,0.165954,0.206656
GRID_000205,303,8d83b97,2.129834,-1.067226,1.121297,0.840149,1.538962,-0.187885,-0.114250,0.051227,0.219895
GRID_000206,303,8d83b97,0.970273,-0.755206,1.237910,-0.066699,-0.454424,-0.175860,0.119229,0.101475,0.212467
GRID_000207,303,8d83b97,-2.710806,0.507947,-0.255384,0.615659,0.905961,-0.055006,0.109600,0.282091,0.122629
GRID_000208,303,8d83b97,-2.226216,0.935071,-1.147122,0.151876,-1.515088,-0.157242,0.116975,0.097816,0.195980
GRID_000209,303,8d83b97,1.925096,-0.984897,0.001518,-1.409715,-0.880422,-0.214499,-0.076932,0.203677,0.227878
GRID_000210,303,8d83b97,2.032734,-1.121976,-1.459447,-0.558535,0.041860,-0.081654,-0.037894,0.249707,0.090018
GRID_000211,303,8d83b97,-0.383609,1.541106,1.095536,-0.038236,-0.062947,-0.058666,-0.139426,0.206373,0.151266
GRID_000212,303,8d83b97,0.958308,0.469311,-1.444633,1.325429,0.090895,0.126623,-0.090250,0.151222,0.155494
GRID_000213,303,8d83b97,0.526986,1.380687,-0.261034,-0.732557,-0.503184,0.112152,-0.196545,0.105780,0.226292
GRID_000214,303,8d83b97,0.647116,-0.853169,-0.653453,-0.567625,-0.227317,-0.086093,0.111095,0.276475,0.140549
GRID_000215,303,8d83b97,0.737339,-0.195248,0.019361,-1.353845,-0.619138,-0.053998,0.057246,0.316161,0.078695
GRID_000216,303,8d83b97,-2.095283,1.285804,-1.139059,-1.357717,0.665552,-0.166316,0.093070,0.026345,0.190586
GRID_000217,303,8d83b97,-3.075593,0.299915,-0.236267,1.353402,0.778016,-0.009419,0.074004,0.306693,0.074601
GRID_000218,303,8d83b97,-0.163624,0.967145,-0.241570,-0.362188,1.441208,-0.034339,-0.193704,0.202980,0.196724
GRID_000219,303,8d83b97,0.515589,1.249373,0.929941,-1.233491,-1.236030,0.060259,-0.110397,0.244555,0.125772
GRID_000220,303,8d83b97,-1.423090,1.453746,-1.495659,0.250482,0.791849,-0.136646,-0.020773,-0.025835,0.138216
GRID_000221,303,8d83b97,0.630446,-0.259530,-0.078734,1.210893,-1.206895,-0.049417,0.064802,0.315335,0.081494
GRID_000222,303,8d83b97,-0.630657,0.583984,0.799240,0.460817,-0.941261,-0.009261,-0.009696,0.302239,0.013409
GRID_000223,303,8d83b97,-2.248647,-0.284587,-0.178806,1.499764,0.416421,0.052634,-0.046545,0.316463,0.070263
GRID_000224,303,8d83b97,2.783899,-0.853310,0.358147,-1.155738,-0.030803,-0.083928,-0.212293,0.189828,0.228281
GRID_000225,303,8d83b97,1.568808,-1.398750,-1.411332,0.747737,-0.610465,-0.140155,0.001210,0.223036,0.140160
GRID_000226,303,8d83b97,-1.209884,-1.268013,-1.558633,1.559292,0.793634,0.088905,0.033861,0.235075,0.095135
GRID_000227,303,8d83b97,-1.569983,-1.052234,1.233137,0.462592,0.339617,0.204400,-0.000794,0.043607,0.204401
GRID_000228,303,8d83b97,-1.170182,-1.477639,-1.054045,0.444923,-1.466757,0.172660,0.073487,0.198871,0.187648
GRID_000229,303,8d83b97,1.402549,-0.068106,0.348995,-0.083403,0.343931,-0.087742,0.015385,0.308959,0.089080
GRID_000230,303,8d83b97,-2.137349,0.468785,-0.808865,1.111700,-0.054597,-0.134570,0.082172,0.231139,0.157675
GRID_000231,303,8d83b97,1.205297,-0.823128,1.312440,0.961160,0.345617,-0.194854,0.074246,0.080247,0.208519
GRID_000232,303,8d83b97,1.024742,0.983510,-0.420199,1.408149,1.319497,0.172648,-0.105774,0.177923,0.202473
GRID_000233,303,8d83b97,2.909367,0.455735,-0.691021,0.559289,0.414303,0.029230,0.142722,0.246982,0.145684
GRID_000234,303,8d83b97,-2.862313,0.726594,0.417996,-0.128745,-0.865861,-0.029553,0.087177,0.294059,0.092050
GRID_000235,303,8d83b97,-0.864419,-0.518460,1.455778,0.251869,1.217836,0.141052,0.122081,0.120844,0.186546
GRID_000236,303,8d83b97,1.793043,-0.054575,1.174974,1.063755,-0.882967,-0.147546,-0.031585,0.230476,0.150889
GRID_000237,303,8d83b97,2.597550,0.264927,0.937359,1.401433,0.313171,-0.042408,-0.062480,0.287844,0.075513
GRID_000238,303,8d83b97,3.058299,-0.762219,0.911566,0.697851,1.014523,-0.023037,-0.222580,0.139320,0.223769
GRID_000239,303,8d83b97,-1.453019,0.765790,-0.527807,-0.308712,0.651852,-0.186427,-0.022728,0.210269,0.187807
GRID_000240,303,8d83b97,1.638120,-1.168790,1.404543,-0.680698,0.679825,-0.187186,-0.011472,0.009187,0.187537
GRID_000241,303,8d83b97,1.069541,-0.003074,-0.912887,-0.130737,-0.412654,0.064451,-0.036050,0.281719,0.073849
GRID_000242,303,8d83b97,-1.006830,0.507775,0.057975,1.490905,-1.145814,-0.076255,-0.047331,0.302541,0.089750
GRID_000243,303,8d83b97,-2.106622,-0.230440,1.519408,-1.041172,0.031375,0.140983,-0.086824,0.161053,0.165573
GRID_000244,303,8d83b97,-1.387666,1.037862,-0.420614,-0.521457,0.931513,-0.210174,-0.039382,0.165823,0.213832
GRID_000245,303,8d83b97,-1.004284,0.556342,0.828541,0.048779,-0.929734,-0.004207,-0.001693,0.301642,0.004535
GRID_000246,303,8d83b97,1.523651,0.848237,1.537557,0.728619,-1.536004,-0.020231,0.001687,0.253009,0.020302
GRID_000247,303,8d83b97,2.245942,-0.674384,-0.986471,-0.419210,0.213313,-0.050325,-0.036245,0.292283,0.062018
GRID_000248,303,8d83b97,-2.996422,-1.133290,-0.132785,0.954671,-0.101093,0.029253,-0.231133,0.186689,0.232976
GRID_000249,303,8d83b97,-2.845802,-1.143935,-0.377406,1.485921,0.367939,0.058667,-0.207517,0.209854,0.215651
GRID_000250,303,8d83b97,-0.395396,-1.009795,1.194354,-0.100680,-0.596319,0.079277,0.195707,0.055598,0.211154
GRID_000251,303,8d83b97,-1.658567,-1.325019,1.103093,0.783140,-0.221428,0.200520,-0.018936,0.001729,0.201413
GRID_000252,303,8d83b97,1.144377,-0.484477,0.435788,-0.774628,-1.420677,-0.165748,0.074880,0.251262,0.181878
GRID_000253,303,8d83b97,0.962922,-0.687485,-1.291847,1.282680,1.384762,-0.024199,0.015605,0.277145,0.028794
GRID_000254,303,8d83b97,1.613642,-1.300731,1.297821,-0.480822,1.390240,-0.189099,-0.007026,-0.007048,0.189230
GRID_000255,303,8d83b97,2.880066,0.081625,0.688942,1.505935,1.174811,-0.027327,-0.085229,0.296164,0.089503
GRID_000256,303,8d83b97,-2.800131,0.419472,1.223712,0.413142,-1.007405,0.018435,-0.064446,0.270263,0.067031
GRID_000257,303,8d83b97,-1.406876,0.034678,0.498452,-0.283591,-0.390623,0.074560,0.011828,0.306697,0.075493
GRID_000258,303,8d83b97,2.812679,-1.116833,1.029101,0.486438,-0.095479,-0.076345,-0.210535,0.050268,0.223950
GRID_000259,303,8d83b97,-2.416129,0.151513,-0.842262,-0.934444,-0.014843,-0.071708,0.075410,0.272762,0.104061
GRID_000260,303,8d83b97,2.667733,0.760792,-0.911295,-0.087770,-0.076675,0.083006,0.170815,0.163155,0.189915
GRID_000261,303,8d83b97,-1.322330,0.977507,1.259603,-0.231262,-1.382451,-0.038860,-0.009974,0.268636,0.040120
GRID_000262,303,8d83b97,-2.946415,-0.512479,0.407177,0.630756,1.136451,0.030715,-0.178281,0.249656,0.180907
GRID_000263,303,8d83b97,0.933247,0.800796,-0.673616,-1.552624,0.135276,0.152437,-0.114178,0.185161,0.190457
GRID_000264,303,8d83b97,2.340194,0.550179,0.379552,-0.226599,-0.763653,0.036510,0.040168,0.308701,0.054281
GRID_000265,303,8d83b97,0.668805,-1.010627,-1.170285,-0.762374,-0.301181,-0.066768,0.081698,0.265377,0.105510
GRID_000266,303,8d83b97,0.581611,-1.554565,-0.777350,1.186416,1.022708,-0.126880,0.189609,0.161985,0.228145
GRID_000267,303,8d83b97,2.620261,-0.267867,-0.034250,-0.289526,-0.085964,-0.047651,-0.074809,0.313206,0.088697
GRID_000268,303,8d83b97,-0.043374,0.089456,-0.873362,-0.337430,1.158181,-0.006416,-0.092027,0.276488,0.092251
GRID_000269,303,8d83b97,-0.727274,0.943343,1.095375,0.739911,-0.827699,-0.036164,-0.038235,0.276507,0.052628
GRID_000270,303,8d83b97,0.252265,0.132228,-1.524236,0.678724,-1.272121,0.028702,-0.121023,0.193913,0.124380
GRID_000271,303,8d83b97,2.251897,-0.897908,-1.405517,0.523907,-0.963899,-0.045568,-0.032924,0.264818,0.056218
GRID_000272,303,8d83b97,1.450483,0.276056,1.007173,-0.052517,0.856187,-0.080500,0.010301,0.282319,0.081157
GRID_000273,303,8d83b97,-1.036159,-1.040497,1.428533,-0.188657,1.286922,0.159825,0.095605,0.029798,0.186237
GRID_000274,303,8d83b97,0.125873,1.419903,1.478299,0.497300,-0.480300,0.008116,-0.084129,0.228343,0.084519
GRID_000275,303,8d83b97,2.576822,0.416595,1.393166,-1.489953,0.901093,-0.047580,-0.067924,0.252374,0.082931
GRID_000276,303,8d83b97,1.748023,-0.568553,1.382848,-1.365182,-1.362554,-0.195919,-0.033539,0.120246,0.198769
GRID_000277,303,8d83b97,2.946635,1.141241,-0.403452,1.290489,0.735540,0.037722,0.214007,0.144420,0.217306
GRID_000278,303,8d83b97,2.411960,-1.189379,0.120050,1.362273,-0.436637,-0.170352,-0.185038,0.143596,0.251513
GRID_000279,303,8d83b97,1.794953,-0.392638,-1.128915,-0.852602,-1.476733,0.012628,0.004674,0.286350,0.013465
GRID_000280,303,8d83b97,2.579782,0.353286,0.812995,0.650882,0.669313,-0.026588,-0.034861,0.301169,0.043843
GRID_000281,303,8d83b97,-0.174383,1.237589,-0.190740,-0.053760,0.000621,-0.040603,-0.217102,0.148826,0.220866
GRID_000282,303,8d83b97,0.880793,-0.419066,1.102970,1.021364,0.815037,-0.151668,0.123583,0.182054,0.195643
GRID_000283,303,8d83b97,-3.110115,-0.664281,-1.477415,-0.136252,1.035504,-0.004308,-0.002569,0.263015,0.005016
GRID_000284,303,8d83b97,2.645292,0.454880,1.429348,0.300850,0.779139,-0.040797,-0.067042,0.250870,0.078479
GRID_000285,303,8d83b97,-2.830473,0.241004,-0.062961,-1.457085,1.294534,-0.016641,0.037492,0.318472,0.041019
GRID_000286,303,8d83b97,0.045042,-0.857612,1.501592,-1.210910,-0.853266,-0.011031,0.188366,0.056187,0.188688
GRID_000287,303,8d83b97,-0.659345,-0.930549,1.397949,0.223391,0.690383,0.117683,0.154767,0.051962,0.194427
GRID_000288,303,8d83b97,0.162870,-1.128425,-0.039860,-1.235800,0.389917,-0.041008,0.235181,0.177117,0.238729
GRID_000289,303,8d83b97,-0.169476,1.088987,-1.230827,-0.492280,-1.333336,-0.034059,-0.184678,0.057289,0.187792
GRID_000290,303,8d83b97,2.224126,1.346053,0.450324,0.887287,0.318935,0.149368,0.118297,0.196530,0.190538
GRID_000291,303,8d83b97,-1.702046,-1.161274,-0.666428,0.268041,-0.923919,0.185639,-0.026028,0.230266,0.187455
GRID_000292,303,8d83b97,0.239079,-0.437108,1.074878,1.299198,-0.396726,-0.048651,0.189567,0.182392,0.195710
GRID_000293,303,8d83b97,1.212546,0.466360,-0.167509,1.470714,-0.071182,0.093747,-0.035252,0.293943,0.100156
GRID_000294,303,8d83b97,0.910792,0.434523,-1.129215,-1.040262,-1.028891,0.122763,-0.096709,0.197178,0.156279
GRID_000295,303,8d83b97,-2.228114,1.249731,-0.637624,-0.911092,-0.795771,-0.178011,0.133391,0.089350,0.222444
GRID_000296,303,8d83b97,-1.983015,-0.914837,1.349777,1.324191,-0.082332,0.180626,-0.081521,0.059185,0.198170
GRID_000297,303,8d83b97,0.263699,-0.645851,0.463248,-0.919902,0.094640,-0.056011,0.198709,0.219290,0.206452
GRID_000298,303,8d83b97,-1.235402,-1.190163,-1.260598,0.873931,1.455412,0.113537,0.039738,0.246882,0.120290
GRID_000299,303,8d83b97,1.259930,1.167937,0.269592,-1.496066,0.978512,0.174281,-0.055990,0.215807,0.183054
GRID_000300,303,8d83b97,-1.383723,1.569429,1.348773,-0.468862,0.420949,-0.123570,-0.023700,0.210559,0.125823
GRID_000301,303,8d83b97,-1.154593,0.634365,0.237476,-0.498430,1.121064,-0.088272,-0.038673,0.297363,0.096372
GRID_000302,303,8d83b97,-1.584247,0.556069,-1.516322,-0.454599,0.066159,-0.163765,0.001215,0.127600,0.163770
GRID_000303,303,8d83b97,-1.593315,0.728984,0.682550,1.229940,-1.269326,-0.061460,0.000264,0.297503,0.061461
GRID_000304,303,8d83b97,2.170401,-0.386354,1.508194,-1.381202,-0.364274,-0.152417,-0.100737,0.137346,0.182699
GRID_000305,303,8d83b97,2.984254,-1.077801,-1.455703,0.512081,-0.262469,-0.016878,-0.078645,0.252920,0.080436
GRID_000306,303,8d83b97,-1.267232,-0.618049,0.828166,-1.224277,-1.529938,0.199672,0.062556,0.179492,0.209242
GRID_000307,303,8d83b97,2.125502,-0.011562,-1.217016,-0.967715,-0.018179,0.078128,0.051688,0.250223,0.093678
GRID_000308,303,8d83b97,-1.208988,0.363612,-0.985757,0.499193,-1.509860,-0.139886,-0.052729,0.227003,0.149494
GRID_000309,303,8d83b97,1.479216,0.127224,0.488211,-1.522414,0.696628,-0.059570,0.006200,0.312303,0.059891
GRID_000310,303,8d83b97,0.475204,0.345794,-0.222579,-0.320393,-1.347596,0.035496,-0.073352,0.303269,0.081489
GRID_000311,303,8d83b97,-0.425726,1.261078,1.328989,1.340584,1.123126,-0.035137,-0.072162,0.246068,0.080262
GRID_000312,303,8d83b97,-2.433518,-1.420433,-1.320792,1.193251,-0.083140,0.094199,-0.115541,0.218913,0.149074
GRID_000313,303,8d83b97,1.298103,-0.890598,0.974038,-0.579885,1.060467,-0.221541,0.062012,0.104428,0.230056
GRID_000314,303,8d83b97,-1.562035,0.857026,0.090344,0.233773,0.854964,-0.157320,-0.002433,0.257401,0.157339
GRID_000315,303,8d83b97,1.742117,-1.291900,-0.160893,1.473960,-1.347584,-0.246335,-0.040942,0.154007,0.249714
GRID_000316,303,8d83b97,0.357488,-1.159455,0.550159,-0.436930,0.728062,-0.089099,0.232267,0.096059,0.248770
GRID_000317,303,8d83b97,0.246650,0.973254,-1.205698,1.269547,0.023028,0.043919,-0.184130,0.083370,0.189295
GRID_000318,303,8d83b97,-2.292531,-0.034720,-0.532889,0.823285,-0.768243,-0.027506,0.019751,0.312507,0.033863
GRID_000319,303,8d83b97,-1.251578,-0.642819,0.469933,0.496338,0.204854,0.191953,0.063467,0.219081,0.202173
GRID_000320,303,8d83b97,-1.666643,-1.562252,-1.389996,0.182178,0.195145,0.156773,-0.016370,0.200477,0.157625
GRID_000321,303,8d83b97,2.324912,0.054664,-1.191448,-0.714187,-0.124296,0.073431,0.073555,0.245586,0.103935
GRID_000322,303,8d83b97,1.425439,-0.230918,0.370187,0.962495,0.555056,-0.126018,0.019005,0.292598,0.127443
GRID_000323,303,8d83b97,2.457675,-0.960810,0.140857,0.565253,-1.518739,-0.149375,-0.177326,0.192854,0.231857
GRID_000324,303,8d83b97,-2.291523,0.083109,-1.219502,-1.545272,1.110349,-0.088475,0.073368,0.238736,0.114938
GRID_000325,303,8d83b97,2.274318,-0.978255,0.369173,-0.605437,0.395549,-0.186625,-0.154012,0.160993,0.241968
GRID_000326,303,8d83b97,2.305123,-1.005012,-1.565554,-1.059588,-0.269168,-0.044359,-0.035696,0.251331,0.056938
GRID_000327,303,8d83b97,-1.335208,1.044853,1.060314,-1.008790,-0.542730,-0.075542,-0.018325,0.269465,0.077732
GRID_000328,303,8d83b97,0.390536,-1.050505,0.330635,-0.066294,-0.039749,-0.095388,0.226105,0.149395,0.245403
GRID_000329,303,8d83b97,0.779263,-0.665871,-1.523408,0.934876,-1.109937,-0.001793,-0.000363,0.258959,0.001830
GRID_000330,303,8d83b97,-1.850336,1.451518,0.686050,0.365571,-1.569248,-0.180377,0.049704,0.195960,0.187100
GRID_000331,303,8d83b97,2.686388,0.220343,-0.354830,-1.435042,-0.104877,0.026180,0.062958,0.306417,0.068185
GRID_000332,303,8d83b97,-1.503455,-0.411956,-0.601682,0.503221,1.440673,0.045543,0.002238,0.311883,0.045598
GRID_000333,303,8d83b97,2.211245,1.179195,0.091034,-1.114750,-0.955052,0.157462,0.121249,0.195275,0.198735
GRID_000334,303,8d83b97,1.408965,-0.106297,0.229636,-1.169915,0.234439,-0.082971,0.014056,0.312874,0.084153
GRID_000335,303,8d83b97,1.699844,1.514241,0.545410,-1.235225,1.547425,0.197531,0.027127,0.170104,0.199385
GRID_000336,303,8d83b97,-0.082744,-0.395284,0.482142,-0.029589,-1.339204,0.011349,0.165711,0.260557,0.166099
GRID_000337,303,8d83b97,0.240181,1.314255,-0.550230,1.140460,-0.845244,0.050576,-0.216158,0.085048,0.221996
GRID_000338,303,8d83b97,-0.271501,-1.002527,-0.661387,-1.217036,1.551843,0.041924,0.159079,0.256125,0.164511
GRID_000339,303,8d83b97,-1.862955,0.760237,1.553830,-0.520850,1.152925,0.028302,-0.010501,0.250493,0.030187
GRID_000340,303,8d83b97,-2.791917,0.798585,0.705949,-0.270511,0.839568,-0.028394,0.065388,0.292096,0.071287
GRID_000341,303,8d83b97,2.416082,-0.060847,-0.982754,0.427736,-1.453272,0.043005,0.053897,0.280094,0.068951
GRID_000342,303,8d83b97,-2.878115,-0.318725,-0.233133,-0.851309,1.322828,0.014807,-0.071820,0.315559,0.073330
GRID_000343,303,8d83b97,2.651341,0.369147,-0.457288,0.880020,-0.899699,0.048456,0.099506,0.283070,0.110677
GRID_000344,303,8d83b97,-0.158145,-1.412601,-0.099728,-0.181480,1.012883,0.037813,0.251901,0.117828,0.254723
GRID_000345,303,8d83b97,-2.253093,0.768308,0.214105,-1.441421,-0.939666,-0.100350,0.077338,0.279775,0.126694
GRID_000346,303,8d83b97,-1.213300,0.197405,0.543032,-0.692861,0.636958,0.040499,0.015290,0.312084,0.043289
GRID_000347,303,8d83b97,2.981503,0.996495,-0.235774,-1.070856,-0.656619,0.027270,0.196986,0.197451,0.198865
GRID_000348,303,8d83b97,-2.128710,-0.490941,-1.004674,1.358398,1.351403,0.010935,-0.010177,0.296042,0.014938
GRID_000349,303,8d83b97,-2.073386,0.610087,-0.052301,0.278874,-0.370338,-0.110142,0.057406,0.283886,0.124205
GRID_000350,303,8d83b97,-1.660769,-0.681343,-0.595357,-0.925470,-1.282457,0.106360,-0.010975,0.293980,0.106924
GRID_000351,303,8d83b97,0.859339,-1.160372,0.334219,0.377986,1.070949,-0.192372,0.164255,0.123254,0.252955
GRID_000352,303,8d83b97,-1.251018,-0.451004,0.482740,0.115640,1.425389,0.164199,0.054398,0.251708,0.172975
GRID_000353,303,8d83b97,-1.711648,0.089135,-0.307935,0.314344,-1.387059,-0.036847,0.003642,0.317428,0.037026
GRID_000354,303,8d83b97,-1.384570,-0.152750,1.059773,0.217505,1.404634,0.152261,0.028329,0.230956,0.154874
GRID_000355,303,8d83b97,0.015535,1.277931,1.361741,1.105687,1.561777,-0.001313,-0.077427,0.243916,0.077438
GRID_000356,303,8d83b97,-1.231863,-0.178221,0.689122,-0.862932,0.401425,0.130450,0.046102,0.269658,0.138357
GRID_000357,303,8d83b97,0.351930,-0.585652,-1.030589,0.791646,-0.733102,-0.014547,0.033127,0.293528,0.036180
GRID_000358,303,8d83b97,-0.073340,-0.664985,-0.379055,1.248847,0.971301,0.007405,0.133144,0.288795,0.133350
GRID_000359,303,8d83b97,-2.560621,0.838721,0.708579,0.308779,0.931658,-0.047178,0.064716,0.288588,0.080087
GRID_000360,303,8d83b97,-2.568619,0.822503,-0.583709,-1.362508,-0.554450,-0.109136,0.161853,0.191930,0.195210
GRID_000361,303,8d83b97,-2.370002,0.532562,-1.155359,1.058395,-0.222716,-0.122380,0.120832,0.176371,0.171981
GRID_000362,303,8d83b97,1.317818,1.246846,-1.034926,1.214080,1.334978,0.188521,-0.048599,0.044451,0.194684
GRID_000363,303,8d83b97,-1.930450,-0.638093,0.729292,-1.495771,0.699091,0.195958,-0.076085,0.188073,0.210210
GRID_000364,303,8d83b97,0.305238,-0.537522,1.295531,-1.324690,0.410663,-0.062085,0.189221,0.136247,0.199146
GRID_000365,303,8d83b97,-2.964859,-1.476397,1.059493,-0.233348,1.097157,0.030001,-0.192883,-0.023461,0.195202
GRID_000366,303,8d83b97,-2.478264,0.810193,-0.769392,0.071594,-0.675459,-0.124659,0.153411,0.171046,0.197674
GRID_000367,303,8d83b97,-1.744012,0.233296,-0.049945,0.346015,0.054121,-0.039367,0.005181,0.319241,0.039706
GRID_000368,303,8d83b97,-1.416056,0.087310,-1.318500,0.586504,-0.066381,-0.118419,-0.018919,0.226061,0.119921
GRID_000369,303,8d83b97,0.499813,1.203756,0.043512,-0.400517,0.137579,0.096790,-0.181334,0.184635,0.205549
GRID_000370,303,8d83b97,1.981581,1.037111,-0.859134,-0.214521,1.471355,0.187110,0.084113,0.110425,0.205146
GRID_000371,303,8d83b97,2.744869,-0.552225,0.454975,1.006569,0.488177,-0.078286,-0.175917,0.237548,0.192550
GRID_000372,303,8d83b97,-2.312383,-1.163778,-0.884791,-0.367477,1.560531,0.118449,-0.113058,0.242115,0.163745
GRID_000373,303,8d83b97,1.136766,-1.498337,-0.723572,1.354798,-0.903984,-0.208053,0.095973,0.168790,0.229122
GRID_000374,303,8d83b97,-1.037307,-0.822725,-0.065037,-0.786437,1.277380,0.166112,0.098886,0.242554,0.193318
GRID_000375,303,8d83b97,-2.278365,-0.738216,0.842072,-1.336736,1.253296,0.165314,-0.145686,0.153161,0.220348
GRID_000376,303,8d83b97,-2.255469,0.558800,-1.065785,-1.034460,0.173546,-0.137598,0.108218,0.182971,0.175055
GRID_000377,303,8d83b97,0.389932,1.128111,-1.302575,-0.295952,0.070944,0.065817,-0.166011,0.042772,0.178582
GRID_000378,303,8d83b97,-0.621172,-1.373291,-0.249897,0.063897,-0.777475,0.141669,0.200917,0.145593,0.245841
GRID_000379,303,8d83b97,-0.140790,0.879164,1.048361,1.050956,0.439532,-0.008560,-0.043072,0.281760,0.043915
GRID_000380,303,8d83b97,-2.539007,-0.486439,1.504141,1.508447,0.741378,0.100652,-0.152938,0.120915,0.183087
GRID_000381,303,8d83b97,-1.649627,0.599293,-0.794793,0.554165,-0.903303,-0.175589,0.012549,0.209679,0.176036
GRID_000382,303,8d83b97,2.432733,-1.567395,1.243073,-1.276840,0.344374,-0.110698,-0.123613,-0.047702,0.165934
GRID_000383,303,8d83b97,-1.820095,-0.720045,0.858085,-1.120004,-0.939705,0.210886,-0.055620,0.154909,0.218098
GRID_000384,303,8d83b97,-1.145201,-0.905704,1.270167,0.616520,0.189248,0.186526,0.085066,0.068590,0.205008
GRID_000385,303,8d83b97,-0.353621,-1.164909,-0.523658,0.802272,0.456864,0.068899,0.192926,0.218749,0.204860
GRID_000386,303,8d83b97,-0.450495,-0.484157,0.520121,0.198718,0.950023,0.077707,0.165378,0.242070,0.182724
GRID_000387,303,8d83b97,1.805906,0.299586,0.462094,0.579033,-1.293203,-0.016033,-0.001940,0.316999,0.016150
GRID_000388,303,8d83b97,1.159918,0.288359,0.248316,-1.405511,-1.467832,0.007678,-0.003692,0.320686,0.008520
GRID_000389,303,8d83b97,2.524261,-0.498733,0.214011,-1.477907,-1.486014,-0.098919,-0.132647,0.270920,0.165470
GRID_000390,303,8d83b97,0.346069,-0.382848,-0.556179,-0.589646,0.768641,-0.018747,0.045531,0.313551,0.049239
GRID_000391,303,8d83b97,-0.941836,-0.543729,-1.341527,1.244641,1.114780,-0.008790,-0.005082,0.272755,0.010154
GRID_000392,303,8d83b97,2.980119,-0.985867,0.580221,0.895102,0.682490,-0.043230,-0.237741,0.132369,0.241639
GRID_000393,303,8d83b97,1.108811,0.703175,0.847715,1.546137,0.766083,0.025154,-0.013122,0.296529,0.028371
GRID_000394,303,8d83b97,-0.015550,0.143075,-0.727102,1.426095,0.058919,-0.003814,-0.090488,0.284867,0.090568
GRID_000395,303,8d83b97,-1.132713,0.119478,0.601815,0.246066,0.394130,0.061312,0.029178,0.305078,0.067901
GRID_000396,303,8d83b97,-2.481706,-1.189137,-0.098435,-0.253466,-1.067915,0.143363,-0.190976,0.170264,0.238799
GRID_000397,303,8d83b97,-1.302452,-1.480466,-0.608524,-1.297513,-1.241544,0.222162,0.060937,0.161211,0.230368
GRID_000398,303,8d83b97,1.839878,-1.340826,0.758943,-0.970526,0.284828,-0.229358,-0.061249,0.030144,0.237395
GRID_000399,303,8d83b97,2.897854,1.549914,0.908284,0.928093,0.601733,0.037150,0.167408,0.193909,0.171481
GRID_000400,303,8d83b97,3.106516,-0.552320,1.141086,1.515787,-1.317211,-0.011577,-0.204008,0.152526,0.204336
GRID_000401,303,8d83b97,-1.331296,0.100278,0.599063,0.336823,1.028708,0.069703,0.016782,0.304125,0.071695
GRID_000402,303,8d83b97,1.780771,0.099431,1.345637,-0.886746,0.333041,-0.130874,-0.026210,0.228686,0.133473
GRID_000403,303,8d83b97,1.976182,-0.454906,1.350634,0.830683,1.419084,-0.179237,-0.074433,0.144496,0.194077
GRID_000404,303,8d83b97,-1.163299,-0.052457,1.083970,1.285292,0.953887,0.128719,0.055977,0.241797,0.140364
GRID_000405,303,8d83b97,-1.238729,-1.241004,-1.399572,-1.313412,-0.605900,0.104783,0.036307,0.240725,0.110895
GRID_000406,303,8d83b97,-1.842928,-0.067520,0.089223,-1.244162,0.135033,0.048759,-0.015695,0.320527,0.051223
GRID_000407,303,8d83b97,1.297462,0.588335,-1.497888,-1.302909,-0.507987,0.153567,-0.043059,0.124077,0.159490
GRID_000408,303,8d83b97,-0.288082,-0.208894,0.710515,-1.343471,-0.457490,0.039843,0.142469,0.263379,0.147936
GRID_000409,303,8d83b97,-2.765350,1.422468,1.358505,-1.398961,1.096681,-0.041267,0.093170,0.229081,0.101900
GRID_000410,303,8d83b97,0.573426,-0.221862,-0.880647,-1.030123,-0.904495,0.012316,-0.022532,0.298906,0.025679
GRID_000411,303,8d83b97,-0.133889,0.993965,0.041711,-0.057659,0.579024,-0.026496,-0.179172,0.228155,0.181120
GRID_000412,303,8d83b97,-1.017562,0.516599,1.296746,-1.402472,1.224799,0.044460,0.028468,0.267859,0.052793
GRID_000413,303,8d83b97,2.463225,1.162168,1.140882,0.277693,1.065020,0.049565,0.067313,0.257778,0.083593
GRID_000414,303,8d83b97,1.997217,0.907482,-0.730588,-0.756610,-0.584464,0.181390,0.085107,0.155251,0.200363
GRID_000415,303,8d83b97,-1.637363,1.258244,0.794560,0.260454,-0.228192,-0.148476,0.008637,0.237741,0.148727
GRID_000416,303,8d83b97,-2.181988,1.431239,0.948429,1.416450,-1.152310,-0.129146,0.086846,0.217280,0.155631
GRID_000417,303,8d83b97,-0.181349,-0.359108,-0.165127,1.376807,0.450603,0.014205,0.090311,0.310957,0.091421
GRID_000418,303,8d83b97,-2.178966,0.924279,0.357987,0.823727,-0.465969,-0.117241,0.077916,0.265866,0.140770
GRID_000419,303,8d83b97,0.272853,-1.072947,0.321923,-0.943426,-0.490981,-0.068579,0.236676,0.145315,0.246412
GRID_000420,303,8d83b97,-1.565076,0.197295,0.167892,-0.480652,-1.125659,-0.003341,-0.001082,0.322812,0.003512
GRID_000421,303,8d83b97,-0.762947,1.450934,-1.201537,0.063981,0.514262,-0.119832,-0.123159,-0.010452,0.171837
GRID_000422,303,8d83b97,1.384921,0.001633,0.315011,0.357918,1.155348,-0.067651,0.013146,0.315106,0.068917
GRID_000423,303,8d83b97,-1.012321,1.553246,0.150281,0.761799,1.349077,-0.195627,-0.121353,0.116072,0.230209
GRID_000424,303,8d83b97,2.945591,-0.076816,1.138632,0.035399,0.936105,-0.033535,-0.146558,0.231941,0.150345
GRID_000425,303,8d83b97,-1.909016,0.616623,0.110046,0.621570,1.183922,-0.102374,0.033646,0.293279,0.107761
GRID_000426,303,8d83b97,-1.677048,-1.131145,0.391834,-1.100936,1.316902,0.244063,-0.027472,0.122788,0.245604
GRID_000427,303,8d83b97,-2.500377,1.507342,-1.166311,-1.001630,-0.488725,-0.104717,0.134009,-0.018399,0.170071
GRID_000428,303,8d83b97,3.106564,-0.407164,-0.864682,-1.461178,0.707874,-0.005020,-0.015466,0.303525,0.016260
GRID_000429,303,8d83b97,0.936077,-1.521195,-0.674088,-0.922802,0.867809,-0.189605,0.138368,0.158995,0.234725
GRID_000430,303,8d83b97,-0.471662,1.090321,0.840745,-1.262462,0.117134,-0.052914,-0.099216,0.263282,0.112444
GRID_000431,303,8d83b97,-2.703597,-0.437182,-1.009220,-1.047423,-0.170152,-0.002054,-0.005370,0.295660,0.005749
GRID_000432,303,8d83b97,-0.724232,-0.740357,-0.093565,1.427851,-1.324841,0.116323,0.133767,0.259457,0.177270
GRID_000433,303,8d83b97,1.418967,-1.231968,-0.659055,-0.130094,-0.314980,-0.202787,0.031550,0.216813,0.205227
GRID_000434,303,8d83b97,0.186085,-1.407735,1.108470,0.764072,0.723179,-0.038973,0.193932,-0.014162,0.197809
GRID_000435,303,8d83b97,0.976078,-0.540531,-1.096155,-0.916209,0.115416,-0.017581,0.010752,0.290594,0.020608
GRID_000436,303,8d83b97,-2.451102,-0.821046,-1.438385,-0.433518,-1.080752,0.018428,-0.027974,0.265193,0.033498
GRID_000437,303,8d83b97,2.399516,-1.221966,0.061880,0.991531,-0.366239,-0.173021,-0.183359,0.143191,0.252105
GRID_000438,303,8d83b97,-1.548212,1.427499,-0.545251,0.039377,1.342773,-0.225464,-0.006084,0.058891,0.225546
GRID_000439,303,8d83b97,2.957397,-0.583680,-1.230277,-0.754783,1.364555,-0.006587,-0.011512,0.281851,0.013263
GRID_000440,303,8d83b97,0.768731,0.229882,-0.328886,-0.102264,1.534415,0.045177,-0.048744,0.307211,0.066460
GRID_000441,303,8d83b97,2.790548,0.774878,-1.346310,-0.831435,-0.591691,0.056934,0.167666,0.107001,0.177068
GRID_000442,303,8d83b97,1.190633,1.384840,0.161409,-1.269194,0.036928,0.198644,-0.079612,0.157250,0.214004
GRID_000443,303,8d83b97,-1.162542,0.646177,-0.004704,-0.401348,-0.667931,-0.116312,-0.050003,0.282351,0.126605
GRID_000444,303,8d83b97,1.004187,-0.380023,-1.299616,-0.363003,-0.327384,0.026631,-0.018002,0.270853,0.032144
GRID_000445,303,8d83b97,0.193214,-0.493860,-0.011025,0.613162,0.169511,-0.029254,0.137478,0.289343,0.140556
GRID_000446,303,8d83b97,-1.211763,0.620319,1.091727,-1.064895,1.231968,0.011012,0.004375,0.286882,0.011849
GRID_000447,303,8d83b97,0.412005,1.138868,0.420690,-1.205244,-0.792030,0.064734,-0.153391,0.234356,0.166491
GRID_000448,303,8d83b97,2.652230,0.055562,0.513456,-0.624793,0.039370,-0.040010,-0.066426,0.307057,0.077545
GRID_000449,303,8d83b97,-1.049864,1.019284,1.097374,-0.974866,0.999696,-0.059166,-0.033105,0.271048,0.067798
GRID_000450,303,8d83b97,0.354865,1.279071,-0.553526,-1.281918,1.341177,0.074811,-0.208167,0.092950,0.221202
GRID_000451,303,8d83b97,0.320309,0.591227,1.186934,-0.688388,1.341725,-0.012307,0.029744,0.279716,0.032189
GRID_000452,303,8d83b97,-1.425282,0.976850,0.517203,-0.783847,1.453065,-0.131293,-0.019806,0.266857,0.132779
GRID_000453,303,8d83b97,2.865462,0.402152,0.719771,-0.731405,1.406389,-0.009934,-0.019123,0.307278,0.021550
GRID_000454,303,8d83b97,-0.049734,0.973462,-0.756949,1.486441,-0.204900,-0.012739,-0.207546,0.137408,0.207936
GRID_000455,303,8d83b97,-2.216608,-0.137597,1.007229,-1.196655,-0.204394,0.118762,-0.093349,0.239481,0.151058
GRID_000456,303,8d83b97,0.543070,-0.992559,-1.263058,-1.064290,0.058781,-0.048240,0.076074,0.265134,0.090080
GRID_000457,303,8d83b97,1.807423,0.207646,-0.996506,0.227646,-1.367607,0.114940,0.029579,0.248819,0.118685
GRID_000458,303,8d83b97,2.417780,1.319372,-1.422454,1.427839,-0.275537,0.099215,0.117578,-0.001073,0.153845
GRID_000459,303,8d83b97,1.858927,1.010422,-1.149267,-0.523941,-0.732855,0.182144,0.056028,0.081949,0.190567
GRID_000460,303,8d83b97,1.440416,0.476677,-0.976672,-0.213124,1.237534,0.156962,-0.020022,0.209158,0.158234
GRID_000461,303,8d83b97,-1.493803,0.575146,-0.266673,0.780378,-0.808588,-0.138416,-0.011499,0.271580,0.138892
GRID_000462,303,8d83b97,0.797847,-0.149024,-1.443024,1.458898,-0.389767,0.058008,-0.058638,0.237876,0.082483
GRID_000463,303,8d83b97,-1.260705,-0.082829,1.479782,-0.172525,-0.191044,0.144695,0.046501,0.187987,0.151983
GRID_000464,303,8d83b97,-1.967110,-1.531386,1.024799,-1.355489,-0.509204,0.174855,-0.075690,-0.031188,0.190534
GRID_000465,303,8d83b97,2.881052,1.544317,0.968230,-1.507609,0.773039,0.038104,0.159720,0.198868,0.164202
GRID_000466,303,8d83b97,-1.847223,-0.172381,-0.892778,-0.077688,1.461860,-0.041733,0.009786,0.295668,0.042865
GRID_000467,303,8d83b97,2.001445,-0.352532,-0.606581,0.912988,0.047370,-0.035300,-0.013482,0.313458,0.037787
GRID_000468,303,8d83b97,-1.747428,-1.371397,0.050006,-0.777911,0.867414,0.248820,-0.046129,0.108855,0.253060
GRID_000469,303,8d83b97,-2.647897,-0.892715,-0.461495,1.520857,-1.249166,0.075545,-0.149047,0.261755,0.167099
GRID_000470,303,8d83b97,2.287758,-1.336814,-1.206169,-0.984679,0.486963,-0.119920,-0.100237,0.227841,0.156296
GRID_000471,303,8d83b97,1.676809,-1.270029,-0.138892,0.828394,0.846152,-0.247859,-0.024937,0.156466,0.249110
GRID_000472,303,8d83b97,-0.935579,-0.037175,-0.466324,0.831210,1.398593,-0.021079,-0.014327,0.315879,0.025487
GRID_000473,303,8d83b97,0.915598,-1.536296,-0.677687,1.426187,0.496852,-0.187444,0.142698,0.156059,0.235580
GRID_000474,303,8d83b97,2.613217,-0.721631,0.611621,-0.382240,0.920166,-0.115318,-0.189591,0.185971,0.221907
GRID_000475,303,8d83b97,-2.906648,-0.999154,1.543335,0.531036,1.278513,0.037322,-0.174220,0.028964,0.178173
GRID_000476,303,8d83b97,-0.434698,-0.552311,0.602560,-1.297782,-1.560768,0.081246,0.179930,0.220329,0.197423
GRID_000477,303,8d83b97,1.484072,0.538052,0.825348,-0.240594,-1.316292,-0.005491,0.001186,0.302026,0.005618
GRID_000478,303,8d83b97,0.448441,-0.620318,0.210199,0.964416,0.551549,-0.082783,0.167345,0.251731,0.186701
GRID_000479,303,8d83b97,1.877111,-0.404740,-0.395952,0.862977,0.908552,-0.073945,-0.021185,0.312792,0.076920
GRID_000480,303,8d83b97,-0.154329,0.275893,1.562348,-1.025856,-0.738519,0.014490,0.109455,0.220595,0.110409
GRID_000481,303,8d83b97,-2.914633,0.173091,1.431777,-0.015543,1.035193,0.023085,-0.119006,0.226288,0.121224
GRID_000482,303,8d83b97,1.538770,-0.889364,0.479163,0.772422,-1.410039,-0.237129,0.008528,0.166897,0.237282
GRID_000483,303,8d83b97,-1.250979,-1.442771,-0.324482,0.800722,-1.111074,0.232904,0.077140,0.138144,0.245347
GRID_000484,303,8d83b97,0.628374,0.573890,1.396305,0.328403,1.204622,-0.034066,0.043703,0.260472,0.055411
GRID_000485,303,8d83b97,2.483793,0.927538,-0.210832,-0.625481,0.168229,0.111406,0.150414,0.214666,0.187178
GRID_000486,303,8d83b97,-0.010956,-1.211383,-1.038999,-1.210568,0.226797,-0.000747,0.155071,0.240836,0.155073
GRID_000487,303,8d83b97,-2.517928,1.443569,-1.272969,-0.707102,-0.659299,-0.098976,0.131104,-0.013713,0.164270
GRID_000488,303,8d83b97,1.900045,0.057111,0.881802,-1.363055,0.333980,-0.108792,-0.034940,0.276657,0.114265
GRID_000489,303,8d83b97,2.884014,0.947248,1.062148,0.674982,-0.358061,0.009671,0.053651,0.277101,0.054515
GRID_000490,303,8d83b97,-1.250026,-0.325056,0.573716,1.262839,-0.259838,0.149079,0.049568,0.261502,0.157104
GRID_000491,303,8d83b97,0.712397,-0.127140,-0.348518,-0.719814,-0.844184,-0.011396,0.010827,0.321349,0.015719
GRID_000492,303,8d83b97,-1.550272,1.179752,0.166961,0.956370,-0.379681,-0.199543,-0.005108,0.203223,0.199609
GRID_000493,303,8d83b97,2.889686,-0.354877,0.111496,-0.929489,1.569751,-0.035285,-0.119393,0.297659,0.124498
GRID_000494,303,8d83b97,-2.981098,-0.302274,1.350284,0.034447,0.878951,0.024230,-0.176844,0.170728,0.178496
GRID_000495,303,8d83b97,3.003833,-0.234711,0.869764,0.556892,-1.305283,-0.026824,-0.161269,0.241763,0.163484
GRID_000496,303,8d83b97,0.477613,0.815325,1.148860,-0.223625,-0.691490,0.005819,-0.015812,0.280558,0.016849
GRID_000497,303,8d83b97,-2.290159,-1.250992,1.161590,-0.643674,0.404532,0.149608,-0.135362,0.011325,0.201756
GRID_000498,303,8d83b97,-0.059008,-0.220137,0.003237,-1.229165,-0.361836,0.002358,0.080052,0.315138,0.080087
GRID_000499,303,8d83b97,1.556981,-0.971808,-0.735377,0.918939,1.429536,-0.154454,0.003117,0.263877,0.154485
GRID_000500,303,8d83b97,-1.111727,0.302227,-0.674242,1.167464,-0.441818,-0.108458,-0.053084,0.271198,0.120752
GRID_000501,303,8d83b97,1.090039,0.583554,1.549127,1.376183,-0.363474,-0.058745,0.029848,0.244882,0.065892
GRID_000502,303,8d83b97,-2.935715,-0.806762,-1.191821,0.635038,-1.568369,0.008117,-0.060208,0.278859,0.060752
GRID_000503,303,8d83b97,-3.126920,-1.103929,-0.019092,0.209302,0.602859,-0.001051,-0.236816,0.180170,0.236818
GRID_000504,303,8d83b97,-0.103650,1.497424,0.027058,-0.112230,0.866637,-0.026019,-0.227370,0.114137,0.228854
GRID_000505,303,8d83b97,0.260903,0.774794,1.328993,-1.098150,0.778254,-0.005038,0.009580,0.270005,0.010824
GRID_000506,303,8d83b97,-0.281475,0.415844,-0.620685,-1.480411,-1.276310,-0.039879,-0.129785,0.260812,0.135774
GRID_000507,303,8d83b97,2.979349,1.247306,-1.524107,0.406709,-0.004070,0.019864,0.148182,0.005250,0.149507
GRID_000508,303,8d83b97,-2.241701,0.210335,-0.408212,-0.911622,-1.117201,-0.061465,0.044675,0.303832,0.075985
GRID_000509,303,8d83b97,-0.816470,0.015186,-1.492401,-0.904593,1.169656,-0.083297,-0.076327,0.213393,0.112978
GRID_000510,303,8d83b97,0.423711,1.089007,0.823515,-0.674595,0.328475,0.043841,-0.102391,0.263034,0.111382
GRID_000511,303,8d83b97,2.797156,0.259993,-1.401675,-0.731719,0.425358,0.042905,0.132023,0.190886,0.138819
GRID_000512,303,8d83b97,-0.615453,-0.341522,-0.688711,-0.631823,-1.471195,0.009984,0.017177,0.311207,0.019868
GRID_000513,303,8d83b97,-2.580509,-1.158275,1.285679,0.906093,0.617772,0.100901,-0.167827,0.019168,0.195824
GRID_000514,303,8d83b97,2.014969,-1.127027,1.483504,-1.554986,-0.630871,-0.164605,-0.075692,0.011511,0.181175
GRID_000515,303,8d83b97,-1.316117,-1.120772,0.214299,0.130988,-1.354010,0.235661,0.061134,0.147821,0.243461
GRID_000516,303,8d83b97,3.098709,1.098819,-0.294704,-1.105633,0.811105,0.004581,0.212178,0.167824,0.212227
GRID_000517,303,8d83b97,-1.019313,-1.380334,1.031233,-1.528473,-1.521349,0.173963,0.107970,-0.003345,0.204745
GRID_000518,303,8d83b97,-3.123669,-0.672238,-0.057896,-0.498622,0.663480,-0.001470,-0.170525,0.267515,0.170532
GRID_000519,303,8d83b97,-0.434933,1.001351,-1.187533,-0.199211,1.225068,-0.083190,-0.173973,0.079612,0.192840
GRID_000520,303,8d83b97,2.213712,-1.101202,-0.679538,0.116062,0.653260,-0.148169,-0.107110,0.241430,0.182829
GRID_000521,303,8d83b97,2.068691,-1.284977,-0.119431,-0.603978,-1.372979,-0.221538,-0.117332,0.150650,0.250691
GRID_000522,303,8d83b97,2.051471,-1.214487,-0.543886,1.390068,-1.525967,-0.190865,-0.096548,0.210807,0.213895
GRID_000523,303,8d83b97,1.520530,1.329476,1.060128,-0.631878,-0.877002,0.120583,-0.005267,0.237097,0.120698
GRID_000524,303,8d83b97,-2.857066,-0.274705,0.458343,0.759164,0.720520,0.035237,-0.136044,0.279821,0.140534
GRID_000525,303,8d83b97,-2.562462,-0.724940,-0.329215,-1.076827,-1.199553,0.078662,-0.127534,0.278523,0.149842
GRID_000526,303,8d83b97,-1.947885,0.047234,-1.233492,1.148215,-1.026323,-0.103441,0.038540,0.241483,0.110388
GRID_000527,303,8d83b97,-1.603044,-1.352228,0.897296,1.526184,-0.890871,0.218791,-0.008183,0.013878,0.218944
GRID_000528,303,8d83b97,-1.738109,0.695845,0.232082,0.646932,0.260280,-0.109155,0.016758,0.290120,0.110434
GRID_000529,303,8d83b97,2.517968,1.134382,-0.003333,1.086721,1.527405,0.113863,0.164906,0.194513,0.200397
GRID_000530,303,8d83b97,2.200721,0.609424,0.901022,-0.386741,0.368736,-0.000392,0.003462,0.297570,0.003484
GRID_000531,303,8d83b97,0.746930,-1.089956,0.631688,0.086113,1.295071,-0.168466,0.179741,0.102008,0.246348
GRID_000532,303,8d83b97,3.122997,0.251045,-0.178095,1.521806,1.440537,-0.003482,0.056175,0.313539,0.056282
GRID_000533,303,8d83b97,2.219133,-1.555675,0.028614,-0.083512,-1.377802,-0.209696,-0.154910,0.066602,0.260710
GRID_000534,303,8d83b97,0.496819,0.843927,-1.379096,-0.993066,-0.319780,0.081938,-0.155500,0.090161,0.175767
GRID_000535,303,8d83b97,1.903225,-1.043577,-1.482396,-0.884314,0.931879,-0.070495,-0.022166,0.253889,0.073898
GRID_000536,303,8d83b97,-2.053926,0.653365,-0.152676,0.012702,-1.302123,-0.127731,0.063971,0.269727,0.142855
GRID_000537,303,8d83b97,-1.268566,-1.445569,0.021797,-0.342377,0.124174,0.243050,0.075718,0.094391,0.254571
GRID_000538,303,8d83b97,-1.881906,1.070807,-0.682404,-0.573725,-0.106748,-0.207242,0.064420,0.125032,0.217024
GRID_000539,303,8d83b97,-0.131948,-0.419591,1.407089,0.895357,0.776093,0.021989,0.184631,0.143812,0.185936
GRID_000540,303,8d83b97,-1.422134,-1.074895,-0.480818,-0.088225,-1.492055,0.191694,0.028142,0.232202,0.193748
GRID_000541,303,8d83b97,2.617773,-0.331843,0.049720,-0.269998,-0.363721,-0.060154,-0.096024,0.303787,0.113310
GRID_000542,303,8d83b97,-2.748821,1.007189,-0.767783,-0.177664,1.333405,-0.084550,0.193030,0.128535,0.210735
GRID_000543,303,8d83b97,-0.165415,-0.320758,-1.187940,0.733284,-1.559123,-0.008556,-0.036570,0.278388,0.037558
GRID_000544,303,8d83b97,0.854130,-1.116939,0.814480,0.332526,-0.555835,-0.181320,0.156293,0.073775,0.239384
GRID_000545,303,8d83b97,-0.069329,-0.645769,-0.460485,-1.074554,1.139253,0.005896,0.119224,0.294084,0.119370
GRID_000546,303,8d83b97,0.279540,0.793266,0.556182,-0.816145,1.516521,0.021807,-0.084207,0.290756,0.086985
GRID_000547,303,8d83b97,3.049506,-1.035667,-0.342777,-1.419713,1.431715,-0.023330,-0.203650,0.228019,0.204982
GRID_000548,303,8d83b97,-1.588393,0.055448,-0.151595,0.051831,1.231534,-0.009514,-0.000980,0.323170,0.009565
GRID_000549,303,8d83b97,-2.563436,-0.553459,1.169586,1.448120,-0.429863,0.106948,-0.170955,0.148744,0.201652
GRID_000550,303,8d83b97,-0.134086,-1.397518,-0.943317,-0.307944,0.832955,0.023405,0.191468,0.206288,0.192893
GRID_000551,303,8d83b97,-2.519194,1.209227,0.509632,1.196640,-0.856665,-0.103062,0.137014,0.228315,0.171448
GRID_000552,303,8d83b97,2.315193,-0.606100,1.551426,-1.092454,-1.518319,-0.140216,-0.124772,0.095294,0.187693
GRID_000553,303,8d83b97,2.776455,-1.563349,-0.875788,-1.011771,0.706960,-0.082341,-0.203509,0.169187,0.219536
GRID_000554,303,8d83b97,1.126093,-1.054357,-0.157359,1.486208,-1.395047,-0.203890,0.096699,0.206288,0.225658
GRID_000555,303,8d83b97,2.278933,-0.864608,0.923413,-0.643222,-1.009231,-0.177287,-0.147549,0.116116,0.230654
GRID_000556,303,8d83b97,-1.449851,0.460576,-0.451084,-0.288243,0.834457,-0.132124,-0.016722,0.271317,0.133178
GRID_000557,303,8d83b97,-2.912356,0.070534,-0.338953,-0.853841,0.697933,-0.011971,0.031791,0.317000,0.033970
GRID_000558,303,8d83b97,1.133009,1.414235,-0.207699,-0.098000,1.456711,0.204237,-0.096037,0.104474,0.225690
GRID_000559,303,8d83b97,3.051859,0.670370,-1.542565,-0.065899,-0.808240,0.010221,0.162280,0.104599,0.162602
GRID_000560,303,8d83b97,1.859800,0.775021,0.357712,1.139744,0.417997,0.100320,0.031952,0.286328,0.105286
GRID_000561,303,8d83b97,2.846227,-0.333770,-1.420846,1.013116,-0.347247,0.010995,0.050718,0.255730,0.051896
GRID_000562,303,8d83b97,1.438541,0.750643,-0.397419,-1.316695,1.269556,0.170648,-0.022092,0.228417,0.172072
GRID_000563,303,8d83b97,0.982229,-1.232220,-0.392878,0.175289,-0.492702,-0.190900,0.126393,0.193025,0.228949
GRID_000564,303,8d83b97,-0.515124,0.497531,0.805387,0.351723,0.706605,0.001766,0.007138,0.303274,0.007354
GRID_000565,303,8d83b97,1.648144,0.818378,-0.957277,-0.102841,0.083171,0.191142,0.016090,0.145371,0.191819
GRID_000566,303,8d83b97,1.021049,-0.436387,0.631130,0.126277,-0.724681,-0.158901,0.096460,0.237514,0.185887
GRID_000567,303,8d83b97,0.267935,-1.192874,1.549685,-0.775180,0.123257,-0.046340,0.159621,-0.002160,0.166212
GRID_000568,303,8d83b97,1.943116,-1.349568,1.536943,-0.433559,0.980772,-0.145607,-0.054558,-0.024524,0.155493
GRID_000569,303,8d83b97,-1.555652,-1.206282,-0.085895,-0.842578,0.161810,0.239539,0.002595,0.164871,0.239553
GRID_000570,303,8d83b97,2.926764,0.385337,0.500242,1.057682,-1.359684,-0.003875,0.002973,0.315241,0.004884
GRID_000571,303,8d83b97,-2.246171,-0.947639,0.925175,1.001026,0.850091,0.175594,-0.144712,0.098006,0.227541
GRID_000572,303,8d83b97,-1.062515,0.877686,-0.080277,-1.246521,-1.248863,-0.153739,-0.084970,0.238218,0.175658
GRID_000573,303,8d83b97,-2.036918,1.378221,-1.419935,-1.399553,0.404112,-0.139077,0.067164,-0.010791,0.154445
GRID_000574,303,8d83b97,1.647476,-0.904822,0.664987,-1.113410,1.112490,-0.238583,-0.017040,0.139773,0.239191
GRID_000575,303,8d83b97,-2.280995,0.178757,-1.341670,-1.173182,-1.325348,-0.102432,0.083836,0.210623,0.132366
GRID_000576,303,8d83b97,-0.004117,0.403291,-1.052382,-0.047899,1.466226,-0.003080,-0.153830,0.212227,0.153861
GRID_000577,303,8d83b97,-2.150186,-0.927106,0.659086,-0.093659,1.272292,0.194386,-0.130688,0.135562,0.234233
GRID_000578,303,8d83b97,-1.414025,1.306441,-0.638634,-0.230755,-1.167863,-0.220419,-0.035370,0.075983,0.223239
GRID_000579,303,8d83b97,0.908348,-0.130720,1.374700,1.479517,-0.453991,-0.129860,0.099775,0.194490,0.163764
GRID_000580,303,8d83b97,-0.198112,0.441631,0.216749,-0.955291,-0.376995,-0.012667,-0.051363,0.313425,0.052902
GRID_000581,303,8d83b97,0.047985,-0.253353,0.332440,0.773808,-0.727890,-0.008384,0.124904,0.293079,0.125185
GRID_000582,303,8d83b97,-3.084836,-0.699080,0.279420,1.336680,1.418635,0.006995,-0.202635,0.230198,0.202756
GRID_000583,303,8d83b97,-1.742154,-0.959419,-0.146579,-1.442070,0.780952,0.203773,-0.036962,0.224457,0.207098
GRID_000584,303,8d83b97,-1.349939,-0.244303,-1.320431,-0.740625,-1.081862,-0.063633,-0.014510,0.260268,0.065266
GRID_000585,303,8d83b97,-2.800911,1.059960,0.584900,0.581405,1.411086,-0.050068,0.128370,0.258020,0.137788
GRID_000586,303,8d83b97,0.376371,0.746167,1.402246,0.065187,0.430315,-0.010804,0.021120,0.264095,0.023723
GRID_000587,303,8d83b97,-2.462020,0.186671,-0.917946,0.054958,1.243790,-0.075684,0.087769,0.260458,0.115895
GRID_000588,303,8d83b97,-3.043735,0.394611,-0.571574,-0.251597,-0.285347,-0.016921,0.126394,0.268924,0.127521
GRID_000589,303,8d83b97,0.467918,1.092847,0.787251,0.713182,1.277189,0.050681,-0.104865,0.261542,0.116470
GRID_000590,303,8d83b97,0.983910,-0.713727,-0.077137,1.002033,0.280362,-0.149672,0.098528,0.262461,0.179191
GRID_000591,303,8d83b97,-3.084836,1.339313,0.830004,-0.403949,0.549727,-0.013170,0.153178,0.226352,0.153743
GRID_000592,303,8d83b97,-2.328546,-0.173089,1.511978,0.901057,0.592069,0.114887,-0.113228,0.170727,0.161306
GRID_000593,303,8d83b97,1.056003,-0.941319,-0.107931,-0.570628,-0.339375,-0.186550,0.104800,0.224179,0.213972
GRID_000594,303,8d83b97,-1.786954,0.363039,-0.370632,-0.816728,-0.412160,-0.103871,0.020946,0.291037,0.105961
GRID_000595,303,8d83b97,2.547450,0.220156,-0.414191,-0.020483,-0.488062,0.038246,0.063617,0.302560,0.074228
GRID_000596,303,8d83b97,1.930673,1.112960,-0.658175,-0.627830,-0.981153,0.198235,0.076997,0.118473,0.212663
GRID_000597,303,8d83b97,0.701163,-0.346251,1.065890,0.268291,-0.529784,-0.121869,0.141770,0.199554,0.186951
GRID_000598,303,8d83b97,-3.013866,0.680740,-1.371146,0.369433,-1.449476,-0.026506,0.172017,0.121995,0.174048
GRID_000599,303,8d83b97,0.497695,0.800521,0.029977,0.052817,-0.671405,0.068926,-0.130967,0.261781,0.147997
GRID_000600,303,8d83b97,-0.069086,0.633324,-1.378980,-0.766273,0.917156,-0.014302,-0.170655,0.129889,0.171253
GRID_000601,303,8d83b97,0.261828,0.554368,1.071280,0.447372,-1.551371,-0.009381,0.025907,0.287807,0.027553
GRID_000602,303,8d83b97,-1.172480,1.431917,1.316143,-1.002538,0.389340,-0.102055,-0.042525,0.227856,0.110561
GRID_000603,303,8d83b97,2.280565,-1.509208,1.107384,-0.181386,1.462242,-0.145803,-0.121027,-0.032204,0.189489
GRID_000604,303,8d83b97,-2.085960,1.375222,0.367508,-1.326940,0.763534,-0.180780,0.099167,0.182171,0.206193
GRID_000605,303,8d83b97,2.105013,-1.366206,1.422938,0.313564,-0.781339,-0.145672,-0.083076,-0.023543,0.167696
GRID_000606,303,8d83b97,1.107741,-0.255699,0.580027,-0.960803,0.150824,-0.135336,0.067000,0.270598,0.151013
GRID_000607,303,8d83b97,-2.722408,-0.401046,1.458823,-1.464350,0.458666,0.070200,-0.167547,0.140753,0.181659
GRID_000608,303,8d83b97,0.379972,0.202264,-0.460935,-1.285239,-1.317985,0.026131,-0.071206,0.300901,0.075850
GRID_000609,303,8d83b97,2.232749,-1.077851,1.460890,-1.052584,-0.833372,-0.148912,-0.112199,0.021115,0.186449
GRID_000610,303,8d83b97,0.129124,1.065067,-1.374089,-0.737023,-0.605688,0.020094,-0.173918,0.048439,0.175075
GRID_000611,303,8d83b97,1.994313,-0.689920,-0.492214,0.041853,-1.153949,-0.117897,-0.050437,0.290331,0.128233
GRID_000612,303,8d83b97,1.500579,-1.196380,-0.379068,-1.230070,-0.786603,-0.225838,0.016702,0.199203,0.226455
GRID_000613,303,8d83b97,0.826897,-1.341400,0.416843,-1.097157,-1.505630,-0.188215,0.171458,0.069619,0.254603
GRID_000614,303,8d83b97,0.611802,1.104217,0.073646,-0.352581,0.905883,0.108570,-0.157800,0.209257,0.191542
GRID_000615,303,8d83b97,0.155968,-0.991210,1.195467,-0.383714,0.915636,-0.035559,0.210360,0.059186,0.213344
GRID_000616,303,8d83b97,1.388188,-1.491464,-1.069375,1.133456,0.836539,-0.190835,0.035610,0.197348,0.194129
GRID_000617,303,8d83b97,-2.524688,1.341905,0.981430,1.512830,-0.389978,-0.082837,0.110204,0.232862,0.137865
GRID_000618,303,8d83b97,-2.803281,-0.805039,0.608134,0.190046,-1.030026,0.071315,-0.215639,0.168848,0.227125
GRID_000619,303,8d83b97,-1.966454,0.430160,-0.543132,-1.036369,0.775452,-0.125240,0.049712,0.266690,0.134746
GRID_000620,303,8d83b97,3.018726,-1.315900,-0.402774,0.244127,1.570734,-0.033201,-0.232230,0.175932,0.234591
GRID_000621,303,8d83b97,-0.082970,-0.559994,-1.179930,0.428115,0.595699,-0.001433,0.012356,0.285257,0.012439
GRID_000622,303,8d83b97,-0.071286,-1.470779,1.126799,-0.663099,-0.865634,0.010965,0.188256,-0.026626,0.188575
GRID_000623,303,8d83b97,-2.589073,0.134597,-0.887381,-1.010799,0.090447,-0.057792,0.086173,0.270062,0.103758
GRID_000624,303,8d83b97,-2.951222,1.152610,0.106024,-1.152665,1.068338,-0.041834,0.193498,0.202551,0.197968
GRID_000625,303,8d83b97,1.699529,-0.359279,0.967770,-0.451189,-0.806169,-0.186749,-0.022735,0.209753,0.188128
GRID_000626,303,8d83b97,-1.297023,1.123594,-0.212385,0.389329,-1.220735,-0.206995,-0.058288,0.172356,0.215045
GRID_000627,303,8d83b97,1.722813,-0.371658,0.275581,0.924682,0.716594,-0.146020,-0.020772,0.283373,0.147490
GRID_000628,303,8d83b97,1.964712,-0.778077,1.428214,0.587436,-0.721566,-0.184951,-0.074452,0.077070,0.199374
GRID_000629,303,8d83b97,-2.742626,1.009904,0.808466,1.077018,0.625155,-0.043155,0.091554,0.272214,0.101215
GRID_000630,303,8d83b97,2.265464,1.513732,-0.749724,-1.145400,0.443610,0.154476,0.132929,0.016039,0.203796
GRID_000631,303,8d83b97,1.750355,-0.118353,-0.238217,0.407004,-0.795825,-0.028520,-0.003468,0.322830,0.028730
GRID_000632,303,8d83b97,1.523822,-1.194014,-1.503671,-0.059757,0.902731,-0.096723,0.005309,0.242772,0.096869
GRID_000633,303,8d83b97,-2.931585,-1.077249,0.752801,0.451298,1.174628,0.045502,-0.234573,0.090012,0.238945
GRID_000634,303,8d83b97,2.174221,0.194919,0.206545,-1.062680,0.151733,-0.008678,-0.002313,0.322542,0.008981
GRID_000635,303,8d83b97,-0.556156,1.290901,0.382816,1.110155,-1.489405,-0.104164,-0.164042,0.201538,0.194319
GRID_000636,303,8d83b97,2.504596,-0.081276,1.318565,0.562812,-0.509762,-0.096196,-0.123781,0.208787,0.156766
GRID_000637,303,8d83b97,2.488764,-0.072892,-0.729684,-0.049607,-0.968644,0.022669,0.035863,0.302239,0.042427
GRID_000638,303,8d83b97,-0.220797,0.530965,0.244006,-1.247869,0.547334,-0.017597,-0.067921,0.307418,0.070164
GRID_000639,303,8d83b97,1.868929,0.526515,-1.520237,-1.024780,1.282867,0.147907,0.047475,0.132261,0.155340
GRID_000640,303,8d83b97,1.268345,1.217463,-0.330886,-0.810226,-1.485739,0.208491,-0.065018,0.135854,0.218394
GRID_000641,303,8d83b97,1.507650,-0.137121,1.016686,-1.083923,-1.151536,-0.157198,0.010701,0.238413,0.157562
GRID_000642,303,8d83b97,-1.097009,-0.318739,-1.357109,-1.255557,-0.581573,-0.048380,-0.024123,0.261572,0.054060
GRID_000643,303,8d83b97,-1.164934,0.905345,-1.249180,-0.825702,1.254918,-0.174656,-0.074641,0.092295,0.189937
GRID_000644,303,8d83b97,1.401074,-0.593706,0.039213,1.092439,-0.343220,-0.166054,0.028947,0.271699,0.168558
GRID_000645,303,8d83b97,-2.711538,1.231488,0.020577,-1.461470,-0.246407,-0.092507,0.191563,0.175818,0.212730
GRID_000646,303,8d83b97,-2.776306,1.267489,0.847601,0.065299,0.196629,-0.054560,0.130795,0.238764,0.141719
GRID_000647,303,8d83b97,0.937638,0.541378,-1.234710,-0.709188,-1.466051,0.133702,-0.099463,0.164659,0.166641
GRID_000648,303,8d83b97,2.481545,1.485797,0.012469,-0.599981,-1.101763,0.135732,0.181062,0.115113,0.226289
GRID_000649,303,8d83b97,-0.120732,1.337781,-0.343128,-0.195293,-0.291465,-0.029687,-0.225157,0.105632,0.227105
GRID_000650,303,8d83b97,2.884456,1.214912,-1.402343,1.199381,1.565415,0.037781,0.160522,0.018487,0.164908
GRID_000651,303,8d83b97,-0.721538,-1.337741,1.220067,-1.508777,-0.972676,0.123617,0.142973,-0.008803,0.189004
GRID_000652,303,8d83b97,-0.733847,-1.140592,0.125705,-0.139651,-1.126421,0.162069,0.181918,0.154302,0.243641
GRID_000653,303,8d83b97,0.347473,-1.121576,1.046442,1.443487,-0.041524,-0.077881,0.208388,0.047522,0.222466
GRID_000654,303,8d83b97,2.264591,-1.028955,1.031758,1.503495,0.600826,-0.176590,-0.142737,0.068444,0.227063
GRID_000655,303,8d83b97,-0.587255,-0.488825,0.712983,-0.799612,1.147999,0.105166,0.161324,0.218568,0.192575
GRID_000656,303,8d83b97,2.090257,1.307449,0.859915,-0.911355,-0.034435,0.122099,0.072949,0.233070,0.142231
GRID_000657,303,8d83b97,1.841226,1.358456,0.018622,-1.506724,-0.576790,0.209898,0.060252,0.146321,0.218375
GRID_000658,303,8d83b97,-3.028716,0.776145,-0.867531,-0.109011,0.113828,-0.026193,0.191503,0.165588,0.193286
GRID_000659,303,8d83b97,-0.796294,0.963738,1.171463,0.038394,1.149698,-0.034837,-0.032069,0.272863,0.047350
GRID_000660,303,8d83b97,-1.575317,-0.611468,-1.528530,1.412128,0.319751,-0.015029,-0.000887,0.257382,0.015055
GRID_000661,303,8d83b97,1.199587,-1.058842,-1.406374,1.367463,0.754261,-0.079977,0.030797,0.256025,0.085701
GRID_000662,303,8d83b97,1.969929,0.124442,-0.478050,-0.575869,1.489233,0.052813,0.024874,0.306193,0.058377
GRID_000663,303,8d83b97,0.928431,-0.823451,-1.143945,-1.562784,-1.163553,-0.059302,0.043016,0.279702,0.073261
GRID_000664,303,8d83b97,-0.712512,1.403738,-0.841207,-1.220058,0.700689,-0.137263,-0.156478,0.030680,0.208150
GRID_000665,303,8d83b97,-1.668745,0.371565,1.163719,1.170481,0.163432,0.068397,-0.008040,0.273404,0.068868
GRID_000666,303,8d83b97,1.712349,1.072017,-1.499100,-1.417057,0.553109,0.157863,0.023922,0.036815,0.159665
GRID_000667,303,8d83b97,-0.788815,-1.146178,1.555937,-1.206395,-0.687183,0.116527,0.117881,0.004714,0.165754
GRID_000668,303,8d83b97,-0.590636,0.764529,-1.496978,-0.543699,0.080070,-0.096188,-0.140005,0.092547,0.169863
GRID_000669,303,8d83b97,-1.814378,0.143233,1.501406,-0.215104,0.266798,0.120380,-0.031721,0.214235,0.124490
GRID_000670,303,8d83b97,-0.124431,0.687542,1.350115,-0.448796,0.765145,0.000991,0.027957,0.267849,0.027974
GRID_000671,303,8d83b97,-2.231869,0.890833,1.014449,0.754367,0.033181,-0.043482,0.029875,0.281982,0.052756
GRID_000672,303,8d83b97,-2.555833,1.263528,-0.312473,0.921612,0.726174,-0.128118,0.185965,0.127306,0.225826
GRID_000673,303,8d83b97,1.871938,0.343872,-1.252994,-0.845044,-0.633739,0.138846,0.045205,0.196603,0.146019
GRID_000674,303,8d83b97,0.676536,1.227419,0.274868,-1.185053,-1.552024,0.118624,-0.150337,0.204198,0.191501
GRID_000675,303,8d83b97,-0.809049,1.562482,-0.766190,-1.312514,1.418291,-0.148718,-0.139999,0.003753,0.204247
GRID_000676,303,8d83b97,2.571251,-0.085530,-1.388787,1.295409,0.169622,0.045777,0.078498,0.237903,0.090870
GRID_000677,303,8d83b97,-2.316801,-0.015560,-1.057617,-0.602769,0.495668,-0.067154,0.057497,0.268346,0.088406
GRID_000678,303,8d83b97,-1.697813,-0.800930,-0.539320,1.521892,-1.055307,0.137333,-0.019056,0.278785,0.138648
GRID_000679,303,8d83b97,2.395046,0.736925,1.184566,-0.767685,0.372531,-0.005204,-0.000489,0.280264,0.005227
GRID_000680,303,8d83b97,-2.060844,-0.238481,-1.067560,0.525601,-0.147477,-0.041484,0.019144,0.284806,0.045688
GRID_000681,303,8d83b97,0.559237,-0.079004,0.505460,0.416823,-1.312754,-0.058234,0.089499,0.297293,0.106777
GRID_000682,303,8d83b97,-1.374225,0.871999,1.045994,0.909507,-0.233146,-0.044643,-0.009216,0.282237,0.045584
GRID_000683,303,8d83b97,3.059581,1.227329,0.097571,0.998909,-0.630356,0.012386,0.205773,0.185519,0.206145
GRID_000684,303,8d83b97,-2.999476,0.965587,0.850337,-0.038309,0.479091,-0.016606,0.084799,0.277413,0.086409
GRID_000685,303,8d83b97,0.604292,-0.490357,1.126373,-0.932059,-1.472556,-0.116010,0.164720,0.166047,0.201472
GRID_000686,303,8d83b97,2.814493,0.066086,0.392643,-1.283929,-0.284023,-0.023588,-0.056066,0.314493,0.060825
GRID_000687,303,8d83b97,1.889421,1.165608,0.668506,1.267036,1.078722,0.133946,0.046401,0.246019,0.141755
GRID_000688,303,8d83b97,-0.670737,-1.317962,0.626324,0.155743,0.979085,0.148641,0.190004,0.049990,0.241238
GRID_000689,303,8d83b97,2.726493,-0.270168,-1.364203,-1.371178,-0.018344,0.019956,0.055472,0.257444,0.058953
GRID_000690,303,8d83b97,-1.580142,0.036120,-1.416264,-0.938396,1.559522,-0.115227,0.000087,0.220387,0.115227
GRID_000691,303,8d83b97,1.529663,-1.222369,-0.797035,-0.268930,-1.194564,-0.188842,0.008655,0.228022,0.189040
GRID_000692,303,8d83b97,1.532579,1.452988,-1.461500,0.309413,0.339774,0.135563,-0.004385,-0.024521,0.135634
GRID_000693,303,8d83b97,1.994182,-0.619452,-1.353255,0.994565,0.096967,-0.009476,-0.001675,0.272872,0.009622
GRID_000694,303,8d83b97,1.251163,-0.023168,-1.204854,1.097654,0.534689,0.086011,-0.028586,0.252890,0.090637
GRID_000695,303,8d83b97,2.856489,0.393123,0.445438,0.047845,-0.869382,-0.001205,0.011404,0.316143,0.011467
GRID_000696,303,8d83b97,-2.137663,0.651808,0.642544,-0.423310,-0.384893,-0.042890,0.023867,0.302789,0.049084
GRID_000697,303,8d83b97,2.432419,-1.342755,0.977242,-0.208615,-1.357623,-0.144754,-0.163159,0.008581,0.218116
GRID_000698,303,8d83b97,-2.654536,-0.481562,-0.219483,-0.929868,-1.367386,0.048571,-0.100530,0.302092,0.111649
GRID_000699,303,8d83b97,0.824611,1.010375,0.806836,-0.879041,-0.424501,0.070738,-0.067211,0.272133,0.097577
GRID_000700,303,8d83b97,1.942963,-1.131880,-0.462403,-0.471348,-1.244025,-0.196949,-0.074402,0.219936,0.210534
GRID_000701,303,8d83b97,-2.408126,-0.182099,-0.809713,1.289333,-1.475577,-0.023393,0.020576,0.302171,0.031154
GRID_000702,303,8d83b97,-0.277823,0.505153,0.453010,0.376849,-0.267990,-0.012554,-0.035776,0.311822,0.037915
GRID_000703,303,8d83b97,-2.333038,-0.947343,1.248675,-1.002670,-0.169997,0.147280,-0.145230,0.062597,0.206841
GRID_000704,303,8d83b97,0.762827,-0.354050,1.162889,0.196792,0.464530,-0.131321,0.135164,0.185829,0.188453
GRID_000705,303,8d83b97,0.022054,-0.192657,-0.911316,0.059550,1.489440,-0.001612,-0.036992,0.295287,0.037027
GRID_000706,303,8d83b97,2.685466,-0.363037,-1.197249,-1.034645,-0.558687,0.008583,0.026746,0.279529,0.028089
GRID_000707,303,8d83b97,0.182742,-1.188667,1.304313,-1.508806,0.179348,-0.037726,0.190644,0.012284,0.194341
GRID_000708,303,8d83b97,-0.361234,0.022108,-1.180235,1.543243,0.249467,-0.037992,-0.094222,0.250709,0.101593
GRID_000709,303,8d83b97,2.816795,-1.513485,1.538202,-1.172912,0.623472,-0.046823,-0.125991,-0.045743,0.134410
GRID_000710,303,8d83b97,2.980375,0.602323,-0.390508,0.675741,-0.997935,0.019718,0.149110,0.255447,0.150408
GRID_000711,303,8d83b97,-0.722745,0.536652,-0.983011,0.103355,-0.605421,-0.114604,-0.127576,0.197611,0.171493
GRID_000712,303,8d83b97,1.224578,1.570644,-0.169374,1.365461,1.219687,0.213543,-0.077146,0.071261,0.227051
GRID_000713,303,8d83b97,1.276388,1.528631,-0.683644,-0.740961,0.059859,0.198069,-0.060021,0.019710,0.206963
GRID_000714,303,8d83b97,-2.642371,1.421262,1.456292,0.817988,0.946144,-0.046338,0.076724,0.228531,0.089631
GRID_000715,303,8d83b97,0.608683,-1.138760,-1.276621,0.164405,1.565923,-0.067136,0.093063,0.252181,0.114752
GRID_000716,303,8d83b97,1.808228,0.706540,1.052822,0.200435,-0.297707,0.003391,0.002656,0.288326,0.004307
GRID_000717,303,8d83b97,-1.107731,0.093542,0.629379,-0.573246,1.042652,0.068391,0.034699,0.301552,0.076690
GRID_000718,303,8d83b97,0.110010,-1.375600,0.680316,1.310989,-1.225523,-0.028536,0.236486,0.030843,0.238201
GRID_000719,303,8d83b97,1.913206,1.424381,0.979670,-1.048631,-1.104462,0.135760,0.050666,0.219942,0.144907
GRID_000720,303,8d83b97,-1.937267,-0.968636,1.332099,1.508847,1.362376,0.184401,-0.073113,0.050688,0.198367
GRID_000721,303,8d83b97,0.930052,-1.056439,-0.375711,-0.377993,1.259254,-0.166839,0.123162,0.226941,0.207374
GRID_000722,303,8d83b97,0.982778,-0.519989,-1.378576,-1.415055,-0.242298,0.009789,-0.007689,0.268902,0.012448
GRID_000723,303,8d83b97,2.790490,-1.408164,-0.384694,-1.106801,-0.451044,-0.088072,-0.227937,0.153172,0.244360
GRID_000724,303,8d83b97,1.957851,-0.616044,-1.561639,-0.755828,-0.619397,0.008723,0.005950,0.254288,0.010559
GRID_000725,303,8d83b97,0.437743,1.516600,-1.413600,1.528736,0.196288,0.055934,-0.124657,-0.032469,0.136631
GRID_000726,303,8d83b97,2.776968,0.510165,1.034316,-0.605696,1.194960,-0.015740,-0.029447,0.289748,0.033390
GRID_000727,303,8d83b97,2.046912,-1.541807,-1.225222,0.741937,1.395437,-0.162663,-0.081014,0.197185,0.181721
GRID_000728,303,8d83b97,0.820468,-0.833505,0.163982,-1.371528,-0.200995,-0.159972,0.147366,0.216784,0.217504
GRID_000729,303,8d83b97,2.032140,-0.328834,1.045587,0.823000,0.179309,-0.167137,-0.080285,0.205092,0.185419
GRID_000730,303,8d83b97,-0.287352,-1.554963,-0.143876,1.200255,-1.342025,0.070657,0.246957,0.088796,0.256866
GRID_000731,303,8d83b97,-2.075777,1.355525,0.912347,0.958525,-0.556748,-0.131906,0.069852,0.227870,0.149260
GRID_000732,303,8d83b97,2.023945,0.629667,0.630290,-1.081369,0.882905,0.034487,0.019618,0.304176,0.039676
GRID_000733,303,8d83b97,-0.782372,0.845545,0.250263,-1.012332,1.046022,-0.097901,-0.096550,0.270949,0.137501
GRID_000734,303,8d83b97,-2.651076,0.890835,-0.517565,-1.125324,-0.772069,-0.098048,0.174870,0.185822,0.200481
GRID_000735,303,8d83b97,1.239557,0.523251,0.239845,-0.211316,0.813224,0.061316,-0.021153,0.307940,0.064862
GRID_000736,303,8d83b97,-1.063677,-0.049156,1.203956,-0.859083,-1.194739,0.126090,0.070863,0.227622,0.144638
GRID_000737,303,8d83b97,1.612995,1.133785,-0.111104,-0.141624,-0.091415,0.204606,0.009853,0.182236,0.204843
GRID_000738,303,8d83b97,-0.966237,-0.370485,0.816509,-1.486798,-1.464291,0.146513,0.102359,0.226595,0.178727
GRID_000739,303,8d83b97,-1.471839,-0.231379,-0.985611,-1.253503,-0.062708,-0.039372,-0.004594,0.291356,0.039639
GRID_000740,303,8d83b97,-0.347722,-0.872645,-1.248939,-0.637412,0.315401,0.020392,0.062913,0.273284,0.066135
GRID_000741,303,8d83b97,0.740321,0.421527,-0.155229,-0.327280,0.924557,0.059601,-0.067422,0.299747,0.089989
GRID_000742,303,8d83b97,-2.146747,-0.820250,0.657002,0.773374,0.201391,0.188763,-0.126065,0.159336,0.226989
GRID_000743,303,8d83b97,-2.994173,-0.584987,-1.052796,0.359980,-1.024487,0.000282,-0.031970,0.292469,0.031971
GRID_000744,303,8d83b97,1.522634,-1.461985,0.194693,-0.947747,-0.130891,-0.259670,0.013410,0.068359,0.260016
GRID_000745,303,8d83b97,1.079169,-1.208076,-1.399409,1.424793,0.525545,-0.098937,0.052199,0.243948,0.111863
GRID_000746,303,8d83b97,1.962783,-0.695688,-0.534687,-1.301247,0.010072,-0.115690,-0.045262,0.291035,0.124229
GRID_000747,303,8d83b97,0.318903,-1.424022,0.746010,-0.491611,-0.619904,-0.074656,0.218914,0.013294,0.231294
GRID_000748,303,8d83b97,0.020937,0.307778,-0.999934,-0.918606,0.002143,0.000458,-0.138356,0.233991,0.138357
GRID_000749,303,8d83b97,2.195012,-0.432004,0.221435,-0.218141,0.505890,-0.126640,-0.087425,0.279854,0.153885
GRID_000750,303,8d83b97,-1.014076,1.345894,0.028638,0.329126,-0.855524,-0.190032,-0.117404,0.150489,0.223374
GRID_000751,303,8d83b97,0.914371,-0.598445,-1.158768,1.058850,0.700204,-0.020881,0.014665,0.286453,0.025516
GRID_000752,303,8d83b97,0.676591,1.477908,1.065013,-1.383249,-1.059241,0.088302,-0.112699,0.215195,0.143173
GRID_000753,303,8d83b97,-0.502992,0.645536,0.502773,-0.946104,1.144067,-0.032679,-0.055314,0.303088,0.064246
GRID_000754,303,8d83b97,2.951542,-0.203437,-0.483121,0.738777,1.554615,-0.007290,-0.014343,0.318210,0.016089
GRID_000755,303,8d83b97,-1.187936,1.108268,0.974024,-0.506959,-0.245381,-0.093286,-0.037262,0.263258,0.100452
GRID_000756,303,8d83b97,-1.203704,0.649450,0.502360,0.071805,-0.634387,-0.062314,-0.023770,0.302784,0.066694
GRID_000757,303,8d83b97,0.446512,0.180872,0.618734,-0.641409,1.316013,-0.027987,0.053647,0.307138,0.060508
GRID_000758,303,8d83b97,-1.057738,-0.798681,0.459194,-0.779201,-0.719931,0.192609,0.109237,0.188958,0.221430
GRID_000759,303,8d83b97,0.694374,-0.891990,0.677559,1.470085,1.415392,-0.152945,0.181128,0.141014,0.237065
GRID_000760,303,8d83b97,2.705037,0.182499,0.118764,0.081380,-0.352400,-0.003335,0.002778,0.323173,0.004340
GRID_000761,303,8d83b97,-1.669266,-0.687448,0.231045,1.473073,-1.063954,0.193334,-0.020524,0.237630,0.194421
GRID_000762,303,8d83b97,0.949941,-0.557885,-1.115127,0.230817,1.198918,-0.018522,0.011992,0.289375,0.022065
GRID_000763,303,8d83b97,-0.854145,0.765500,-0.632758,1.353302,-0.206331,-0.144683,-0.124441,0.197492,0.190837
GRID_000764,303,8d83b97,-1.620059,1.054332,0.913062,0.629379,-0.858638,-0.098359,0.003665,0.268645,0.098428
GRID_000765,303,8d83b97,0.547056,-0.517161,-1.443023,1.026725,0.676567,0.008488,-0.017796,0.262770,0.019717
GRID_000766,303,8d83b97,2.390426,1.105366,-0.906589,0.231583,0.365826,0.137629,0.152572,0.089513,0.205475
GRID_000767,303,8d83b97,1.260745,0.254387,0.464634,-0.169541,0.718508,-0.025719,0.008231,0.316713,0.027004
GRID_000768,303,8d83b97,-1.824415,0.686196,1.504567,-0.191746,-0.713053,0.037127,-0.011467,0.253543,0.038857
GRID_000769,303,8d83b97,-0.370046,-1.366146,-0.692648,0.732452,-1.341555,0.075409,0.200389,0.193369,0.214108
GRID_000770,303,8d83b97,-2.838074,0.479736,1.350804,1.313000,-0.672405,0.015640,-0.064091,0.260715,0.065971
GRID_000771,303,8d83b97,-2.431067,0.288448,-0.451022,-0.594889,-0.594620,-0.066092,0.071159,0.293059,0.097117
GRID_000772,303,8d83b97,0.941119,1.022570,1.041734,0.613648,0.952375,0.055717,-0.041902,0.271611,0.069714
GRID_000773,303,8d83b97,-2.774580,1.186931,0.841994,1.512888,-1.466480,-0.050262,0.118937,0.250457,0.129121
GRID_000774,303,8d83b97,1.776172,0.113994,0.987709,0.847183,-0.246098,-0.109522,-0.021093,0.271357,0.111535
GRID_000775,303,8d83b97,-2.417228,0.168926,-0.221773,-0.778193,-1.197139,-0.032148,0.030800,0.316833,0.044521
GRID_000776,303,8d83b97,-1.518873,1.123965,-0.370617,-1.081908,-0.107522,-0.219350,-0.012302,0.152574,0.219695
GRID_000777,303,8d83b97,1.772930,1.235665,-1.473544,1.122438,-0.160638,0.149784,0.032350,0.010122,0.153238
GRID_000778,303,8d83b97,-1.437728,-0.435871,1.444001,-1.159187,-0.149299,0.180774,0.023723,0.136576,0.182324
GRID_000779,303,8d83b97,-0.505662,1.152009,-0.863686,-0.779522,-0.636219,-0.104343,-0.184355,0.084231,0.211835
GRID_000780,303,8d83b97,-2.371304,-0.244410,1.216835,-1.070396,0.177966,0.116949,-0.125477,0.197175,0.171527
GRID_000781,303,8d83b97,-0.940785,1.515609,1.388002,-1.530741,-0.139067,-0.091942,-0.065683,0.218084,0.112994
GRID_000782,303,8d83b97,2.609763,0.897871,-1.406075,0.976335,1.093329,0.084774,0.151807,0.077099,0.173873
GRID_000783,303,8d83b97,-0.349677,0.582306,-0.835595,-1.463676,-0.786095,-0.061274,-0.161587,0.207762,0.172814
GRID_000784,303,8d83b97,1.093136,1.505395,0.127187,-0.877755,-0.634698,0.197799,-0.102975,0.124714,0.222999
GRID_000785,303,8d83b97,0.676689,0.935227,0.966605,0.898910,0.076458,0.037986,-0.050009,0.279716,0.062800
GRID_000786,303,8d83b97,-2.285807,0.637918,-0.772522,1.539009,-0.676309,-0.137673,0.115158,0.205168,0.179486
GRID_000787,303,8d83b97,-1.232888,0.709724,0.872863,1.135075,1.041317,-0.031165,-0.010818,0.295529,0.032989
GRID_000788,303,8d83b97,1.094549,-0.218049,-0.866345,0.237946,-1.129486,0.020826,-0.011377,0.299759,0.023731
GRID_000789,303,8d83b97,-1.750620,-1.357775,-1.113323,1.347323,0.400701,0.161833,-0.031066,0.221746,0.164788
GRID_000790,303,8d83b97,0.816915,0.407822,0.669314,0.411987,-0.292042,-0.012090,0.009519,0.309557,0.015387
GRID_000791,303,8d83b97,-2.734886,-0.048034,0.076150,1.305019,0.971087,0.014616,-0.044672,0.321607,0.047003
GRID_000792,303,8d83b97,1.635403,-1.567826,-0.513173,-1.258733,-1.080963,-0.248762,-0.014819,0.130983,0.249203
GRID_000793,303,8d83b97,-3.087590,-1.565701,-0.607121,-0.780985,-0.243276,0.008450,-0.239647,0.142032,0.239796
GRID_000794,303,8d83b97,0.920179,-0.427266,-0.643996,-1.549048,-0.564526,-0.040386,0.029425,0.310631,0.049968
GRID_000795,303,8d83b97,1.766387,-1.552228,1.464352,-0.564372,-0.197257,-0.138724,-0.025878,-0.050098,0.141117
GRID_000796,303,8d83b97,-2.216802,-0.966215,-0.898385,-0.304762,0.370912,0.099484,-0.078895,0.269148,0.126970
GRID_000797,303,8d83b97,-0.246627,0.936046,1.056453,0.965047,1.508684,-0.015615,-0.052356,0.278000,0.054635
GRID_000798,303,8d83b97,0.545494,0.719279,0.521980,-0.703076,1.012226,0.037067,-0.064747,0.297202,0.074606
GRID_000799,303,8d83b97,-0.241177,-0.934998,-0.206447,-1.467547,1.475651,0.045773,0.195612,0.234853,0.200896
GRID_000800,303,8d83b97,-2.205008,-0.962457,1.464281,-0.287479,-0.940820,0.148227,-0.112718,0.040818,0.186217
GRID_000801,303,8d83b97,2.722815,-0.424916,-1.221208,0.371274,0.046658,0.003460,0.017922,0.279797,0.018253
GRID_000802,303,8d83b97,-1.369224,0.190533,-1.335915,-0.071789,-0.926726,-0.131770,-0.027213,0.209657,0.134551
GRID_000803,303,8d83b97,2.570117,-0.039778,-0.124404,0.829083,0.307335,-0.015534,-0.016810,0.324045,0.022888
GRID_000804,303,8d83b97,1.081268,1.529641,1.155454,1.525941,0.128497,0.121670,-0.065576,0.210760,0.138216
GRID_000805,303,8d83b97,-1.823900,-0.331187,0.544772,-1.418029,0.711026,0.150580,-0.040930,0.263629,0.156043
GRID_000806,303,8d83b97,-0.638683,-0.019803,0.548462,-1.380377,-1.432151,0.054852,0.076758,0.299136,0.094342
GRID_000807,303,8d83b97,1.275705,-0.644259,-1.056142,0.760891,0.884197,-0.045572,0.013841,0.290858,0.047628
GRID_000808,303,8d83b97,-1.121395,-0.319306,-0.102300,-1.360729,-1.411560,0.078559,0.038349,0.311869,0.087419
GRID_000809,303,8d83b97,2.253342,1.331408,0.988897,0.099596,1.021214,0.099354,0.084836,0.234685,0.130646
GRID_000810,303,8d83b97,0.528886,0.910441,0.364519,-1.244078,1.224098,0.065373,-0.115667,0.268332,0.132863
GRID_000811,303,8d83b97,-2.696275,0.898373,-0.865165,-0.884484,0.112476,-0.091312,0.181689,0.140064,0.203344
GRID_000812,303,8d83b97,-2.859611,0.807474,0.185923,0.985063,-1.160341,-0.041989,0.129169,0.272383,0.135823
GRID_000813,303,8d83b97,2.700478,0.604350,-0.669131,1.421921,1.033142,0.067522,0.152765,0.224054,0.167022
GRID_000814,303,8d83b97,2.013502,-0.709987,0.572606,0.466018,-0.681403,-0.200774,-0.092405,0.193255,0.221018
GRID_000815,303,8d83b97,-2.259207,0.704172,-0.341227,-0.238464,1.463880,-0.131185,0.103686,0.243106,0.167214
GRID_000816,303,8d83b97,-0.764986,0.072897,-1.476844,0.903980,1.116807,-0.084346,-0.085632,0.207992,0.120196
GRID_000817,303,8d83b97,3.044323,-1.016363,0.666663,-1.522364,0.164060,-0.027884,-0.239786,0.114472,0.241402
GRID_000818,303,8d83b97,0.071035,-0.392675,0.784715,1.544264,-1.335512,-0.015461,0.183152,0.226705,0.183803
GRID_000819,303,8d83b97,-1.984051,0.376421,-0.628907,0.517767,0.898517,-0.121244,0.050494,0.265679,0.131338
GRID_000820,303,8d83b97,0.840442,-1.434792,-0.814919,0.612163,-1.168574,-0.160127,0.141688,0.189915,0.213814
GRID_000821,303,8d83b97,2.770596,-1.009752,-0.159164,-0.968699,-0.982232,-0.082963,-0.201443,0.215658,0.217858
GRID_000822,303,8d83b97,2.883555,-0.167019,-0.800802,1.114045,1.498028,0.003469,0.030260,0.302121,0.030458
GRID_000823,303,8d83b97,-1.544081,0.984686,-0.148130,-0.715564,-0.720494,-0.196319,-0.006241,0.209978,0.196418
GRID_000824,303,8d83b97,-1.824792,-1.323411,-0.805312,0.362943,1.126489,0.188710,-0.050963,0.210515,0.195470
GRID_000825,303,8d83b97,1.067718,-0.750513,0.304407,0.507549,-0.257199,-0.188491,0.103034,0.217409,0.214813
GRID_000826,303,8d83b97,0.627933,-0.639780,-1.174071,-0.458718,-0.680180,-0.020010,0.024479,0.285037,0.031616
GRID_000827,303,8d83b97,1.068230,1.049617,-1.441680,0.630832,0.473044,0.145676,-0.080899,0.045459,0.166632
GRID_000828,303,8d83b97,-1.557259,-0.893038,0.152053,-1.422166,1.037322,0.218663,0.001925,0.205937,0.218671
GRID_000829,303,8d83b97,0.253629,-0.208679,-0.278027,1.483536,-1.435483,-0.012970,0.040994,0.320892,0.042997
GRID_000830,303,8d83b97,-0.783390,1.030298,-0.809186,-1.008970,-1.116630,-0.150564,-0.149181,0.118160,0.211954
GRID_000831,303,8d83b97,2.912489,0.417836,-1.109267,0.605684,-0.754037,0.031179,0.152870,0.202579,0.156017
GRID_000832,303,8d83b97,2.631013,-0.410560,-1.169565,-1.179611,-0.378513,0.004037,0.015375,0.283637,0.015896
GRID_000833,303,8d83b97,-1.712548,1.445774,-0.417785,0.030377,1.030498,-0.227624,0.030904,0.070200,0.229712
GRID_000834,303,8d83b97,-1.010587,-1.331409,-1.479792,0.894012,1.074941,0.097047,0.061920,0.230593,0.115119
GRID_000835,303,8d83b97,-2.866033,-0.202470,0.010506,-0.023168,0.934838,0.016462,-0.074387,0.316022,0.076187
GRID_000836,303,8d83b97,0.584393,-0.507230,1.187141,0.284780,-0.882349,-0.112816,0.167070,0.155235,0.201593
GRID_000837,303,8d83b97,-2.302432,1.184827,0.133586,1.052967,1.364464,-0.152394,0.132279,0.198648,0.201796
GRID_000838,303,8d83b97,-2.706257,-1.003918,-0.398729,0.298451,0.715736,0.077539,-0.176675,0.238623,0.192941
GRID_000839,303,8d83b97,0.040069,-0.957878,0.869171,0.687963,1.445579,-0.011771,0.232700,0.102504,0.232998
GRID_000840,303,8d83b97,0.022709,-0.631357,-1.064886,1.361424,0.994681,-0.003370,0.040559,0.290841,0.040699
GRID_000841,303,8d83b97,-1.808593,-0.794036,1.394042,-0.740786,1.292856,0.189665,-0.047771,0.077489,0.195589
GRID_000842,303,8d83b97,0.773973,0.918430,-0.532650,0.891799,-1.089540,0.138534,-0.143760,0.178027,0.199646
GRID_000843,303,8d83b97,-3.076399,-0.733850,0.844798,0.420450,1.227511,0.010043,-0.222193,0.153727,0.222420
GRID_000844,303,8d83b97,-2.895399,0.078625,1.486663,0.657938,0.493785,0.028837,-0.132236,0.208463,0.135344
GRID_000845,303,8d83b97,-2.749019,-1.500262,1.435127,0.614227,-0.854875,0.052322,-0.137107,-0.043023,0.146751
GRID_000846,303,8d83b97,0.805802,-0.226135,0.443899,0.984517,0.870474,-0.096645,0.090920,0.287040,0.132691
GRID_000847,303,8d83b97,-2.423353,1.484221,0.098282,-1.291413,0.785211,-0.153000,0.169475,0.126218,0.228322
GRID_000848,303,8d83b97,3.000286,-1.213452,-0.635708,1.073684,-0.255760,-0.032889,-0.199501,0.218503,0.202194
GRID_000849,303,8d83b97,1.966961,-0.229972,1.313794,-0.189344,1.012829,-0.162728,-0.065613,0.187087,0.175458
GRID_000850,303,8d83b97,-0.863072,-1.467770,-1.133691,0.082075,0.963119,0.134306,0.116547,0.204975,0.177824
GRID_000851,303,8d83b97,-2.351762,-0.499811,1.323376,0.946674,-0.694535,0.134218,-0.137784,0.139767,0.192351
GRID_000852,303,8d83b97,-2.979985,0.317422,-0.206199,-0.241329,1.353305,-0.016544,0.073622,0.306858,0.075458
GRID_000853,303,8d83b97,1.485265,-1.095316,-1.226724,-1.134267,-1.385959,-0.114499,0.010492,0.256879,0.114979
GRID_000854,303,8d83b97,-0.404515,-1.434526,0.619064,-1.261904,-1.341079,0.091512,0.219164,0.024267,0.237502
GRID_000855,303,8d83b97,-2.685961,-0.145428,-0.481814,-1.266812,-1.298480,-0.003907,-0.001494,0.317918,0.004183
GRID_000856,303,8d83b97,1.255902,-0.942354,1.335608,1.324749,0.876083,-0.195185,0.063429,0.055315,0.205233
GRID_000857,303,8d83b97,0.404109,1.072430,-0.947755,0.859978,0.345185,0.078292,-0.188567,0.091877,0.204174
GRID_000858,303,8d83b97,-1.545502,-1.000316,-0.986116,0.157090,-0.230545,0.121488,0.002139,0.266503,0.121507
GRID_000859,303,8d83b97,2.917184,-1.270869,-1.165291,-0.954162,1.087338,-0.037513,-0.144812,0.235941,0.149592
GRID_000860,303,8d83b97,-0.836349,1.039954,-0.627091,0.200751,0.152768,-0.160547,-0.143280,0.139084,0.215185
GRID_000861,303,8d83b97,1.828512,-0.890282,-0.558393,-0.238568,-0.918395,-0.155610,-0.039023,0.267508,0.160428
GRID_000862,303,8d83b97,-1.797246,-0.743494,-1.075935,0.796039,-1.223332,0.057376,-0.015050,0.286148,0.059317
GRID_000863,303,8d83b97,1.214426,0.437372,0.763710,-1.550195,-0.772033,-0.019371,0.007008,0.305317,0.020599
GRID_000864,303,8d83b97,2.052039,1.030992,-0.035540,1.033030,-0.160565,0.165949,0.089664,0.212778,0.188623
GRID_000865,303,8d83b97,2.977745,1.389932,0.085154,0.136138,0.471740,0.031562,0.218351,0.146999,0.220620
GRID_000866,303,8d83b97,-2.955277,0.576967,-0.437446,1.109074,-1.276559,-0.032288,0.147217,0.254783,0.150716
GRID_000867,303,8d83b97,-1.860742,-0.232404,0.205026,-0.228924,-0.896827,0.098596,-0.031573,0.304147,0.103528
GRID_000868,303,8d83b97,-1.045575,-0.952147,-0.335263,-0.070742,-0.499609,0.163478,0.095490,0.242824,0.189324
GRID_000869,303,8d83b97,-1.881812,1.202345,-1.356367,1.013813,-0.616503,-0.166774,0.051485,0.024202,0.174540
GRID_000870,303,8d83b97,-1.386297,-0.327736,-0.279698,0.673325,0.052035,0.065869,0.011835,0.315837,0.066924
GRID_000871,303,8d83b97,-2.003848,-0.491248,-0.649177,0.073683,0.780887,0.051710,-0.026668,0.307958,0.058182
GRID_000872,303,8d83b97,2.209048,-1.072660,-0.033188,0.267575,-1.092601,-0.191040,-0.137830,0.188715,0.235570
GRID_000873,303,8d83b97,1.630950,-0.297990,0.703423,-0.042943,0.810909,-0.167497,-0.008859,0.251416,0.167731
GRID_000874,303,8d83b97,-1.376958,-0.044393,-0.323822,-0.329534,-0.381185,-0.006676,-0.001736,0.321196,0.006898
GRID_000875,303,8d83b97,-2.131188,-1.223893,-0.008031,-0.871307,1.022972,0.205743,-0.132547,0.151391,0.244742
GRID_000876,303,8d83b97,-2.965340,0.236445,-0.796086,0.073812,1.110137,-0.024533,0.112460,0.267199,0.115104
GRID_000877,303,8d83b97,-3.031475,-0.037136,-0.700035,0.276329,1.043248,-0.009893,0.048749,0.302189,0.049742
GRID_000878,303,8d83b97,-2.421714,0.648750,-0.859062,-0.607166,-0.835386,-0.122983,0.134751,0.192207,0.182435
GRID_000879,303,8d83b97,-2.750775,0.318420,0.284092,-0.341416,0.314061,-0.009896,0.012835,0.319738,0.016207
GRID_000880,303,8d83b97,0.915439,0.391550,-1.343849,-1.022703,0.143764,0.119315,-0.093168,0.177107,0.151382
GRID_000881,303,8d83b97,-2.691300,-1.225393,1.313880,-1.291060,-1.257211,0.078424,-0.171535,0.005093,0.188612
GRID_000882,303,8d83b97,-0.079923,1.376180,-1.396445,1.034366,-1.521644,-0.014819,-0.153859,-0.009213,0.154571
GRID_000883,303,8d83b97,1.741261,-0.166149,-1.197276,-0.354279,-0.227632,0.062986,0.012423,0.267252,0.064199
GRID_000884,303,8d83b97,-2.854854,0.216066,-1.368455,0.337012,1.154194,-0.042474,0.128954,0.201768,0.135769
GRID_000885,303,8d83b97,-0.107113,-1.160562,-1.226429,-0.783157,0.537833,0.010663,0.122103,0.250122,0.122568
GRID_000886,303,8d83b97,1.270871,-0.596373,0.464369,0.285871,0.974794,-0.192751,0.059634,0.228478,0.201765
GRID_000887,303,8d83b97,2.907758,1.286866,0.624971,0.692711,-1.046371,0.034618,0.164294,0.222591,0.167901
GRID_000888,303,8d83b97,-2.892603,1.023910,0.572385,0.108157,0.313127,-0.036877,0.127217,0.262732,0.132454
GRID_000889,303,8d83b97,-0.688946,0.147521,-0.009903,-1.462382,-0.657991,-0.009282,-0.008785,0.323196,0.012780
GRID_000890,303,8d83b97,-1.556560,0.125291,-0.653134,-0.369109,0.399721,-0.083296,-0.002197,0.293106,0.083325
GRID_000891,303,8d83b97,1.664686,0.090960,-1.154230,0.542001,-0.009570,0.106568,0.011343,0.245544,0.107170
GRID_000892,303,8d83b97,-2.458891,1.563306,-0.938346,1.231362,1.511795,-0.121765,0.143880,-0.012113,0.188489
GRID_000893,303,8d83b97,-3.062244,-0.951673,-0.084982,-0.271415,0.328049,0.012458,-0.213647,0.219788,0.214010
GRID_000894,303,8d83b97,-2.818569,0.973906,-0.469473,0.589887,-0.944566,-0.069801,0.194848,0.173879,0.206973
GRID_000895,303,8d83b97,0.187911,0.077648,-0.971860,0.931784,-1.288620,0.015711,-0.095347,0.267624,0.096633
GRID_000896,303,8d83b97,0.061187,0.462082,0.496269,-0.828062,-0.002083,-0.001096,-0.021245,0.313335,0.021273
GRID_000897,303,8d83b97,-2.499370,-1.441930,0.574087,-0.775549,0.741453,0.140298,-0.193924,0.027542,0.239354
GRID_000898,303,8d83b97,0.789523,-0.649059,-0.639377,1.368352,0.940519,-0.072140,0.069595,0.297554,0.100238
GRID_000899,303,8d83b97,-1.597628,-1.293613,-0.735853,-0.918758,-0.682549,0.198634,-0.006474,0.211019,0.198739
GRID_000900,303,8d83b97,2.587936,0.679319,1.307216,1.478141,-0.163590,-0.017775,-0.021392,0.271331,0.027813
GRID_000901,303,8d83b97,-2.563813,0.140889,0.847627,-1.038169,0.181100,0.045452,-0.076865,0.287218,0.089298
GRID_000902,303,8d83b97,1.560354,0.043026,-1.281994,1.487210,0.010970,0.105094,-0.000174,0.236144,0.105094
GRID_000903,303,8d83b97,-0.306384,0.590991,1.365272,0.473926,-0.545041,0.011818,0.045160,0.264127,0.046680
GRID_000904,303,8d83b97,-0.469769,0.981769,-0.705981,-1.180101,0.792595,-0.096989,-0.186567,0.142063,0.210272
GRID_000905,303,8d83b97,1.895838,1.257257,0.603662,0.275754,0.132881,0.154122,0.054189,0.226448,0.163371
GRID_000906,303,8d83b97,-3.043221,-1.347737,0.460851,-1.484433,-0.719626,0.020097,-0.249322,0.062710,0.250130
GRID_000907,303,8d83b97,-0.105860,-0.176322,-1.456171,1.047637,1.222226,-0.011091,-0.080835,0.238940,0.081593
GRID_000908,303,8d83b97,1.143948,-1.507721,0.126770,-0.110556,0.306006,-0.237161,0.107462,0.065827,0.260372
GRID_000909,303,8d83b97,2.668169,0.449744,-0.500703,-0.685893,-1.495371,0.055706,0.117795,0.268067,0.130303
GRID_000910,303,8d83b97,-1.836647,0.343054,1.448429,1.497766,0.297403,0.089321,-0.026224,0.240525,0.093091
GRID_000911,303,8d83b97,-0.600821,-0.066185,0.136761,1.534049,0.151009,0.031395,0.048935,0.319089,0.058141
GRID_000912,303,8d83b97,-2.709421,1.257795,-1.317351,-0.536642,1.148218,-0.076348,0.155734,0.016919,0.173442
GRID_000913,303,8d83b97,-2.109573,0.058569,-0.864411,1.276294,0.632766,-0.077094,0.042815,0.280525,0.088185
GRID_000914,303,8d83b97,-2.339130,-1.240676,0.306359,-1.509172,1.359079,0.177942,-0.176794,0.107684,0.250838
GRID_000915,303,8d83b97,2.025988,0.034077,0.604387,-1.478096,1.366877,-0.085019,-0.038778,0.299170,0.093445
GRID_000916,303,8d83b97,0.344225,-0.127217,-1.419038,0.294197,-0.673997,0.026919,-0.081914,0.238583,0.086223
GRID_000917,303,8d83b97,-0.400056,-1.263711,-1.151612,-1.550840,0.305724,0.055628,0.137164,0.236601,0.148015
GRID_000918,303,8d83b97,1.734467,-1.100058,0.976870,1.148304,0.586762,-0.227603,-0.036023,0.059285,0.230436
GRID_000919,303,8d83b97,0.082658,-0.896114,-0.595201,-0.453404,1.534003,-0.015099,0.153369,0.268449,0.154110
GRID_000920,303,8d83b97,2.690785,-0.602435,0.122339,-1.469568,0.512594,-0.080482,-0.156687,0.263112,0.176148
GRID_000921,303,8d83b97,-1.396727,-0.298898,1.547612,-1.085106,0.090032,0.166644,0.028985,0.146862,0.169146
GRID_000922,303,8d83b97,2.960351,0.555300,-1.122484,-1.533808,-1.217113,0.026563,0.169280,0.176376,0.171351
GRID_000923,303,8d83b97,2.259186,0.702397,-1.376148,0.392555,-0.791452,0.130446,0.111373,0.117350,0.171523
GRID_000924,303,8d83b97,0.571688,0.223249,0.069130,-1.394156,-0.948415,0.007633,-0.015249,0.321926,0.017053
GRID_000925,303,8d83b97,-2.855308,0.076530,0.666706,-0.604675,-0.954260,0.020231,-0.084115,0.297545,0.086514
GRID_000926,303,8d83b97,1.129797,-0.636687,-1.039941,-0.561604,0.725301,-0.043427,0.019970,0.291779,0.047799
GRID_000927,303,8d83b97,-2.534578,-1.533665,-0.642476,-0.543668,0.481425,0.129903,-0.193867,0.152994,0.233364
GRID_000928,303,8d83b97,0.533099,0.108161,0.277196,-1.189209,-1.076012,-0.020587,0.031130,0.320511,0.037322
GRID_000929,303,8d83b97,0.568521,-1.381886,-0.077938,-0.828354,1.035953,-0.139594,0.215085,0.122504,0.256413
GRID_000930,303,8d83b97,2.091671,-1.424707,-0.857581,1.214455,-0.374177,-0.182476,-0.101537,0.195233,0.208824
GRID_000931,303,8d83b97,-1.770903,-0.244013,-1.440744,0.014107,-0.021335,-0.071614,0.012852,0.246781,0.072758
GRID_000932,303,8d83b97,0.104308,-1.411712,0.552862,0.203082,-1.401391,-0.027826,0.242862,0.036860,0.244451
GRID_000933,303,8d83b97,0.928213,1.139344,-0.806847,1.257950,-0.738809,0.167253,-0.126501,0.093926,0.209705
GRID_000934,303,8d83b97,0.400263,1.279662,1.326332,-1.031805,-1.343416,0.029450,-0.075357,0.244360,0.080907
GRID_000935,303,8d83b97,-0.226560,-1.081747,0.744785,-0.408776,0.076179,0.051455,0.233616,0.089966,0.239216
GRID_000936,303,8d83b97,2.645226,0.227435,-0.710859,1.443750,-0.670345,0.046142,0.093750,0.276958,0.104490
GRID_000937,303,8d83b97,-0.149736,-0.086233,-1.450890,-0.895332,-1.111110,-0.016681,-0.094029,0.230409,0.095497
GRID_000938,303,8d83b97,-3.084150,1.299442,-0.762957,0.973192,1.016031,-0.016787,0.213824,0.062757,0.214482
GRID_000939,303,8d83b97,1.100881,0.733942,-0.532670,0.513919,-0.266814,0.157830,-0.080729,0.215931,0.177278
GRID_000940,303,8d83b97,2.220500,1.041552,0.275378,-1.023294,0.702362,0.128895,0.101878,0.240411,0.164295
GRID_000941,303,8d83b97,2.877088,0.526465,-1.064318,-0.414140,-1.324483,0.039743,0.163292,0.189119,0.168059
GRID_000942,303,8d83b97,-0.061422,0.414762,1.516056,-1.355004,1.482607,0.002876,0.088069,0.238198,0.088116
GRID_000943,303,8d83b97,2.227713,0.972438,1.156475,0.710965,0.876750,0.034274,0.030303,0.272840,0.045749
GRID_000944,303,8d83b97,2.088037,0.105114,-0.292855,-1.322222,0.488440,0.026920,0.018502,0.317279,0.032666
GRID_000945,303,8d83b97,-0.465964,0.615758,1.471075,1.385407,-0.212421,0.020639,0.045853,0.254568,0.050284
GRID_000946,303,8d83b97,-1.253785,1.300019,-0.482438,-1.519212,1.533265,-0.216164,-0.070915,0.096943,0.227499
GRID_000947,303,8d83b97,-1.669608,-0.677264,-0.119876,-0.704969,0.306765,0.160833,-0.017378,0.271564,0.161769
GRID_000948,303,8d83b97,-0.901806,-0.787699,0.612146,-0.212770,0.721257,0.175025,0.139771,0.172044,0.223986
GRID_000949,303,8d83b97,-2.135412,0.993685,-0.816792,-1.555789,-1.154058,-0.179542,0.110303,0.125346,0.210718
GRID_000950,303,8d83b97,2.999724,0.480540,-0.342159,0.437048,-1.267920,0.013013,0.122830,0.278478,0.123518
GRID_000951,303,8d83b97,1.849598,1.097582,-0.140485,1.438731,0.256787,0.194250,0.057703,0.186769,0.202639
GRID_000952,303,8d83b97,1.610840,-0.192580,0.932094,-0.711192,-0.504798,-0.162509,-0.005382,0.240594,0.162598
GRID_000953,303,8d83b97,1.909411,-0.366725,-0.315550,-1.454250,-0.574295,-0.074489,-0.023892,0.314081,0.078227
GRID_000954,303,8d83b97,-0.029101,0.638236,-0.090986,0.257175,1.284014,-0.006179,-0.130798,0.277053,0.130944
GRID_000955,303,8d83b97,-3.075573,-0.337804,-1.092695,0.548365,-0.650066,-0.006060,0.024340,0.287370,0.025083
GRID_000956,303,8d83b97,-1.072337,-0.744734,1.553413,-1.395430,-0.278978,0.159865,0.087858,0.071276,0.182416
GRID_000957,303,8d83b97,-0.114284,0.895890,0.510581,-0.749857,0.250861,-0.015471,-0.113946,0.277552,0.114992
GRID_000958,303,8d83b97,2.820741,1.084170,0.359248,-1.210592,-0.349931,0.047733,0.157370,0.239453,0.164450
GRID_000959,303,8d83b97,2.985516,1.218611,1.429049,-0.571083,0.158133,0.004841,0.058615,0.246938,0.058815
GRID_000960,303,8d83b97,0.281795,1.426027,0.127012,1.261292,1.353590,0.059243,-0.212706,0.143560,0.220803
GRID_000961,303,8d83b97,0.224340,1.497490,0.165051,-0.520650,1.359502,0.047498,-0.218468,0.131248,0.223572
GRID_000962,303,8d83b97,-3.102010,0.251736,0.840435,-0.138469,0.634390,-0.001813,-0.066930,0.295071,0.066954
GRID_000963,303,8d83b97,-1.323490,1.390602,-1.525485,1.282725,-1.050413,-0.136572,-0.034578,-0.017415,0.140881
GRID_000964,303,8d83b97,-1.614280,0.167905,-0.245455,-1.258655,-0.093814,-0.048165,0.000860,0.315901,0.048172
GRID_000965,303,8d83b97,1.548123,0.769960,-0.096195,1.374294,0.018380,0.152482,-0.002468,0.255889,0.152502
GRID_000966,303,8d83b97,-2.394670,1.446353,0.886102,1.419059,0.133387,-0.114235,0.118164,0.211211,0.164354
GRID_000967,303,8d83b97,-1.199288,-1.534614,-0.523262,1.321775,0.638835,0.223658,0.087335,0.139801,0.240105
GRID_000968,303,8d83b97,2.107799,-0.948670,0.660315,-1.069515,1.513837,-0.208678,-0.120993,0.130575,0.241218
GRID_000969,303,8d83b97,2.351265,0.163544,-0.145794,0.540491,0.676609,0.018161,0.022904,0.319798,0.029230
GRID_000970,303,8d83b97,0.062389,1.014347,0.688314,-1.124123,-0.527623,0.004794,-0.115424,0.268703,0.115523
GRID_000971,303,8d83b97,1.958298,0.670146,-0.633134,0.136281,0.360082,0.159204,0.067511,0.216136,0.172927
GRID_000972,303,8d83b97,1.470034,-0.132935,-0.834071,-1.466432,1.284203,0.038499,-0.003215,0.298012,0.038633
GRID_000973,303,8d83b97,-2.199925,-0.455482,-0.020306,0.122544,-0.000683,0.101602,-0.077796,0.294608,0.127966
GRID_000974,303,8d83b97,0.980578,-0.210988,-0.153027,0.769161,-1.438173,-0.051514,0.033482,0.319799,0.061439
GRID_000975,303,8d83b97,1.616039,-0.720236,-1.030072,1.072346,0.758935,-0.066925,-0.001877,0.288760,0.066951
GRID_000976,303,8d83b97,0.707968,-0.700350,-1.370441,-0.064685,-0.561372,-0.015724,0.015797,0.271620,0.022289
GRID_000977,303,8d83b97,-0.895238,-0.068234,0.611188,-0.363899,-0.929498,0.085350,0.069817,0.289608,0.110268
GRID_000978,303,8d83b97,0.077874,-1.060492,0.821565,-1.524851,1.274171,-0.020833,0.235784,0.085529,0.236702
GRID_000979,303,8d83b97,0.742807,1.507362,1.230406,1.091308,1.290674,0.084508,-0.094386,0.216507,0.126689
GRID_000980,303,8d83b97,-2.317576,0.392752,-1.267164,-0.119346,1.275890,-0.117713,0.104427,0.186688,0.157357
GRID_000981,303,8d83b97,0.932084,0.058613,0.733643,0.605148,1.188367,-0.081315,0.059086,0.290611,0.100515
GRID_000982,303,8d83b97,1.101712,-0.164194,-1.336457,-0.293353,-0.396437,0.065705,-0.033981,0.251818,0.073972
GRID_000983,303,8d83b97,-0.354227,1.214541,0.200012,0.765269,-1.476364,-0.071094,-0.186005,0.199316,0.199128
GRID_000984,303,8d83b97,-1.542723,0.222153,-1.127141,-1.530026,0.220529,-0.133649,-0.004659,0.231190,0.133730
GRID_000985,303,8d83b97,1.387847,0.784181,-0.250120,1.304630,-1.184284,0.164726,-0.030033,0.238204,0.167441
GRID_000986,303,8d83b97,0.722531,-0.448778,1.363107,-1.250253,1.284037,-0.128403,0.143141,0.144059,0.192294
GRID_000987,303,8d83b97,2.321784,-0.719751,-0.267185,1.047346,0.044710,-0.119411,-0.106785,0.275502,0.160194
GRID_000988,303,8d83b97,-1.212302,1.198488,0.364126,-0.929219,0.691439,-0.173596,-0.064895,0.218405,0.185329
GRID_000989,303,8d83b97,0.702304,0.522053,0.962999,-0.473258,0.757263,-0.016639,0.017117,0.294678,0.023872
GRID_000990,303,8d83b97,-2.637032,-0.436348,0.811933,-1.445379,-1.000702,0.087863,-0.167461,0.215794,0.189111
GRID_000991,303,8d83b97,2.433561,1.338860,0.345444,0.439038,1.123889,0.126481,0.153394,0.187755,0.198814
GRID_000992,303,8d83b97,2.772018,0.792348,-0.863631,-0.362747,0.081938,0.065751,0.181476,0.162729,0.193020
GRID_000993,303,8d83b97,-2.008196,0.808041,-1.079757,-1.401457,-0.957374,-0.177488,0.080268,0.132153,0.194795
GRID_000994,303,8d83b97,-2.335093,-0.205295,-1.465665,-0.469158,1.029076,-0.059672,0.052585,0.240497,0.079536
GRID_000995,303,8d83b97,-0.214290,-0.783167,0.205644,-0.631241,-0.797358,0.042367,0.205488,0.222155,0.209810
GRID_000996,303,8d83b97,-0.035402,0.500268,1.336549,1.361712,-0.583594,-0.000318,0.061932,0.263210,0.061933
GRID_000997,303,8d83b97,-0.546127,0.049555,-0.096630,1.156386,-1.334760,-0.001296,0.001460,0.324016,0.001952
GRID_000998,303,8d83b97,0.002041,1.343709,-1.129496,0.694120,-0.947211,-0.002080,-0.185077,0.015604,0.185088
GRID_000999,303,8d83b97,0.601494,0.635612,-0.248411,-0.925179,-1.565499,0.079594,-0.119107,0.263930,0.143254
GRID_001000,303,8d83b97,-1.928847,1.426692,0.234302,-0.745614,-0.525042,-0.206619,0.074870,0.156062,0.219765
GRID_001001,303,8d83b97,-0.190362,-0.184686,1.066531,-1.075257,-0.563095,0.028399,0.160095,0.225427,0.162594
GRID_001002,303,8d83b97,2.849067,-1.310712,-0.656689,-0.844511,-0.860112,-0.065660,-0.202938,0.201390,0.213296
GRID_001003,303,8d83b97,0.982692,-0.444373,-0.866379,-0.612698,0.929894,-0.022534,0.013950,0.303228,0.026502
GRID_001004,303,8d83b97,0.682624,-0.092286,-0.973115,-0.889869,0.899583,0.037691,-0.049006,0.283561,0.061824
GRID_001005,303,8d83b97,-2.112484,1.479576,1.360197,-1.201882,-0.796861,-0.097054,0.055224,0.222328,0.111665
GRID_001006,303,8d83b97,-2.994426,-1.079565,1.524783,0.714163,1.018302,0.021526,-0.174667,0.016907,0.175989
GRID_001007,303,8d83b97,-1.204223,-0.488646,0.908708,0.088027,1.454733,0.183139,0.070553,0.194132,0.196259
GRID_001008,303,8d83b97,-0.962184,1.108666,1.179430,-0.203665,-0.757821,-0.061257,-0.041467,0.262245,0.073972
GRID_001009,303,8d83b97,1.955688,1.370065,-1.116111,-1.501746,-1.392351,0.167271,0.070221,0.011513,0.181413
GRID_001010,303,8d83b97,-0.239481,-1.387436,-0.814240,1.009140,-1.432053,0.046386,0.199747,0.199091,0.205062
GRID_001011,303,8d83b97,-0.849503,-0.782891,-0.551177,-0.989567,0.663465,0.100132,0.089667,0.281525,0.134412
GRID_001012,303,8d83b97,-1.139421,0.157105,-1.003638,0.124918,1.073070,-0.106342,-0.048482,0.254652,0.116873
GRID_001013,303,8d83b97,0.365222,-0.136027,1.461891,-0.758865,-0.967435,-0.060121,0.150763,0.182580,0.162308
GRID_001014,303,8d83b97,1.930002,-1.363308,0.537154,0.078549,-1.492876,-0.234760,-0.085749,0.049902,0.249930
GRID_001015,303,8d83b97,2.450884,-1.301480,-0.677381,-1.484590,-1.397627,-0.137469,-0.160515,0.204928,0.211336
GRID_001016,303,8d83b97,-0.218728,1.414258,-0.997158,0.141417,-0.783396,-0.044260,-0.188260,0.013062,0.193393
GRID_001017,303,8d83b97,-2.365374,0.735094,-0.061407,-1.105989,-0.292011,-0.106809,0.103726,0.264709,0.148886
GRID_001018,303,8d83b97,-0.004128,0.052777,0.054887,-1.560324,0.238236,-0.002288,0.020922,0.324071,0.021047
GRID_001019,303,8d83b97,-1.913360,-0.036269,0.346511,0.175182,-0.668903,0.069717,-0.027231,0.311273,0.074847
GRID_001020,303,8d83b97,2.668456,0.905218,0.331738,-0.083346,-0.032468,0.058165,0.122686,0.267139,0.135776
GRID_001021,303,8d83b97,3.060164,-1.546638,-0.950274,-0.966010,-0.523836,-0.021500,-0.208698,0.178743,0.209803
GRID_001022,303,8d83b97,-2.617061,0.516413,0.170113,-0.023000,-0.563862,-0.042044,0.064551,0.306353,0.077036
GRID_001023,303,8d83b97,-2.268058,-0.593262,-1.505865,0.900498,0.433576,-0.013942,0.007561,0.259079,0.015860
GRID_001024,303,8d83b97,2.822350,-0.234774,0.164748,1.286233,-0.558389,-0.036730,-0.097276,0.306342,0.103980
GRID_001025,303,8d83b97,-2.157613,-0.407259,0.470067,-1.544419,-1.158982,0.135560,-0.093709,0.259973,0.164796
GRID_001026,303,8d83b97,-2.680052,-0.845401,-0.510005,-0.924044,1.302709,0.064293,-0.138593,0.271458,0.152780
GRID_001027,303,8d83b97,-1.209442,-1.496552,0.081218,0.472871,0.120800,0.238220,0.090182,0.074342,0.254718
GRID_001028,303,8d83b97,2.094071,-1.197609,0.386704,1.329578,0.026755,-0.221762,-0.124736,0.107716,0.254435
GRID_001029,303,8d83b97,-2.390978,0.566710,-1.145380,-1.079662,0.680595,-0.122066,0.125707,0.171330,0.175221
GRID_001030,303,8d83b97,2.055978,-1.441439,1.423049,0.893116,1.379205,-0.142317,-0.072181,-0.034604,0.159576
GRID_001031,303,8d83b97,-2.884466,-1.492457,-1.462297,1.521205,-1.067296,0.032036,-0.138660,0.211706,0.142313
GRID_001032,303,8d83b97,0.330012,1.079192,1.456972,-0.346320,-0.011043,0.007792,-0.029998,0.253948,0.030994
GRID_001033,303,8d83b97,-0.910626,0.331405,0.898458,0.755257,1.093711,0.041174,0.033363,0.294396,0.052994
GRID_001034,303,8d83b97,1.898283,0.160700,-0.304988,-0.120822,1.017575,0.043651,0.017124,0.313585,0.046889
GRID_001035,303,8d83b97,-3.100463,-0.082109,0.816282,1.511723,-1.251461,0.000998,-0.132783,0.268297,0.132787
GRID_001036,303,8d83b97,-2.850251,-0.975799,1.337450,-1.486119,0.218458,0.053349,-0.192679,0.048871,0.199928
GRID_001037,303,8d83b97,-2.046758,0.032616,-0.260709,-1.527244,-0.662603,-0.016584,0.005552,0.321200,0.017489
GRID_001038,303,8d83b97,-2.071916,1.464540,1.418087,0.678562,-0.620973,-0.090831,0.046799,0.224199,0.102178
GRID_001039,303,8d83b97,-2.410786,-0.800036,-0.401982,-0.783000,1.565619,0.101250,-0.118413,0.272096,0.155798
GRID_001040,303,8d83b97,-0.692627,-1.509956,-1.194520,0.876200,0.499023,0.111268,0.136706,0.200963,0.176265
GRID_001041,303,8d83b97,-2.970976,1.025655,-1.537328,-1.308199,-0.596434,-0.031706,0.158527,0.042032,0.161667
GRID_001042,303,8d83b97,2.422713,-0.296261,-1.160674,0.314032,-0.626434,0.021719,0.030252,0.279612,0.037241
GRID_001043,303,8d83b97,-2.885214,-0.362560,1.143862,1.241004,-1.264344,0.043033,-0.181144,0.186790,0.186186
GRID_001044,303,8d83b97,1.136630,1.188423,0.920047,1.158613,-1.434105,0.104373,-0.048900,0.252602,0.115261
GRID_001045,303,8d83b97,-1.915366,-1.408227,-1.122077,1.018946,1.289532,0.160074,-0.059751,0.214168,0.170862
GRID_001046,303,8d83b97,-0.104345,1.090558,-0.465185,-0.046084,-0.896609,-0.024812,-0.214216,0.148234,0.215649
GRID_001047,303,8d83b97,3.085491,-1.068490,0.900943,1.275624,1.327601,-0.017475,-0.231850,0.074518,0.232508
GRID_001048,303,8d83b97,-1.362006,-1.316621,0.405735,1.135464,-0.717090,0.243846,0.051306,0.076912,0.249185
GRID_001049,303,8d83b97,-0.883681,0.883712,-1.115939,0.643201,1.299588,-0.152399,-0.123508,0.112122,0.196163
GRID_001050,303,8d83b97,1.715343,-0.063932,-0.984828,-0.837217,0.632300,0.066378,0.011177,0.280156,0.067312
GRID_001051,303,8d83b97,-1.221941,1.468715,-0.602074,-0.870831,1.294701,-0.208138,-0.075583,0.042513,0.221436
GRID_001052,303,8d83b97,-0.896387,-0.122850,-1.495371,-0.783039,-0.356561,-0.073923,-0.057547,0.228836,0.093681
GRID_001053,303,8d83b97,0.914809,1.073950,0.650925,0.895737,1.278075,0.101186,-0.079241,0.259086,0.128521
GRID_001054,303,8d83b97,-1.502305,-1.022366,-0.888340,-1.325501,-0.656640,0.137678,0.008645,0.262088,0.137949
GRID_001055,303,8d83b97,-2.379856,-0.941842,-0.480570,-0.696923,0.678172,0.116794,-0.127623,0.255177,0.172999
GRID_001056,303,8d83b97,-2.830330,-0.946823,-0.930503,-0.551065,-0.921004,0.032914,-0.116366,0.271777,0.120931
GRID_001057,303,8d83b97,2.584384,-0.768712,0.185655,0.535095,-0.528788,-0.113905,-0.175262,0.227180,0.209024
GRID_001058,303,8d83b97,-0.707894,-0.960198,0.707926,-1.469818,-0.605215,0.152047,0.180093,0.121960,0.235694
GRID_001059,303,8d83b97,0.833591,1.015034,0.413699,0.722790,1.471487,0.106928,-0.098802,0.255144,0.145587
GRID_001060,303,8d83b97,2.323240,0.569328,-1.232561,-0.227312,-1.240378,0.121271,0.118089,0.159780,0.169268
GRID_001061,303,8d83b97,1.685294,-1.200620,-1.263315,-1.459273,-0.093006,-0.127689,-0.013320,0.245727,0.128382
GRID_001062,303,8d83b97,-1.562148,1.397150,1.111572,-1.472650,1.508216,-0.131523,-0.002092,0.228995,0.131539
GRID_001063,303,8d83b97,-0.646909,-0.749823,-1.519703,1.065928,1.151426,0.005749,0.010624,0.259900,0.012080
GRID_001064,303,8d83b97,-2.316716,-0.144350,1.392680,1.317761,-0.431618,0.115298,-0.110996,0.190173,0.160043
GRID_001065,303,8d83b97,0.932285,0.280360,1.503490,0.950789,1.555008,-0.089979,0.065348,0.228318,0.111205
GRID_001066,303,8d83b97,1.126004,-0.348065,0.427902,-1.515528,0.468559,-0.141299,0.066865,0.272870,0.156321
GRID_001067,303,8d83b97,2.865474,1.546372,-1.287902,1.311306,-1.270417,0.036495,0.144509,-0.031987,0.149046
GRID_001068,303,8d83b97,0.320501,-0.993520,0.067129,1.225159,-1.227787,-0.074738,0.218158,0.194393,0.230605
GRID_001069,303,8d83b97,-1.444212,-0.388569,1.331406,-1.243713,0.288429,0.181933,0.022638,0.158494,0.183336
GRID_001070,303,8d83b97,-0.334180,-0.346633,0.388175,0.773949,1.248411,0.046580,0.140856,0.276794,0.148358
GRID_001071,303,8d83b97,0.089509,1.261003,-0.173773,-0.137027,-0.262139,0.017411,-0.220404,0.145458,0.221091
GRID_001072,303,8d83b97,-2.027943,-0.131135,-0.856091,-1.422461,1.433296,-0.044015,0.018798,0.296220,0.047861
GRID_001073,303,8d83b97,-1.049904,-1.211554,-1.125838,0.237912,1.449426,0.122162,0.070916,0.242994,0.141253
GRID_001074,303,8d83b97,1.111796,0.136052,0.300877,-1.283462,-1.101640,-0.031448,0.015015,0.320361,0.034848
GRID_001075,303,8d83b97,-2.749391,-0.313947,1.388308,-0.379521,0.500359,0.064171,-0.165921,0.164013,0.177898
GRID_001076,303,8d83b97,-1.423301,-1.319923,0.751226,0.479276,-0.379636,0.229724,0.033600,0.035590,0.232168
GRID_001077,303,8d83b97,2.186374,0.072026,0.356715,-0.586571,-1.465557,-0.048052,-0.030254,0.316428,0.056783
GRID_001078,303,8d83b97,-1.604256,-0.672428,0.931645,-0.414200,0.908690,0.213396,-0.008268,0.155332,0.213556
GRID_001079,303,8d83b97,-2.196318,-1.509377,-1.350234,-0.085983,-1.423168,0.125238,-0.094140,0.207047,0.156674
GRID_001080,303,8d83b97,1.987085,-0.197360,-0.442359,-0.881328,0.848996,-0.020764,-0.006500,0.319230,0.021758
GRID_001081,303,8d83b97,2.581824,0.821870,-0.243620,-0.381408,-0.049630,0.089212,0.149889,0.231837,0.174429
GRID_001082,303,8d83b97,-1.501447,-0.134760,-1.153520,0.872463,-0.246667,-0.073487,-0.005866,0.269227,0.073721
GRID_001083,303,8d83b97,1.113643,-1.282412,-0.075108,-0.491821,0.571244,-0.226605,0.110961,0.145867,0.252314
GRID_001084,303,8d83b97,1.239045,-0.424174,0.762460,-0.195334,0.723248,-0.180153,0.061942,0.223997,0.190504
GRID_001085,303,8d83b97,-2.941302,1.074698,0.744146,0.322356,-0.676844,-0.028335,0.117415,0.262592,0.120786
GRID_001086,303,8d83b97,-3.110313,1.357964,1.467197,0.174101,-0.383838,-0.006771,0.076834,0.234420,0.077132
GRID_001087,303,8d83b97,-1.124455,0.358821,-0.508534,-1.455298,0.456713,-0.106560,-0.050530,0.279787,0.117934
GRID_001088,303,8d83b97,-1.719586,-0.982657,-0.087420,-0.185315,-1.140659,0.212270,-0.033434,0.213764,0.214887
GRID_001089,303,8d83b97,0.420079,-0.976980,-1.361545,-1.392883,-0.907143,-0.032449,0.067258,0.262961,0.074676
GRID_001090,303,8d83b97,-1.326696,0.530188,0.014764,-0.498420,-1.281676,-0.097146,-0.024456,0.297955,0.100177
GRID_001091,303,8d83b97,2.108896,1.227961,0.820784,1.209109,-1.328294,0.113905,0.071216,0.243636,0.134336
GRID_001092,303,8d83b97,-0.978683,-0.615688,-1.250185,-0.271320,0.011113,0.010528,0.008218,0.280463,0.013355
GRID_001093,303,8d83b97,0.637980,-0.399178,1.291423,0.821836,0.656742,-0.115043,0.152090,0.161653,0.190700
GRID_001094,303,8d83b97,-1.843002,-0.621953,0.601317,-0.326916,-1.113686,0.196773,-0.056979,0.207255,0.204856
GRID_001095,303,8d83b97,0.699909,-0.649148,1.501100,1.041133,1.444570,-0.124914,0.145635,0.092929,0.191868
GRID_001096,303,8d83b97,-1.497591,1.505921,-0.215304,-1.042667,0.667131,-0.232739,-0.017903,0.081198,0.233427
GRID_001097,303,8d83b97,1.010992,1.384428,-1.395707,0.743319,-0.266124,0.127220,-0.080776,-0.010555,0.150697
GRID_001098,303,8d83b97,2.369051,0.071610,1.073246,-0.960298,0.476420,-0.089181,-0.086571,0.257825,0.124289
GRID_001099,303,8d83b97,1.798334,-1.463702,-0.413047,1.238220,-1.366849,-0.242684,-0.054310,0.143606,0.248687
GRID_001100,303,8d83b97,1.008167,0.436325,-0.452782,0.546898,-1.128381,0.103028,-0.065897,0.274580,0.122299
GRID_001101,303,8d83b97,-0.137496,-0.452003,-0.854003,-0.189361,0.013339,0.001245,0.026415,0.303672,0.026445
GRID_001102,303,8d83b97,-3.008358,0.580908,-0.952044,-1.301397,1.474109,-0.027555,0.172187,0.193346,0.174378
GRID_001103,303,8d83b97,-1.434442,0.713112,-1.303899,-0.936526,-1.501362,-0.179931,-0.025199,0.123791,0.181687
GRID_001104,303,8d83b97,1.089237,0.416543,0.326674,-0.975382,-1.496466,0.025648,-0.014015,0.316069,0.029227
GRID_001105,303,8d83b97,-1.562353,-0.133673,0.571903,0.604745,-0.858560,0.119510,-0.000015,0.286248,0.119510
GRID_001106,303,8d83b97,-3.023168,0.889030,-0.864419,-1.199915,1.474008,-0.028249,0.199721,0.142170,0.201709
GRID_001107,303,8d83b97,-1.443864,-0.202964,0.758149,0.700660,0.737856,0.146538,0.018101,0.259034,0.147652
GRID_001108,303,8d83b97,-0.078523,-1.556271,-1.454489,-0.399518,-0.038943,0.009431,0.151702,0.203018,0.151995
GRID_001109,303,8d83b97,2.198496,0.100642,1.252508,-0.505869,-0.580956,-0.106274,-0.073444,0.240182,0.129182
GRID_001110,303,8d83b97,-1.944220,0.911196,0.252695,1.140463,-1.158426,-0.140730,0.052630,0.260953,0.150249
GRID_001111,303,8d83b97,1.618709,0.755834,-1.000370,0.763852,-0.700113,0.186503,0.010110,0.152819,0.186776
GRID_001112,303,8d83b97,-1.665138,-0.903347,0.304247,-1.532781,0.671818,0.225869,-0.022778,0.185664,0.227015
GRID_001113,303,8d83b97,-0.519651,0.770431,-1.230727,-0.919484,-0.448479,-0.094023,-0.160294,0.121341,0.185835
GRID_001114,303,8d83b97,0.177662,-1.126851,0.429084,0.167534,0.936791,-0.046359,0.244936,0.119039,0.249284
GRID_001115,303,8d83b97,2.707248,-1.466685,-0.765635,0.011680,-0.877569,-0.096672,-0.198501,0.179287,0.220790
GRID_001116,303,8d83b97,-1.793282,0.775562,-1.002319,0.765924,-0.140047,-0.190539,0.041279,0.148535,0.194959
GRID_001117,303,8d83b97,-2.981513,-0.106618,1.284963,-0.544394,0.481814,0.020720,-0.155634,0.209450,0.157007
GRID_001118,303,8d83b97,0.998414,-0.015554,1.312524,0.213697,0.874097,-0.125458,0.079724,0.218528,0.148646
GRID_001119,303,8d83b97,0.012786,0.662203,-0.789327,-0.707399,-1.354532,-0.000109,-0.180249,0.198397,0.180249
GRID_001120,303,8d83b97,-2.192835,-0.654580,1.409201,0.819045,-1.449086,0.155641,-0.115214,0.101613,0.193645
GRID_001121,303,8d83b97,-1.212232,1.298830,-1.468081,0.836269,-1.484196,-0.145932,-0.054410,-0.000191,0.155746
GRID_001122,303,8d83b97,0.416822,0.962286,0.255218,0.570753,-1.061396,0.060608,-0.142047,0.252701,0.154437
GRID_001123,303,8d83b97,-0.906098,0.193939,1.292515,-0.038801,-0.419117,0.086083,0.068954,0.245318,0.110295
GRID_001124,303,8d83b97,2.251953,0.118974,-1.430378,-1.054802,0.988540,0.091632,0.078278,0.207725,0.120515
GRID_001125,303,8d83b97,1.879402,-0.255741,0.544762,-1.062215,-0.045441,-0.142004,-0.043082,0.274087,0.148395
GRID_001126,303,8d83b97,-2.419165,1.383280,0.156028,-0.830327,0.712271,-0.147975,0.162344,0.156981,0.219664
GRID_001127,303,8d83b97,-2.890135,1.187014,-0.679826,0.139931,1.431324,-0.058589,0.210417,0.098678,0.218422
GRID_001128,303,8d83b97,0.336092,-0.039273,0.247267,1.526436,-0.052248,-0.024571,0.063689,0.316076,0.068264
GRID_001129,303,8d83b97,-0.484426,0.417290,-1.427888,0.419355,-0.439393,-0.074708,-0.137449,0.162160,0.156440
GRID_001130,303,8d83b97,-0.798698,-1.089215,1.157904,0.869265,0.160806,0.149943,0.148010,0.043268,0.210689
GRID_001131,303,8d83b97,1.119527,-0.627274,-1.219606,-0.639576,1.478431,-0.022705,0.010409,0.282426,0.024977
GRID_001132,303,8d83b97,-2.958221,-0.608404,-0.998483,-0.757264,0.925829,0.003518,-0.043125,0.294347,0.043269
GRID_001133,303,8d83b97,2.578760,-0.771488,0.692864,-0.109458,-0.851914,-0.124897,-0.190577,0.165201,0.227857
GRID_001134,303,8d83b97,0.851793,-0.626298,-0.132210,-0.782878,0.930951,-0.118542,0.102161,0.279883,0.156490
GRID_001135,303,8d83b97,0.228334,-0.106308,-0.654184,-1.097880,-0.161115,0.004025,-0.027538,0.308821,0.027831
GRID_001136,303,8d83b97,1.133728,-0.753486,0.224864,-1.155629,1.198793,-0.190969,0.088780,0.225818,0.210597
GRID_001137,303,8d83b97,-0.425523,0.186835,-1.242936,-0.106980,-1.570438,-0.055711,-0.117685,0.221914,0.130205
GRID_001138,303,8d83b97,0.205327,0.737194,0.076410,-1.307788,0.824449,0.024705,-0.129924,0.275176,0.132252
GRID_001139,303,8d83b97,-2.242383,0.842504,-0.989423,-1.364068,-0.144755,-0.157561,0.121191,0.136266,0.198778
GRID_001140,303,8d83b97,2.462114,0.896471,1.180948,-0.687143,-0.631389,0.015029,0.024398,0.275947,0.028656
GRID_001141,303,8d83b97,-0.305850,-0.584713,-0.305352,-0.854651,-0.788134,0.035332,0.119253,0.294850,0.124377
GRID_001142,303,8d83b97,-1.778714,0.592432,-0.319120,0.652523,-0.226614,-0.143919,0.028528,0.264089,0.146719
GRID_001143,303,8d83b97,-1.400724,-1.198627,1.162733,-0.494767,1.403629,0.201244,0.034164,0.021301,0.204124
GRID_001144,303,8d83b97,2.176405,0.294327,-0.629837,-1.209761,1.379444,0.088452,0.064903,0.276595,0.109709
GRID_001145,303,8d83b97,0.810709,0.964768,-0.066944,-0.062409,1.415066,0.131198,-0.126522,0.222818,0.182266
GRID_001146,303,8d83b97,-1.223070,-0.262108,1.087868,1.206818,0.017181,0.160942,0.058536,0.210732,0.171257
GRID_001147,303,8d83b97,-2.536519,-0.983776,-0.337028,0.541709,1.374139,0.107848,-0.162818,0.237241,0.195297
GRID_001148,303,8d83b97,-0.316924,-0.807640,0.340596,-0.852320,0.256241,0.066437,0.209666,0.201564,0.219941
GRID_001149,303,8d83b97,-0.254200,0.704700,0.138552,-1.369651,-1.484138,-0.032496,-0.116074,0.283839,0.120537
GRID_001150,303,8d83b97,2.688766,-1.062144,-1.415029,-0.661017,0.439875,-0.040181,-0.073338,0.255492,0.083624
GRID_001151,303,8d83b97,2.631699,1.230402,1.402180,-1.564131,-0.243538,0.027219,0.056731,0.246930,0.062923
GRID_001152,303,8d83b97,1.115209,-0.038053,0.962882,-1.408272,-0.489068,-0.123876,0.060103,0.257643,0.137687
GRID_001153,303,8d83b97,-1.737034,1.026273,0.744274,0.862171,0.139785,-0.113092,0.017347,0.268854,0.114415
GRID_001154,303,8d83b97,-3.026073,0.193894,-1.305838,0.521260,-0.113856,-0.019523,0.130130,0.212984,0.131586
GRID_001155,303,8d83b97,2.307207,1.258525,-1.543902,1.220932,-0.181473,0.104729,0.099308,0.002392,0.144327
GRID_001156,303,8d83b97,1.113756,0.091119,1.061886,-0.237787,-0.305062,-0.108549,0.052767,0.261157,0.120695
GRID_001157,303,8d83b97,0.271293,1.536855,-0.404085,1.558198,0.517652,0.057864,-0.216461,0.050080,0.224062
GRID_001158,303,8d83b97,-3.132528,0.193084,-1.286356,-0.284891,-1.307723,-0.005603,0.130620,0.215563,0.130740
GRID_001159,303,8d83b97,1.303923,-0.163294,0.022583,1.346346,-0.723474,-0.069898,0.019272,0.317940,0.072507
GRID_001160,303,8d83b97,-1.848086,-0.663671,-0.628332,0.270131,-0.801123,0.094717,-0.029044,0.296163,0.099070
GRID_001161,303,8d83b97,-0.074819,0.839813,-1.411485,-0.484581,-1.284907,-0.015587,-0.174615,0.087519,0.175309
GRID_001162,303,8d83b97,-0.813657,-1.546369,-1.331000,-0.592099,1.004420,0.118159,0.113592,0.200902,0.163904
GRID_001163,303,8d83b97,1.324164,-0.946551,0.475299,-0.435654,-1.211157,-0.234397,0.059217,0.154665,0.241761
GRID_001164,303,8d83b97,-1.363612,0.940686,0.679251,1.156080,1.433794,-0.103624,-0.022122,0.277496,0.105960
GRID_001165,303,8d83b97,1.751404,1.381504,0.682116,-1.245389,1.455621,0.169075,0.032542,0.209194,0.172178
GRID_001166,303,8d83b97,-3.037316,-0.211066,1.251766,0.878312,-1.302355,0.013313,-0.169320,0.197993,0.169842
GRID_001167,303,8d83b97,0.346904,-0.008200,1.430455,1.050106,0.885550,-0.052412,0.138133,0.204542,0.147742
GRID_001168,303,8d83b97,2.011985,1.000756,1.026634,1.338936,-0.354579,0.059609,0.030860,0.273642,0.067123
GRID_001169,303,8d83b97,0.834733,-0.357181,0.824673,0.680800,1.550807,-0.136120,0.121543,0.227826,0.182487
GRID_001170,303,8d83b97,-2.043340,-0.582570,0.752070,1.234907,-0.624008,0.180952,-0.095419,0.196126,0.204569
GRID_001171,303,8d83b97,-0.850207,0.513552,0.567416,0.706425,-1.339599,-0.020987,-0.016799,0.310432,0.026882
GRID_001172,303,8d83b97,1.814966,1.532182,0.661103,0.245167,0.241290,0.185270,0.048074,0.177406,0.191406
GRID_001173,303,8d83b97,-1.158803,-1.556950,0.904807,1.476335,-0.444054,0.183758,0.080707,-0.027729,0.200701
GRID_001174,303,8d83b97,-0.951350,-0.109480,1.256524,-1.227384,-0.006412,0.125270,0.090610,0.212646,0.154605
GRID_001175,303,8d83b97,0.426134,1.362623,0.956031,-0.942284,-1.246934,0.056172,-0.128937,0.228695,0.140642
GRID_001176,303,8d83b97,1.716783,1.375359,-0.435546,1.276218,1.302437,0.219991,0.033921,0.084867,0.222591
GRID_001177,303,8d83b97,0.988909,-1.043422,0.818173,1.001826,1.225498,-0.200432,0.130792,0.089735,0.239331
GRID_001178,303,8d83b97,-2.113758,0.647814,0.510039,-0.150069,-0.623687,-0.057184,0.031190,0.302981,0.065137
GRID_001179,303,8d83b97,0.145526,1.037734,0.609953,0.352113,1.049511,0.016372,-0.128083,0.262478,0.129125
GRID_001180,303,8d83b97,-1.311994,-0.230659,-0.386325,-1.435455,1.541800,0.029253,0.007542,0.319758,0.030209
GRID_001181,303,8d83b97,-2.837155,1.503347,0.651871,1.475262,1.330221,-0.062196,0.183503,0.182547,0.193757
GRID_001182,303,8d83b97,-0.417150,-1.257339,-0.193416,-1.323027,-0.636071,0.095540,0.220711,0.165793,0.240502
GRID_001183,303,8d83b97,-0.505698,-1.135079,1.242539,1.253113,0.226450,0.095853,0.177363,0.026890,0.201608
GRID_001184,303,8d83b97,3.004051,-0.334899,1.339879,0.818208,-0.043883,-0.029345,-0.180264,0.166597,0.182636
GRID_001185,303,8d83b97,2.169394,-0.706852,0.551329,-0.333129,-1.424755,-0.183223,-0.121365,0.196541,0.219773
GRID_001186,303,8d83b97,2.803864,1.138672,-0.140217,-0.327122,-0.534973,0.065166,0.198625,0.177688,0.209042
GRID_001187,303,8d83b97,2.507349,-0.954707,-1.517506,0.969868,0.815984,-0.034381,-0.040485,0.256195,0.053114
GRID_001188,303,8d83b97,3.094230,1.438270,-0.921754,-0.488636,-0.229382,0.004886,0.197402,0.015125,0.197462
GRID_001189,303,8d83b97,-0.654745,0.571337,0.005954,1.416539,0.325226,-0.067574,-0.085304,0.292692,0.108825
GRID_001190,303,8d83b97,2.378947,0.310774,0.152057,0.292274,0.292079,0.016054,0.021956,0.319544,0.027200
GRID_001191,303,8d83b97,-2.531912,-0.173297,0.535050,0.384557,0.355543,0.068845,-0.105347,0.285123,0.125848
GRID_001192,303,8d83b97,-2.259490,0.847554,-0.996444,0.618375,-1.191805,-0.155545,0.123876,0.134327,0.198845
GRID_001193,303,8d83b97,-1.631366,-0.155193,-1.112206,0.627494,0.458915,-0.066533,0.002819,0.275068,0.066593
GRID_001194,303,8d83b97,-1.558203,-0.702415,0.067735,1.262531,0.775872,0.184119,0.001278,0.251454,0.184123
GRID_001195,303,8d83b97,1.994186,0.189398,1.341908,0.270035,0.524722,-0.109654,-0.046843,0.238989,0.119240
GRID_001196,303,8d83b97,-2.108096,0.295481,0.937864,-0.641200,1.035198,0.053836,-0.035302,0.289536,0.064379
GRID_001197,303,8d83b97,-1.656466,0.344320,-0.094530,0.084202,-1.519504,-0.071158,0.004724,0.310289,0.071314
GRID_001198,303,8d83b97,1.019625,0.294303,0.535910,0.591651,1.385109,-0.022514,0.012939,0.314452,0.025967
GRID_001199,303,8d83b97,2.381560,0.922265,0.798212,-0.606711,1.355277,0.053559,0.061446,0.281343,0.081512
GRID_001200,303,8d83b97,2.207389,0.632132,-0.077181,-1.174767,-0.869048,0.098996,0.077064,0.278995,0.125456
GRID_001201,303,8d83b97,2.606663,1.362115,-1.266275,-0.324628,-1.230512,0.082353,0.146697,0.001377,0.168232
GRID_001202,303,8d83b97,-2.454829,0.431667,-0.488654,0.243483,-0.245480,-0.085038,0.097822,0.271831,0.129617
GRID_001203,303,8d83b97,1.005425,1.552996,1.499197,-0.601292,-1.315850,0.082395,-0.053396,0.213932,0.098184
GRID_001204,303,8d83b97,1.601128,0.022475,-0.863790,-0.077825,-0.725275,0.074301,0.003377,0.284021,0.074378
GRID_001205,303,8d83b97,-2.984335,0.327243,-0.800393,-1.469590,-0.624240,-0.025015,0.129377,0.254331,0.131773
GRID_001206,303,8d83b97,0.931276,-0.203938,-0.343810,-0.800889,-0.787887,-0.028918,0.020267,0.320704,0.035313
GRID_001207,303,8d83b97,0.775007,0.282462,-0.260438,0.679986,1.034489,0.048423,-0.051437,0.306816,0.070644
GRID_001208,303,8d83b97,-1.487079,0.240186,-1.091674,-0.284103,-0.818852,-0.134595,-0.012016,0.232914,0.135130
GRID_001209,303,8d83b97,-1.355254,-1.568863,0.829250,0.594768,-0.839021,0.202235,0.043987,-0.024245,0.206963
GRID_001210,303,8d83b97,-0.246274,1.307404,-0.712293,-0.710652,-1.366299,-0.055257,-0.210386,0.066893,0.217521
GRID_001211,303,8d83b97,-2.705014,0.345875,0.950769,0.707850,1.026545,0.020144,-0.052933,0.290948,0.056636
GRID_001212,303,8d83b97,-1.052533,-1.224073,-1.324981,-1.317926,1.417584,0.102074,0.059059,0.243063,0.117928
GRID_001213,303,8d83b97,-2.897169,-0.347711,1.046487,1.032959,1.316860,0.040283,-0.179417,0.201772,0.183884
GRID_001214,303,8d83b97,1.407071,-0.824650,-0.930326,0.264343,-0.831940,-0.099686,0.016921,0.283534,0.101112
GRID_001215,303,8d83b97,1.001046,0.849853,0.067664,-0.909365,-0.247713,0.127494,-0.082617,0.256726,0.151923
GRID_001216,303,8d83b97,-0.412284,0.623542,-0.469711,1.399003,0.279662,-0.066665,-0.147208,0.243483,0.161600
GRID_001217,303,8d83b97,2.352658,1.063517,0.127046,-1.413441,0.347108,0.126212,0.130252,0.222902,0.181370
GRID_001218,303,8d83b97,-1.174486,1.269330,0.322159,0.513905,1.034461,-0.182863,-0.076240,0.200143,0.198119
GRID_001219,303,8d83b97,-0.421613,1.002737,0.692057,-0.342645,0.170259,-0.048767,-0.103569,0.270308,0.114476
GRID_001220,303,8d83b97,2.611192,-0.476228,-0.010894,0.872728,-0.609393,-0.073270,-0.116937,0.291527,0.137996
GRID_001221,303,8d83b97,-0.949424,-0.007716,0.109829,1.550147,-0.267469,0.031837,0.023934,0.322074,0.039830
GRID_001222,303,8d83b97,1.093369,0.632652,-1.269366,0.687861,-0.458998,0.152712,-0.079706,0.143319,0.172262
GRID_001223,303,8d83b97,-0.643597,0.603513,1.400599,-1.221353,0.244743,0.026302,0.038107,0.261151,0.046302
GRID_001224,303,8d83b97,2.418393,-0.486565,1.159061,1.109364,-1.196621,-0.135639,-0.148299,0.162607,0.200974
GRID_001225,303,8d83b97,-2.248506,-1.284206,-0.346361,0.631753,-0.080531,0.178931,-0.148178,0.176886,0.232321
GRID_001226,303,8d83b97,2.123886,-1.495047,1.160332,-1.078347,1.530855,-0.159072,-0.094952,-0.032647,0.185256
GRID_001227,303,8d83b97,-1.528029,1.265260,-0.564476,0.773856,1.337132,-0.225120,-0.010554,0.094833,0.225367
GRID_001228,303,8d83b97,3.118037,1.255357,0.336456,0.731927,0.505438,0.000010,0.191995,0.204428,0.191995
GRID_001229,303,8d83b97,0.289654,-1.204490,0.968254,-0.148887,1.457851,-0.066598,0.215348,0.038017,0.225411
GRID_001230,303,8d83b97,-2.293200,0.396172,1.433324,0.749502,-0.867882,0.061128,-0.058153,0.246422,0.084371
GRID_001231,303,8d83b97,2.823962,-1.490151,-0.233489,1.569313,-1.392013,-0.083942,-0.241408,0.115812,0.255586
GRID_001232,303,8d83b97,-3.088334,-0.063847,-1.248004,-1.374291,-1.083593,-0.009178,0.089121,0.252223,0.089593
GRID_001233,303,8d83b97,-0.066292,0.770189,-1.158674,-1.018486,0.291528,-0.014854,-0.186699,0.130115,0.187288
GRID_001234,303,8d83b97,-0.789885,-1.084911,0.459506,-0.979938,-0.569728,0.172523,0.172909,0.124970,0.244257
GRID_001235,303,8d83b97,0.300296,0.718136,0.315069,-0.455917,-0.526952,0.027685,-0.096954,0.291268,0.100830
GRID_001236,303,8d83b97,-1.934707,0.450269,0.562538,-1.349931,1.092541,-0.013354,0.002644,0.312483,0.013613
GRID_001237,303,8d83b97,1.618096,-1.030005,0.519505,0.254760,-0.054211,-0.246967,-0.010488,0.130023,0.247190
GRID_001238,303,8d83b97,2.449714,1.034268,-1.140275,0.491398,0.970866,0.119845,0.150360,0.077986,0.192278
GRID_001239,303,8d83b97,1.337046,-0.475785,-1.302178,1.131263,0.939861,0.013093,-0.002956,0.274411,0.013422
GRID_001240,303,8d83b97,3.030130,-0.137725,-0.648327,0.321964,0.574098,-0.002201,0.020591,0.310356,0.020708
GRID_001241,303,8d83b97,1.478763,0.708268,0.767285,-1.210547,0.953759,0.039149,-0.002915,0.298016,0.039258
GRID_001242,303,8d83b97,-1.964735,0.824913,0.451335,0.385005,1.434576,-0.103118,0.040276,0.284092,0.110705
GRID_001243,303,8d83b97,2.063004,0.079831,-1.104817,-0.021178,0.868328,0.089593,0.051012,0.252656,0.103097
GRID_001244,303,8d83b97,-1.106914,-0.314795,-0.379863,-0.955370,-1.330920,0.045747,0.023408,0.317240,0.051388
GRID_001245,303,8d83b97,-0.455358,0.714221,-0.095915,-0.597224,-0.348906,-0.066622,-0.131465,0.265090,0.147382
GRID_001246,303,8d83b97,0.370221,0.412087,1.508975,1.381318,-0.911969,-0.034577,0.082703,0.238831,0.089640
GRID_001247,303,8d83b97,-0.637682,-1.506630,-0.444844,0.189874,-0.909941,0.143960,0.197151,0.137311,0.244117
GRID_001248,303,8d83b97,2.986720,-0.543718,0.708212,0.557011,-0.272290,-0.035576,-0.199121,0.209031,0.202274
GRID_001249,303,8d83b97,1.275116,-1.296964,-0.486101,1.012009,-0.865962,-0.219156,0.066806,0.188569,0.229112
GRID_001250,303,8d83b97,0.760012,0.881715,-0.420163,-0.560364,-1.174386,0.131181,-0.140107,0.199685,0.191934
GRID_001251,303,8d83b97,-0.363632,-1.104181,0.635386,0.968709,-0.428112,0.084370,0.227845,0.098270,0.242964
GRID_001252,303,8d83b97,0.176276,0.504881,0.544988,0.264444,-1.399258,0.001982,-0.024536,0.311096,0.024616
GRID_001253,303,8d83b97,-1.825289,0.883735,0.815913,-0.782113,-0.452497,-0.075050,0.017566,0.284967,0.077078
GRID_001254,303,8d83b97,0.445744,-1.051417,1.323011,0.204430,-1.206034,-0.088580,0.180332,0.035995,0.200913
GRID_001255,303,8d83b97,0.018402,0.360946,0.578400,0.193164,-1.088050,-0.002639,0.012617,0.313129,0.012890
GRID_001256,303,8d83b97,1.495078,-0.895427,-0.661964,-1.287158,1.058820,-0.148584,0.012052,0.271357,0.149072
GRID_001257,303,8d83b97,-2.366714,0.436243,-0.401308,-1.530821,0.166454,-0.088577,0.085400,0.279285,0.123041
GRID_001258,303,8d83b97,1.755227,-0.161436,-1.352130,1.293824,0.568942,0.073445,0.015310,0.249770,0.075024
GRID_001259,303,8d83b97,2.663391,-0.709145,-0.783242,1.141806,0.370954,-0.046883,-0.081553,0.293336,0.094069
GRID_001260,303,8d83b97,-2.217456,-0.323744,-1.295621,0.010282,1.032679,-0.040264,0.026571,0.268211,0.048241
GRID_001261,303,8d83b97,3.097747,0.852671,0.792973,-0.736921,-1.364653,-0.001390,0.070199,0.287643,0.070213
GRID_001262,303,8d83b97,-0.952265,-0.538799,-1.300310,-0.454612,-0.351885,-0.006368,-0.003273,0.276096,0.007160
GRID_001263,303,8d83b97,1.778876,-1.044417,-0.431073,0.484458,-0.379644,-0.196872,-0.039759,0.233837,0.200847
GRID_001264,303,8d83b97,-1.758047,-1.360572,-0.462976,0.636817,-1.166370,0.226275,-0.044618,0.172452,0.230632
GRID_001265,303,8d83b97,2.742309,0.547623,0.597826,-0.268305,-0.793519,0.006564,0.026401,0.308602,0.027205
GRID_001266,303,8d83b97,-0.043473,-0.986346,0.960703,-0.404492,-0.458083,0.007490,0.228600,0.085481,0.228722
GRID_001267,303,8d83b97,-2.633640,1.411042,-0.043159,1.125846,1.307855,-0.114590,0.197425,0.126145,0.228271
GRID_001268,303,8d83b97,-2.988805,1.040492,0.791254,-0.332158,-0.177657,-0.020864,0.106378,0.268277,0.108405
GRID_001269,303,8d83b97,0.320782,-0.778266,1.219203,-0.007166,0.205861,-0.069146,0.200747,0.099044,0.212322
GRID_001270,303,8d83b97,-2.245573,-0.952777,-1.095284,-1.212738,0.160254,0.075578,-0.064513,0.271314,0.099368
GRID_001271,303,8d83b97,-0.011235,0.838881,-1.131525,0.531773,-0.414904,-0.004606,-0.191201,0.119485,0.191257
GRID_001272,303,8d83b97,-3.033029,-1.538641,1.077277,0.680174,-1.543820,0.015835,-0.185965,-0.035606,0.186638
GRID_001273,303,8d83b97,2.216289,-0.517331,-0.670202,-1.030814,0.813662,-0.055613,-0.037983,0.306442,0.067346
GRID_001274,303,8d83b97,-2.445009,-1.333516,0.135675,0.822010,1.034438,0.159975,-0.197057,0.107112,0.253818
GRID_001275,303,8d83b97,2.358325,1.103892,0.452545,0.070097,-0.944115,0.107969,0.113380,0.242903,0.156564
GRID_001276,303,8d83b97,-1.911870,0.315173,-0.403048,0.041997,1.401807,-0.093970,0.030986,0.293907,0.098947
GRID_001277,303,8d83b97,2.660253,1.380722,0.831875,1.430295,-0.474978,0.069359,0.141578,0.219416,0.157655
GRID_001278,303,8d83b97,1.127132,-1.416937,0.469252,1.002942,-0.716417,-0.227241,0.107514,0.045385,0.251391
GRID_001279,303,8d83b97,1.741912,0.560480,1.055246,0.215716,-0.205849,-0.026846,-0.003056,0.288991,0.027020
GRID_001280,303,8d83b97,1.240507,1.056950,1.491663,1.482627,1.265184,0.019744,-0.006998,0.252850,0.020948
GRID_001281,303,8d83b97,2.405355,0.635021,0.098782,-1.383510,1.045447,0.069407,0.081988,0.290427,0.107422
GRID_001282,303,8d83b97,-0.044614,-1.389892,-0.725583,-1.431499,0.774343,0.007176,0.214645,0.191417,0.214765
GRID_001283,303,8d83b97,0.866438,0.861741,-1.241666,0.238668,0.246174,0.139267,-0.120006,0.101879,0.183838
GRID_001284,303,8d83b97,-1.318601,0.927115,-0.597820,1.220862,-1.246209,-0.200844,-0.051964,0.167911,0.207458
GRID_001285,303,8d83b97,1.098863,0.722290,-1.242505,-1.395398,-0.877263,0.158562,-0.081606,0.129382,0.178329
GRID_001286,303,8d83b97,-0.104492,-0.609809,-0.795524,1.413015,-0.379152,0.004802,0.068753,0.299914,0.068920
GRID_001287,303,8d83b97,-2.664681,-1.331035,0.707986,-0.384280,-0.695027,0.104892,-0.211931,0.037813,0.236468
GRID_001288,303,8d83b97,2.341618,1.335964,-0.117507,-1.061653,0.657446,0.156849,0.157184,0.134770,0.222055
GRID_001289,303,8d83b97,1.700991,0.326420,1.355080,1.329998,0.815432,-0.096902,-0.011304,0.249987,0.097559
GRID_001290,303,8d83b97,-1.909400,1.058665,0.774891,0.207414,-0.696193,-0.110612,0.036646,0.265609,0.116524
GRID_001291,303,8d83b97,0.020289,1.166114,-1.012968,0.881834,-0.977323,0.001649,-0.201591,0.064031,0.201598
GRID_001292,303,8d83b97,-0.498603,0.868617,0.523065,1.295292,-0.607450,-0.053978,-0.095001,0.281421,0.109265
GRID_001293,303,8d83b97,0.491872,-0.279764,-0.228158,0.753089,1.134054,-0.033430,0.058219,0.317658,0.067134
GRID_001294,303,8d83b97,1.869201,-0.768479,0.713075,0.751521,-0.636159,-0.219567,-0.065411,0.163258,0.229103
GRID_001295,303,8d83b97,-1.859030,0.978313,-1.156580,1.117325,1.335859,-0.189006,0.053975,0.087788,0.196561
GRID_001296,303,8d83b97,-0.598004,-1.401786,-1.433356,-1.250775,0.886852,0.072958,0.110477,0.222798,0.132393
GRID_001297,303,8d83b97,2.063078,1.209208,-1.207822,0.566662,0.686777,0.159237,0.088355,0.035431,0.182107
GRID_001298,303,8d83b97,1.920004,-0.868155,0.014491,-0.855544,0.160438,-0.200883,-0.070757,0.226058,0.212980
GRID_001299,303,8d83b97,0.931179,-0.619015,1.059904,-1.091813,-0.335327,-0.172017,0.126617,0.149799,0.213592
GRID_001300,303,8d83b97,-2.483459,-1.540836,-0.039331,0.532923,0.777295,0.153744,-0.205092,0.078906,0.256320
GRID_001301,303,8d83b97,1.444784,1.149889,0.566019,1.059530,-0.021967,0.149556,-0.018340,0.242636,0.150677
GRID_001302,303,8d83b97,0.113080,0.227297,-0.596387,0.010316,1.341502,0.008428,-0.095251,0.287587,0.095623
GRID_001303,303,8d83b97,-0.770481,0.608888,0.113297,0.028512,-1.045440,-0.074035,-0.074276,0.294359,0.104872
GRID_001304,303,8d83b97,2.162712,1.414849,-0.308581,1.098657,1.392210,0.185491,0.128314,0.091443,0.225547
GRID_001305,303,8d83b97,-0.053264,1.341482,-1.275680,0.823179,0.846146,-0.011561,-0.170357,0.004506,0.170748
GRID_001306,303,8d83b97,-2.637551,0.418524,1.555872,1.151897,-1.194251,0.039041,-0.078914,0.233760,0.088043
GRID_001307,303,8d83b97,-2.814281,0.011158,0.780207,-0.988113,-0.842981,0.031508,-0.106145,0.282056,0.110723
GRID_001308,303,8d83b97,1.232943,0.817777,-0.673849,-1.312878,-0.836982,0.180860,-0.063652,0.181603,0.191734
GRID_001309,303,8d83b97,2.065713,-0.152559,-1.086692,-0.969171,-0.368618,0.050258,0.030112,0.277375,0.058588
GRID_001310,303,8d83b97,1.387271,0.499585,-1.410325,-0.668750,1.299819,0.155645,-0.028575,0.150188,0.158247
GRID_001311,303,8d83b97,1.302349,1.083255,0.161895,1.253277,-0.400416,0.173962,-0.047701,0.222380,0.180383
GRID_001312,303,8d83b97,2.326385,1.271551,-1.123104,-0.095151,1.254250,0.133971,0.130817,0.030693,0.187247
GRID_001313,303,8d83b97,0.170953,-0.524318,0.892742,-1.134181,1.103790,-0.037044,0.200487,0.189468,0.203880
GRID_001314,303,8d83b97,-1.069936,1.077684,-1.445411,0.360158,-0.683419,-0.150579,-0.081626,0.040024,0.171281
GRID_001315,303,8d83b97,2.140094,-0.697241,-1.167131,1.305677,-0.397806,-0.039465,-0.021887,0.284137,0.045128
GRID_001316,303,8d83b97,1.769829,1.177278,-0.281526,0.122519,0.068147,0.210286,0.044196,0.151496,0.214880
GRID_001317,303,8d83b97,-0.462926,-1.287690,0.973798,0.112770,-0.268291,0.095569,0.196163,0.020133,0.218204
GRID_001318,303,8d83b97,2.602721,-0.120550,-0.539243,-0.082114,-1.529833,0.001673,0.010623,0.315215,0.010754
GRID_001319,303,8d83b97,2.290147,0.024018,-0.126939,-1.199026,0.882936,-0.007734,-0.002331,0.323967,0.008077
GRID_001320,303,8d83b97,-2.646860,0.309796,1.555035,-1.493262,-0.419155,0.046017,-0.093601,0.224715,0.104301
GRID_001321,303,8d83b97,-0.304665,-0.778364,0.380624,-1.101338,1.500679,0.063307,0.208753,0.202798,0.218141
GRID_001322,303,8d83b97,0.122651,-0.640643,-0.365470,0.531312,0.734469,-0.018306,0.129249,0.291076,0.130539
GRID_001323,303,8d83b97,2.790983,0.171338,1.536400,-0.614033,1.412638,-0.047125,-0.116799,0.212970,0.125947
GRID_001324,303,8d83b97,-0.390616,-0.819029,-0.606059,-1.569884,0.738761,0.049891,0.126763,0.279073,0.136228
GRID_001325,303,8d83b97,-0.780951,0.142793,-0.126296,1.240236,0.768038,-0.019615,-0.017849,0.321203,0.026520
GRID_001326,303,8d83b97,1.741009,-1.494946,-1.475454,0.900472,1.366257,-0.143330,-0.023101,0.211543,0.145180
GRID_001327,303,8d83b97,1.978682,1.398807,-0.287436,-0.731905,-0.001873,0.205723,0.091547,0.098023,0.225173
GRID_001328,303,8d83b97,-0.593319,1.430184,1.498599,-0.264834,-0.748339,-0.049579,-0.070042,0.226992,0.085814
GRID_001329,303,8d83b97,-1.523767,-0.217425,-0.761510,1.003122,-1.236164,-0.018735,-0.001770,0.306477,0.018818
GRID_001330,303,8d83b97,1.347974,-1.015874,-0.885823,-1.033851,1.072418,-0.140268,0.032041,0.262850,0.143881
GRID_001331,303,8d83b97,0.538288,0.000754,1.458097,-1.539184,0.045450,-0.077329,0.125508,0.202199,0.147418
GRID_001332,303,8d83b97,-2.587369,-0.314016,1.027822,-0.179372,0.130223,0.090490,-0.153661,0.209821,0.178326
GRID_001333,303,8d83b97,-0.039755,-1.014177,-1.413419,-1.510323,0.633877,0.000426,0.073589,0.258632,0.073590
GRID_001334,303,8d83b97,1.311484,0.810209,1.173769,-1.441586,0.477712,0.010676,-0.002760,0.279421,0.011027
GRID_001335,303,8d83b97,-1.637763,-0.744097,0.450547,0.399056,-1.458164,0.213826,-0.015638,0.201348,0.214397
GRID_001336,303,8d83b97,0.786332,1.076348,-0.378101,0.989181,-1.285195,0.147846,-0.149513,0.162497,0.210268
GRID_001337,303,8d83b97,0.809212,-0.169083,-1.018872,0.879477,0.279070,0.035132,-0.035404,0.284897,0.049877
GRID_001338,303,8d83b97,3.123904,1.220506,0.687145,1.054692,-0.733053,-0.001797,0.151771,0.238147,0.151781
GRID_001339,303,8d83b97,-1.717163,-0.120198,0.516411,1.104917,-0.858238,0.110061,-0.017804,0.292449,0.111492
GRID_001340,303,8d83b97,1.386259,0.701984,-1.513192,1.534103,0.485731,0.159559,-0.029489,0.102126,0.162261
GRID_001341,303,8d83b97,-1.129121,0.124345,1.511973,-0.106096,0.480688,0.114919,0.054954,0.210715,0.127383
GRID_001342,303,8d83b97,-2.114985,0.886889,-0.906493,-0.667608,-1.359618,-0.175445,0.102876,0.137300,0.203382
GRID_001343,303,8d83b97,-1.226127,1.268783,-0.554977,1.379748,-0.100796,-0.212222,-0.076083,0.095196,0.225448
GRID_001344,303,8d83b97,0.828819,0.276083,-0.083816,0.958307,-0.354970,0.034608,-0.033437,0.315713,0.048122
GRID_001345,303,8d83b97,-0.806041,-1.541524,-0.839361,-0.239226,-0.229025,0.155751,0.151324,0.170446,0.217158
GRID_001346,303,8d83b97,-0.554842,-0.296418,-1.150813,-1.123209,-0.922641,-0.022855,-0.033196,0.280516,0.040303
GRID_001347,303,8d83b97,0.159496,-0.938021,-1.528221,1.007302,0.312404,-0.009964,0.046335,0.256116,0.047394
GRID_001348,303,8d83b97,0.222609,0.676864,1.415474,0.203156,0.431269,-0.010558,0.035578,0.261838,0.037111
GRID_001349,303,8d83b97,-1.972099,-0.564644,1.568833,-0.243670,-1.258963,0.164687,-0.072331,0.100578,0.179871
GRID_001350,303,8d83b97,-0.839013,-0.400769,0.496045,-1.244343,-1.181002,0.122529,0.111725,0.258262,0.165819
GRID_001351,303,8d83b97,2.892982,1.305242,0.764134,0.248129,-1.052494,0.033948,0.151464,0.228382,0.155222
GRID_001352,303,8d83b97,-2.461359,-0.321881,0.409481,-1.153856,0.625629,0.087861,-0.114553,0.278161,0.144367
GRID_001353,303,8d83b97,1.481624,1.287784,0.407171,-1.381231,0.235201,0.185874,-0.015874,0.204465,0.186551
GRID_001354,303,8d83b97,-0.363682,0.172877,-0.153440,1.040734,-0.264201,-0.014774,-0.032789,0.319121,0.035964
GRID_001355,303,8d83b97,0.532797,0.423662,1.214083,0.037708,0.227400,-0.036376,0.057713,0.271425,0.068220
GRID_001356,303,8d83b97,1.772810,1.358455,0.372404,0.516955,-0.068765,0.193298,0.041369,0.186291,0.197675
GRID_001357,303,8d83b97,-1.761470,-0.276668,-1.567352,0.380357,-1.478530,-0.072692,0.012415,0.234586,0.073745
GRID_001358,303,8d83b97,0.425937,0.488161,-1.210306,0.347729,-0.446199,0.065557,-0.149731,0.177390,0.163454
GRID_001359,303,8d83b97,-2.583180,0.881484,-0.302064,0.657512,0.331939,-0.104201,0.159233,0.213646,0.190297
GRID_001360,303,8d83b97,-1.681929,0.945021,-1.286198,0.582117,0.996591,-0.186959,0.019494,0.080359,0.187972
GRID_001361,303,8d83b97,1.770019,-0.575021,0.715697,-1.129629,1.111701,-0.205425,-0.039741,0.202149,0.209234
GRID_001362,303,8d83b97,1.742542,0.740343,0.556725,0.505679,-0.947904,0.071768,0.014098,0.295842,0.073139
GRID_001363,303,8d83b97,-2.781254,-0.913764,0.977480,-0.762591,0.198106,0.075690,-0.212862,0.099079,0.225918
GRID_001364,303,8d83b97,-0.395560,0.971288,1.257176,0.551604,-1.375432,-0.016401,-0.033493,0.269054,0.037293
GRID_001365,303,8d83b97,0.329090,-1.296718,0.549801,1.362555,-0.042509,-0.082487,0.234656,0.063947,0.248732
GRID_001366,303,8d83b97,-1.621015,0.066430,-0.946984,0.718755,0.955865,-0.096675,0.003657,0.271456,0.096745
GRID_001367,303,8d83b97,-0.712021,0.917689,1.294495,1.033760,-0.041292,-0.016671,-0.016775,0.269463,0.023651
GRID_001368,303,8d83b97,-2.968706,0.646923,1.019721,-1.419126,-1.188307,-0.004182,-0.001556,0.291077,0.004463
GRID_001369,303,8d83b97,-2.234979,0.326435,-1.534730,-0.042081,0.238810,-0.117687,0.088239,0.163650,0.147093
GRID_001370,303,8d83b97,2.953444,-1.371370,-0.439569,0.563425,-0.157530,-0.048758,-0.232281,0.167568,0.237343
GRID_001371,303,8d83b97,0.583439,1.319886,-0.775416,1.532463,0.024802,0.114846,-0.177337,0.056667,0.211277
GRID_001372,303,8d83b97,0.139972,0.591334,1.519804,-0.688745,-0.822249,-0.010861,0.059095,0.248438,0.060085
GRID_001373,303,8d83b97,-2.537640,0.820093,-1.204665,0.414056,0.375747,-0.110578,0.153530,0.114542,0.189206
GRID_001374,303,8d83b97,1.107889,0.348116,0.530768,0.976173,-0.313277,-0.011702,0.005280,0.314779,0.012838
GRID_001375,303,8d83b97,-2.703222,0.048995,1.526950,0.438205,1.037461,0.055196,-0.127244,0.199636,0.138699
GRID_001376,303,8d83b97,1.218918,-1.137654,1.346159,-1.354056,-1.486053,-0.183858,0.067224,0.018488,0.195762
GRID_001377,303,8d83b97,0.219368,1.405091,1.441760,1.342341,1.210362,0.016452,-0.085044,0.230364,0.086621
GRID_001378,303,8d83b97,-0.537971,-0.683122,1.088271,1.030858,-1.390978,0.107039,0.183260,0.133518,0.212231
GRID_001379,303,8d83b97,2.812449,-0.416222,-1.012728,0.799824,1.059328,-0.004577,-0.000189,0.295215,0.004581
GRID_001380,303,8d83b97,3.048889,0.906204,1.116079,-0.614001,1.278720,-0.000679,0.040306,0.278046,0.040312
GRID_001381,303,8d83b97,1.796600,1.313769,-1.442101,1.322404,-1.037403,0.146723,0.035456,-0.001245,0.150946
GRID_001382,303,8d83b97,-2.766811,-0.433346,-0.418315,-1.133703,1.009084,0.023889,-0.072424,0.311255,0.076262
GRID_001383,303,8d83b97,-1.713216,0.092414,-0.944662,1.393255,-0.407760,-0.100671,0.012902,0.268856,0.101495
GRID_001384,303,8d83b97,2.803895,0.247328,0.007503,-0.055581,-0.773149,0.006280,0.030949,0.319973,0.031580
GRID_001385,303,8d83b97,-1.983802,-0.524556,0.661167,-1.043007,-0.142838,0.176971,-0.080200,0.218367,0.194296
GRID_001386,303,8d83b97,2.036509,-0.810861,1.301486,-1.073026,0.413197,-0.188014,-0.091714,0.083740,0.209190
GRID_001387,303,8d83b97,0.977683,-0.018848,0.495566,1.509835,0.288197,-0.078022,0.051524,0.303087,0.093499
GRID_001388,303,8d83b97,-0.973327,1.447150,0.979577,1.145087,1.074497,-0.127985,-0.085949,0.216216,0.154167
GRID_001389,303,8d83b97,0.537704,1.515692,-1.231587,-1.407072,0.802562,0.079238,-0.136769,-0.023882,0.158065
GRID_001390,303,8d83b97,-0.203924,0.689531,-0.953970,1.409201,-1.302923,-0.039937,-0.181468,0.172096,0.185810
GRID_001391,303,8d83b97,0.484247,1.440479,0.553861,0.524729,-0.793674,0.088171,-0.171940,0.186603,0.193229
GRID_001392,303,8d83b97,-0.399006,-0.101548,0.734631,-0.622375,-1.263505,0.048149,0.119733,0.274407,0.129051
GRID_001393,303,8d83b97,0.456915,0.724655,1.328891,0.652179,0.014580,-0.011081,0.017641,0.269975,0.020833
GRID_001394,303,8d83b97,-2.009229,-1.314919,-0.665063,0.869897,0.323677,0.188013,-0.090938,0.201261,0.208851
GRID_001395,303,8d83b97,2.043307,-0.226697,1.492542,0.723115,-1.184030,-0.154340,-0.076111,0.164975,0.172087
GRID_001396,303,8d83b97,2.187953,0.387393,-1.375789,-1.420687,0.296532,0.120987,0.089464,0.173745,0.150472
GRID_001397,303,8d83b97,1.056447,-0.948203,0.690217,-1.568728,-0.848057,-0.209927,0.117849,0.126886,0.240744
GRID_001398,303,8d83b97,-1.351736,-0.132839,-1.340401,1.212441,-1.415980,-0.083873,-0.018899,0.248432,0.085976
GRID_001399,303,8d83b97,0.967053,0.854909,0.472951,1.170865,-0.659147,0.088486,-0.062134,0.281245,0.108123
GRID_001400,303,8d83b97,1.921671,1.414364,0.257820,0.114202,-1.342034,0.197334,0.074619,0.161572,0.210970
GRID_001401,303,8d83b97,2.267576,-0.645004,1.380117,-0.147397,0.223457,-0.155977,-0.126432,0.106554,0.200783
GRID_001402,303,8d83b97,-0.567501,0.994300,1.131610,-0.533896,0.182108,-0.032569,-0.047496,0.272126,0.057590
GRID_001403,303,8d83b97,-2.200090,1.328209,-0.258700,-0.177225,-0.063101,-0.187028,0.132312,0.118720,0.229099
GRID_001404,303,8d83b97,-0.163673,-0.019317,-0.170801,-0.805717,-0.149762,-0.000800,0.009431,0.323785,0.009464
GRID_001405,303,8d83b97,3.141158,-0.754603,-0.374374,-0.973478,0.573523,-0.004585,-0.152373,0.276966,0.152442
GRID_001406,303,8d83b97,-2.042296,0.743059,1.280641,0.831130,1.268740,0.005674,-0.005725,0.273681,0.008060
GRID_001407,303,8d83b97,2.658337,-0.301834,1.528738,0.957380,1.438877,-0.084890,-0.153259,0.148671,0.175198
GRID_001408,303,8d83b97,-2.918707,0.446416,-0.699875,0.743453,-0.495884,-0.036609,0.141558,0.247473,0.146215
GRID_001409,303,8d83b97,1.957667,0.893225,-0.458486,-0.724985,0.570380,0.178724,0.075358,0.192614,0.193962
GRID_001410,303,8d83b97,-2.319006,0.987308,0.557899,0.105372,0.948701,-0.096862,0.085274,0.267284,0.129050
GRID_001411,303,8d83b97,2.646721,0.052747,0.881604,-0.941831,-1.371452,-0.057441,-0.097937,0.276250,0.113539
GRID_001412,303,8d83b97,-0.981379,1.442280,0.629722,-0.974802,-0.107648,-0.159256,-0.105449,0.193057,0.191003
GRID_001413,303,8d83b97,-1.595447,1.206018,-0.253974,0.820094,0.982652,-0.223052,0.004330,0.148275,0.223094
GRID_001414,303,8d83b97,0.167783,0.594161,0.484417,0.877194,0.399668,0.006491,-0.052402,0.306634,0.052803
GRID_001415,303,8d83b97,-2.206179,0.330317,-1.192136,-1.174516,0.240525,-0.122370,0.086459,0.206550,0.149831
GRID_001416,303,8d83b97,1.737913,0.477564,1.073162,-1.294169,1.409628,-0.045707,-0.006145,0.286058,0.046118
GRID_001417,303,8d83b97,1.659779,1.061020,1.039329,-0.997652,0.014854,0.076255,0.008090,0.268171,0.076683
GRID_001418,303,8d83b97,0.254660,-1.376872,-1.495370,0.333145,-1.034568,-0.033482,0.119068,0.225612,0.123686
GRID_001419,303,8d83b97,0.025749,0.031867,-1.103150,0.204883,1.511089,0.000058,-0.097528,0.258388,0.097528
GRID_001420,303,8d83b97,-0.832933,0.028600,1.539599,0.227375,0.610414,0.102603,0.095190,0.195416,0.139959
GRID_001421,303,8d83b97,-0.749287,1.136555,1.486166,-1.048233,-0.692097,-0.029002,-0.028818,0.249575,0.040886
GRID_001422,303,8d83b97,-2.242060,0.067379,0.207047,-1.051629,-0.375420,0.024565,-0.023630,0.321583,0.034086
GRID_001423,303,8d83b97,-1.860330,0.003917,-1.496918,0.523365,0.954170,-0.108195,0.030218,0.214212,0.112335
GRID_001424,303,8d83b97,2.755723,-1.014016,0.892307,-1.111459,0.866770,-0.091945,-0.215184,0.087439,0.234004
GRID_001425,303,8d83b97,-1.074996,-0.822459,0.707611,0.965473,-0.317039,0.199357,0.108512,0.152390,0.226976
GRID_001426,303,8d83b97,1.744318,0.956507,-0.999633,-1.183766,-0.719040,0.194093,0.035642,0.110796,0.197338
GRID_001427,303,8d83b97,-1.223376,1.570211,-0.907778,0.491061,0.999233,-0.180425,-0.065181,-0.010923,0.191837
GRID_001428,303,8d83b97,1.158142,0.125012,-1.424840,-0.919704,-1.508408,0.110402,-0.048820,0.207602,0.120715
GRID_001429,303,8d83b97,-2.298500,0.199394,0.396416,-1.245486,1.444012,0.017056,-0.019695,0.318380,0.026053
GRID_001430,303,8d83b97,0.512532,-0.259146,0.640451,-0.151662,-0.881887,-0.077651,0.133971,0.263906,0.154848
GRID_001431,303,8d83b97,3.015469,0.433614,-0.509561,0.852858,-0.149074,0.011786,0.128588,0.269524,0.129127
GRID_001432,303,8d83b97,-1.236935,0.774880,-0.247318,1.296416,0.450430,-0.162901,-0.056452,0.240206,0.172405
GRID_001433,303,8d83b97,1.760027,-0.555934,1.538951,0.402471,1.447894,-0.185340,-0.033926,0.105187,0.188419
GRID_001434,303,8d83b97,-2.856655,-0.854286,-0.112575,0.209298,-0.636914,0.050967,-0.189618,0.241212,0.196348
GRID_001435,303,8d83b97,0.321032,1.495029,1.506105,1.259183,0.189985,0.026518,-0.087248,0.220289,0.091189
GRID_001436,303,8d83b97,1.738497,0.295334,-0.191822,1.196864,-0.352297,0.063483,0.012413,0.309515,0.064685
GRID_001437,303,8d83b97,1.286740,-0.674611,-0.809677,0.995066,-1.132075,-0.081477,0.023847,0.295747,0.084895
GRID_001438,303,8d83b97,2.870252,0.964530,-1.456645,-0.582919,0.690562,0.041357,0.164561,0.059796,0.169678
GRID_001439,303,8d83b97,1.450197,-1.186892,-0.578707,1.182540,-0.860204,-0.205546,0.025544,0.219045,0.207127
GRID_001440,303,8d83b97,-1.387116,-0.856341,1.329445,-0.396901,-0.238525,0.197146,0.036302,0.072187,0.200461
GRID_001441,303,8d83b97,2.707760,-1.068962,-0.466138,-0.404826,0.742605,-0.087531,-0.178976,0.232131,0.199234
GRID_001442,303,8d83b97,2.787139,-0.970023,0.221353,-0.718991,-1.295352,-0.085740,-0.219287,0.181199,0.235453
GRID_001443,303,8d83b97,-1.570373,0.080297,-1.096005,-1.543143,-0.796720,-0.109140,-0.001052,0.253610,0.109145
GRID_001444,303,8d83b97,-2.231565,1.480261,-0.930520,-1.043283,1.224801,-0.157172,0.118193,0.005506,0.196653
GRID_001445,303,8d83b97,1.554701,0.619696,1.006146,-0.855254,1.204616,-0.009036,0.001070,0.292107,0.009100
GRID_001446,303,8d83b97,2.067285,-0.226841,0.999203,1.020625,-1.203533,-0.150919,-0.078776,0.227348,0.170242
GRID_001447,303,8d83b97,-2.903553,-0.467986,1.471372,-1.332238,-0.000500,0.039530,-0.181022,0.127833,0.185288
GRID_001448,303,8d83b97,0.114945,1.065034,0.101021,-0.540555,0.629231,0.018965,-0.184781,0.220034,0.185752
GRID_001449,303,8d83b97,-2.049577,1.429677,-0.167717,0.976986,0.974150,-0.207240,0.104557,0.105836,0.232122
GRID_001450,303,8d83b97,-0.186791,1.562071,0.583611,-0.513481,0.720133,-0.040301,-0.200609,0.163559,0.204617
GRID_001451,303,8d83b97,-0.726322,1.390187,-0.213334,0.881681,0.506604,-0.154181,-0.171311,0.109579,0.230476
GRID_001452,303,8d83b97,2.730094,-1.006305,0.627819,-0.073051,-1.101914,-0.100958,-0.220848,0.121664,0.242830
GRID_001453,303,8d83b97,2.483365,-1.282974,0.844214,-0.506029,-1.294429,-0.145286,-0.181782,0.033870,0.232708
GRID_001454,303,8d83b97,-2.269792,-0.307558,1.246462,1.422528,0.371192,0.134369,-0.117100,0.183047,0.178235
GRID_001455,303,8d83b97,-1.195856,-0.735223,-1.202803,0.126116,0.347736,0.039376,0.015790,0.281215,0.042424
GRID_001456,303,8d83b97,-1.231870,-1.089401,1.545632,0.016906,-0.897345,0.160389,0.056792,0.014155,0.170147
GRID_001457,303,8d83b97,1.227820,-0.633593,1.331862,1.117491,1.379643,-0.192125,0.068359,0.114105,0.203924
GRID_001458,303,8d83b97,-1.211235,-0.625169,-0.412575,-1.319932,0.926776,0.110261,0.041594,0.294661,0.117846
GRID_001459,303,8d83b97,1.686867,1.392272,-0.009312,-1.030786,0.416666,0.219615,0.027082,0.134867,0.221279
GRID_001460,303,8d83b97,1.363022,0.207801,1.545386,-1.414575,0.705326,-0.120630,0.025616,0.215795,0.123320
GRID_001461,303,8d83b97,0.183893,-0.994997,-0.369292,-0.019669,0.831627,-0.038211,0.192726,0.237863,0.196477
GRID_001462,303,8d83b97,0.682473,0.873986,1.177820,-0.163445,1.010037,0.014042,-0.020004,0.277040,0.024441
GRID_001463,303,8d83b97,-0.777531,0.381984,-1.082112,0.847264,-1.087932,-0.109141,-0.108802,0.212035,0.154110
GRID_001464,303,8d83b97,-0.494985,-0.693026,0.982788,-0.452720,1.222651,0.100763,0.190957,0.144664,0.215911
GRID_001465,303,8d83b97,0.170552,-1.037415,-0.353377,-0.280578,-0.233615,-0.037000,0.201094,0.228617,0.204470
GRID_001466,303,8d83b97,0.202856,1.318680,-0.732792,-0.036456,-0.260856,0.040982,-0.210857,0.061885,0.214803
GRID_001467,303,8d83b97,-1.738969,-0.671569,0.659778,-1.106558,-1.112970,0.209070,-0.037139,0.190130,0.212343
GRID_001468,303,8d83b97,-2.163354,-1.047074,-0.394724,0.223067,-0.043304,0.163030,-0.113382,0.230344,0.198581
GRID_001469,303,8d83b97,0.915082,1.175513,1.170992,-1.084199,-1.087588,0.063884,-0.050590,0.256246,0.081489
GRID_001470,303,8d83b97,1.940282,1.254695,0.876412,0.819146,-0.458864,0.121976,0.049645,0.241894,0.131692
GRID_001471,303,8d83b97,0.414529,1.507929,0.318594,0.037381,0.726945,0.085200,-0.198832,0.147015,0.216317
GRID_001472,303,8d83b97,-1.862805,-0.958283,-1.307329,1.495135,0.687038,0.069452,-0.022932,0.266138,0.073140
GRID_001473,303,8d83b97,1.584095,-0.879422,1.493904,-0.302138,-0.936449,-0.192171,-0.001610,0.053009,0.192178
GRID_001474,303,8d83b97,-2.319827,1.523109,1.304353,-1.334921,-1.360028,-0.093334,0.082275,0.215999,0.124420
GRID_001475,303,8d83b97,-1.928993,0.074340,0.284165,1.451298,0.887498,0.037867,-0.016615,0.319393,0.041352
GRID_001476,303,8d83b97,-0.506169,1.419716,-0.925371,-1.034848,-1.059998,-0.098772,-0.174068,0.018703,0.200139
GRID_001477,303,8d83b97,-0.391949,-0.331292,-0.651386,0.408135,0.653426,0.006695,0.021786,0.312550,0.022792
GRID_001478,303,8d83b97,1.870658,0.424549,1.368419,0.296946,1.356069,-0.078216,-0.022151,0.255608,0.081292
GRID_001479,303,8d83b97,-2.545965,-0.050250,1.010218,0.419787,0.428407,0.073977,-0.116015,0.250747,0.137594
GRID_001480,303,8d83b97,-2.754623,-1.487935,-0.652321,-1.456173,-0.387171,0.082731,-0.214266,0.164041,0.229683
GRID_001481,303,8d83b97,-1.408276,0.793918,0.498389,0.223501,1.493677,-0.097302,-0.016464,0.289239,0.098685
GRID_001482,303,8d83b97,2.149094,1.162618,0.606094,0.479413,1.466835,0.122998,0.083770,0.242977,0.148815
GRID_001483,303,8d83b97,0.758222,-1.315394,-0.260515,1.196854,0.059453,-0.169810,0.177207,0.160260,0.245434
GRID_001484,303,8d83b97,0.408969,-0.233458,0.752756,1.020513,-0.433724,-0.064602,0.143660,0.255362,0.157517
GRID_001485,303,8d83b97,-0.765011,1.097852,-1.269671,0.477431,0.301668,-0.130003,-0.133234,0.051739,0.186151
GRID_001486,303,8d83b97,2.662909,0.894630,-0.680083,0.169041,-0.742300,0.088778,0.179988,0.164486,0.200692
GRID_001487,303,8d83b97,-1.895121,0.383232,-0.800565,-1.265184,-1.075251,-0.137167,0.043853,0.245931,0.144006
GRID_001488,303,8d83b97,2.180298,-0.745905,-1.561137,1.503980,-0.730575,-0.011655,-0.004612,0.256386,0.012535
GRID_001489,303,8d83b97,1.233216,-0.571123,0.643612,0.555129,-0.299091,-0.194721,0.068226,0.211820,0.206328
GRID_001490,303,8d83b97,-1.606732,-0.172346,-1.251049,-1.163770,1.378717,-0.073669,0.001540,0.262033,0.073686
GRID_001491,303,8d83b97,2.315757,-0.239208,-0.266734,0.332436,1.332813,-0.041575,-0.033709,0.319861,0.053524
GRID_001492,303,8d83b97,2.070156,1.256213,-1.327565,0.193069,0.449316,0.146211,0.082721,0.016442,0.167990
GRID_001493,303,8d83b97,2.494257,0.775771,-0.836508,-1.474800,0.009522,0.111984,0.154388,0.169630,0.190725
GRID_001494,303,8d83b97,0.962081,-0.211245,0.133260,0.779629,-1.561724,-0.079772,0.054495,0.310051,0.096609
GRID_001495,303,8d83b97,2.594734,1.482629,-1.511980,1.376760,-1.131732,0.063177,0.111223,-0.030543,0.127914
GRID_001496,303,8d83b97,0.825957,0.032675,-0.886587,1.238283,0.742614,0.057417,-0.054735,0.280909,0.079326
GRID_001497,303,8d83b97,2.223629,-0.266330,0.605866,1.077388,-0.388910,-0.124770,-0.091473,0.266517,0.154709
GRID_001498,303,8d83b97,-0.419146,1.198645,1.195165,-0.895715,1.110033,-0.037239,-0.078209,0.253769,0.086622
GRID_001499,303,8d83b97,1.403497,-1.268811,-1.002831,0.365268,1.121982,-0.169439,0.029045,0.231013,0.171910
GRID_001500,303,8d83b97,2.849871,1.373196,0.021127,1.379660,0.354513,0.059527,0.213456,0.143151,0.221601
GRID_001501,303,8d83b97,0.370646,0.844305,0.619343,-0.260414,-0.144442,0.030337,-0.084084,0.286804,0.089389
GRID_001502,303,8d83b97,2.264799,0.200254,1.020992,-0.888706,0.795775,-0.076348,-0.059384,0.275523,0.096724
GRID_001503,303,8d83b97,2.539483,-0.445036,0.896485,-1.380624,0.529444,-0.114199,-0.159389,0.203667,0.196077
GRID_001504,303,8d83b97,0.006866,-0.891670,1.011962,0.775520,0.569901,-0.004007,0.224944,0.099703,0.224980
GRID_001505,303,8d83b97,0.245717,0.668811,-1.459851,-1.072948,0.813026,0.038370,-0.162900,0.113993,0.167358
GRID_001506,303,8d83b97,-2.331386,0.487652,-0.159129,1.031774,1.545797,-0.081723,0.072986,0.291991,0.109570
GRID_001507,303,8d83b97,1.687065,1.404476,1.528218,-1.416183,-1.161203,0.072239,0.009742,0.228781,0.072893
GRID_001508,303,8d83b97,1.757075,-1.386423,-0.043877,-0.544002,0.875142,-0.254742,-0.046275,0.117125,0.258911
GRID_001509,303,8d83b97,-2.625309,-0.630981,0.603608,0.257266,0.828217,0.099011,-0.182620,0.205212,0.207733
GRID_001510,303,8d83b97,0.057793,-0.424620,0.288661,0.830019,0.397641,-0.011389,0.155654,0.275015,0.156070
GRID_001511,303,8d83b97,2.121325,-0.641035,-1.371188,-0.996473,-1.118318,-0.011216,-0.003657,0.271597,0.011797
GRID_001512,303,8d83b97,2.339454,-0.654483,0.490822,0.131985,-1.033272,-0.153716,-0.143866,0.214343,0.210538
GRID_001513,303,8d83b97,-2.967130,1.465688,-0.325874,-0.264694,-0.656013,-0.044145,0.224702,0.076938,0.228997
GRID_001514,303,8d83b97,-2.171596,-0.020099,-0.525699,-0.295858,1.564280,-0.031833,0.018156,0.312219,0.036646
GRID_001515,303,8d83b97,-1.339391,0.030618,0.713675,0.691054,0.081291,0.095843,0.022330,0.289937,0.098409
GRID_001516,303,8d83b97,2.847869,1.274537,0.888519,-1.099399,0.141529,0.035139,0.131045,0.239406,0.135675
GRID_001517,303,8d83b97,0.861277,0.938350,-1.406349,0.304594,-0.018609,0.130168,-0.113495,0.069415,0.172698
GRID_001518,303,8d83b97,0.991192,1.156536,-0.830603,0.824901,-0.676825,0.174214,-0.115077,0.087169,0.208790
GRID_001519,303,8d83b97,0.710797,1.494257,0.931757,-1.387075,-1.307759,0.103656,-0.122886,0.205529,0.160766
GRID_001520,303,8d83b97,-2.554416,-0.938933,-1.096624,-0.427193,-0.513821,0.050664,-0.083125,0.272503,0.097347
GRID_001521,303,8d83b97,2.528755,-1.502817,-1.080088,-1.235589,1.448578,-0.114047,-0.155562,0.195984,0.192889
GRID_001522,303,8d83b97,0.777773,0.792237,0.376142,-1.528628,-0.504238,0.074427,-0.077572,0.285015,0.107502
GRID_001523,303,8d83b97,2.034781,0.968755,-1.561530,0.600546,0.849802,0.139678,0.072647,0.050054,0.157440
GRID_001524,303,8d83b97,1.933643,0.817507,-1.112222,1.208467,-0.944371,0.174783,0.068721,0.126212,0.187808
GRID_001525,303,8d83b97,0.441386,-0.197022,-0.005727,-0.763744,-0.827316,-0.033961,0.067086,0.316913,0.075193
GRID_001526,303,8d83b97,-1.726075,0.312189,-0.717906,0.734492,1.295855,-0.124983,0.017958,0.265376,0.126266
GRID_001527,303,8d83b97,-1.699219,0.795050,-0.154821,-1.073638,1.139931,-0.167477,0.020086,0.245940,0.168677
GRID_001528,303,8d83b97,0.022160,0.846642,-0.363035,-0.554350,-0.333953,0.001766,-0.187050,0.213625,0.187058
GRID_001529,303,8d83b97,-2.426577,0.688215,0.741385,1.525264,1.546223,-0.031484,0.030712,0.299548,0.043983
GRID_001530,303,8d83b97,1.984092,0.542799,-0.865901,-0.648384,-0.419227,0.149397,0.068144,0.211224,0.164204
GRID_001531,303,8d83b97,-0.434532,-1.514901,1.263254,0.912137,1.512580,0.067992,0.151670,-0.040432,0.166213
GRID_001532,303,8d83b97,2.909914,-1.539834,1.449104,1.076079,-0.457363,-0.036779,-0.137290,-0.048402,0.142131
GRID_001533,303,8d83b97,1.576015,-0.858019,1.085504,-1.353637,0.575226,-0.223910,-0.000184,0.098161,0.223910
GRID_001534,303,8d83b97,2.500274,1.019900,1.558061,-0.306315,0.869242,0.002194,0.009055,0.249528,0.009317
GRID_001535,303,8d83b97,-1.980774,1.038950,1.007117,0.087584,0.212998,-0.077250,0.030985,0.270414,0.083233
GRID_001536,303,8d83b97,-3.131797,1.531969,-1.002412,1.221854,1.490392,-0.006251,0.182815,-0.011128,0.182922
GRID_001537,303,8d83b97,-2.883700,-0.942610,0.165391,0.539775,-0.588661,0.053864,-0.221500,0.193884,0.227955
GRID_001538,303,8d83b97,0.818450,-0.135600,0.175563,0.953811,0.178007,-0.062004,0.056264,0.313545,0.083727
GRID_001539,303,8d83b97,1.174818,0.570163,-1.399019,-0.019095,0.867221,0.150668,-0.063410,0.139013,0.163468
GRID_001540,303,8d83b97,-1.136644,0.589485,0.632206,0.755640,1.453590,-0.033310,-0.014999,0.306233,0.036531
GRID_001541,303,8d83b97,2.791208,1.081129,-0.440083,0.790358,-0.154279,0.069099,0.201608,0.153580,0.213121
GRID_001542,303,8d83b97,-0.361388,0.955511,0.973929,-1.262195,0.422675,-0.026576,-0.064004,0.278002,0.069302
GRID_001543,303,8d83b97,-2.219761,-0.369667,0.927441,0.890547,1.485992,0.143413,-0.112671,0.213037,0.182379
GRID_001544,303,8d83b97,-1.711479,-0.541224,-0.304971,-1.066421,-0.475247,0.111246,-0.017336,0.299489,0.112589
GRID_001545,303,8d83b97,2.816929,-0.286271,-0.478713,-0.281076,1.423041,-0.015651,-0.032927,0.317371,0.036457
GRID_001546,303,8d83b97,-2.234144,0.530010,1.537013,1.117023,-1.287469,0.051840,-0.044366,0.243383,0.068232
GRID_001547,303,8d83b97,2.188936,0.498173,1.291466,-0.631172,-0.666924,-0.051875,-0.033286,0.267567,0.061636
GRID_001548,303,8d83b97,1.732782,-0.827142,-0.624105,-1.035284,-1.068166,-0.138758,-0.021056,0.278701,0.140347
GRID_001549,303,8d83b97,-1.233591,-1.296998,-0.595417,-1.497495,1.383834,0.201058,0.070573,0.198822,0.213084
GRID_001550,303,8d83b97,1.229556,0.210256,-0.606616,-0.548037,0.041202,0.084897,-0.030266,0.288541,0.090130
GRID_001551,303,8d83b97,0.206016,-1.315987,-0.607503,0.475158,1.001184,-0.046907,0.213081,0.196043,0.218182
GRID_001552,303,8d83b97,1.769406,-0.396691,-1.515637,1.422395,-0.296481,0.043475,0.010385,0.249350,0.044698
GRID_001553,303,8d83b97,2.022600,-0.045973,0.531016,1.066764,-1.141628,-0.094176,-0.042873,0.298255,0.103476
GRID_001554,303,8d83b97,1.507034,-0.800419,0.557004,-1.144188,-0.330368,-0.229953,0.015498,0.176327,0.230475
GRID_001555,303,8d83b97,1.294781,1.158142,-1.031118,-0.585769,0.181643,0.189800,-0.053701,0.063759,0.197251
GRID_001556,303,8d83b97,1.632260,-1.473824,1.046093,0.139900,-0.721134,-0.200616,-0.011160,-0.022102,0.200926
GRID_001557,303,8d83b97,-1.493725,1.177608,-1.533101,0.447829,1.567879,-0.156715,-0.012777,0.016276,0.157235
GRID_001558,303,8d83b97,1.449797,0.991476,0.587288,-0.381270,-0.032794,0.119506,-0.013910,0.267986,0.120313
GRID_001559,303,8d83b97,-1.654149,0.257418,0.134881,-0.381403,-0.900899,-0.022172,0.000477,0.321400,0.022177
GRID_001560,303,8d83b97,2.079804,1.435075,1.175301,-1.101469,1.569373,0.105846,0.062087,0.225311,0.122712
GRID_001561,303,8d83b97,1.962037,-0.230579,-0.993826,1.131440,0.135489,0.030533,0.015102,0.290647,0.034064
GRID_001562,303,8d83b97,-1.284813,1.348720,0.263915,0.319551,0.388224,-0.202635,-0.059692,0.177008,0.211245
GRID_001563,303,8d83b97,-0.992853,-1.043662,-1.039026,-1.523819,-0.738998,0.102814,0.068100,0.262181,0.123322
GRID_001564,303,8d83b97,-1.328188,0.415587,1.356360,1.226463,-0.262363,0.073200,0.017997,0.256334,0.075380
GRID_001565,303,8d83b97,1.180451,-0.068087,0.675920,-1.501099,-0.386839,-0.112928,0.046152,0.283801,0.121995
GRID_001566,303,8d83b97,2.485466,0.417982,-0.558901,-1.319403,1.294484,0.075329,0.104046,0.266865,0.128453
GRID_001567,303,8d83b97,2.631303,1.387023,-0.161067,0.596805,-1.545219,0.106796,0.199155,0.117010,0.225982
GRID_001568,303,8d83b97,3.011011,-0.245807,-0.526253,1.067019,-1.350469,-0.007039,-0.019194,0.316908,0.020444
GRID_001569,303,8d83b97,2.658007,-1.017403,1.522543,-1.176535,-1.538031,-0.088067,-0.159184,0.027284,0.181921
GRID_001570,303,8d83b97,-2.445013,-0.929884,-0.378682,0.979710,1.416219,0.113908,-0.141978,0.250082,0.182024
GRID_001571,303,8d83b97,0.253653,0.897239,-1.523851,0.271591,-0.823359,0.039016,-0.160116,0.065932,0.164801
GRID_001572,303,8d83b97,-0.669908,1.221605,-0.694491,1.016167,-1.329601,-0.137709,-0.171191,0.088863,0.219705
GRID_001573,303,8d83b97,1.792183,-0.450846,1.367424,-1.026444,-0.974710,-0.188993,-0.040816,0.143170,0.193350
GRID_001574,303,8d83b97,-1.862251,0.489689,1.160125,0.492751,1.142732,0.042931,-0.014933,0.279271,0.045454
GRID_001575,303,8d83b97,-1.153508,0.515096,-0.078390,1.226906,1.396950,-0.098171,-0.043180,0.294123,0.107247
GRID_001576,303,8d83b97,-1.752516,-0.371095,-0.400575,1.275884,-0.236665,0.060418,-0.012831,0.314700,0.061766
GRID_001577,303,8d83b97,0.425459,-1.229365,0.424421,0.599167,0.506326,-0.106316,0.229556,0.095375,0.252981
GRID_001578,303,8d83b97,-2.604054,-0.160975,-0.538942,1.342568,-0.628856,-0.005476,0.001320,0.316063,0.005633
GRID_001579,303,8d83b97,0.628074,0.476894,-0.951693,-1.268160,0.489385,0.092004,-0.129728,0.212250,0.159041
GRID_001580,303,8d83b97,2.974786,0.888344,0.575814,-1.267692,0.790732,0.012962,0.103752,0.280788,0.104558
GRID_001581,303,8d83b97,-1.321163,-1.251127,0.622561,0.208275,0.522870,0.234242,0.059520,0.065844,0.241686
GRID_001582,303,8d83b97,1.264511,-1.361880,0.511644,-1.142856,-0.249059,-0.239546,0.075751,0.053258,0.251238
GRID_001583,303,8d83b97,-1.567666,0.117396,-0.224963,-0.374786,0.146552,-0.033642,-0.001180,0.319281,0.033663
GRID_001584,303,8d83b97,2.185434,1.432957,-1.523974,-0.065383,0.637223,0.105059,0.077718,-0.023683,0.130681
GRID_001585,303,8d83b97,-2.069605,1.107040,-0.692870,-0.258073,1.486641,-0.192770,0.101932,0.115442,0.218060
GRID_001586,303,8d83b97,2.460003,-0.563793,-0.976071,-0.522898,0.473730,-0.027389,-0.027909,0.296465,0.039103
GRID_001587,303,8d83b97,-2.037823,0.319319,1.555064,0.494635,-1.423890,0.089428,-0.047851,0.225583,0.101425
GRID_001588,303,8d83b97,-1.690883,-1.214219,-0.894702,-1.434233,0.178756,0.168253,-0.021759,0.234702,0.169654
GRID_001589,303,8d83b97,0.863182,-1.481584,-0.590658,1.183322,0.283442,-0.181432,0.153620,0.159106,0.237733
GRID_001590,303,8d83b97,-1.591006,-1.445712,-0.947161,1.552939,-0.692015,0.195314,-0.005044,0.197751,0.195379
GRID_001591,303,8d83b97,1.215464,0.524016,0.865812,-1.062609,0.658286,-0.012513,0.004430,0.300198,0.013274
GRID_001592,303,8d83b97,-2.847378,-1.312628,0.034313,1.457042,1.549811,0.069185,-0.243429,0.125048,0.253070
GRID_001593,303,8d83b97,0.756808,-0.905240,1.358390,-1.532685,-0.932774,-0.140604,0.146579,0.060187,0.203113
GRID_001594,303,8d83b97,-1.771411,1.188636,-0.237290,-0.376721,-0.761573,-0.217273,0.042374,0.154408,0.221366
GRID_001595,303,8d83b97,1.686847,1.155918,1.276903,1.487552,1.487088,0.063314,0.008727,0.256283,0.063912
GRID_001596,303,8d83b97,-3.016378,0.244981,-1.019318,-0.313276,-1.356081,-0.020604,0.128197,0.240934,0.129842
GRID_001597,303,8d83b97,2.392294,1.424044,-0.571163,-0.966587,-1.556692,0.146341,0.162557,0.056587,0.218724
GRID_001598,303,8d83b97,-1.433352,0.745313,0.400236,0.617203,-1.199625,-0.099576,-0.014375,0.291462,0.100608
GRID_001599,303,8d83b97,0.412858,-1.449225,0.808378,-0.170147,-1.364422,-0.092069,0.204830,0.001890,0.224571
GRID_001600,303,8d83b97,-0.822934,-1.441150,1.048342,-0.808408,1.432564,0.144188,0.135602,-0.016203,0.197935
GRID_001601,303,8d83b97,1.841602,1.355727,0.538867,1.314692,-0.215452,0.175908,0.050871,0.202577,0.183117
GRID_001602,303,8d83b97,1.466640,-0.570303,-1.500473,1.507600,-1.465459,0.013125,-0.000803,0.258945,0.013150
GRID_001603,303,8d83b97,-0.237872,-0.590149,0.322259,-0.876629,-1.285830,0.042012,0.182979,0.245390,0.187740
GRID_001604,303,8d83b97,0.586385,-1.515797,1.345781,1.355047,-0.300162,-0.089737,0.131563,-0.043203,0.159253
GRID_001605,303,8d83b97,-0.747994,-0.957332,0.125512,-0.606928,-0.249631,0.152728,0.166734,0.195402,0.226110
GRID_001606,303,8d83b97,1.742686,-0.653259,0.960580,-1.011311,-0.236137,-0.215603,-0.035831,0.155534,0.218560
GRID_001607,303,8d83b97,-1.673660,1.537821,1.211050,0.180131,0.362898,-0.138336,0.012951,0.211490,0.138941
GRID_001608,303,8d83b97,-0.302605,0.006224,-1.117512,-0.610739,0.759496,-0.030476,-0.089916,0.259592,0.094941
GRID_001609,303,8d83b97,2.046691,0.046758,0.228285,0.778930,-0.794285,-0.043271,-0.019331,0.320414,0.047393
GRID_001610,303,8d83b97,2.512190,-0.226345,0.175524,0.625318,0.815412,-0.064427,-0.081926,0.306467,0.104224
GRID_001611,303,8d83b97,1.428691,0.371974,-1.322118,-1.133707,0.543356,0.147500,-0.020633,0.183145,0.148936
GRID_001612,303,8d83b97,-0.269769,-1.478751,0.991943,-0.522566,-1.277787,0.051547,0.195175,-0.019243,0.201867
GRID_001613,303,8d83b97,0.736234,-1.341794,1.554326,-0.085190,0.862993,-0.104101,0.112399,-0.023852,0.153201
GRID_001614,303,8d83b97,-2.189072,-1.556561,0.522531,-1.109653,-0.143113,0.189606,-0.138617,0.007268,0.234873
GRID_001615,303,8d83b97,0.562598,0.498873,1.023580,-1.517715,-0.388620,-0.020282,0.028533,0.290302,0.035007
GRID_001616,303,8d83b97,1.192371,0.705462,-0.628645,-0.652380,-1.559993,0.164795,-0.065770,0.209897,0.177434
GRID_001617,303,8d83b97,-1.319231,0.033506,-1.181478,-0.857229,0.190795,-0.102331,-0.026440,0.249253,0.105691
GRID_001618,303,8d83b97,-1.584761,1.304706,0.619655,0.001790,-1.522776,-0.175176,0.001349,0.218925,0.175181
GRID_001619,303,8d83b97,1.682150,0.723503,-0.504268,-0.680575,-0.972529,0.172842,0.020771,0.221296,0.174086
GRID_001620,303,8d83b97,-0.295087,-0.039773,-0.806630,0.427562,1.435001,-0.019756,-0.057210,0.294170,0.060525
GRID_001621,303,8d83b97,-2.482605,0.510805,0.631347,-0.972031,-0.416482,-0.013793,0.011650,0.309254,0.018055
GRID_001622,303,8d83b97,2.244405,-0.340224,1.464966,0.411884,-0.364962,-0.143729,-0.110802,0.150181,0.181481
GRID_001623,303,8d83b97,1.593399,0.337008,0.204318,-1.283091,-0.519050,0.025499,0.001716,0.318933,0.025556
GRID_001624,303,8d83b97,2.598205,-1.237496,1.124387,-1.251768,-1.252370,-0.112282,-0.178306,0.016939,0.210713
GRID_001625,303,8d83b97,1.828845,-0.929596,-1.169952,-0.465858,-0.295021,-0.088869,-0.021535,0.272034,0.091441
GRID_001626,303,8d83b97,2.669831,-0.388734,0.435990,-1.062837,0.260553,-0.077830,-0.143479,0.266234,0.163229
GRID_001627,303,8d83b97,-1.306560,0.030288,-0.410007,0.128048,0.691699,-0.033957,-0.009370,0.315689,0.035226
GRID_001628,303,8d83b97,-0.328305,1.133123,-1.129750,0.191560,0.134533,-0.065083,-0.184023,0.058540,0.195193
GRID_001629,303,8d83b97,-2.362081,-0.061257,0.732736,1.196650,0.728035,0.081781,-0.087709,0.279134,0.119921
GRID_001630,303,8d83b97,-2.437714,0.132619,0.004336,-1.308948,1.502478,-0.007529,0.003131,0.323650,0.008154
GRID_001631,303,8d83b97,-2.632615,1.104565,-1.257003,-1.565991,-0.831637,-0.094269,0.160746,0.051622,0.186349
GRID_001632,303,8d83b97,2.703762,-1.179456,-0.214455,0.316051,-1.178866,-0.103276,-0.210720,0.185613,0.234668
GRID_001633,303,8d83b97,2.049955,0.661467,0.106972,1.429289,0.206360,0.097474,0.053635,0.287584,0.111256
GRID_001634,303,8d83b97,-2.072023,-0.603244,-0.785212,0.555185,-0.812167,0.056662,-0.034126,0.300429,0.066145
GRID_001635,303,8d83b97,-1.596621,-0.407584,0.607871,-0.901252,-0.356188,0.173439,-0.005619,0.244967,0.173530
GRID_001636,303,8d83b97,-1.838017,-0.585711,0.674785,0.472891,0.111748,0.194962,-0.055399,0.205190,0.202680
GRID_001637,303,8d83b97,1.242856,1.011077,0.768883,0.740205,-0.245383,0.096305,-0.032869,0.271307,0.101760
GRID_001638,303,8d83b97,1.003120,0.715842,0.070652,0.134667,-0.824629,0.106179,-0.068644,0.277863,0.126436
GRID_001639,303,8d83b97,2.089121,1.159034,0.935447,1.287381,0.073631,0.092740,0.056002,0.256726,0.108337
GRID_001640,303,8d83b97,-2.005446,-0.765401,-0.001347,1.554276,-0.213822,0.170540,-0.081973,0.246903,0.189218
GRID_001641,303,8d83b97,3.140415,0.346578,0.668488,0.072800,0.100800,-0.004515,-0.026802,0.309219,0.027180
GRID_001642,303,8d83b97,2.518450,-0.281731,-0.423948,0.925378,-1.546858,-0.028228,-0.032660,0.318170,0.043169
GRID_001643,303,8d83b97,-0.979920,-0.775495,-0.321306,-0.360241,0.728509,0.132027,0.089582,0.270795,0.159550
GRID_001644,303,8d83b97,-2.135699,-1.135111,-0.692069,1.262432,-0.847144,0.151431,-0.099411,0.236491,0.181147
GRID_001645,303,8d83b97,-1.920628,1.463271,-0.824403,1.405012,-1.257922,-0.195341,0.068901,0.019404,0.207136
GRID_001646,303,8d83b97,-1.740431,0.041126,1.113615,0.882601,-1.435679,0.123975,-0.022823,0.249800,0.126059
GRID_001647,303,8d83b97,-0.001685,0.494748,0.564807,-0.075798,-1.324589,-0.002439,-0.020252,0.311151,0.020398
GRID_001648,303,8d83b97,-2.996025,-0.812923,-0.880845,0.555451,-0.297804,0.010278,-0.100719,0.284655,0.101242
GRID_001649,303,8d83b97,1.692178,-1.436304,-0.829723,0.450882,-1.313907,-0.211975,-0.024408,0.190810,0.213376
GRID_001650,303,8d83b97,-1.165018,0.822390,1.259194,-0.258247,-0.075602,-0.009527,-0.003655,0.274189,0.010205
GRID_001651,303,8d83b97,0.639485,-1.191101,0.546604,0.242469,-0.988683,-0.150656,0.199666,0.089093,0.250127
GRID_001652,303,8d83b97,-2.166440,-1.568782,1.042877,-0.549973,1.021750,0.151099,-0.105944,-0.038887,0.184540
GRID_001653,303,8d83b97,-1.953851,0.222488,-1.053707,-1.369740,-0.498820,-0.121914,0.046645,0.240030,0.130533
GRID_001654,303,8d83b97,1.424115,-1.473930,-1.521855,0.289110,0.303580,-0.134932,0.020355,0.214467,0.136459
GRID_001655,303,8d83b97,-1.902469,-0.073178,-0.916458,-1.420532,0.952835,-0.063179,0.019480,0.287248,0.066114
GRID_001656,303,8d83b97,-1.391379,1.539050,-0.768782,0.192681,1.506276,-0.203257,-0.037303,0.008561,0.206651
GRID_001657,303,8d83b97,-2.707959,0.980306,-1.379388,-0.726442,0.502795,-0.078691,0.160219,0.064057,0.178501
GRID_001658,303,8d83b97,-2.316113,-0.895817,0.263716,-1.056529,0.416740,0.163378,-0.155425,0.192208,0.225498
GRID_001659,303,8d83b97,0.741397,-1.419055,0.533181,-0.261801,-0.748278,-0.168055,0.181307,0.037423,0.247214
GRID_001660,303,8d83b97,-0.478482,0.652754,1.518336,-0.495515,1.048502,0.019919,0.043074,0.251086,0.047457
GRID_001661,303,8d83b97,2.761328,-1.476497,-0.146877,-1.054293,-1.025453,-0.099583,-0.237616,0.108284,0.257639
GRID_001662,303,8d83b97,-1.546238,-1.322331,-0.325135,-0.221340,-0.415422,0.236365,0.004810,0.166020,0.236413
GRID_001663,303,8d83b97,-2.036507,1.344312,-1.230173,-1.284686,-0.573634,-0.160323,0.077738,0.007332,0.178176
GRID_001664,303,8d83b97,-0.865268,0.863528,-1.408558,-0.675041,-0.726197,-0.136344,-0.114454,0.083344,0.178015
GRID_001665,303,8d83b97,2.139792,1.429191,1.433001,-0.114555,1.109764,0.073596,0.050359,0.227972,0.089176
GRID_001666,303,8d83b97,1.483122,-0.985041,0.088339,1.522344,-1.042961,-0.232163,0.021172,0.193765,0.233126
GRID_001667,303,8d83b97,-0.405943,0.481622,-0.505287,-0.265013,-0.181546,-0.057011,-0.127312,0.262869,0.139494
GRID_001668,303,8d83b97,-2.316522,-0.414248,1.133920,1.123598,-0.777316,0.137205,-0.131244,0.178962,0.189869
GRID_001669,303,8d83b97,-0.169208,-0.290673,-1.250962,-1.297590,0.568082,-0.010592,-0.047598,0.270673,0.048763
GRID_001670,303,8d83b97,2.720401,0.535850,1.186066,-1.031054,-1.265166,-0.021495,-0.037936,0.278522,0.043603
GRID_001671,303,8d83b97,-1.517649,-0.497748,-0.230870,0.395627,-0.206393,0.111838,0.005047,0.300940,0.111951
GRID_001672,303,8d83b97,0.025714,0.082156,0.082633,-0.702763,-1.237174,-0.002820,0.017308,0.323981,0.017536
GRID_001673,303,8d83b97,1.946364,-1.286141,1.208917,0.247283,0.370231,-0.186893,-0.071310,0.001246,0.200035
GRID_001674,303,8d83b97,2.558406,1.392882,-1.029997,-1.275027,1.177534,0.100938,0.160045,0.014464,0.189216
GRID_001675,303,8d83b97,2.839313,1.159460,1.191513,0.189169,0.866092,0.019076,0.075456,0.257557,0.077830
GRID_001676,303,8d83b97,-2.224806,0.748564,1.428014,0.603898,0.439156,0.015317,-0.015558,0.261905,0.021833
GRID_001677,303,8d83b97,2.089672,-0.373430,-0.973416,0.128064,1.371028,-0.000139,0.003048,0.297084,0.003052
GRID_001678,303,8d83b97,-1.140713,-0.771542,-0.923852,-0.664183,0.484474,0.076593,0.035586,0.287778,0.084456
GRID_001679,303,8d83b97,-2.662556,1.228916,0.265075,-0.060826,0.222771,-0.094103,0.172212,0.202915,0.196245
GRID_001680,303,8d83b97,-1.362140,-1.124032,-1.394610,1.234664,1.090466,0.089981,0.018801,0.251479,0.091924
GRID_001681,303,8d83b97,-1.812743,0.127887,1.268489,0.720801,-0.278598,0.115423,-0.030322,0.241287,0.119340
GRID_001682,303,8d83b97,2.603542,-0.523409,-1.317749,-0.520402,0.923776,0.000320,0.008187,0.274332,0.008193
GRID_001683,303,8d83b97,0.579238,0.507740,1.143136,-0.855584,0.325094,-0.026430,0.036893,0.281290,0.045383
GRID_001684,303,8d83b97,1.564622,-0.457328,-0.314151,-1.409877,-1.327578,-0.099510,0.001655,0.307541,0.099524
GRID_001685,303,8d83b97,0.821619,0.924875,0.171546,0.591014,-0.659766,0.112815,-0.106679,0.252512,0.155266
GRID_001686,303,8d83b97,1.245671,0.318581,0.038613,0.816389,0.307633,0.040056,-0.013539,0.316973,0.042282
GRID_001687,303,8d83b97,-1.407422,-0.115913,0.646704,1.430502,-1.453502,0.121011,0.019457,0.281338,0.122565
GRID_001688,303,8d83b97,2.287797,0.308932,-0.940202,-0.714647,0.076789,0.098305,0.090049,0.240958,0.133314
GRID_001689,303,8d83b97,1.804377,-0.244698,1.173783,1.120509,-1.158012,-0.172541,-0.039251,0.202621,0.176949
GRID_001690,303,8d83b97,2.801342,-0.600464,0.355309,1.166752,1.527928,-0.068693,-0.181122,0.240005,0.193711
GRID_001691,303,8d83b97,2.831006,0.926510,0.377524,0.417625,1.523907,0.037141,0.129925,0.266703,0.135129
GRID_001692,303,8d83b97,-0.416082,0.006241,-0.980429,-0.462939,-0.247619,-0.036562,-0.077451,0.274192,0.085648
GRID_001693,303,8d83b97,-1.787125,1.007117,-0.278012,1.430369,1.059650,-0.201552,0.042427,0.190159,0.205969
GRID_001694,303,8d83b97,-2.789488,-1.085347,0.449356,0.335388,-0.697538,0.080669,-0.232013,0.126165,0.245637
GRID_001695,303,8d83b97,1.341174,-0.661232,-0.173754,0.201460,-0.028593,-0.155453,0.036624,0.277761,0.159709
GRID_001696,303,8d83b97,0.077322,-1.504715,-0.539317,0.919398,-1.102238,-0.020964,0.239743,0.148412,0.240658
GRID_001697,303,8d83b97,2.433191,0.984309,0.716568,0.970855,-0.772324,0.065020,0.081489,0.273267,0.104250
GRID_001698,303,8d83b97,2.058395,1.353025,-1.199355,0.552330,-1.547529,0.152988,0.084062,0.008051,0.174562
GRID_001699,303,8d83b97,-3.046006,-0.023714,-0.652891,-0.787309,0.885959,-0.008993,0.046799,0.304647,0.047655
GRID_001700,303,8d83b97,0.014616,0.541671,-0.681122,1.474972,-0.207573,-0.000069,-0.159659,0.233782,0.159659
GRID_001701,303,8d83b97,0.303607,-1.065216,-0.922506,1.288752,-0.206929,-0.045776,0.138502,0.257440,0.145871
GRID_001702,303,8d83b97,1.469680,-0.325681,-1.156995,-0.497672,0.729371,0.029586,-0.002369,0.281411,0.029681
GRID_001703,303,8d83b97,1.161276,0.348348,-0.617354,-0.809972,-1.468660,0.108853,-0.047608,0.270747,0.118809
GRID_001704,303,8d83b97,-3.024006,0.135165,1.490012,1.406111,1.400713,0.010743,-0.127928,0.214752,0.128378
GRID_001705,303,8d83b97,-2.601132,-0.133361,-1.027155,0.144244,-0.715854,-0.035368,0.051225,0.281633,0.062249
GRID_001706,303,8d83b97,2.819786,0.651467,0.811439,0.288114,1.203180,0.003391,0.023723,0.299706,0.023964
GRID_001707,303,8d83b97,-3.123297,-0.985944,1.367059,-1.307250,-0.694487,-0.000764,-0.197727,0.044437,0.197729
GRID_001708,303,8d83b97,2.404796,0.099447,0.591375,-1.039704,-0.836615,-0.054215,-0.054416,0.304600,0.076814
GRID_001709,303,8d83b97,-1.996442,0.709395,-1.205301,0.720402,-0.612598,-0.169721,0.074294,0.136445,0.185270
GRID_001710,303,8d83b97,-2.792549,-1.499946,0.452422,-1.154638,-0.689529,0.079549,-0.231141,0.027982,0.244447
GRID_001711,303,8d83b97,-2.110685,-0.913345,1.504536,-0.105032,-1.276994,0.156182,-0.096733,0.046254,0.183712
GRID_001712,303,8d83b97,-2.561660,-0.186880,-0.690221,-0.618647,-0.674894,-0.012074,0.011245,0.309611,0.016499
GRID_001713,303,8d83b97,2.962496,-0.257556,1.521741,0.686939,-0.212614,-0.034729,-0.167700,0.156538,0.171259
GRID_001714,303,8d83b97,2.932630,-0.470859,1.377702,-0.784499,-1.075692,-0.043934,-0.186437,0.138392,0.191543
GRID_001715,303,8d83b97,1.546483,-0.095132,-1.178263,1.431271,-1.123028,0.075972,-0.000956,0.263087,0.075978
GRID_001716,303,8d83b97,0.175139,0.656801,-1.549366,0.112619,1.550917,0.025697,-0.159414,0.106258,0.161472
GRID_001717,303,8d83b97,-2.797648,-0.006754,1.243353,1.269382,-1.255388,0.043744,-0.134595,0.228316,0.141525
GRID_001718,303,8d83b97,1.943898,0.444328,-0.944669,-0.901681,0.339318,0.141839,0.057955,0.218739,0.153223
GRID_001719,303,8d83b97,3.081048,-0.035690,1.233576,1.203227,-0.848304,-0.013271,-0.146264,0.225742,0.146865
GRID_001720,303,8d83b97,0.084936,-0.999853,1.193185,-1.018576,1.073719,-0.020547,0.212110,0.057691,0.213103
GRID_001721,303,8d83b97,-0.877797,0.143847,1.197590,-1.045735,1.204681,0.086750,0.073644,0.251305,0.113793
GRID_001722,303,8d83b97,-0.730333,-1.540541,-0.667861,-1.489915,-0.165972,0.153378,0.173547,0.154116,0.231610
GRID_001723,303,8d83b97,0.958525,-0.179622,0.251604,-0.841125,0.322842,-0.084776,0.058411,0.306015,0.102950
GRID_001724,303,8d83b97,1.159916,1.059170,1.478336,0.434284,0.171867,0.020834,-0.009593,0.253574,0.022936
GRID_001725,303,8d83b97,-0.042746,-0.976057,-1.311138,0.037090,-0.949742,0.000900,0.079124,0.264866,0.079129
GRID_001726,303,8d83b97,-2.993946,0.961001,-0.931675,-1.244539,-0.292781,-0.034370,0.200955,0.118162,0.203873
GRID_001727,303,8d83b97,2.707642,0.129920,0.808543,-0.819450,-0.637727,-0.042114,-0.081026,0.289824,0.091317
GRID_001728,303,8d83b97,2.113194,-0.252074,-0.283229,-0.784636,0.696504,-0.048415,-0.025857,0.319460,0.054887
GRID_001729,303,8d83b97,-1.055324,0.811141,-1.184069,0.427585,-0.110601,-0.166396,-0.093461,0.118798,0.190846
GRID_001730,303,8d83b97,0.396106,1.373273,0.642917,-1.348059,-0.028014,0.066379,-0.164295,0.207747,0.177198
GRID_001731,303,8d83b97,-2.037535,1.476052,-0.724045,0.643879,1.427467,-0.191859,0.093756,0.027134,0.213542
GRID_001732,303,8d83b97,-0.796681,0.099175,0.856345,-0.292617,0.488898,0.069070,0.069479,0.282994,0.097970
GRID_001733,303,8d83b97,1.109396,-0.456524,-0.155047,-1.191220,-1.518312,-0.106257,0.052307,0.301781,0.118434
GRID_001734,303,8d83b97,-2.080998,-1.438574,-0.236652,0.148681,0.363085,0.216073,-0.124090,0.128563,0.249171
GRID_001735,303,8d83b97,-0.260982,-0.329807,0.719075,-1.257430,-1.370623,0.041551,0.164508,0.244746,0.169674
GRID_001736,303,8d83b97,1.852923,-0.785227,1.134817,-0.505205,0.866529,-0.211326,-0.059256,0.107329,0.219476
GRID_001737,303,8d83b97,2.514089,-1.438733,-1.417002,0.621754,0.861400,-0.087363,-0.114092,0.218072,0.143699
GRID_001738,303,8d83b97,0.250518,-1.115250,-1.311147,0.425640,1.014576,-0.028373,0.101277,0.253980,0.105176
GRID_001739,303,8d83b97,-0.770766,1.168413,-1.252522,0.466370,-0.646371,-0.130135,-0.131855,0.039431,0.185259
GRID_001740,303,8d83b97,-0.896141,-0.354045,0.966877,0.794240,1.345223,0.140858,0.114143,0.210759,0.181300
GRID_001741,303,8d83b97,2.914812,0.184666,0.579808,1.255200,0.136259,-0.016545,-0.052123,0.309621,0.054686
GRID_001742,303,8d83b97,0.994372,-0.659008,0.845384,-0.916812,-1.349288,-0.184391,0.118820,0.169065,0.219359
GRID_001743,303,8d83b97,2.478199,0.849670,0.817080,0.950141,-0.004930,0.036717,0.053033,0.287819,0.064503
GRID_001744,303,8d83b97,2.258203,-1.232132,-1.377453,-0.255454,0.775670,-0.093358,-0.072589,0.241857,0.118257
GRID_001745,303,8d83b97,-2.295633,-0.004240,1.053878,1.542075,-0.983182,0.096191,-0.089570,0.251365,0.131437
GRID_001746,303,8d83b97,-2.221971,-0.030283,-1.303722,-1.446887,-0.549934,-0.081804,0.058485,0.242094,0.100560
GRID_001747,303,8d83b97,0.528899,-0.142644,-1.184712,1.274004,-0.858921,0.033262,-0.060874,0.266623,0.069369
GRID_001748,303,8d83b97,1.866677,1.015046,0.167090,-0.338701,-1.553377,0.161769,0.051475,0.235970,0.169762
GRID_001749,303,8d83b97,-2.205437,-1.314461,1.411569,-1.242257,0.725060,0.133873,-0.102261,-0.015109,0.168461
GRID_001750,303,8d83b97,-1.740116,1.331121,-1.102963,0.318198,-0.516418,-0.189236,0.030741,0.020455,0.191717
GRID_001751,303,8d83b97,-0.318184,-0.290929,1.388932,-0.430563,0.929799,0.052855,0.167968,0.167720,0.176088
GRID_001752,303,8d83b97,-0.164634,-1.032415,0.706999,-0.581251,-1.214208,0.036968,0.237003,0.105784,0.239869
GRID_001753,303,8d83b97,-1.090866,-1.043237,-1.543201,-0.072178,0.350873,0.053207,0.028436,0.250877,0.060329
GRID_001754,303,8d83b97,-0.000206,0.944935,-0.995641,0.257545,-0.503774,-0.002480,-0.200520,0.113762,0.200535
GRID_001755,303,8d83b97,1.416059,1.238102,0.754848,-0.917291,-1.021339,0.141705,-0.021616,0.238960,0.143344
GRID_001756,303,8d83b97,-2.229438,0.773960,-1.563126,-1.482790,0.125574,-0.132780,0.098915,0.084178,0.165574
GRID_001757,303,8d83b97,1.876237,-0.886875,-0.165024,1.107264,0.160205,-0.192453,-0.058476,0.240032,0.201141
GRID_001758,303,8d83b97,2.745243,-0.662921,-0.111351,0.338427,0.368272,-0.067492,-0.150250,0.273087,0.164712
GRID_001759,303,8d83b97,0.215106,-0.288479,0.142201,-1.377698,0.612404,-0.026377,0.109950,0.302641,0.113070
GRID_001760,303,8d83b97,2.412801,1.274644,1.344652,-0.888531,0.089475,0.048504,0.059592,0.244536,0.076836
GRID_001761,303,8d83b97,2.766520,0.921425,-1.347874,0.158220,-0.238581,0.061609,0.167852,0.078524,0.178802
GRID_001762,303,8d83b97,-1.194691,0.582646,1.536992,-0.899651,0.125456,0.054720,0.021990,0.246167,0.058973
GRID_001763,303,8d83b97,-1.735565,-0.300112,1.444435,0.991905,-0.585666,0.170459,-0.029859,0.159285,0.173054
GRID_001764,303,8d83b97,2.022918,1.092186,-1.299770,-1.345940,-0.046563,0.159227,0.080072,0.050010,0.178226
GRID_001765,303,8d83b97,-1.381812,-1.469530,-0.621674,0.756175,-1.075305,0.224399,0.042500,0.164953,0.228388
GRID_001766,303,8d83b97,0.797115,-0.103459,0.460787,-1.386420,0.662976,-0.078330,0.074608,0.298477,0.108175
GRID_001767,303,8d83b97,2.347986,1.539459,-1.560381,-1.209563,-1.454884,0.079335,0.082722,-0.039339,0.114617
GRID_001768,303,8d83b97,-1.289552,0.359869,1.123409,0.258055,-0.092810,0.065183,0.018807,0.276585,0.067842
GRID_001769,303,8d83b97,-1.580085,-0.475566,0.091187,-0.433858,0.082278,0.143453,-0.002449,0.284410,0.143474
GRID_001770,303,8d83b97,1.427563,0.904295,1.222356,-1.527348,-1.441032,0.023600,-0.002945,0.273699,0.023783
GRID_001771,303,8d83b97,1.331720,-0.899283,-0.136069,1.490728,-1.511972,-0.199783,0.048951,0.235035,0.205693
GRID_001772,303,8d83b97,-2.472747,-0.360434,1.309302,1.522679,0.656484,0.110512,-0.145715,0.166112,0.182882
GRID_001773,303,8d83b97,2.527427,-0.738732,0.422072,0.728313,0.922304,-0.128795,-0.175937,0.205888,0.218042
GRID_001774,303,8d83b97,-3.004578,-1.536644,0.847407,0.011778,1.058063,0.024479,-0.209966,-0.019348,0.211388
GRID_001775,303,8d83b97,1.499959,0.828930,1.557015,-1.030571,0.276718,-0.025275,0.002442,0.251154,0.025392
GRID_001776,303,8d83b97,-2.692083,-1.030010,-0.797552,0.805663,-0.065724,0.062536,-0.139164,0.258169,0.152569
GRID_001777,303,8d83b97,-0.743323,-0.890354,-1.562171,0.673417,0.254829,0.020735,0.024935,0.255094,0.032430
GRID_001778,303,8d83b97,-2.342665,0.631885,0.278322,-0.810346,0.676272,-0.067036,0.060389,0.299196,0.090225
GRID_001779,303,8d83b97,-1.519452,-1.305293,-1.328103,-1.545579,0.826766,0.129853,0.005878,0.233843,0.129986
GRID_001780,303,8d83b97,-0.118365,-1.242924,-1.488025,-0.382160,-0.831158,0.009673,0.102421,0.239044,0.102877
GRID_001781,303,8d83b97,-1.012911,-0.081780,-1.565218,-1.553649,-0.462089,-0.086699,-0.053047,0.215650,0.101640
GRID_001782,303,8d83b97,-1.348669,-1.154305,0.341057,-1.011529,-1.405166,0.240726,0.054050,0.123815,0.246719
GRID_001783,303,8d83b97,1.610942,-0.446760,1.401569,-1.143536,0.757729,-0.191638,-0.006642,0.139760,0.191753
GRID_001784,303,8d83b97,2.033324,0.976112,0.200461,-1.480642,1.568753,0.142510,0.073963,0.245944,0.160560
GRID_001785,303,8d83b97,-0.761229,1.441111,0.718685,1.379882,1.002861,-0.126379,-0.130520,0.200598,0.181678
GRID_001786,303,8d83b97,0.132873,1.497213,1.100432,0.736949,0.259493,0.016547,-0.142256,0.213634,0.143215
GRID_001787,303,8d83b97,-0.133818,-1.237208,-0.377451,0.606614,-1.128198,0.028007,0.225650,0.190395,0.227381
GRID_001788,303,8d83b97,1.446859,-0.022203,0.736459,0.934474,-0.102813,-0.117185,0.015192,0.282872,0.118165
GRID_001789,303,8d83b97,1.909271,0.148358,-0.773765,-0.720953,-1.055650,0.086363,0.032706,0.279913,0.092348
GRID_001790,303,8d83b97,-2.554097,-1.059900,-1.007111,1.152905,-0.069997,0.069551,-0.111451,0.259900,0.131372
GRID_001791,303,8d83b97,0.053921,1.538398,-0.303208,-0.477074,-0.492430,0.009916,-0.227758,0.062192,0.227974
GRID_001792,303,8d83b97,2.318498,0.815539,-0.234695,-0.179886,-0.711296,0.123865,0.119517,0.233988,0.172124
GRID_001793,303,8d83b97,-2.075747,0.455593,-0.555609,-1.049440,-0.706367,-0.124038,0.065436,0.261652,0.140240
GRID_001794,303,8d83b97,2.851178,0.223149,-1.515613,0.385541,0.964064,0.034348,0.129717,0.181926,0.134187
GRID_001795,303,8d83b97,1.459758,0.227979,-0.751541,1.011375,-0.940447,0.105433,-0.011103,0.272851,0.106016
GRID_001796,303,8d83b97,-0.631589,0.313322,0.246480,-0.642374,-1.134570,-0.013164,-0.015100,0.319979,0.020033
GRID_001797,303,8d83b97,2.691318,-1.071738,1.365882,-0.380423,0.605073,-0.088788,-0.174409,0.028885,0.195708
GRID_001798,303,8d83b97,2.533778,0.636151,1.042060,-0.006062,0.621360,-0.007815,-0.004561,0.289920,0.009049
GRID_001799,303,8d83b97,2.487356,-0.717169,1.394844,-1.294615,1.393583,-0.124981,-0.156955,0.091637,0.200636
GRID_001800,303,8d83b97,-0.795888,-0.214593,0.109681,-1.213281,-0.802733,0.062877,0.063437,0.310968,0.089319
GRID_001801,303,8d83b97,-1.169745,0.413011,-0.333428,0.808978,0.770352,-0.103696,-0.043682,0.288015,0.112521
GRID_001802,303,8d83b97,-2.928922,-1.182986,0.973251,-0.994881,-1.481434,0.043046,-0.220037,0.042050,0.224208
GRID_001803,303,8d83b97,-1.201130,1.251017,-0.937723,0.748373,0.602620,-0.194105,-0.074977,0.053835,0.208083
GRID_001804,303,8d83b97,1.653939,0.353926,-1.276118,0.811715,1.313440,0.146483,0.013458,0.192003,0.147100
GRID_001805,303,8d83b97,2.841853,1.001502,-1.038986,0.288587,-0.365896,0.054657,0.191410,0.096451,0.199060
GRID_001806,303,8d83b97,-2.597520,-0.014875,0.397355,-0.683924,0.901365,0.036498,-0.068088,0.309737,0.077253
GRID_001807,303,8d83b97,-3.056788,-0.692375,1.001822,1.156469,-1.146378,0.013951,-0.216378,0.142404,0.216828
GRID_001808,303,8d83b97,-2.870704,0.957764,-1.151047,0.041149,0.397161,-0.056143,0.186033,0.092668,0.194320
GRID_001809,303,8d83b97,2.379112,0.991389,0.297047,0.985965,-0.197235,0.103880,0.113899,0.250916,0.154156
GRID_001810,303,8d83b97,-1.297667,-0.096173,0.490587,1.203392,-0.094215,0.100024,0.027885,0.296864,0.103838
GRID_001811,303,8d83b97,2.192831,0.184178,0.277207,-0.653426,1.222377,-0.018033,-0.009152,0.321474,0.020222
GRID_001812,303,8d83b97,-1.382222,1.262432,-1.123484,1.346803,-0.645633,-0.190033,-0.036629,0.032515,0.193531
GRID_001813,303,8d83b97,3.033381,-0.043480,-0.270199,1.219603,0.249157,-0.004844,-0.002895,0.322438,0.005643
GRID_001814,303,8d83b97,1.167437,0.773459,0.399666,-1.042786,-0.507440,0.091859,-0.039532,0.288236,0.100004
GRID_001815,303,8d83b97,-0.963079,-0.973015,-1.530215,0.265005,-0.831292,0.040359,0.029329,0.254731,0.049891
GRID_001816,303,8d83b97,-1.759295,-0.455273,-1.557689,-0.034054,-1.379619,-0.043761,0.006739,0.248115,0.044277
GRID_001817,303,8d83b97,2.710537,1.487506,1.433229,-0.266378,-0.822785,0.037695,0.091662,0.221557,0.099110
GRID_001818,303,8d83b97,-0.570131,1.136351,-0.015192,1.479950,-1.279792,-0.112287,-0.171758,0.192753,0.205206
GRID_001819,303,8d83b97,-0.642141,-1.554388,0.739774,0.545288,-0.790230,0.129316,0.175805,-0.013731,0.218243
GRID_001820,303,8d83b97,1.194347,-0.410538,1.569958,0.451066,-1.268191,-0.168425,0.066170,0.126196,0.180957
GRID_001821,303,8d83b97,2.867726,0.649356,0.989791,1.538885,-0.268063,-0.003701,0.002765,0.292621,0.004620
GRID_001822,303,8d83b97,-2.261826,-1.373270,1.083686,-0.275500,-0.297567,0.152280,-0.130077,-0.005987,0.200273
GRID_001823,303,8d83b97,0.529226,0.966572,-1.471192,0.940621,1.558657,0.082781,-0.145586,0.058112,0.167475
GRID_001824,303,8d83b97,-2.820251,-0.416084,0.450657,0.068183,-0.458483,0.048538,-0.159524,0.260619,0.166745
GRID_001825,303,8d83b97,2.171744,-0.951843,-0.920281,-0.133343,0.255144,-0.106438,-0.069375,0.271107,0.127051
GRID_001826,303,8d83b97,2.211083,0.182474,0.921374,-0.992232,-1.355760,-0.075543,-0.052470,0.283690,0.091978
GRID_001827,303,8d83b97,1.325352,1.380908,-1.280568,-1.045301,-0.294311,0.158681,-0.039624,-0.003025,0.163553
GRID_001828,303,8d83b97,0.470606,-1.362327,0.143492,-0.795060,-0.040676,-0.118883,0.229258,0.099121,0.258249
GRID_001829,303,8d83b97,2.464491,1.287338,-0.818051,-0.673138,0.720230,0.128225,0.165438,0.059141,0.209312
GRID_001830,303,8d83b97,1.670329,1.492140,1.408047,-1.038453,1.144886,0.100294,0.011281,0.221018,0.100926
GRID_001831,303,8d83b97,0.678073,0.992293,1.450760,-0.671574,1.207276,0.008182,-0.012987,0.257659,0.015349
GRID_001832,303,8d83b97,2.918706,-1.017349,-0.166244,-0.389207,-1.157140,-0.052474,-0.211440,0.214835,0.217854
GRID_001833,303,8d83b97,2.532896,1.075628,-0.993663,-0.759884,-0.001763,0.111926,0.167295,0.085787,0.201283
GRID_001834,303,8d83b97,-0.553832,-1.099680,0.094553,-0.830348,-1.546669,0.124513,0.204877,0.167552,0.239746
GRID_001835,303,8d83b97,0.197251,0.475190,1.332854,-0.041895,1.171746,-0.015527,0.065206,0.262318,0.067029
GRID_001836,303,8d83b97,-0.882168,-0.900428,-1.450612,-0.736204,-0.260171,0.034785,0.030238,0.262165,0.046090
GRID_001837,303,8d83b97,-1.227669,0.438087,-0.820698,-0.001775,1.250413,-0.144910,-0.051645,0.234836,0.153838
GRID_001838,303,8d83b97,1.480859,0.593351,-0.599818,0.913955,-0.654870,0.159292,-0.013627,0.234166,0.159874
GRID_001839,303,8d83b97,-1.566148,-0.958891,0.255989,-0.591654,-1.348266,0.230942,0.000013,0.179424,0.230942
GRID_001840,303,8d83b97,2.023712,-0.996279,0.171945,-0.057928,-1.331989,-0.215113,-0.101826,0.181391,0.237996
GRID_001841,303,8d83b97,-2.144527,-1.390683,-0.277204,-1.036396,-0.941859,0.203993,-0.135345,0.144759,0.244809
GRID_001842,303,8d83b97,-2.016076,-0.945198,1.059290,1.322587,-0.486890,0.197322,-0.096914,0.083003,0.219837
GRID_001843,303,8d83b97,2.486885,-0.651386,0.223826,0.330886,-0.646938,-0.120905,-0.151258,0.244916,0.193641
GRID_001844,303,8d83b97,-0.016099,0.872802,-1.139686,0.396145,-0.970101,-0.005551,-0.192049,0.111541,0.192129
GRID_001845,303,8d83b97,-0.753158,-0.122738,-0.411665,-1.432084,-0.566877,0.000341,0.002473,0.319834,0.002496
GRID_001846,303,8d83b97,0.840659,0.551269,0.171392,0.065717,0.919532,0.059032,-0.054502,0.303168,0.080344
GRID_001847,303,8d83b97,-2.118287,0.860535,-0.644756,-1.011977,0.913913,-0.173659,0.102529,0.176282,0.201667
GRID_001848,303,8d83b97,2.943909,-0.943962,0.869702,-0.378275,0.320666,-0.050100,-0.227781,0.105487,0.233226
GRID_001849,303,8d83b97,2.265587,1.343629,1.568974,0.797093,0.063062,0.043650,0.040415,0.232569,0.059487
GRID_001850,303,8d83b97,-1.197549,0.620863,-0.334837,-0.551102,1.261066,-0.142540,-0.055629,0.258003,0.153010
GRID_001851,303,8d83b97,1.009752,1.442308,-0.186033,0.519632,-1.398208,0.191362,-0.121160,0.100427,0.226494
GRID_001852,303,8d83b97,-0.702886,-0.886758,0.936142,-0.237739,1.113963,0.144861,0.173499,0.109813,0.226023
GRID_001853,303,8d83b97,-1.695580,-1.212993,0.078752,0.150719,-0.572849,0.244104,-0.032144,0.143201,0.246211
GRID_001854,303,8d83b97,-1.992907,0.426935,1.217759,1.039173,0.475073,0.056480,-0.027974,0.271241,0.063028
GRID_001855,303,8d83b97,2.671994,1.358203,-1.415054,-1.142209,0.086656,0.065255,0.137473,-0.007206,0.152175
GRID_001856,303,8d83b97,0.748554,1.271056,-1.141891,0.532856,-1.112635,0.125291,-0.137151,0.029060,0.185764
GRID_001857,303,8d83b97,-1.723222,-1.137452,0.699985,-0.397960,0.206744,0.235801,-0.037804,0.082714,0.238812
GRID_001858,303,8d83b97,-1.576454,1.464336,-1.492188,-1.022847,-0.823954,-0.137558,-0.000186,-0.027291,0.137558
GRID_001859,303,8d83b97,-0.833792,1.164254,1.550607,0.265874,1.063180,-0.029258,-0.024652,0.244684,0.038259
GRID_001860,303,8d83b97,-0.169560,-0.509224,-0.545246,1.157101,0.108252,0.010861,0.077311,0.307319,0.078070
GRID_001861,303,8d83b97,-0.604840,0.844711,-0.992572,-0.935451,0.414051,-0.114129,-0.161899,0.135408,0.198082
GRID_001862,303,8d83b97,-1.499820,-0.756255,-0.695125,-1.442644,0.965270,0.109913,0.007002,0.288426,0.110136
GRID_001863,303,8d83b97,-0.486606,-0.973240,-1.453644,-1.521878,0.304031,0.026174,0.053972,0.258977,0.059984
GRID_001864,303,8d83b97,2.279228,-1.268744,1.387588,-0.271090,-0.926473,-0.139371,-0.115246,-0.006605,0.180848
GRID_001865,303,8d83b97,2.348210,-1.172781,-0.852403,0.556292,-0.430912,-0.126446,-0.119615,0.239226,0.174058
GRID_001866,303,8d83b97,-1.220694,0.876230,0.649689,-0.341309,1.073874,-0.090772,-0.032998,0.284037,0.096583
GRID_001867,303,8d83b97,1.674124,1.317323,0.583243,-0.533585,-0.413603,0.172681,0.019303,0.213769,0.173757
GRID_001868,303,8d83b97,-2.938778,-0.274841,-0.149996,1.094293,1.253452,0.010438,-0.072888,0.316372,0.073632
GRID_001869,303,8d83b97,-1.346344,0.414446,0.085300,-0.215999,0.699301,-0.063908,-0.014915,0.311883,0.065625
GRID_001870,303,8d83b97,1.134130,0.873363,1.128234,-0.127577,-1.272463,0.026304,-0.012825,0.279229,0.029264
GRID_001871,303,8d83b97,1.609025,1.087237,0.198125,0.238030,0.632891,0.177553,0.007985,0.225036,0.177733
GRID_001872,303,8d83b97,0.725140,0.281628,1.209470,-0.414854,1.459020,-0.064239,0.070030,0.262522,0.095031
GRID_001873,303,8d83b97,-2.007295,0.752940,-0.322905,-0.807613,1.127325,-0.158910,0.071331,0.236215,0.174185
GRID_001874,303,8d83b97,2.024764,0.841580,0.281560,-0.918384,1.260299,0.113632,0.058308,0.273479,0.127719
GRID_001875,303,8d83b97,-2.157804,-0.621827,-1.520096,-1.545035,-0.748381,-0.011466,0.004204,0.258432,0.012213
GRID_001876,303,8d83b97,2.884830,1.567924,-0.022340,-1.457314,-0.935259,0.054112,0.223465,0.090697,0.229923
GRID_001877,303,8d83b97,2.997306,-0.822447,1.446861,-0.652203,-0.541101,-0.032287,-0.192097,0.067248,0.194791
GRID_001878,303,8d83b97,-1.567355,1.558437,-0.033479,-0.260101,0.870849,-0.234173,-0.001881,0.091594,0.234180
GRID_001879,303,8d83b97,-2.442284,-0.740818,-0.473429,1.562080,-0.895404,0.084504,-0.106232,0.283622,0.135743
GRID_001880,303,8d83b97,-2.868533,-0.728210,-0.281026,0.768347,1.435571,0.038058,-0.152202,0.275161,0.156888
GRID_001881,303,8d83b97,2.275688,-1.162173,-1.228025,-0.630666,-0.443853,-0.097764,-0.078959,0.249946,0.125668
GRID_001882,303,8d83b97,-0.094500,0.533974,0.935018,-0.134292,0.919917,-0.000958,0.015690,0.296421,0.015719
GRID_001883,303,8d83b97,0.830588,-1.527660,0.744888,-1.226723,1.443275,-0.166875,0.150660,-0.008646,0.224824
GRID_001884,303,8d83b97,2.878994,0.928402,-0.907841,0.748231,0.594103,0.048153,0.195899,0.128195,0.201731
GRID_001885,303,8d83b97,-2.537964,-1.525255,1.135864,-0.613457,-0.013043,0.098895,-0.150154,-0.036472,0.179796
GRID_001886,303,8d83b97,-0.115355,0.135703,0.188975,-0.339026,-0.014523,-0.000340,0.017519,0.322887,0.017523
GRID_001887,303,8d83b97,-0.383022,-1.514641,-0.498528,1.131649,0.670774,0.088569,0.225531,0.141598,0.242299
GRID_001888,303,8d83b97,-0.095868,1.131659,0.509662,-0.105039,-1.365539,-0.017465,-0.156720,0.242058,0.157690
GRID_001889,303,8d83b97,0.096081,-0.798544,0.421622,-1.532812,-0.242646,-0.023809,0.222238,0.193624,0.223510
GRID_001890,303,8d83b97,-0.800866,-0.944428,-0.564337,-0.209363,-0.371831,0.116717,0.115024,0.259804,0.163870
GRID_001891,303,8d83b97,-0.420744,1.171312,-0.456721,0.121227,0.711841,-0.092351,-0.201295,0.130623,0.221469
GRID_001892,303,8d83b97,1.196212,-1.476291,-1.229200,0.812807,-1.085487,-0.161402,0.063137,0.207891,0.173311
GRID_001893,303,8d83b97,-1.080774,-1.274778,-0.196033,-1.554897,-0.255805,0.211662,0.113517,0.162106,0.240181
GRID_001894,303,8d83b97,1.871200,0.054640,-0.316316,-1.180640,-1.250411,0.021427,0.008819,0.318602,0.023171
GRID_001895,303,8d83b97,0.148689,1.000496,0.295557,-1.261318,0.108204,0.021042,-0.156317,0.249246,0.157727
GRID_001896,303,8d83b97,0.006673,1.383130,-1.272540,1.490856,-1.198335,-0.001361,-0.167588,-0.002889,0.167593
GRID_001897,303,8d83b97,1.213487,-0.010288,0.613652,0.768396,-0.812470,-0.097596,0.036247,0.294804,0.104109
GRID_001898,303,8d83b97,-1.185278,0.720795,0.596233,-0.517010,-0.862252,-0.065368,-0.026262,0.297945,0.070446
GRID_001899,303,8d83b97,-0.061356,-1.025552,1.123368,-0.167561,-1.131195,0.010873,0.217319,0.059508,0.217590
GRID_001900,303,8d83b97,2.487157,0.363096,-1.193938,0.096182,-0.878486,0.087759,0.120486,0.200985,0.149058
GRID_001901,303,8d83b97,1.129514,1.306695,0.141396,0.848434,-1.369716,0.188371,-0.089429,0.172775,0.208521
GRID_001902,303,8d83b97,-1.287020,0.963196,0.430926,-0.829877,0.148382,-0.134540,-0.039343,0.264295,0.140174
GRID_001903,303,8d83b97,-0.789648,-1.055616,-1.240071,-0.268194,0.533419,0.070190,0.071633,0.260437,0.100289
GRID_001904,303,8d83b97,2.246586,-1.031257,-0.249798,1.089895,1.309887,-0.169678,-0.131903,0.220305,0.214916
GRID_001905,303,8d83b97,0.317842,0.161577,-0.228210,-0.069304,1.124086,0.010425,-0.038743,0.316979,0.040121
GRID_001906,303,8d83b97,1.309731,-1.007014,-0.219231,0.594955,-0.211451,-0.207343,0.055574,0.222163,0.214662
GRID_001907,303,8d83b97,-1.347037,1.428152,-0.791558,-1.272747,-0.634484,-0.206256,-0.047225,0.030554,0.211594
GRID_001908,303,8d83b97,0.985201,-0.979915,0.046166,-0.570997,-1.444546,-0.191812,0.126201,0.199713,0.229605
GRID_001909,303,8d83b97,-1.232557,0.872666,-0.831009,1.045586,0.452534,-0.192299,-0.067533,0.149935,0.203813
GRID_001910,303,8d83b97,-2.433891,0.450269,0.726051,-1.341560,-0.666352,0.002244,-0.008246,0.307057,0.008546
GRID_001911,303,8d83b97,0.044176,0.670706,-1.339400,-1.137139,1.133844,0.005223,-0.174455,0.127630,0.174533
GRID_001912,303,8d83b97,3.011851,-1.216006,-1.085535,-0.917542,-1.445032,-0.023852,-0.148663,0.241493,0.150565
GRID_001913,303,8d83b97,2.286588,-1.061321,0.895508,1.341472,0.408195,-0.179623,-0.151889,0.076708,0.235233
GRID_001914,303,8d83b97,-1.077490,-1.518498,-0.958585,-0.581347,-1.393029,0.178244,0.096524,0.184841,0.202701
GRID_001915,303,8d83b97,2.497664,-1.514015,0.945559,1.478689,-1.104150,-0.126779,-0.162642,-0.022551,0.206217
GRID_001916,303,8d83b97,2.764348,-0.786372,-1.377691,-1.136023,0.170053,-0.017469,-0.032803,0.269910,0.037164
GRID_001917,303,8d83b97,1.290176,-0.766683,-1.436794,-0.728413,0.905595,-0.027738,0.007973,0.266218,0.028861
GRID_001918,303,8d83b97,0.320971,1.299602,-0.539961,0.168820,0.437297,0.067896,-0.211248,0.089798,0.221891
GRID_001919,303,8d83b97,2.436034,0.712746,-0.963799,-0.024896,1.058194,0.117129,0.143107,0.166202,0.184929
GRID_001920,303,8d83b97,-0.396580,-0.614422,0.854047,-1.467329,-1.079030,0.079496,0.195448,0.176908,0.210997
GRID_001921,303,8d83b97,-1.165940,-0.646201,0.109048,-0.519426,-0.236878,0.163627,0.070419,0.257152,0.178136
GRID_001922,303,8d83b97,-2.292572,1.495726,-1.079887,1.132518,0.759988,-0.137924,0.117025,-0.010123,0.180880
GRID_001923,303,8d83b97,-0.046371,-0.388724,1.453911,-0.124637,-1.354864,0.005924,0.182206,0.143425,0.182302
GRID_001924,303,8d83b97,-0.083161,-0.217540,-0.977830,-0.006558,0.948771,-0.005626,-0.038321,0.291282,0.038732
GRID_001925,303,8d83b97,1.868616,-1.351289,0.992935,0.803011,1.450458,-0.208063,-0.061781,0.005512,0.217042
GRID_001926,303,8d83b97,-1.330071,-0.072979,-1.347366,0.810211,0.781357,-0.093393,-0.023077,0.241538,0.096202
GRID_001927,303,8d83b97,-0.723711,-0.226959,0.998056,1.164422,-1.138321,0.107981,0.124597,0.227471,0.164877
GRID_001928,303,8d83b97,0.854994,1.327434,1.507166,-1.240995,-0.387903,0.047831,-0.043402,0.235956,0.064587
GRID_001929,303,8d83b97,2.691404,-0.415209,-0.795809,1.272135,-1.331469,-0.015513,-0.022592,0.306490,0.027406
GRID_001930,303,8d83b97,0.203103,1.141234,1.278399,0.551437,1.448829,0.010496,-0.063030,0.257415,0.063898
GRID_001931,303,8d83b97,-1.693798,-1.028628,0.551131,1.517635,-1.404963,0.238003,-0.030912,0.126305,0.240002
GRID_001932,303,8d83b97,2.264976,0.938346,-0.505266,-0.356190,-1.207776,0.152143,0.130885,0.177153,0.200695
GRID_001933,303,8d83b97,0.313312,1.385371,1.328979,-0.328443,-0.942236,0.027867,-0.093626,0.233318,0.097685
GRID_001934,303,8d83b97,2.617482,-0.906747,-1.001335,-0.169391,0.842240,-0.056904,-0.090469,0.276046,0.106877
GRID_001935,303,8d83b97,-2.922039,0.144549,-1.054984,-0.977038,-1.515420,-0.029361,0.111498,0.250374,0.115299
GRID_001936,303,8d83b97,3.042947,-1.520811,-1.433566,-0.152851,0.464990,-0.019206,-0.149628,0.207465,0.150855
GRID_001937,303,8d83b97,-3.107614,0.772770,-0.839897,0.305127,-0.122925,-0.011020,0.192362,0.169816,0.192677
GRID_001938,303,8d83b97,2.811547,0.896370,1.512579,-0.388848,0.303789,-0.006271,-0.005442,0.255011,0.008304
GRID_001939,303,8d83b97,2.179636,1.105508,-0.743639,-1.485492,1.542666,0.171318,0.123106,0.109413,0.210962
GRID_001940,303,8d83b97,1.047242,-0.350786,0.220466,1.210119,0.614211,-0.119190,0.068041,0.290412,0.137244
GRID_001941,303,8d83b97,-2.439087,0.283350,0.745127,-1.152010,-0.477216,0.028010,-0.038757,0.303303,0.047820
GRID_001942,303,8d83b97,2.503396,0.376490,-0.537906,0.887775,-0.381289,0.067703,0.097695,0.274712,0.118861
GRID_001943,303,8d83b97,-2.005640,1.397525,-1.422167,-0.200881,0.571175,-0.139260,0.062030,-0.014068,0.152450
GRID_001944,303,8d83b97,-1.407691,0.972904,-1.553530,1.471220,-0.668081,-0.162342,-0.027096,0.049975,0.164588
GRID_001945,303,8d83b97,1.453280,-1.020311,-0.306862,0.117288,0.133812,-0.207525,0.025162,0.227756,0.209045
GRID_001946,303,8d83b97,0.883194,-1.442249,1.289372,0.376416,0.404885,-0.136419,0.110420,-0.030096,0.175507
GRID_001947,303,8d83b97,-1.036727,-0.999796,0.151731,-0.656697,0.330200,0.198827,0.118371,0.183048,0.231395
GRID_001948,303,8d83b97,0.544895,-0.344587,1.307443,-1.072293,-1.421165,-0.097821,0.157508,0.169050,0.185413
GRID_001949,303,8d83b97,2.647023,0.751638,0.657880,1.498637,-0.992897,0.026999,0.058634,0.295784,0.064552
GRID_001950,303,8d83b97,-2.369736,0.727706,-0.095705,-0.817595,1.028965,-0.107662,0.105519,0.262940,0.150749
GRID_001951,303,8d83b97,-0.449300,0.353494,0.844952,0.699746,1.439056,0.017123,0.040326,0.299060,0.043811
GRID_001952,303,8d83b97,-0.115425,0.040534,1.350650,-0.319027,-1.034590,0.013462,0.137737,0.220947,0.138393
GRID_001953,303,8d83b97,1.831616,0.151222,-0.128226,1.491050,0.472068,0.021707,0.007819,0.320825,0.023072
GRID_001954,303,8d83b97,-2.798326,1.101412,-1.518550,0.036610,0.921598,-0.058072,0.150048,0.030234,0.160893
GRID_001955,303,8d83b97,0.735407,-1.395743,-0.655160,0.453308,-1.279943,-0.151610,0.165319,0.183946,0.224312
GRID_001956,303,8d83b97,-0.182596,-1.032507,0.243529,-0.891695,-0.684352,0.041321,0.236573,0.164476,0.240155
GRID_001957,303,8d83b97,-1.292195,-1.128915,1.492734,1.568628,-0.513577,0.166832,0.047751,0.010682,0.173531
GRID_001958,303,8d83b97,-1.520781,1.454667,0.434558,0.559624,1.276708,-0.209026,-0.011358,0.171776,0.209334
GRID_001959,303,8d83b97,2.649840,1.248082,1.438319,-1.564374,-1.525329,0.025462,0.055917,0.244419,0.061441
GRID_001960,303,8d83b97,-1.900473,0.166151,0.212425,0.376821,-0.938524,0.008832,-0.005344,0.322589,0.010322
GRID_001961,303,8d83b97,-1.274497,-1.288322,0.274179,1.476251,-0.407676,0.240427,0.073328,0.100342,0.251361
GRID_001962,303,8d83b97,-2.693967,0.950093,-0.312557,0.079642,-1.046365,-0.089962,0.177696,0.198229,0.199171
GRID_001963,303,8d83b97,-1.493469,1.415519,-0.988347,-0.955801,1.103636,-0.196113,-0.015952,0.013611,0.196760
GRID_001964,303,8d83b97,-0.264536,-0.538068,-1.198636,1.414593,-0.884685,-0.000937,0.005512,0.283867,0.005591
GRID_001965,303,8d83b97,2.266313,1.218323,-1.102528,1.475284,-0.139595,0.144643,0.124894,0.043611,0.191103
GRID_001966,303,8d83b97,-0.334033,-0.551267,-0.783458,-0.228483,1.225975,0.016476,0.054245,0.303047,0.056692
GRID_001967,303,8d83b97,-2.857211,1.482522,-0.345664,-0.005005,-0.478066,-0.068400,0.218373,0.070374,0.228835
GRID_001968,303,8d83b97,-0.298798,-1.441576,1.567512,0.095568,-0.302211,0.038091,0.131806,-0.037122,0.137200
GRID_001969,303,8d83b97,0.591212,0.420819,-0.517646,1.536567,-0.580891,0.068619,-0.105462,0.270554,0.125821
GRID_001970,303,8d83b97,1.898264,0.629206,-0.040962,-0.398347,0.396582,0.113466,0.040844,0.282097,0.120594
GRID_001971,303,8d83b97,2.994237,1.503540,-1.506579,0.688400,-0.377630,0.014421,0.126738,-0.033381,0.127556
GRID_001972,303,8d83b97,0.661496,-0.459200,-1.217061,1.180118,-0.650416,0.004637,-0.008803,0.281145,0.009950
GRID_001973,303,8d83b97,-1.004476,1.424153,1.217295,0.096296,-0.525079,-0.103192,-0.064559,0.227674,0.121723
GRID_001974,303,8d83b97,2.147142,-0.750972,-1.021248,1.514346,-1.475550,-0.063529,-0.037858,0.287361,0.073954
GRID_001975,303,8d83b97,2.530613,0.460884,0.525991,-0.770393,-0.040514,0.005608,0.014751,0.312925,0.015781
GRID_001976,303,8d83b97,0.107819,-0.402919,0.853099,1.060048,-0.637217,-0.022619,0.186475,0.216559,0.187842
GRID_001977,303,8d83b97,1.300056,0.646083,0.594941,-0.132171,1.036372,0.045868,-0.012617,0.303380,0.047572
GRID_001978,303,8d83b97,-2.311115,-0.108391,0.968297,-0.005447,-0.924532,0.104466,-0.099957,0.248076,0.144584
GRID_001979,303,8d83b97,-2.707661,1.106728,-1.296100,1.507813,-0.054402,-0.080507,0.163980,0.047516,0.182677
GRID_001980,303,8d83b97,-2.197094,-0.523513,-0.230318,0.687673,-0.092466,0.094056,-0.071878,0.298222,0.118376
GRID_001981,303,8d83b97,-0.300894,0.974192,-0.145809,-1.486155,1.344771,-0.059160,-0.183169,0.212398,0.192485
GRID_001982,303,8d83b97,-1.374188,0.790329,-0.273095,1.031778,0.311220,-0.173330,-0.034942,0.234623,0.176817
GRID_001983,303,8d83b97,0.004491,-1.322136,0.978854,0.004206,0.514120,-0.003433,0.217100,0.012620,0.217128
GRID_001984,303,8d83b97,-2.177970,0.517174,1.307103,0.288232,-0.822843,0.042404,-0.033013,0.266886,0.053740
GRID_001985,303,8d83b97,-1.169747,1.433048,1.529843,1.302539,0.707278,-0.077049,-0.032202,0.226115,0.083508
GRID_001986,303,8d83b97,1.486971,-0.631858,1.032084,-1.213219,-0.514862,-0.214956,0.018749,0.150763,0.215772
GRID_001987,303,8d83b97,-2.619924,-0.351057,-0.730515,0.927648,0.949631,0.005053,-0.016895,0.309593,0.017634
GRID_001988,303,8d83b97,2.808671,-1.377642,-0.891869,0.546939,0.064590,-0.068626,-0.185362,0.206516,0.197658
GRID_001989,303,8d83b97,1.366017,0.658494,0.351376,-0.834369,0.009097,0.079511,-0.016155,0.298953,0.081136
GRID_001990,303,8d83b97,-3.062256,1.484576,-0.878019,0.757767,0.087148,-0.020177,0.197444,0.009524,0.198472
GRID_001991,303,8d83b97,-0.987841,0.538030,1.362246,0.793220,0.583462,0.044770,0.030668,0.262371,0.054267
GRID_001992,303,8d83b97,-1.589874,0.991932,-1.332506,0.676205,1.271652,-0.184152,0.002476,0.066392,0.184168
GRID_001993,303,8d83b97,-1.423573,0.506635,-0.183314,0.807370,1.350844,-0.115630,-0.017734,0.287893,0.116982
GRID_001994,303,8d83b97,2.817146,0.427446,1.035189,0.937480,-1.198998,-0.020088,-0.046390,0.287456,0.050552
GRID_001995,303,8d83b97,-0.920556,0.745536,0.192845,-1.132347,-0.339853,-0.099753,-0.074603,0.281619,0.124564
GRID_001996,303,8d83b97,-1.933617,1.089366,-0.719676,0.724778,1.004471,-0.203720,0.074902,0.116093,0.217053
GRID_001997,303,8d83b97,-2.674068,-1.153379,-1.168774,1.266509,0.290606,0.053835,-0.115666,0.250720,0.127580
GRID_001998,303,8d83b97,-1.523234,-1.127990,-0.487294,-0.532200,-1.360022,0.200739,0.008646,0.222791,0.200925
GRID_001999,303,8d83b97,-0.588307,-1.388919,0.689055,-1.453421,-1.088953,0.128678,0.196197,0.026923,0.234630
GRID_002000,303,8d83b97,-1.199056,-1.209074,-0.145314,1.297285,1.345365,0.220754,0.086246,0.171200,0.237004
GRID_002001,303,8d83b97,-2.498690,1.365499,0.122215,1.333151,0.981581,-0.134816,0.173572,0.157119,0.219779
GRID_002002,303,8d83b97,-1.892536,-0.372298,0.760739,0.490017,-1.085351,0.166470,-0.057725,0.233007,0.176194
GRID_002003,303,8d83b97,2.188111,-1.042983,-0.967200,0.980118,-0.282490,-0.114296,-0.077452,0.261261,0.138067
GRID_002004,303,8d83b97,0.288255,-0.891131,0.578828,0.482564,0.484085,-0.069264,0.225616,0.153817,0.236008
GRID_002005,303,8d83b97,1.120816,-1.283272,-1.250728,0.873932,0.070533,-0.128978,0.061705,0.235822,0.142978
GRID_002006,303,8d83b97,-2.123077,0.196792,0.769893,0.853834,1.017444,0.057015,-0.038471,0.297472,0.068781
GRID_002007,303,8d83b97,-3.139943,0.548461,0.416516,-1.183232,0.871795,-0.004593,0.051542,0.309206,0.051746
GRID_002008,303,8d83b97,-2.483025,-1.179995,0.500537,1.239525,1.086059,0.148185,-0.197682,0.097464,0.247056
GRID_002009,303,8d83b97,-1.454197,0.546936,0.093929,0.240940,-0.392384,-0.093950,-0.011693,0.300233,0.094674
GRID_002010,303,8d83b97,0.817525,0.293293,0.781354,-1.203861,1.545595,-0.040428,0.036064,0.301276,0.054176
GRID_002011,303,8d83b97,-1.560848,-0.117764,1.427953,1.040784,-1.365163,0.155980,0.000654,0.189584,0.155982
GRID_002012,303,8d83b97,-2.319464,-0.853486,0.459961,-0.889695,1.157248,0.164423,-0.157420,0.177153,0.227631
GRID_002013,303,8d83b97,-2.530029,-1.542516,-0.231604,0.891525,-0.687827,0.142692,-0.210282,0.102924,0.254125
GRID_002014,303,8d83b97,-0.014557,0.226588,0.630401,0.725462,0.698844,-0.001686,0.049852,0.308299,0.049880
GRID_002015,303,8d83b97,-1.867471,-0.919236,-1.303090,0.820667,-0.220713,0.062830,-0.021281,0.268613,0.066337
GRID_002016,303,8d83b97,0.629135,-0.378936,-0.368711,1.503057,0.079046,-0.044388,0.058057,0.314033,0.073082
GRID_002017,303,8d83b97,-2.472904,-0.985814,-1.343892,1.219778,0.991692,0.043546,-0.061037,0.263090,0.074979
GRID_002018,303,8d83b97,1.297624,0.994131,-1.387052,1.367727,0.528223,0.166397,-0.046608,0.060697,0.172801
GRID_002019,303,8d83b97,-2.758872,-0.738307,-0.623690,-1.000684,-1.129297,0.039956,-0.110647,0.288841,0.117640
GRID_002020,303,8d83b97,-0.557428,1.195062,1.379028,0.374266,-0.079424,-0.035136,-0.052600,0.250362,0.063256
GRID_002021,303,8d83b97,-2.845546,0.017784,0.966360,-1.379263,0.049926,0.031981,-0.119582,0.263735,0.123785
GRID_002022,303,8d83b97,-2.289866,-0.042693,1.181424,0.449514,0.968865,0.105724,-0.096862,0.231263,0.143387
GRID_002023,303,8d83b97,2.424394,-1.135633,0.420743,-1.175202,-1.049485,-0.167955,-0.187029,0.118039,0.251374
GRID_002024,303,8d83b97,-2.471950,0.777939,1.070615,-0.734644,-0.244493,-0.016615,0.015040,0.285514,0.022411
GRID_002025,303,8d83b97,-3.030074,1.224528,0.157410,0.638581,-0.992317,-0.027012,0.200757,0.192684,0.202566
GRID_002026,303,8d83b97,0.825202,-1.029714,-0.038318,0.606881,-0.245138,-0.169914,0.155167,0.198593,0.230103
GRID_002027,303,8d83b97,2.462061,0.971768,-1.217818,-0.842166,0.925602,0.114753,0.147860,0.082347,0.187165
GRID_002028,303,8d83b97,2.796871,0.264822,-0.143013,-1.249408,0.428425,0.014186,0.052294,0.314120,0.054184
GRID_002029,303,8d83b97,2.195863,0.720017,1.467800,-1.515917,-0.211569,-0.030831,-0.018638,0.257890,0.036027
GRID_002030,303,8d83b97,2.276045,-1.299778,1.252959,-0.411983,-1.388817,-0.149427,-0.123033,-0.004147,0.193560
GRID_002031,303,8d83b97,1.286368,-1.507635,-0.429507,-0.989260,-0.962743,-0.240276,0.070337,0.135297,0.250359
GRID_002032,303,8d83b97,-1.058251,-0.889271,0.033803,-0.069013,-1.428240,0.183700,0.104067,0.219833,0.211129
GRID_002033,303,8d83b97,0.970023,0.368516,-0.142127,-1.436407,0.074844,0.062309,-0.043767,0.305779,0.076144
GRID_002034,303,8d83b97,-0.010966,0.832068,1.019862,-0.819390,-0.877680,-0.002871,-0.037306,0.285197,0.037416
GRID_002035,303,8d83b97,-0.521977,-0.308670,0.150738,-1.012549,1.131139,0.056187,0.101521,0.300059,0.116033
GRID_002036,303,8d83b97,2.662097,-0.267307,0.035698,0.491296,1.127922,-0.048315,-0.083962,0.310292,0.096871
GRID_002037,303,8d83b97,-0.209318,1.489313,0.884479,0.899590,0.543225,-0.037300,-0.164204,0.203439,0.168387
GRID_002038,303,8d83b97,-3.117987,1.122713,0.621903,-0.557065,0.547130,-0.007869,0.143133,0.250305,0.143349
GRID_002039,303,8d83b97,-2.599753,-1.322161,-0.947955,-1.513414,1.169398,0.089938,-0.157128,0.219710,0.181047
GRID_002040,303,8d83b97,1.832099,-0.719265,-0.378980,-0.360231,0.365554,-0.143580,-0.036377,0.281978,0.148116
GRID_002041,303,8d83b97,-0.900692,1.540331,1.486433,-0.499696,0.508261,-0.082049,-0.063459,0.215410,0.103726
GRID_002042,303,8d83b97,-1.357638,1.207071,1.323755,-1.296049,-0.268320,-0.071999,-0.015809,0.250943,0.073714
GRID_002043,303,8d83b97,-2.008713,-1.556616,-0.611007,1.266177,0.443758,0.212635,-0.102351,0.144507,0.235986
GRID_002044,303,8d83b97,2.549086,0.501739,1.547004,-0.912970,1.322310,-0.046668,-0.062593,0.240557,0.078075
GRID_002045,303,8d83b97,-1.809540,0.389383,-0.589117,0.503103,-1.233450,-0.127599,0.029120,0.267900,0.130880
GRID_002046,303,8d83b97,-1.350264,-0.808248,-0.473906,0.959768,-1.500728,0.144425,0.032051,0.274813,0.147939
GRID_002047,303,8d83b97,-2.396881,-0.493867,1.112662,1.115921,0.786354,0.131393,-0.147732,0.167136,0.197709
GRID_002048,303,8d83b97,0.618071,-0.266413,0.640962,1.471101,-0.523812,-0.092147,0.126527,0.262834,0.156525
GRID_002049,303,8d83b97,-0.855855,-1.548520,-0.994075,0.023733,-0.435130,0.152148,0.133737,0.181741,0.202570
GRID_002050,303,8d83b97,2.323905,-0.843323,0.102378,-0.513230,-0.900781,-0.159123,-0.144469,0.221612,0.214922
GRID_002051,303,8d83b97,-0.304747,1.241974,0.278591,-0.724096,-0.181229,-0.060984,-0.186478,0.201539,0.196197
GRID_002052,303,8d83b97,0.536036,0.185307,-0.006607,0.010277,0.910817,0.007305,-0.016005,0.322161,0.017593
GRID_002053,303,8d83b97,-1.193047,-1.361658,-0.919231,0.038149,0.200908,0.174830,0.069635,0.211174,0.188188
GRID_002054,303,8d83b97,-2.553671,-0.992134,-0.477688,-0.847056,-0.526940,0.097863,-0.153922,0.246627,0.182398
GRID_002055,303,8d83b97,0.094578,-1.118825,1.329984,-0.168887,1.446799,-0.020964,0.194541,0.023060,0.195667
GRID_002056,303,8d83b97,2.573643,1.124797,-0.094123,0.841389,-0.631486,0.106712,0.174639,0.186216,0.204661
GRID_002057,303,8d83b97,-1.587081,-0.086993,-0.231579,1.481178,1.173459,0.015032,-0.001386,0.323141,0.015096
GRID_002058,303,8d83b97,1.108054,-0.859756,0.974959,0.946840,1.145146,-0.205091,0.101692,0.110875,0.228918
GRID_002059,303,8d83b97,1.983331,-0.655132,0.115143,-0.472340,-0.690418,-0.171905,-0.072562,0.255069,0.186592
GRID_002060,303,8d83b97,-0.205814,-1.458737,-1.235120,-0.205925,1.558790,0.031655,0.163369,0.210837,0.166408
GRID_002061,303,8d83b97,1.025085,0.961171,-0.743218,-1.108210,-0.896669,0.174145,-0.106631,0.141876,0.204198
GRID_002062,303,8d83b97,-2.376794,-1.455163,-1.127814,-0.735692,-0.891421,0.120153,-0.130245,0.206779,0.177202
GRID_002063,303,8d83b97,-2.175348,-1.347101,1.430665,1.280161,0.259882,0.132358,-0.094951,-0.020930,0.162894
GRID_002064,303,8d83b97,-2.296543,-0.047120,1.506592,0.346621,1.222648,0.109033,-0.101030,0.189548,0.148644
GRID_002065,303,8d83b97,-0.409374,-1.108975,0.029641,-1.273665,-0.977608,0.092935,0.219432,0.173276,0.238301
GRID_002066,303,8d83b97,-2.051637,-0.609273,1.411241,1.095236,-0.341748,0.169110,-0.091073,0.109640,0.192074
GRID_002067,303,8d83b97,-1.483367,0.209632,-1.078898,0.047722,-0.240453,-0.129269,-0.012042,0.238820,0.129829
GRID_002068,303,8d83b97,-0.510177,-1.424780,-1.030757,1.081777,-1.440796,0.088727,0.162654,0.206766,0.185281
GRID_002069,303,8d83b97,0.082703,-0.959192,0.772342,-0.787622,-0.023364,-0.021953,0.235549,0.114113,0.236570
GRID_002070,303,8d83b97,-2.116833,1.125916,-1.414687,0.452099,0.110148,-0.148572,0.087066,0.033689,0.172204
GRID_002071,303,8d83b97,0.179557,0.838810,1.359070,0.128660,0.915520,-0.002663,0.000882,0.267270,0.002805
GRID_002072,303,8d83b97,-0.825081,-0.200875,-1.243351,0.245139,-0.219657,-0.050129,-0.044452,0.265168,0.066999
GRID_002073,303,8d83b97,1.418354,0.126778,-0.320832,0.072399,1.314455,0.040229,-0.005636,0.314881,0.040622
GRID_002074,303,8d83b97,-2.311617,-1.248279,-0.928491,0.694917,1.454711,0.124473,-0.118389,0.230889,0.171783
GRID_002075,303,8d83b97,2.000908,1.016247,-1.034079,-0.143519,1.470781,0.178385,0.084515,0.093872,0.197393
GRID_002076,303,8d83b97,-0.085576,-0.028508,-1.295002,-1.033539,-1.487029,-0.010833,-0.097397,0.242936,0.097998
GRID_002077,303,8d83b97,-2.862728,-0.960318,-1.424820,-0.078308,-0.236608,0.012879,-0.060479,0.261049,0.061835
GRID_002078,303,8d83b97,-0.022884,1.232881,0.214290,-0.296443,-1.293082,-0.006934,-0.199000,0.196907,0.199120
GRID_002079,303,8d83b97,1.088484,-0.739966,1.454068,-0.590723,0.246548,-0.174951,0.090815,0.081453,0.197117
GRID_002080,303,8d83b97,0.368148,0.940743,1.468211,-1.462334,-0.046687,-0.000315,-0.005591,0.257788,0.005600
GRID_002081,303,8d83b97,-2.340736,-0.149595,1.189305,-0.978565,-1.188740,0.111848,-0.113135,0.215293,0.159089
GRID_002082,303,8d83b97,0.272485,-0.594012,0.345713,0.610730,-1.144957,-0.053781,0.184051,0.242196,0.191748
GRID_002083,303,8d83b97,0.935875,1.445091,-0.579577,1.225577,1.081837,0.174394,-0.129713,0.050653,0.217345
GRID_002084,303,8d83b97,1.849390,-0.808579,-0.786886,0.249675,0.868648,-0.112127,-0.030018,0.284512,0.116075
GRID_002085,303,8d83b97,-0.658510,1.180693,-1.504809,0.729508,-1.509872,-0.098634,-0.124556,0.017528,0.158880
GRID_002086,303,8d83b97,-0.952469,0.902884,1.125153,-1.205451,-0.958987,-0.034363,-0.023194,0.277896,0.041458
GRID_002087,303,8d83b97,-1.217545,-0.432232,-0.684667,1.067651,0.886684,0.037478,0.013965,0.309617,0.039995
GRID_002088,303,8d83b97,0.582623,-0.041902,0.204017,0.001433,-0.411572,-0.036947,0.052771,0.317759,0.064419
GRID_002089,303,8d83b97,-1.864027,-0.847959,-0.536821,-0.246823,0.043687,0.141349,-0.044836,0.272411,0.148290
GRID_002090,303,8d83b97,1.320301,0.414601,-0.245092,-0.668575,-0.540844,0.094261,-0.023902,0.294514,0.097245
GRID_002091,303,8d83b97,-2.494971,-1.489516,1.526929,1.247035,-1.252191,0.078759,-0.110414,-0.042769,0.135625
GRID_002092,303,8d83b97,1.615778,0.323500,0.769693,-0.950010,-0.291294,-0.047099,-0.000952,0.303063,0.047109
GRID_002093,303,8d83b97,2.483439,1.515891,-1.087178,0.447587,1.032588,0.103201,0.139564,-0.014510,0.173576
GRID_002094,303,8d83b97,-0.547037,-1.393454,0.420293,-1.254072,1.148018,0.128056,0.213885,0.056810,0.249289
GRID_002095,303,8d83b97,1.099743,-0.644109,0.595535,-0.159256,-0.230962,-0.190780,0.096563,0.203630,0.213826
GRID_002096,303,8d83b97,-0.649638,-0.196604,-0.468194,-0.801557,0.430409,0.006493,0.011320,0.318610,0.013049
GRID_002097,303,8d83b97,0.812766,-0.108436,-0.937539,-0.650626,0.299265,0.038954,-0.038752,0.287980,0.054947
GRID_002098,303,8d83b97,1.682280,-0.091091,-0.207060,0.334178,-1.026062,-0.026057,-0.001459,0.323305,0.026098
GRID_002099,303,8d83b97,2.714418,-0.774031,1.463185,1.346099,-0.025929,-0.084343,-0.175507,0.074441,0.194722
GRID_002100,303,8d83b97,-1.597453,-1.483065,-0.102539,-1.316567,0.036649,0.253737,-0.007943,0.101082,0.253861
GRID_002101,303,8d83b97,-2.279870,0.927742,-1.414398,0.382818,0.922586,-0.136690,0.113050,0.070633,0.177382
GRID_002102,303,8d83b97,-1.216506,1.207378,-1.416267,-0.301881,0.289926,-0.157611,-0.058044,0.018844,0.167960
GRID_002103,303,8d83b97,2.257040,-1.190128,1.189453,-1.025363,1.556269,-0.162975,-0.129427,0.020734,0.208116
GRID_002104,303,8d83b97,0.314219,0.121942,1.278377,-1.350647,1.259339,-0.040895,0.118274,0.239449,0.125145
GRID_002105,303,8d83b97,-2.482068,0.754361,-1.298804,-0.087482,0.155826,-0.114621,0.141795,0.116433,0.182329
GRID_002106,303,8d83b97,-3.105281,-0.042920,1.202675,-0.160470,1.145509,0.000917,-0.146639,0.228613,0.146642
GRID_002107,303,8d83b97,0.574193,1.187585,-0.792392,0.764572,-0.736922,0.113389,-0.178717,0.084741,0.211653
GRID_002108,303,8d83b97,-2.918453,0.038077,0.969340,0.024880,-1.328035,0.022391,-0.118383,0.265629,0.120482
GRID_002109,303,8d83b97,-1.180649,-0.054382,-1.431192,0.575995,-1.055937,-0.094701,-0.038557,0.229311,0.102249
GRID_002110,303,8d83b97,2.018617,0.532592,-0.334453,1.324590,1.396235,0.116336,0.058721,0.271757,0.130316
GRID_002111,303,8d83b97,-2.161771,1.287270,0.800474,0.828785,0.952344,-0.127838,0.082224,0.233370,0.151998
GRID_002112,303,8d83b97,-1.536723,-0.457707,-0.903502,-0.877921,0.576196,0.018730,-0.000277,0.301412,0.018732
GRID_002113,303,8d83b97,2.517308,0.267329,0.405487,-1.481696,1.151636,-0.012086,-0.010186,0.318595,0.015806
GRID_002114,303,8d83b97,-1.141594,0.815915,1.438361,0.000782,0.437622,0.008836,0.004600,0.261372,0.009962
GRID_002115,303,8d83b97,-0.268399,0.996409,0.808346,0.499333,-0.607315,-0.028247,-0.094003,0.273726,0.098156
GRID_002116,303,8d83b97,-0.890460,1.035945,-1.154413,-0.958606,0.080326,-0.153259,-0.122509,0.076091,0.196206
GRID_002117,303,8d83b97,1.669292,1.167848,0.749844,-0.768826,1.482875,0.131568,0.014361,0.249612,0.132349
GRID_002118,303,8d83b97,0.838992,-0.950579,-0.697883,-0.045966,-1.087351,-0.115587,0.102113,0.265321,0.154232
GRID_002119,303,8d83b97,-1.233390,-0.912179,0.878349,-1.025538,1.236617,0.215101,0.075596,0.111366,0.227999
GRID_002120,303,8d83b97,-0.869774,0.223835,-1.336552,0.645500,-1.233417,-0.106317,-0.088091,0.204680,0.138070
GRID_002121,303,8d83b97,2.612565,1.499821,1.514066,0.183293,-0.913863,0.042145,0.079782,0.219699,0.090229
GRID_002122,303,8d83b97,-0.772025,-0.567177,-0.332169,-1.013457,1.139524,0.079883,0.084047,0.297845,0.115953
GRID_002123,303,8d83b97,-2.007285,0.024686,-1.212548,0.383037,0.037679,-0.096717,0.042417,0.246641,0.105610
GRID_002124,303,8d83b97,-2.672017,-0.193015,1.182642,0.811268,0.448885,0.071336,-0.149517,0.209594,0.165663
GRID_002125,303,8d83b97,0.950000,-1.379430,1.357786,1.354639,0.841798,-0.142220,0.100373,-0.023047,0.174073
GRID_002126,303,8d83b97,1.255303,-1.140311,0.622877,-0.191913,0.538901,-0.236163,0.077037,0.091474,0.248411
GRID_002127,303,8d83b97,0.142918,-1.391958,1.186740,-1.061900,-0.649005,-0.029563,0.188200,-0.016340,0.190507
GRID_002128,303,8d83b97,2.816290,-1.404981,-0.446060,1.471809,0.190844,-0.080857,-0.226180,0.160738,0.240198
GRID_002129,303,8d83b97,-0.324585,0.900308,-0.710416,-0.234205,0.959083,-0.067167,-0.192645,0.159385,0.204019
GRID_002130,303,8d83b97,2.520344,-0.297425,0.000763,1.363385,-1.189283,-0.061337,-0.079032,0.309408,0.100041
GRID_002131,303,8d83b97,2.134369,-0.733871,-1.547176,0.448024,0.790010,-0.011165,-0.003789,0.257539,0.011790
GRID_002132,303,8d83b97,0.668188,1.310292,0.048531,0.858366,-0.675516,0.131751,-0.169563,0.161150,0.214732
GRID_002133,303,8d83b97,-2.761700,0.597276,-1.203797,-1.300621,-1.066463,-0.069095,0.161749,0.158186,0.175889
GRID_002134,303,8d83b97,1.820712,1.268683,-0.718278,-1.553737,1.312885,0.206282,0.054601,0.075100,0.213386
GRID_002135,303,8d83b97,2.627985,1.460743,0.236231,-0.731252,0.324777,0.103165,0.191166,0.148406,0.217227
GRID_002136,303,8d83b97,-0.510308,1.072779,0.799579,-1.266068,-0.765060,-0.057650,-0.098921,0.264477,0.114494
GRID_002137,303,8d83b97,0.799038,1.473158,-0.231340,-1.352870,-0.714673,0.161914,-0.159423,0.087133,0.227226
GRID_002138,303,8d83b97,0.333598,-0.770428,0.018813,-0.874698,-0.304757,-0.066243,0.184468,0.244070,0.196002
GRID_002139,303,8d83b97,-0.497802,0.123473,1.157345,-1.354916,0.221499,0.053597,0.102939,0.253813,0.116056
GRID_002140,303,8d83b97,-0.582500,1.107611,0.210904,-1.276420,-0.883460,-0.103226,-0.153420,0.222246,0.184915
GRID_002141,303,8d83b97,-2.023587,-1.209389,-0.474469,-0.822419,1.046010,0.190785,-0.095687,0.205640,0.213436
GRID_002142,303,8d83b97,-2.542174,0.521408,-0.216088,0.733337,0.605441,-0.072014,0.098428,0.283448,0.121959
GRID_002143,303,8d83b97,-1.304920,1.506053,-0.291339,1.544272,-1.262453,-0.223952,-0.061170,0.071519,0.232156
GRID_002144,303,8d83b97,1.492686,-0.140482,-1.254297,1.307636,-0.021736,0.072599,-0.004986,0.258908,0.072770
GRID_002145,303,8d83b97,-3.084805,-0.455219,-0.327738,-0.046245,-0.591011,0.000809,-0.093806,0.308064,0.093810
GRID_002146,303,8d83b97,2.121545,1.362353,-0.520479,-0.948682,-0.888417,0.186659,0.117987,0.077349,0.220822
GRID_002147,303,8d83b97,-0.926319,0.681798,0.996627,-0.505067,-0.628547,-0.009801,-0.006023,0.291656,0.011504
GRID_002148,303,8d83b97,1.478967,0.932819,-0.436841,1.457240,0.289867,0.196543,-0.017356,0.186854,0.197308
GRID_002149,303,8d83b97,1.781794,1.119256,0.322978,0.623914,1.451304,0.166959,0.037578,0.230051,0.171136
GRID_002150,303,8d83b97,2.524015,-0.526057,0.945422,0.829191,-0.909889,-0.122311,-0.165638,0.182416,0.205903
GRID_002151,303,8d83b97,-0.453755,-1.160342,0.865666,0.437797,1.419501,0.099673,0.209142,0.058355,0.231679
GRID_002152,303,8d83b97,2.275554,1.122906,1.568506,-1.010310,-0.170621,0.016389,0.018043,0.245475,0.024375
GRID_002153,303,8d83b97,1.484199,-1.132248,-0.568217,0.953201,-0.176552,-0.199514,0.018071,0.228427,0.200331
GRID_002154,303,8d83b97,-1.643097,-1.349555,-0.255107,1.270707,-0.459506,0.241788,-0.018847,0.151744,0.242522
GRID_002155,303,8d83b97,0.220205,0.761764,0.265006,0.898204,-0.018062,0.023109,-0.113776,0.283521,0.116099
GRID_002156,303,8d83b97,1.513178,1.211584,-1.396806,1.255594,0.807379,0.162855,-0.008651,0.019483,0.163084
GRID_002157,303,8d83b97,-0.547256,-0.971063,-0.246094,-1.079225,-1.026996,0.103466,0.173389,0.231655,0.201914
GRID_002158,303,8d83b97,-0.258965,-1.170019,1.387846,0.413509,-1.432752,0.045044,0.179425,0.010014,0.184993
GRID_002159,303,8d83b97,1.197993,0.287758,-0.996158,-0.734594,1.184706,0.122748,-0.048279,0.237457,0.131902
GRID_002160,303,8d83b97,-3.065910,0.979221,0.189279,-1.277731,0.985195,-0.017011,0.164661,0.244454,0.165538
GRID_002161,303,8d83b97,-3.021760,1.273494,-1.195252,0.644260,0.201889,-0.026310,0.181630,0.023828,0.183526
GRID_002162,303,8d83b97,-2.142098,1.498029,-0.399895,-0.691846,-0.468088,-0.194200,0.121335,0.059884,0.228989
GRID_002163,303,8d83b97,-1.273760,-0.034374,-0.843490,0.020566,0.454080,-0.064502,-0.019775,0.290659,0.067465
GRID_002164,303,8d83b97,-2.245581,0.694817,0.303125,-1.312395,-0.752252,-0.080874,0.060570,0.293428,0.101042
GRID_002165,303,8d83b97,0.558511,0.710616,-0.404680,-0.158616,0.814852,0.087466,-0.143488,0.235067,0.168045
GRID_002166,303,8d83b97,-0.820372,-0.703984,-1.285710,-1.172735,-0.105242,0.019071,0.019664,0.277303,0.027393
GRID_002167,303,8d83b97,-0.074903,-1.208943,-0.830764,0.351928,0.737690,0.011027,0.179138,0.232245,0.179477
GRID_002168,303,8d83b97,1.248577,0.107706,1.062591,-0.093015,-0.407377,-0.111866,0.037219,0.262779,0.117895
GRID_002169,303,8d83b97,-1.687154,-0.093666,0.128987,-1.324524,-1.218899,0.061663,-0.008702,0.318013,0.062274
GRID_002170,303,8d83b97,0.638741,-0.757528,0.388244,-1.266160,-0.598840,-0.131918,0.174765,0.206141,0.218964
GRID_002171,303,8d83b97,-1.457389,1.121493,-0.201523,0.730385,0.148762,-0.213072,-0.024968,0.174152,0.214530
GRID_002172,303,8d83b97,1.488876,0.267914,0.672872,-1.488927,-1.153062,-0.048502,0.004725,0.307225,0.048732
GRID_002173,303,8d83b97,-0.866784,1.447731,-1.015465,0.568171,1.280961,-0.146537,-0.122838,0.004588,0.191212
GRID_002174,303,8d83b97,-0.934654,1.493160,0.195618,-0.024606,0.717552,-0.182063,-0.133259,0.135978,0.225621
GRID_002175,303,8d83b97,2.763362,-0.937963,0.507162,-1.505557,-1.234593,-0.092335,-0.220858,0.152530,0.239383
GRID_002176,303,8d83b97,0.339475,-0.783730,0.518471,-0.060870,1.130012,-0.077220,0.212031,0.184719,0.225655
GRID_002177,303,8d83b97,1.207968,0.772756,-1.224226,-0.587866,-0.505364,0.169378,-0.064575,0.121659,0.181270
GRID_002178,303,8d83b97,-0.832926,1.051392,-0.341518,-0.810309,-1.320293,-0.157741,-0.141738,0.172674,0.212065
GRID_002179,303,8d83b97,1.527329,-0.695185,1.327656,0.865762,0.539349,-0.205927,0.009736,0.102996,0.206157
GRID_002180,303,8d83b97,1.965202,0.222182,1.475705,-0.642015,-0.847897,-0.110979,-0.043775,0.226012,0.119300
GRID_002181,303,8d83b97,-1.945337,-1.509089,-0.327619,1.129321,-0.041254,0.230554,-0.093146,0.122827,0.248659
GRID_002182,303,8d83b97,2.092072,-0.190522,0.819810,-1.303652,-0.194724,-0.136430,-0.075205,0.253900,0.155785
GRID_002183,303,8d83b97,0.046383,-0.805505,-0.023211,1.401526,1.457352,-0.011512,0.196896,0.241728,0.197232
GRID_002184,303,8d83b97,1.935712,0.016903,1.427206,1.009802,0.870893,-0.137688,-0.050305,0.208251,0.146590
GRID_002185,303,8d83b97,-2.661244,0.244840,-1.232172,-0.763518,0.900074,-0.067412,0.120629,0.214776,0.138188
GRID_002186,303,8d83b97,-2.095178,-0.824392,0.742379,0.397789,0.856460,0.195085,-0.116024,0.147533,0.226979
GRID_002187,303,8d83b97,0.693470,0.184481,0.774344,-0.441463,-0.398250,-0.050466,0.058152,0.296394,0.076996
GRID_002188,303,8d83b97,-0.216972,-0.161020,0.472468,-0.121945,-0.007841,0.023257,0.116251,0.291863,0.118555
GRID_002189,303,8d83b97,-3.028291,-0.891560,0.227840,0.167770,0.063043,0.021027,-0.224567,0.197403,0.225549
GRID_002190,303,8d83b97,1.270066,0.778569,1.517079,0.467952,-1.459158,-0.029074,0.008887,0.254279,0.030402
GRID_002191,303,8d83b97,2.629932,0.448438,-1.301600,-1.464240,-0.414153,0.074087,0.140043,0.172762,0.158433
GRID_002192,303,8d83b97,2.930403,-0.517575,-1.460815,-0.747470,1.437152,0.000409,0.022480,0.261053,0.022483
GRID_002193,303,8d83b97,2.436938,0.619698,-0.544591,0.478468,-0.044914,0.102146,0.125815,0.235812,0.162059
GRID_002194,303,8d83b97,0.442427,1.357492,-0.208324,-0.549914,1.475661,0.094717,-0.204711,0.118108,0.225562
GRID_002195,303,8d83b97,-0.301182,-0.703174,-0.928167,0.853236,-1.470428,0.019079,0.069079,0.292256,0.071666
GRID_002196,303,8d83b97,0.216447,-0.623996,0.977561,-0.485847,0.355914,-0.048150,0.207893,0.159235,0.213396
GRID_002197,303,8d83b97,0.245068,0.965915,1.017977,0.744865,0.337194,0.013156,-0.062337,0.276585,0.063710
GRID_002198,303,8d83b97,-2.378467,1.412704,0.144710,-0.360209,-0.625284,-0.156332,0.158286,0.148805,0.222473
GRID_002199,303,8d83b97,1.067433,0.766525,0.057405,1.286577,-1.382757,0.120192,-0.066868,0.269360,0.137541
GRID_002200,303,8d83b97,-2.754175,1.334080,-1.308737,1.313207,0.474477,-0.067649,0.154771,0.003541,0.168909
GRID_002201,303,8d83b97,-2.000328,0.307835,1.328947,-0.464653,1.486000,0.083232,-0.040747,0.251444,0.092671
GRID_002202,303,8d83b97,0.950303,-1.411215,-0.186356,0.402245,-0.096547,-0.208378,0.147763,0.128931,0.255451
GRID_002203,303,8d83b97,-2.274155,-1.389033,-1.182463,-1.514341,-1.053179,0.121085,-0.106911,0.219544,0.161529
GRID_002204,303,8d83b97,-0.340132,0.049507,-0.269987,1.286065,-1.306917,-0.008926,-0.018702,0.320405,0.020723
GRID_002205,303,8d83b97,-2.234663,-0.434428,0.699353,-0.649135,1.121054,0.142454,-0.115460,0.229823,0.183369
GRID_002206,303,8d83b97,1.568863,-0.310362,-1.406811,1.244200,0.717762,0.052473,0.000831,0.255670,0.052480
GRID_002207,303,8d83b97,0.790061,-1.563098,1.365283,0.568106,-1.278666,-0.108576,0.105452,-0.050240,0.151357
GRID_002208,303,8d83b97,-2.644760,1.446281,0.148301,0.689537,-0.725443,-0.110257,0.194727,0.141352,0.223775
GRID_002209,303,8d83b97,0.799902,1.200217,-1.033931,-1.299849,0.761582,0.140354,-0.138300,0.054463,0.197044
GRID_002210,303,8d83b97,1.490770,0.269002,0.301569,0.098936,-0.016156,-0.003149,0.001035,0.320623,0.003315
GRID_002211,303,8d83b97,-1.163915,-1.205986,-0.299748,-0.762173,1.242065,0.208349,0.090093,0.189029,0.226994
GRID_002212,303,8d83b97,1.752510,0.877804,-1.139449,-0.015439,0.367999,0.185422,0.035701,0.110539,0.188827
GRID_002213,303,8d83b97,1.099605,1.545528,1.481915,-0.617184,-0.311260,0.088108,-0.045630,0.214816,0.099223
GRID_002214,303,8d83b97,-1.918265,-0.154895,1.245505,0.044233,-0.681616,0.149643,-0.056467,0.207386,0.159942
GRID_002215,303,8d83b97,-1.819290,1.287494,1.534146,0.009488,0.977431,-0.059478,0.013273,0.238034,0.060941
GRID_002216,303,8d83b97,-0.354213,0.660856,-1.423195,0.800189,-1.292413,-0.061521,-0.159768,0.119631,0.171204
GRID_002217,303,8d83b97,0.177997,0.353505,1.530881,-0.627482,1.463943,-0.019996,0.097076,0.231542,0.099114
GRID_002218,303,8d83b97,-2.533056,-1.047152,-1.527042,0.251987,0.803312,0.033487,-0.054650,0.251522,0.064093
GRID_002219,303,8d83b97,-0.128912,-0.596000,-1.371577,-0.195983,-1.101228,-0.002522,-0.000277,0.271138,0.002537
GRID_002220,303,8d83b97,-0.756022,0.103488,1.020166,0.016036,0.733675,0.074445,0.081163,0.266934,0.110134
GRID_002221,303,8d83b97,-0.802342,-0.742174,-0.090502,-1.526826,0.322413,0.126843,0.124444,0.258897,0.177695
GRID_002222,303,8d83b97,-2.665041,-0.991328,1.245101,-0.339982,1.182419,0.091425,-0.185865,0.054351,0.207133
GRID_002223,303,8d83b97,-0.807229,-0.352832,0.891821,0.852144,1.557896,0.128534,0.124942,0.220326,0.179253
GRID_002224,303,8d83b97,2.503276,1.324308,-0.874004,-0.529055,0.464743,0.119015,0.166775,0.044666,0.204886
GRID_002225,303,8d83b97,0.347338,-1.323504,-0.639572,-0.658105,-0.047343,-0.075783,0.202881,0.197358,0.216573
GRID_002226,303,8d83b97,0.110096,-0.572311,0.672960,-0.531630,-1.569792,-0.024865,0.203104,0.207981,0.204621
GRID_002227,303,8d83b97,1.303719,0.909482,-0.971197,-0.415223,0.796202,0.189679,-0.051801,0.124358,0.196625
GRID_002228,303,8d83b97,0.057469,1.188312,1.123579,1.031432,-0.369465,0.002834,-0.092320,0.255147,0.092363
GRID_002229,303,8d83b97,-1.977034,-0.058978,0.386721,-0.788854,0.977829,0.076809,-0.035688,0.307313,0.084695
GRID_002230,303,8d83b97,0.228917,0.429740,-0.062285,-1.393693,0.205174,0.016549,-0.081097,0.304243,0.082768
GRID_002231,303,8d83b97,0.626700,0.580169,-1.556139,-1.561255,-0.293789,0.090599,-0.128322,0.118871,0.157082
GRID_002232,303,8d83b97,1.375758,-0.879795,1.389538,-0.540624,-1.282021,-0.197969,0.039363,0.062045,0.201845
GRID_002233,303,8d83b97,-2.295836,0.225297,0.005192,0.935595,-1.252805,-0.024689,0.017369,0.320886,0.030187
GRID_002234,303,8d83b97,0.521538,0.244845,-0.431071,0.936365,-1.234038,0.038987,-0.071722,0.299061,0.081634
GRID_002235,303,8d83b97,-2.451654,0.648386,0.601712,0.783903,1.089837,-0.036423,0.038311,0.303215,0.052862
GRID_002236,303,8d83b97,1.682615,0.660372,-0.210136,1.221613,1.174921,0.141880,0.017391,0.263520,0.142942
GRID_002237,303,8d83b97,-2.390000,0.035447,1.004173,-0.044507,-1.128799,0.080477,-0.091261,0.261552,0.121677
GRID_002238,303,8d83b97,-0.421518,0.954725,-0.676670,-0.643992,-0.942451,-0.087166,-0.189272,0.151800,0.208379
GRID_002239,303,8d83b97,-3.051782,-0.156453,1.130918,-0.677389,0.645458,0.010031,-0.160523,0.221611,0.160836
GRID_002240,303,8d83b97,-1.993646,1.210064,0.497244,-0.707406,0.534095,-0.159636,0.069120,0.227219,0.173958
GRID_002241,303,8d83b97,-1.945674,0.918382,1.479683,-0.098812,0.586033,-0.004863,-0.000436,0.257334,0.004883
GRID_002242,303,8d83b97,-0.781500,0.744112,-0.591608,0.319192,0.751590,-0.132434,-0.131502,0.206833,0.186631
GRID_002243,303,8d83b97,-1.441645,-0.044142,-0.852732,-0.080684,0.120452,-0.065768,-0.009141,0.290617,0.066401
GRID_002244,303,8d83b97,-2.683538,-0.823933,-0.887306,1.483287,1.512210,0.041205,-0.092900,0.283682,0.101628
GRID_002245,303,8d83b97,-0.046820,1.064340,0.373255,-1.563870,-1.093343,-0.009918,-0.160723,0.244029,0.161029
GRID_002246,303,8d83b97,-1.450159,1.317681,0.683997,-0.682423,-0.385093,-0.168833,-0.021098,0.221129,0.170146
GRID_002247,303,8d83b97,0.871655,1.033816,-1.247050,0.892308,1.214868,0.140220,-0.119538,0.066728,0.184258
GRID_002248,303,8d83b97,-0.216398,-1.565400,-0.662676,0.708883,1.114748,0.048261,0.230331,0.148072,0.235332
GRID_002249,303,8d83b97,2.305637,0.847848,1.033207,1.265322,1.563080,0.024728,0.026782,0.283949,0.036452
GRID_002250,303,8d83b97,1.957332,-0.085412,-0.852397,0.898120,1.120412,0.046340,0.021366,0.293628,0.051029
GRID_002251,303,8d83b97,0.234153,0.086951,0.802428,-0.105877,-0.849994,-0.025237,0.095715,0.286916,0.098986
GRID_002252,303,8d83b97,-1.035236,1.500264,0.942372,-0.286325,-0.578352,-0.142739,-0.083827,0.205109,0.165533
GRID_002253,303,8d83b97,1.875264,-0.858869,-1.015359,0.637069,0.192609,-0.093218,-0.027162,0.280050,0.097094
GRID_002254,303,8d83b97,0.136036,1.263889,-1.418529,-1.064558,0.403054,0.019289,-0.159145,0.008719,0.160310
GRID_002255,303,8d83b97,0.557550,1.429937,1.377626,-0.090857,-0.992840,0.049841,-0.083716,0.228206,0.097429
GRID_002256,303,8d83b97,3.075620,-0.985502,0.289735,-1.454834,-0.095564,-0.020203,-0.237427,0.169330,0.238285
GRID_002257,303,8d83b97,3.137235,-0.509369,1.006415,-0.785796,0.054840,-0.005320,-0.202254,0.177781,0.202324
GRID_002258,303,8d83b97,1.527626,-0.851431,0.010785,1.393421,-0.632667,-0.210176,0.009996,0.229697,0.210414
GRID_002259,303,8d83b97,2.087215,1.345157,-0.821141,1.437116,0.892637,0.178382,0.104424,0.045823,0.206699
GRID_002260,303,8d83b97,0.446942,-1.373794,0.746668,1.159274,-0.870745,-0.103329,0.210746,0.024180,0.234715
GRID_002261,303,8d83b97,0.741227,0.820351,-1.132549,0.763571,-1.233423,0.125825,-0.139772,0.123150,0.188064
GRID_002262,303,8d83b97,2.912264,1.323178,-1.546164,-0.653270,-0.574936,0.027758,0.137754,-0.007916,0.140523
GRID_002263,303,8d83b97,1.706797,0.093056,-1.101332,1.075490,1.131063,0.103611,0.015647,0.251459,0.104785
GRID_002264,303,8d83b97,1.066156,0.781405,-1.358853,-1.266095,-1.169650,0.152499,-0.085054,0.104337,0.174614
GRID_002265,303,8d83b97,-0.114925,-0.097267,0.606610,0.202538,1.470096,0.011182,0.117683,0.287047,0.118213
GRID_002266,303,8d83b97,-1.362543,0.361653,-0.823467,-0.564487,0.936573,-0.138662,-0.029638,0.246609,0.141794
GRID_002267,303,8d83b97,-2.525416,1.297544,-1.129359,-1.527349,0.604576,-0.112809,0.152702,0.024857,0.189852
GRID_002268,303,8d83b97,1.183326,-0.303198,-1.556775,-0.612365,-0.615529,0.057730,-0.023979,0.238016,0.062512
GRID_002269,303,8d83b97,-2.858184,1.177097,-0.567478,-0.470726,1.097491,-0.065880,0.210564,0.115138,0.220630
GRID_002270,303,8d83b97,0.277243,1.405647,-1.503630,1.548938,-0.070769,0.035419,-0.133189,-0.018880,0.137818
GRID_002271,303,8d83b97,-0.927703,0.134976,0.652131,1.057868,0.876268,0.055568,0.042922,0.302518,0.070215
GRID_002272,303,8d83b97,0.866023,-1.125028,0.546317,-1.042553,-0.572371,-0.190885,0.160772,0.104583,0.249569
GRID_002273,303,8d83b97,-0.176892,0.992084,-1.205103,0.073542,-1.364233,-0.035952,-0.187401,0.079597,0.190818
GRID_002274,303,8d83b97,2.047687,0.977884,-1.456564,-0.988657,0.058260,0.147403,0.078990,0.057344,0.167233
GRID_002275,303,8d83b97,0.798658,-0.362756,-0.007655,0.699904,0.653574,-0.082786,0.078752,0.303864,0.114260
GRID_002276,303,8d83b97,-2.158842,-0.201179,0.547297,0.136588,0.884239,0.107891,-0.075501,0.280728,0.131684
GRID_002277,303,8d83b97,0.659724,-1.402105,-0.387956,1.011054,0.551481,-0.151224,0.192244,0.154930,0.244594
GRID_002278,303,8d83b97,-2.892178,-0.961246,1.390080,-1.118212,0.752913,0.044120,-0.190524,0.047024,0.195566
GRID_002279,303,8d83b97,-2.203059,-1.306241,0.494499,0.203999,1.220297,0.197380,-0.148436,0.068415,0.246965
GRID_002280,303,8d83b97,0.688756,-1.014044,0.336222,0.813654,1.010210,-0.156126,0.187116,0.157041,0.243696
GRID_002281,303,8d83b97,2.707022,1.087349,-0.176030,1.213188,0.989850,0.082551,0.187827,0.184816,0.205167
GRID_002282,303,8d83b97,0.407845,-0.733356,-0.734780,-1.492940,-0.346571,-0.043633,0.095616,0.291100,0.105101
GRID_002283,303,8d83b97,1.247937,-0.217567,-0.034247,1.043334,-1.073872,-0.074275,0.024821,0.316590,0.078312
GRID_002284,303,8d83b97,1.344488,-0.844703,1.116826,-1.465337,1.205384,-0.216136,0.049958,0.097298,0.221834
GRID_002285,303,8d83b97,-0.362437,0.173524,-1.066088,-1.185756,-0.000465,-0.045034,-0.112500,0.245286,0.121178
GRID_002286,303,8d83b97,1.993643,-0.966302,-0.317556,0.546308,-0.140206,-0.182920,-0.079596,0.238806,0.199488
GRID_002287,303,8d83b97,1.440328,-0.181142,0.711125,-1.133948,0.060435,-0.145898,0.019718,0.266996,0.147224
GRID_002288,303,8d83b97,-2.034120,1.099202,-1.274099,0.787398,-0.688584,-0.167887,0.081057,0.051051,0.186431
GRID_002289,303,8d83b97,0.822074,-0.210254,-0.269096,-0.000016,0.080462,-0.034661,0.030457,0.320841,0.046141
GRID_002290,303,8d83b97,0.846975,1.463074,-1.070795,-1.276642,-1.390718,0.133587,-0.119795,-0.003085,0.179433
GRID_002291,303,8d83b97,-1.745674,-1.240635,-1.402954,-0.845173,-0.361139,0.108320,-0.020722,0.240722,0.110285
GRID_002292,303,8d83b97,1.618249,1.534383,0.284739,0.758818,1.386517,0.217350,0.011543,0.136898,0.217656
GRID_002293,303,8d83b97,0.918205,-0.857656,1.303142,-0.526049,-0.560689,-0.166498,0.125793,0.074568,0.208676
GRID_002294,303,8d83b97,-0.712093,1.031265,0.734383,-0.310399,-0.090248,-0.076626,-0.086356,0.267949,0.115451
GRID_002295,303,8d83b97,-2.459891,-0.448074,-0.006822,1.031923,1.327128,0.078024,-0.102119,0.294638,0.128515
GRID_002296,303,8d83b97,-1.877091,0.750924,1.453791,-0.589020,0.777000,0.021363,-0.008820,0.259663,0.023112
GRID_002297,303,8d83b97,2.371708,1.232251,-0.562619,1.430645,-0.025033,0.149846,0.159637,0.102835,0.218947
GRID_002298,303,8d83b97,0.832355,0.771020,-0.546076,-1.114408,0.586991,0.134680,-0.124308,0.207023,0.183279
GRID_002299,303,8d83b97,-2.752625,-0.756796,-0.683995,-1.234949,-0.953757,0.039231,-0.106907,0.288179,0.113877
GRID_002300,303,8d83b97,0.933750,-0.767062,0.651309,0.054086,-0.637144,-0.183911,0.134811,0.171441,0.228029
GRID_002301,303,8d83b97,0.140429,-0.022678,1.060998,-1.452343,-0.004737,-0.021723,0.136263,0.248288,0.137984
GRID_002302,303,8d83b97,-0.515804,0.809967,-0.562711,-0.884096,0.239741,-0.096838,-0.166859,0.197112,0.192924
GRID_002303,303,8d83b97,-2.587797,1.123776,-0.204765,-1.204146,-0.227081,-0.115567,0.179263,0.173244,0.213286
GRID_002304,303,8d83b97,-2.946555,-0.131666,0.481584,0.819245,0.805725,0.017596,-0.111974,0.294140,0.113348
GRID_002305,303,8d83b97,-0.596780,1.200191,-1.425132,0.575916,0.145492,-0.094951,-0.136369,0.019498,0.166169
GRID_002306,303,8d83b97,-1.336426,-1.062540,0.570768,0.885303,-1.521026,0.234670,0.055771,0.115998,0.241206
GRID_002307,303,8d83b97,-0.185517,1.300143,-1.098406,-1.196668,-0.333173,-0.037600,-0.187377,0.027162,0.191112
GRID_002308,303,8d83b97,-0.317637,0.128087,-0.581556,0.653318,-1.177964,-0.025350,-0.070004,0.298571,0.074452
GRID_002309,303,8d83b97,-2.212664,0.890467,0.402308,-0.307176,-1.119213,-0.105336,0.074822,0.273305,0.129205
GRID_002310,303,8d83b97,1.737547,0.628380,0.503024,-0.445977,-1.399983,0.054230,0.010764,0.304365,0.055288
GRID_002311,303,8d83b97,-1.854219,1.387654,-1.527323,0.428430,-0.809671,-0.135815,0.037575,-0.017038,0.140917
GRID_002312,303,8d83b97,2.425837,-1.013182,0.886076,0.987204,-0.876539,-0.157076,-0.175144,0.088355,0.235262
GRID_002313,303,8d83b97,-1.123887,0.226450,0.259641,-0.002267,-0.228502,0.001274,0.001070,0.321654,0.001663
GRID_002314,303,8d83b97,-2.560885,-1.300635,1.187224,-1.422364,0.797189,0.104363,-0.166064,0.000106,0.196135
GRID_002315,303,8d83b97,0.429888,0.592649,1.211254,1.514635,1.449957,-0.016404,0.030542,0.277797,0.034668
GRID_002316,303,8d83b97,0.098802,-0.539698,-1.423778,0.768664,1.236402,-0.000969,-0.015437,0.265321,0.015467
GRID_002317,303,8d83b97,1.579597,-1.071069,-1.539012,-0.487945,1.330818,-0.072083,0.000314,0.249637,0.072084
GRID_002318,303,8d83b97,2.419451,1.128607,1.493539,-0.561936,0.808727,0.019852,0.027823,0.249591,0.034180
GRID_002319,303,8d83b97,-1.785212,-0.554018,0.400337,1.150184,-0.377393,0.179993,-0.041040,0.243289,0.184612
GRID_002320,303,8d83b97,0.032182,-0.923858,-1.475030,-0.602724,-0.281572,-0.004128,0.050220,0.259880,0.050390
GRID_002321,303,8d83b97,1.297521,0.159042,1.359434,-1.490896,0.186937,-0.120227,0.033691,0.233675,0.124858
GRID_002322,303,8d83b97,-2.496175,-0.284164,-1.340845,1.168373,-0.296335,-0.037963,0.044228,0.260973,0.058287
GRID_002323,303,8d83b97,-0.154324,0.112215,1.377203,1.517633,-0.265109,0.017326,0.127493,0.226255,0.128665
GRID_002324,303,8d83b97,-1.509425,-0.532496,-1.333204,-0.457221,-0.021833,-0.012056,-0.001502,0.273221,0.012149
GRID_002325,303,8d83b97,-0.688493,-1.102853,1.192413,0.438016,0.721698,0.130438,0.161202,0.037404,0.207365
GRID_002326,303,8d83b97,0.542082,-0.804616,1.403882,-1.158829,0.725158,-0.104854,0.170155,0.074569,0.199867
GRID_002327,303,8d83b97,2.031515,0.608305,1.143927,-0.695913,0.776696,-0.024622,-0.009437,0.283203,0.026369
GRID_002328,303,8d83b97,1.559764,0.256849,-0.172741,-1.321531,1.108630,0.053449,0.000439,0.313373,0.053451
GRID_002329,303,8d83b97,2.718232,1.175374,-1.457491,0.166815,-0.342353,0.062338,0.148277,0.021617,0.160848
GRID_002330,303,8d83b97,-2.499262,1.333561,0.683711,0.788703,-0.497918,-0.105501,0.134668,0.218227,0.171073
GRID_002331,303,8d83b97,1.566183,-0.330240,1.262478,-1.223787,1.549917,-0.186416,0.001783,0.177189,0.186425
GRID_002332,303,8d83b97,1.038640,1.516405,-1.144899,-1.385999,1.216285,0.143050,-0.085123,-0.018638,0.166461
GRID_002333,303,8d83b97,2.344029,1.152535,-0.743404,1.258752,0.630543,0.149638,0.150852,0.098716,0.212481
GRID_002334,303,8d83b97,2.358930,-0.489380,-0.288718,0.214100,-0.567298,-0.079292,-0.074746,0.303958,0.108969
GRID_002335,303,8d83b97,2.168234,0.219721,0.354664,0.045883,-0.723902,-0.019218,-0.009453,0.319819,0.021417
GRID_002336,303,8d83b97,2.224060,-0.677972,0.323033,1.382050,-1.437303,-0.164867,-0.122214,0.229328,0.205225
GRID_002337,303,8d83b97,-1.663484,-0.125111,-0.968811,-0.260911,-0.265974,-0.060145,0.004241,0.286385,0.060295
GRID_002338,303,8d83b97,1.504510,-1.102068,0.243833,-1.544884,0.048612,-0.248968,0.017358,0.148449,0.249572
GRID_002339,303,8d83b97,0.849714,0.600375,-0.548276,-0.061047,1.128109,0.118500,-0.105792,0.238806,0.158853
GRID_002340,303,8d83b97,-0.883830,-0.353165,0.079731,0.462574,0.062881,0.089741,0.075039,0.299856,0.116980
GRID_002341,303,8d83b97,3.007279,0.738079,0.897183,-1.131681,-0.848163,-0.000054,0.032625,0.293545,0.032625
GRID_002342,303,8d83b97,1.978445,-0.219821,0.652817,1.102471,1.293365,-0.138576,-0.057236,0.267974,0.149931
GRID_002343,303,8d83b97,-1.670962,0.078442,-0.211903,-0.916522,-0.034136,-0.022668,0.000840,0.321186,0.022683
GRID_002344,303,8d83b97,2.132088,0.627107,0.724410,-0.404199,0.126097,0.021557,0.016927,0.302890,0.027408
GRID_002345,303,8d83b97,-0.454532,-1.435903,1.080354,-1.180591,-0.211579,0.084150,0.177033,-0.017438,0.196015
GRID_002346,303,8d83b97,2.006295,0.617169,1.314809,-1.523941,0.061922,-0.038573,-0.015314,0.269543,0.041502
GRID_002347,303,8d83b97,-2.232189,-1.469265,-0.015142,-0.451156,-0.917533,0.199494,-0.159332,0.093320,0.255313
GRID_002348,303,8d83b97,1.418581,-0.583777,-1.541623,1.197323,0.814221,0.014036,-0.001754,0.255322,0.014145
GRID_002349,303,8d83b97,-1.842766,-0.513511,-0.639719,-0.440434,-0.584666,0.061317,-0.019163,0.306917,0.064242
GRID_002350,303,8d83b97,1.301211,-1.243233,-0.570705,-1.442093,-0.133329,-0.207516,0.057471,0.207436,0.215327
GRID_002351,303,8d83b97,-0.354864,0.930945,1.065520,1.115159,-0.292981,-0.020454,-0.048720,0.278112,0.052839
GRID_002352,303,8d83b97,0.324329,-0.621439,0.057393,-0.460789,-0.654178,-0.057288,0.163501,0.265860,0.173247
GRID_002353,303,8d83b97,1.504958,-1.551227,-0.391905,-0.716171,-0.312671,-0.253787,0.017565,0.120579,0.254395
GRID_002354,303,8d83b97,-1.659673,-0.930197,-1.214310,-0.028857,0.888744,0.078772,-0.008320,0.270901,0.079210
GRID_002355,303,8d83b97,-0.315413,-1.007990,-1.559625,-0.717044,0.741502,0.014633,0.052427,0.251563,0.054431
GRID_002356,303,8d83b97,-0.542961,0.222244,1.468381,0.753141,-0.346712,0.057189,0.098704,0.226925,0.114075
GRID_002357,303,8d83b97,-1.325091,-1.020968,-0.195071,0.899323,-0.406712,0.205607,0.051308,0.217006,0.211912
GRID_002358,303,8d83b97,1.977715,-0.995814,0.050557,1.416673,0.192944,-0.214051,-0.089603,0.195807,0.232048
GRID_002359,303,8d83b97,-1.830876,0.121410,0.830107,-1.416186,1.025427,0.086677,-0.025042,0.287256,0.090223
GRID_002360,303,8d83b97,2.212126,0.658811,-0.057278,0.726930,1.206034,0.101235,0.079494,0.276693,0.128716
GRID_002361,303,8d83b97,-2.470511,0.531253,0.074289,1.519442,-1.554879,-0.060323,0.069887,0.300924,0.092321
GRID_002362,303,8d83b97,-2.326170,-0.885592,-0.941329,-0.425945,-0.970003,0.074887,-0.075176,0.278064,0.106111
GRID_002363,303,8d83b97,0.835616,-0.606603,0.606193,-0.978596,1.110945,-0.155816,0.139175,0.209628,0.208922
GRID_002364,303,8d83b97,-2.398588,0.658840,-1.305544,-0.344790,1.335451,-0.122905,0.128601,0.133939,0.177887
GRID_002365,303,8d83b97,-1.287335,-0.899617,0.121703,0.864314,0.230516,0.209226,0.060826,0.208030,0.217889
GRID_002366,303,8d83b97,2.625118,-1.539905,1.468060,-0.933277,-0.549069,-0.072806,-0.120288,-0.048591,0.140606
GRID_002367,303,8d83b97,2.926877,-1.542666,1.243119,1.220146,-0.305179,-0.039907,-0.162720,-0.043956,0.167542
GRID_002368,303,8d83b97,2.794299,-1.469700,-0.140456,-0.173571,0.799599,-0.091679,-0.240603,0.109125,0.257478
GRID_002369,303,8d83b97,0.181023,0.174315,-0.231005,-0.063232,0.280477,0.005616,-0.043574,0.316144,0.043934
GRID_002370,303,8d83b97,1.676042,0.089103,0.210523,-0.060224,0.722911,-0.035191,-0.002287,0.321941,0.035265
GRID_002371,303,8d83b97,-1.188356,-0.283056,1.218426,-0.078448,-1.098243,0.162333,0.065645,0.190694,0.175103
GRID_002372,303,8d83b97,0.249978,1.226353,-1.138975,1.426869,-0.393152,0.044613,-0.184254,0.038406,0.189578
GRID_002373,303,8d83b97,-2.804571,-0.446491,-0.310554,1.269008,0.662883,0.026637,-0.089119,0.308327,0.093015
GRID_002374,303,8d83b97,-1.940572,0.156822,-0.732955,0.313341,0.640911,-0.091281,0.032916,0.282870,0.097035
GRID_002375,303,8d83b97,2.548080,1.001173,0.779972,-0.877336,-1.246630,0.052593,0.084884,0.272696,0.099857
GRID_002376,303,8d83b97,-0.986967,0.153564,-0.771135,1.370522,-0.573868,-0.083311,-0.054015,0.279596,0.099289
GRID_002377,303,8d83b97,-2.834559,1.072867,-0.392431,-1.063119,-1.289865,-0.068765,0.202457,0.161483,0.213817
GRID_002378,303,8d83b97,0.296329,-0.889566,0.299797,1.285543,1.497282,-0.069241,0.219119,0.189183,0.229799
GRID_002379,303,8d83b97,-0.167942,-1.124744,-0.613680,0.327987,0.297799,0.029511,0.188112,0.233092,0.190413
GRID_002380,303,8d83b97,0.874661,-0.823237,-0.675881,0.745562,-1.052967,-0.102323,0.083983,0.280768,0.132375
GRID_002381,303,8d83b97,-2.843765,-0.125360,0.387183,-0.502494,-1.090052,0.025706,-0.098604,0.301861,0.101900
GRID_002382,303,8d83b97,-1.266660,-0.584174,0.268455,1.560314,1.563404,0.171993,0.053939,0.252019,0.180253
GRID_002383,303,8d83b97,1.584285,0.987287,-0.252846,0.637426,-0.594044,0.195664,0.003751,0.197405,0.195700
GRID_002384,303,8d83b97,1.784469,0.267659,-0.027084,0.578216,0.337719,0.037009,0.009871,0.318070,0.038303
GRID_002385,303,8d83b97,-0.915537,-0.645615,0.376330,1.492964,1.276944,0.156425,0.121523,0.229400,0.198082
GRID_002386,303,8d83b97,-1.011871,-0.145262,-0.266207,-1.337476,-1.053715,0.021068,0.014058,0.322294,0.025328
GRID_002387,303,8d83b97,0.154646,-0.866332,0.633233,-0.090974,-0.916037,-0.038365,0.230691,0.152332,0.233859
GRID_002388,303,8d83b97,-3.068768,-0.818553,-0.993713,-1.409701,0.211130,0.001973,-0.088236,0.283439,0.088258
GRID_002389,303,8d83b97,-0.255248,1.100867,0.703818,-0.618694,0.795072,-0.035196,-0.125749,0.257468,0.130581
GRID_002390,303,8d83b97,-0.651872,-0.174919,-0.753771,-0.681819,0.405842,-0.017244,-0.019799,0.305524,0.026255
GRID_002391,303,8d83b97,-1.460282,-1.317915,1.350179,-0.241283,-0.703905,0.173749,0.018714,-0.012786,0.174754
GRID_002392,303,8d83b97,2.613001,-1.560900,1.509652,0.351047,0.465377,-0.070200,-0.112504,-0.051312,0.132609
GRID_002393,303,8d83b97,1.087702,-0.566260,0.467322,-0.584064,0.771237,-0.174831,0.091076,0.233638,0.197131
GRID_002394,303,8d83b97,2.301077,0.820262,1.116153,0.050778,0.879861,0.013159,0.016168,0.281953,0.020846
GRID_002395,303,8d83b97,-2.905806,-1.548602,-1.423052,-0.213635,-0.030235,0.031900,-0.151194,0.203363,0.154523
GRID_002396,303,8d83b97,-0.864232,0.386298,-1.224536,-1.075207,-1.405460,-0.119994,-0.100775,0.193221,0.156698
GRID_002397,303,8d83b97,2.184580,-0.810683,1.110495,-0.523667,-0.998995,-0.182292,-0.124827,0.104991,0.220935
GRID_002398,303,8d83b97,-2.101656,-1.165078,0.729756,0.289225,0.411080,0.203697,-0.122808,0.072863,0.237853
GRID_002399,303,8d83b97,-0.914549,0.059213,-0.860299,-1.381009,0.913606,-0.070141,-0.052667,0.280858,0.087714
GRID_002400,303,8d83b97,0.863337,-0.288597,1.380480,-0.289437,-1.550999,-0.137475,0.115820,0.169166,0.179760
GRID_002401,303,8d83b97,-0.772873,0.730482,1.035403,0.733494,1.088994,-0.012750,-0.010957,0.288596,0.016811
GRID_002402,303,8d83b97,1.795041,-0.217224,-1.329636,0.621095,-1.095120,0.062005,0.015906,0.257141,0.064013
GRID_002403,303,8d83b97,0.070715,-0.815509,0.165540,-1.296490,1.167643,-0.017402,0.212118,0.220211,0.212830
GRID_002404,303,8d83b97,-1.359681,1.013150,-0.121604,0.803201,-0.645635,-0.193884,-0.041923,0.207033,0.198365
GRID_002405,303,8d83b97,-1.678206,0.009358,-0.461629,-0.899040,-0.321525,-0.036454,0.002478,0.314167,0.036538
GRID_002406,303,8d83b97,-1.006548,0.964963,-0.087577,1.467315,0.607787,-0.160267,-0.100532,0.220598,0.189188
GRID_002407,303,8d83b97,0.778957,-0.080115,1.405228,1.082291,0.482623,-0.111807,0.111070,0.197896,0.157599
GRID_002408,303,8d83b97,-0.525042,-0.257472,1.248187,-0.886666,0.242020,0.085321,0.151336,0.191065,0.173730
GRID_002409,303,8d83b97,-0.741496,0.817148,0.558109,-0.107805,-1.197489,-0.065265,-0.069054,0.288317,0.095016
GRID_002410,303,8d83b97,1.942213,-1.239514,0.162401,-1.409707,0.265948,-0.239345,-0.090741,0.126341,0.255969
GRID_002411,303,8d83b97,1.662072,-0.538508,-0.593279,-1.384897,1.190218,-0.082346,-0.006172,0.305554,0.082577
GRID_002412,303,8d83b97,0.420887,-0.447309,-1.264204,0.057816,-1.522904,0.005123,-0.016783,0.276833,0.017548
GRID_002413,303,8d83b97,1.139992,0.595810,0.730186,1.247051,-1.324235,0.017383,-0.008455,0.304007,0.019330
GRID_002414,303,8d83b97,-0.392226,-1.319555,1.253454,0.467243,-0.919745,0.069730,0.174415,-0.007665,0.187838
GRID_002415,303,8d83b97,0.230779,-0.237247,-1.376046,-0.834333,0.997122,0.012749,-0.064777,0.253592,0.066020
GRID_002416,303,8d83b97,2.902899,0.426695,-0.880374,-1.311741,-1.114328,0.031376,0.147449,0.229566,0.150750
GRID_002417,303,8d83b97,-1.636365,1.082112,-0.060361,-0.621029,-0.409944,-0.202838,0.012003,0.199341,0.203193
GRID_002418,303,8d83b97,2.466124,-0.166901,0.752779,0.179631,-1.450531,-0.094376,-0.111861,0.264445,0.146355
GRID_002419,303,8d83b97,-2.057558,1.093828,0.175131,0.444839,-1.075329,-0.166665,0.085156,0.221564,0.187160
GRID_002420,303,8d83b97,-1.453176,-0.714869,1.363620,-0.391942,0.992795,0.195968,0.022616,0.095373,0.197269
GRID_002421,303,8d83b97,2.610819,0.015207,1.075220,-1.510930,-0.831072,-0.071013,-0.113184,0.251218,0.133617
GRID_002422,303,8d83b97,1.586103,-0.262324,-1.128717,-0.791123,1.561723,0.039825,0.001645,0.280665,0.039859
GRID_002423,303,8d83b97,2.897645,0.037827,-0.484395,-1.462052,0.971748,0.005751,0.041359,0.311496,0.041757
GRID_002424,303,8d83b97,1.841980,0.028876,0.306535,-1.206119,0.361983,-0.059691,-0.014541,0.316803,0.061436
GRID_002425,303,8d83b97,1.713603,0.242142,-0.209120,-0.992162,-0.593747,0.053600,0.009280,0.312730,0.054398
GRID_002426,303,8d83b97,2.536130,-1.323609,-0.148748,-0.639238,0.486019,-0.146081,-0.204180,0.145128,0.251056
GRID_002427,303,8d83b97,2.309213,-0.677407,0.619657,1.255066,-1.136674,-0.163471,-0.144256,0.193989,0.218020
GRID_002428,303,8d83b97,-0.254625,-0.126127,0.639114,-0.864522,1.130188,0.029636,0.122997,0.280902,0.126517
GRID_002429,303,8d83b97,-0.423425,-0.932504,1.521045,0.338058,-0.301725,0.073088,0.167610,0.041708,0.182853
GRID_002430,303,8d83b97,-1.492719,-1.168863,0.236756,-0.499291,1.034528,0.245987,0.018434,0.133682,0.246677
GRID_002431,303,8d83b97,0.052369,0.292519,-0.568985,0.112443,0.811761,0.003200,-0.106673,0.282525,0.106721
GRID_002432,303,8d83b97,-0.468363,1.155178,1.181945,0.997146,1.327547,-0.038346,-0.071120,0.258074,0.080799
GRID_002433,303,8d83b97,-2.369915,-0.162400,0.886546,0.860627,0.430761,0.101683,-0.109511,0.250202,0.149439
GRID_002434,303,8d83b97,1.018025,-0.751029,-0.037575,-0.655181,-0.360864,-0.161764,0.098922,0.252776,0.189613
GRID_002435,303,8d83b97,1.232857,-1.046284,-0.161825,-0.212254,-0.025091,-0.211772,0.074338,0.208436,0.224441
GRID_002436,303,8d83b97,-2.723425,0.816798,-0.207015,-0.594416,1.002207,-0.074612,0.157480,0.236667,0.174261
GRID_002437,303,8d83b97,2.161984,0.195683,-0.923563,-1.334398,0.730681,0.092009,0.065299,0.258681,0.112826
GRID_002438,303,8d83b97,-0.580286,0.908585,0.398757,0.509958,-1.255842,-0.074006,-0.109566,0.270542,0.132218
GRID_002439,303,8d83b97,-1.208276,0.147052,-1.519310,-1.340823,-1.186656,-0.121776,-0.045885,0.192471,0.130134
GRID_002440,303,8d83b97,-0.866718,-0.291964,-1.339828,-1.000781,-0.200248,-0.044454,-0.036094,0.261619,0.057262
GRID_002441,303,8d83b97,-3.128647,-0.045043,-0.889492,0.218464,0.992431,-0.005331,0.066171,0.287459,0.066386
GRID_002442,303,8d83b97,1.807994,0.551527,0.076967,-0.863542,0.856145,0.087913,0.023183,0.298910,0.090918
GRID_002443,303,8d83b97,-1.599598,-1.177993,-1.352804,-0.212852,0.315750,0.106225,-0.004128,0.247503,0.106305
GRID_002444,303,8d83b97,1.710309,-0.662395,1.076309,1.526627,-0.589499,-0.214721,-0.028690,0.139142,0.216629
GRID_002445,303,8d83b97,1.224132,1.559921,-1.104667,0.770335,-0.690732,0.156233,-0.056638,-0.023930,0.166182
GRID_002446,303,8d83b97,-2.899536,-0.172003,-0.073652,0.884107,-0.432987,0.009705,-0.057783,0.320075,0.058592
GRID_002447,303,8d83b97,1.747637,1.073847,-0.431238,-1.235559,-0.899779,0.206611,0.038613,0.156359,0.210188
GRID_002448,303,8d83b97,1.923367,-0.507761,-1.047303,-1.041553,1.256692,-0.019109,-0.004702,0.293580,0.019679
GRID_002449,303,8d83b97,2.589769,-0.608980,1.241861,-1.387978,1.451320,-0.111305,-0.173392,0.129316,0.206043
GRID_002450,303,8d83b97,2.135784,1.326603,-1.449309,-0.634229,-0.028244,0.124774,0.082389,-0.003786,0.149521
GRID_002451,303,8d83b97,1.907115,0.725609,-0.604582,-0.209655,0.117151,0.168306,0.061153,0.208896,0.179072
GRID_002452,303,8d83b97,-3.092559,-0.802861,0.683850,-1.387869,0.494951,0.006722,-0.228324,0.159653,0.228423
GRID_002453,303,8d83b97,-2.159879,-0.974628,-0.197058,-0.185115,1.391318,0.169324,-0.116755,0.226386,0.205675
GRID_002454,303,8d83b97,-1.192224,0.254428,0.951682,-1.053327,-0.488877,0.068583,0.027569,0.285944,0.073917
GRID_002455,303,8d83b97,-2.025779,0.568273,0.255906,-1.452252,0.578563,-0.072478,0.032570,0.304537,0.079460
GRID_002456,303,8d83b97,2.108671,0.910514,1.052351,-1.471855,-0.997701,0.038265,0.026019,0.279767,0.046273
GRID_002457,303,8d83b97,1.796321,0.761216,1.564955,0.549489,-0.766634,-0.036967,-0.006777,0.249428,0.037583
GRID_002458,303,8d83b97,2.508292,0.357841,0.665592,-0.823247,1.166270,-0.018406,-0.018634,0.309489,0.026192
GRID_002459,303,8d83b97,-2.680135,-1.435749,0.751243,-0.412227,0.763794,0.097596,-0.205509,0.010241,0.227505
GRID_002460,303,8d83b97,-2.506255,1.515290,-1.024495,-0.039541,1.352572,-0.112351,0.145991,-0.009616,0.184218
GRID_002461,303,8d83b97,2.676074,-0.173717,0.644848,0.424180,-0.340349,-0.066000,-0.122219,0.274699,0.138901
GRID_002462,303,8d83b97,-1.762380,-0.793198,-0.427605,-0.088005,-0.314717,0.147313,-0.030338,0.274495,0.150404
GRID_002463,303,8d83b97,-1.406585,0.821116,0.190765,-0.090088,-0.311939,-0.138326,-0.023446,0.270670,0.140299
GRID_002464,303,8d83b97,-2.252110,-0.071289,-1.522300,-1.541994,-1.099373,-0.081098,0.061752,0.219872,0.101932
GRID_002465,303,8d83b97,1.367156,0.745789,-1.540089,-1.188062,1.421435,0.157768,-0.032355,0.091478,0.161051
GRID_002466,303,8d83b97,-0.741395,0.729382,0.118366,1.509682,-0.801461,-0.088328,-0.094298,0.279178,0.129205
GRID_002467,303,8d83b97,1.090620,-1.455227,-0.696306,1.008719,-0.154588,-0.201948,0.104552,0.175323,0.227407
GRID_002468,303,8d83b97,0.686561,-1.238337,-1.292157,-0.280038,0.818380,-0.083486,0.099171,0.241522,0.129633
GRID_002469,303,8d83b97,1.340690,-0.105922,0.577461,1.390333,0.745289,-0.117812,0.027851,0.288717,0.121059
GRID_002470,303,8d83b97,2.275000,0.411298,-1.346246,-0.424317,0.729243,0.114792,0.101695,0.173470,0.153359
GRID_002471,303,8d83b97,3.116295,-1.148430,1.506757,-1.107620,-0.645818,-0.008755,-0.173771,0.006773,0.173991
GRID_002472,303,8d83b97,0.810877,0.767581,-0.495624,0.443916,-0.387258,0.130054,-0.125413,0.213763,0.180672
GRID_002473,303,8d83b97,-1.082075,-0.509599,1.357111,-0.332182,1.190307,0.168166,0.090189,0.133938,0.190824
GRID_002474,303,8d83b97,2.419796,0.451618,-1.269204,-0.101278,1.552217,0.102053,0.121316,0.176330,0.158532
GRID_002475,303,8d83b97,-2.125877,-1.118109,0.096422,0.712460,1.214071,0.202678,-0.129097,0.163109,0.240301
GRID_002476,303,8d83b97,-1.317795,0.780409,-0.021123,-0.767401,0.813644,-0.149270,-0.038823,0.260786,0.154236
GRID_002477,303,8d83b97,0.441162,0.732614,-0.618998,-0.433032,-0.718570,0.075964,-0.165722,0.205757,0.182303
GRID_002478,303,8d83b97,1.269354,-0.213180,1.319482,0.220175,-0.367016,-0.165898,0.051482,0.189008,0.173703
GRID_002479,303,8d83b97,-0.859891,-1.262657,0.918641,-0.001000,-0.936316,0.168269,0.146538,0.030669,0.223132
GRID_002480,303,8d83b97,-1.116240,1.269446,0.754707,-0.891526,-1.444774,-0.139277,-0.067527,0.233846,0.154784
GRID_002481,303,8d83b97,-0.240576,1.022448,-0.234534,-1.490579,0.514750,-0.050606,-0.196739,0.192029,0.203143
GRID_002482,303,8d83b97,0.446919,-0.287014,-0.431214,-0.944829,0.439144,-0.020341,0.037701,0.317956,0.042838
GRID_002483,303,8d83b97,-2.994250,-0.476093,0.127150,-0.130001,-0.936192,0.017609,-0.149210,0.281542,0.150245
GRID_002484,303,8d83b97,-3.001191,-0.248260,-0.319591,-0.117857,-0.074154,0.001967,-0.045996,0.319677,0.046038
GRID_002485,303,8d83b97,-0.406007,1.400958,1.444227,-1.331016,1.550766,-0.036724,-0.079740,0.230745,0.087791
GRID_002486,303,8d83b97,-0.079901,0.099225,0.384929,0.819021,-1.055206,0.001663,0.050569,0.316229,0.050596
GRID_002487,303,8d83b97,-0.010745,-0.569629,-0.956517,-0.263312,0.607537,-0.002000,0.040355,0.297131,0.040405
GRID_002488,303,8d83b97,-2.600335,1.202256,1.098035,0.209052,-0.767021,-0.054890,0.083667,0.253576,0.100065
GRID_002489,303,8d83b97,-0.304709,0.459503,0.021007,0.818699,1.366726,-0.026542,-0.077022,0.305506,0.081467
GRID_002490,303,8d83b97,0.582145,1.301648,0.392537,0.643961,0.549927,0.103524,-0.160598,0.200245,0.191073
GRID_002491,303,8d83b97,2.811010,1.072373,-1.156479,0.247144,0.035954,0.058294,0.182954,0.068327,0.192016
GRID_002492,303,8d83b97,-3.027251,0.211519,-1.548668,-1.131281,1.556799,-0.019599,0.132493,0.179448,0.133935
GRID_002493,303,8d83b97,2.840136,-0.657625,-1.518021,0.683599,0.500122,-0.003623,0.002569,0.259319,0.004441
GRID_002494,303,8d83b97,1.988862,-0.459768,-1.276951,-0.555501,0.985931,0.012199,0.008004,0.276122,0.014590
GRID_002495,303,8d83b97,-1.352427,0.516184,-1.195785,-0.117862,-0.741826,-0.166926,-0.037293,0.174199,0.171041
GRID_002496,303,8d83b97,-0.268009,1.409409,-0.636234,1.474537,-0.167808,-0.060253,-0.210826,0.052281,0.219267
GRID_002497,303,8d83b97,2.041423,-0.593972,0.088650,0.647695,0.610511,-0.155395,-0.076107,0.267460,0.173031
GRID_002498,303,8d83b97,-1.910727,1.522001,-0.125382,-1.465202,1.445256,-0.221196,0.075856,0.088755,0.233841
GRID_002499,303,8d83b97,3.048183,0.191985,0.242725,0.932067,-0.962436,-0.005533,-0.010787,0.322095,0.012124
GRID_002500,303,8d83b97,-1.218253,0.454543,-1.374475,1.483396,1.083746,-0.152555,-0.055885,0.162495,0.162469
GRID_002501,303,8d83b97,-1.176079,-1.319058,-1.457718,1.099365,-0.381958,0.106746,0.044877,0.232098,0.115796
GRID_002502,303,8d83b97,-1.000931,-1.098788,-1.400633,0.124440,-1.451330,0.073000,0.047849,0.253308,0.087284
GRID_002503,303,8d83b97,3.022845,-0.441309,0.437497,-0.483314,0.539962,-0.024793,-0.169989,0.258047,0.171788
GRID_002504,303,8d83b97,-1.077009,-1.036286,-1.166624,-0.870103,1.072053,0.092615,0.050578,0.263045,0.105526
GRID_002505,303,8d83b97,-1.768672,0.986192,0.225515,-0.904818,-0.035767,-0.163339,0.030956,0.246222,0.166247
GRID_002506,303,8d83b97,0.897662,-1.499899,-0.628064,-0.468984,-1.523106,-0.185587,0.146564,0.158953,0.236481
GRID_002507,303,8d83b97,1.544522,-0.309956,-0.520406,-0.341771,-0.243546,-0.038832,0.001981,0.316156,0.038882
GRID_002508,303,8d83b97,-1.434115,-1.049504,0.572272,0.209266,0.205452,0.238464,0.032210,0.118813,0.240630
GRID_002509,303,8d83b97,-3.079465,-1.396355,0.707638,0.556107,-1.015488,0.010104,-0.234441,0.023298,0.234658
GRID_002510,303,8d83b97,2.551610,1.427408,0.317215,1.001261,-0.190703,0.113395,0.176422,0.165255,0.209721
GRID_002511,303,8d83b97,2.913224,-0.546106,0.436713,-0.696543,0.844260,-0.047277,-0.183915,0.240668,0.189894
GRID_002512,303,8d83b97,2.268905,1.015191,0.784788,-1.284335,-0.570819,0.075416,0.067495,0.271160,0.101208
GRID_002513,303,8d83b97,-3.121779,0.725574,0.924949,-1.566711,-0.173435,-0.004980,0.026649,0.293217,0.027110
GRID_002514,303,8d83b97,1.199610,0.031305,0.249979,0.075404,-1.114501,-0.050246,0.019351,0.319156,0.053843
GRID_002515,303,8d83b97,-0.113601,0.738815,-0.803619,0.318976,-0.909268,-0.023844,-0.187883,0.181387,0.189390
GRID_002516,303,8d83b97,2.927825,0.137447,-1.425387,0.065829,-0.665473,0.022240,0.122791,0.205812,0.124789
GRID_002517,303,8d83b97,-2.115281,-1.303212,0.359091,1.377758,-0.043880,0.212986,-0.132311,0.085977,0.250738
GRID_002518,303,8d83b97,0.740535,1.470346,-0.415368,0.413565,-1.179951,0.149858,-0.166149,0.064606,0.223747
GRID_002519,303,8d83b97,-0.895864,0.623780,-0.281876,0.292035,-0.020468,-0.116701,-0.092022,0.262670,0.148618
GRID_002520,303,8d83b97,-0.127505,1.344492,0.927985,-1.037627,-0.086944,-0.020603,-0.141681,0.230321,0.143172
GRID_002521,303,8d83b97,-2.258550,0.206820,0.075058,-0.641206,0.565287,-0.015006,0.008092,0.322477,0.017049
GRID_002522,303,8d83b97,1.489201,-1.023723,0.646089,-0.307465,-0.944928,-0.244293,0.020723,0.115386,0.245170
GRID_002523,303,8d83b97,1.902751,-1.494328,-1.456055,1.136751,-0.523185,-0.140043,-0.046100,0.211380,0.147436
GRID_002524,303,8d83b97,0.886832,0.973071,-0.275182,1.446416,-0.377973,0.151136,-0.124649,0.197792,0.195906
GRID_002525,303,8d83b97,0.911275,-0.795020,1.501665,0.489867,1.486885,-0.152769,0.116913,0.067162,0.192372
GRID_002526,303,8d83b97,-2.901225,1.552084,-0.574467,-1.220909,1.452847,-0.055893,0.209512,0.026428,0.216839
GRID_002527,303,8d83b97,-2.232798,1.325991,0.471654,-1.380750,0.331525,-0.153147,0.115316,0.202606,0.191707
GRID_002528,303,8d83b97,1.755797,1.207680,0.291480,-1.270530,-0.512048,0.182872,0.035944,0.209869,0.186371
GRID_002529,303,8d83b97,2.310341,0.377443,0.661117,-0.753073,0.850796,-0.018052,-0.011931,0.309843,0.021638
GRID_002530,303,8d83b97,-0.970031,-1.007128,1.519155,1.332394,0.755642,0.146506,0.101651,0.029222,0.178317
GRID_002531,303,8d83b97,1.275401,-0.325686,0.277163,-0.032759,0.450910,-0.132034,0.040233,0.289024,0.138028
GRID_002532,303,8d83b97,1.515435,0.079206,-0.382798,1.046931,-1.001413,0.036732,-0.001166,0.314554,0.036750
GRID_002533,303,8d83b97,1.363240,0.574422,-1.282320,-1.493591,0.358560,0.164032,-0.034289,0.152591,0.167578
GRID_002534,303,8d83b97,-0.103976,-0.312623,0.418696,0.500699,-0.331344,0.012699,0.144557,0.278540,0.145114
GRID_002535,303,8d83b97,2.536711,1.484664,1.566874,-0.972189,-1.384007,0.043046,0.068828,0.220444,0.081180
GRID_002536,303,8d83b97,3.050624,1.441838,-0.481370,-0.157502,-1.431543,0.015868,0.223464,0.063274,0.224026
GRID_002537,303,8d83b97,0.930313,1.332543,-0.931923,0.046168,-1.514552,0.159497,-0.120183,0.036723,0.199708
GRID_002538,303,8d83b97,-1.347153,0.363886,-0.202086,-0.981492,-0.460386,-0.085874,-0.019861,0.302755,0.088141
GRID_002539,303,8d83b97,-1.529779,-0.213797,0.796118,1.395653,1.259772,0.151843,0.005345,0.253302,0.151937
GRID_002540,303,8d83b97,0.344988,0.613725,1.206859,0.227504,-1.003548,-0.012203,0.027181,0.278510,0.029795
GRID_002541,303,8d83b97,2.913351,-0.042166,-0.248985,0.955448,0.862983,-0.005714,-0.005009,0.322825,0.007599
GRID_002542,303,8d83b97,-1.481454,0.209599,0.163445,-1.050098,-1.238589,-0.006796,-0.001387,0.322641,0.006936
GRID_002543,303,8d83b97,-0.258966,0.855539,0.303392,0.909615,1.496404,-0.035974,-0.126945,0.272767,0.131944
GRID_002544,303,8d83b97,2.070966,1.418501,-0.365324,-0.535697,1.092146,0.195756,0.110080,0.083355,0.224584
GRID_002545,303,8d83b97,2.203261,0.655657,1.003936,0.484422,-0.171485,-0.002191,0.002140,0.291793,0.003063
GRID_002546,303,8d83b97,-0.091666,0.219144,-1.039046,-0.180488,0.388732,-0.013991,-0.125667,0.242245,0.126444
GRID_002547,303,8d83b97,-0.255705,-1.412345,-0.956746,0.699346,-1.499720,0.046531,0.187161,0.204480,0.192858
GRID_002548,303,8d83b97,-0.267503,-0.049649,0.487676,0.535861,-0.328214,0.023113,0.092931,0.301189,0.095762
GRID_002549,303,8d83b97,2.744557,0.114354,-0.450334,1.550038,0.924599,0.017272,0.052166,0.308668,0.054951
GRID_002550,303,8d83b97,2.088835,-0.073913,1.239370,1.237056,-0.015585,-0.136156,-0.074551,0.219830,0.155230
GRID_002551,303,8d83b97,0.233875,1.140630,1.103906,0.729818,-0.273563,0.017556,-0.083975,0.260116,0.085791
GRID_002552,303,8d83b97,-1.060324,-1.013430,-1.491843,1.001907,-0.287116,0.053039,0.030551,0.255050,0.061208
GRID_002553,303,8d83b97,2.529641,0.004687,-0.540547,0.560230,-0.387657,0.019307,0.034258,0.310116,0.039324
GRID_002554,303,8d83b97,-2.402097,1.543770,0.063963,0.178886,0.434775,-0.158670,0.168560,0.107550,0.231492
GRID_002555,303,8d83b97,2.346076,-0.378094,0.673339,1.152593,1.297535,-0.129818,-0.122401,0.242301,0.178422
GRID_002556,303,8d83b97,1.948415,-1.451018,-1.336532,-0.397938,0.706273,-0.146475,-0.055709,0.215023,0.156711
GRID_002557,303,8d83b97,-0.540796,1.486421,0.053574,-0.798785,-0.601199,-0.119613,-0.195539,0.120125,0.229222
GRID_002558,303,8d83b97,-1.408944,0.943457,1.115758,0.963456,-0.437923,-0.050458,-0.008672,0.275903,0.051198
GRID_002559,303,8d83b97,2.698493,1.313544,0.487705,-1.475806,-0.168392,0.075320,0.168424,0.206540,0.184499
GRID_002560,303,8d83b97,-2.472351,0.085498,-0.252437,-0.186513,-1.037975,-0.020380,0.019661,0.319672,0.028317
GRID_002561,303,8d83b97,-0.700884,-0.765106,0.108545,-1.192104,-1.371121,0.127084,0.153024,0.236067,0.198914
GRID_002562,303,8d83b97,-0.954696,0.900981,1.196210,-0.045859,0.053513,-0.027098,-0.017931,0.275065,0.032494
GRID_002563,303,8d83b97,2.553347,0.472640,-1.308993,-1.266670,-1.163466,0.085726,0.135423,0.167594,0.160275
GRID_002564,303,8d83b97,2.517298,-0.147179,-1.457861,-1.517380,-0.155756,0.045968,0.070197,0.235904,0.083908
GRID_002565,303,8d83b97,1.493745,0.095936,0.319922,0.163120,1.049108,-0.046970,0.004417,0.318762,0.047177
GRID_002566,303,8d83b97,-1.161064,1.474802,0.896284,1.497608,-0.393160,-0.153949,-0.066470,0.206801,0.167685
GRID_002567,303,8d83b97,-2.999915,-0.954265,1.059806,-0.019206,0.529920,0.027057,-0.220836,0.081048,0.222488
GRID_002568,303,8d83b97,0.189762,-1.408121,-0.054539,1.324380,-0.048297,-0.050696,0.251670,0.113218,0.256726
GRID_002569,303,8d83b97,0.344649,-1.437589,1.366460,0.317484,-0.756444,-0.057971,0.154625,-0.032332,0.165135
GRID_002570,303,8d83b97,1.307762,-0.061620,-1.413357,0.853617,-0.766052,0.090789,-0.024404,0.232315,0.094012
GRID_002571,303,8d83b97,-2.487932,0.436761,-0.457101,-0.610903,-1.426285,-0.080715,0.099107,0.274115,0.127817
GRID_002572,303,8d83b97,-2.870258,0.061645,0.214221,-0.553843,1.383914,0.005947,-0.037783,0.321250,0.038249
GRID_002573,303,8d83b97,1.089777,-0.264063,1.312088,1.041041,-0.489456,-0.158903,0.082183,0.181837,0.178897
GRID_002574,303,8d83b97,2.147142,0.081318,0.497924,-0.149363,0.672028,-0.061191,-0.036286,0.309522,0.071141
GRID_002575,303,8d83b97,2.838972,0.186094,0.407952,-1.270936,-0.909343,-0.014293,-0.031188,0.317748,0.034308
GRID_002576,303,8d83b97,1.058179,-0.264669,-0.359647,0.301387,-1.504513,-0.042233,0.023045,0.319079,0.048111
GRID_002577,303,8d83b97,0.062957,-0.150648,-0.310131,-1.533609,-0.071739,-0.003887,0.023963,0.321827,0.024276
GRID_002578,303,8d83b97,2.305498,0.591010,0.314497,-0.323681,0.705117,0.050844,0.050476,0.304190,0.071645
GRID_002579,303,8d83b97,1.998126,-1.220798,0.170474,1.172245,0.988101,-0.233181,-0.103452,0.129781,0.255099
GRID_002580,303,8d83b97,-2.567929,-0.319511,0.603371,0.935176,0.803050,0.083320,-0.136214,0.259171,0.159676
GRID_002581,303,8d83b97,2.090478,1.209141,-1.051271,0.245094,-0.830318,0.167911,0.099188,0.050747,0.195018
GRID_002582,303,8d83b97,2.152978,-0.535849,-0.882472,0.147987,1.460532,-0.039109,-0.022257,0.300838,0.044999
GRID_002583,303,8d83b97,0.481310,1.417466,0.330646,0.553813,1.250077,0.094645,-0.185534,0.168958,0.208280
GRID_002584,303,8d83b97,0.742804,-0.116477,0.324377,-0.174324,1.487415,-0.066212,0.069913,0.306779,0.096290
GRID_002585,303,8d83b97,-0.405965,-1.342943,-0.341946,-1.229773,-0.895650,0.092537,0.220590,0.163234,0.239213
GRID_002586,303,8d83b97,1.074103,0.960577,0.436192,-1.357742,-0.365158,0.116419,-0.063779,0.264986,0.132745
GRID_002587,303,8d83b97,-2.309310,0.114376,-1.174247,1.489756,-0.159393,-0.089412,0.076914,0.240195,0.117941
GRID_002588,303,8d83b97,-0.733667,0.957874,0.393117,0.317107,0.036137,-0.096519,-0.104826,0.262875,0.142494
GRID_002589,303,8d83b97,2.145812,1.441172,0.167898,0.344972,0.334210,0.181350,0.121031,0.144903,0.218028
GRID_002590,303,8d83b97,-1.166324,1.230793,0.459262,0.620633,-0.651446,-0.166286,-0.070863,0.220297,0.180756
GRID_002591,303,8d83b97,1.856474,-0.937557,-0.720405,1.068012,1.198128,-0.144292,-0.040290,0.267946,0.149811
GRID_002592,303,8d83b97,-3.003268,1.347153,-0.725063,0.461255,0.186437,-0.034168,0.213082,0.056264,0.215805
GRID_002593,303,8d83b97,-2.171349,0.673236,0.835472,0.296433,-1.000845,-0.025852,0.014106,0.298151,0.029451
GRID_002594,303,8d83b97,1.228361,0.438326,-0.195079,0.352099,-0.602027,0.091421,-0.032687,0.295297,0.097089
GRID_002595,303,8d83b97,-3.034283,0.050754,1.139653,0.032177,0.602894,0.009422,-0.128551,0.247876,0.128896
GRID_002596,303,8d83b97,-0.233676,-0.459875,0.311594,-0.885489,-1.251362,0.035708,0.159908,0.267722,0.163847
GRID_002597,303,8d83b97,-2.962713,-0.861342,0.593028,-1.556219,-0.722130,0.036951,-0.229300,0.158564,0.232258
GRID_002598,303,8d83b97,-1.794923,-0.624068,1.085565,-0.635986,-1.448700,0.201611,-0.047756,0.145585,0.207190
GRID_002599,303,8d83b97,-1.117171,1.076442,0.132914,1.247656,-0.729978,-0.169401,-0.082111,0.220914,0.188252
GRID_002600,303,8d83b97,-1.478471,1.560237,-0.677585,1.228696,0.347933,-0.211157,-0.020293,0.013302,0.212130
GRID_002601,303,8d83b97,2.483030,1.081020,0.727826,0.456375,-0.912312,0.071127,0.098045,0.261174,0.121128
GRID_002602,303,8d83b97,2.951229,0.020828,-1.363598,0.436621,0.251764,0.016061,0.106298,0.228844,0.107505
GRID_002603,303,8d83b97,2.333975,-0.509940,0.089219,-0.857449,-0.749219,-0.115247,-0.105460,0.279866,0.156217
GRID_002604,303,8d83b97,2.909982,0.614596,-0.413857,-0.401531,1.145585,0.031042,0.150893,0.250990,0.154053
GRID_002605,303,8d83b97,0.832800,1.164596,0.073092,-1.518232,-0.278845,0.145966,-0.134438,0.196457,0.198443
GRID_002606,303,8d83b97,2.630382,0.660762,-0.629400,1.080817,-1.179414,0.081081,0.152833,0.218360,0.173009
GRID_002607,303,8d83b97,1.772114,-0.659158,0.708902,0.404403,0.430535,-0.214648,-0.042063,0.186429,0.218730
GRID_002608,303,8d83b97,-3.072328,0.866921,1.211069,-0.507566,0.101188,-0.005875,0.021106,0.275678,0.021908
GRID_002609,303,8d83b97,-2.029459,1.547581,0.759301,0.893427,-1.512806,-0.171760,0.081958,0.182906,0.190312
GRID_002610,303,8d83b97,-0.573874,-0.500952,-0.127624,0.494982,-1.278702,0.067106,0.107152,0.295591,0.126431
GRID_002611,303,8d83b97,-1.186023,-1.393992,-0.775930,1.104027,-0.942027,0.192048,0.078041,0.194796,0.207299
GRID_002612,303,8d83b97,1.959463,1.131099,0.274092,-0.013102,-0.775495,0.163444,0.069486,0.223490,0.177601
GRID_002613,303,8d83b97,-1.911493,0.808356,-0.855486,-1.250585,0.507521,-0.188114,0.064366,0.160430,0.198822
GRID_002614,303,8d83b97,1.003602,-0.728575,-0.394725,-1.395998,0.032206,-0.125003,0.078687,0.281552,0.147707
GRID_002615,303,8d83b97,-2.250696,-1.003320,1.245490,1.022825,-1.278841,0.157946,-0.131721,0.051978,0.205663
GRID_002616,303,8d83b97,-1.172929,-0.841792,-0.642561,0.040883,-1.406133,0.123776,0.052322,0.277521,0.134380
GRID_002617,303,8d83b97,1.642747,-1.536785,0.438957,-0.811171,-0.774941,-0.247206,-0.016522,0.021002,0.247758
GRID_002618,303,8d83b97,1.826237,0.990363,0.255188,-0.708567,-0.755161,0.151672,0.041604,0.247872,0.157275
GRID_002619,303,8d83b97,0.641677,-0.948928,-0.201751,0.641248,1.135374,-0.124854,0.164274,0.231782,0.206336
GRID_002620,303,8d83b97,0.465444,0.738612,-0.138025,0.022205,-0.969436,0.066683,-0.137249,0.257333,0.152591
GRID_002621,303,8d83b97,-2.707160,-0.689525,0.855206,-1.536228,1.107693,0.087834,-0.199142,0.161581,0.217651
GRID_002622,303,8d83b97,1.974682,1.472022,1.031269,1.465620,-1.400594,0.132768,0.059280,0.214630,0.145401
GRID_002623,303,8d83b97,-0.118974,-1.264863,1.501495,-0.651177,0.305263,0.017028,0.163641,-0.011137,0.164525
GRID_002624,303,8d83b97,2.851789,0.402074,-0.944985,1.024529,-1.190802,0.038556,0.144417,0.225763,0.149476
GRID_002625,303,8d83b97,-0.702765,1.391042,0.904145,0.354694,0.751395,-0.101147,-0.116904,0.221676,0.154587
GRID_002626,303,8d83b97,1.191674,-1.520265,1.529598,-0.264609,-0.018186,-0.127118,0.050232,-0.046530,0.136683
GRID_002627,303,8d83b97,0.502827,-0.323296,1.477687,-1.303621,1.142091,-0.087979,0.155580,0.151409,0.178733
GRID_002628,303,8d83b97,-2.598352,0.386039,-0.819750,-0.026366,-0.376249,-0.077861,0.121220,0.243282,0.144071
GRID_002629,303,8d83b97,-2.984195,1.139352,-0.242071,0.412348,-0.165986,-0.038083,0.211350,0.165139,0.214754
GRID_002630,303,8d83b97,-2.920877,0.235583,0.713863,-0.061400,-0.971790,0.008060,-0.056005,0.303451,0.056582
GRID_002631,303,8d83b97,2.258742,-0.226120,1.562299,0.053794,0.460077,-0.132824,-0.105177,0.156430,0.169423
GRID_002632,303,8d83b97,1.313074,1.340662,0.482544,0.799507,-1.396238,0.180322,-0.047361,0.200613,0.186438
GRID_002633,303,8d83b97,2.972216,-0.233203,1.463338,-0.200288,-0.539205,-0.033063,-0.167738,0.167614,0.170965
GRID_002634,303,8d83b97,-3.022298,-0.101038,-0.718569,1.023091,-1.071455,-0.008874,0.036472,0.304533,0.037536
GRID_002635,303,8d83b97,-2.774214,0.681738,-0.901683,1.194678,-1.441053,-0.070550,0.171494,0.180322,0.185438
GRID_002636,303,8d83b97,2.687422,0.637812,0.859982,-1.560785,0.041972,0.002524,0.014529,0.298573,0.014746
GRID_002637,303,8d83b97,1.021749,1.175845,-1.253727,-0.357510,-1.089463,0.152673,-0.094384,0.037864,0.179492
GRID_002638,303,8d83b97,-2.286333,-1.168294,-1.322888,-1.432760,-1.477974,0.080389,-0.074159,0.248811,0.109371
GRID_002639,303,8d83b97,2.734251,1.456382,0.039777,1.085498,0.895519,0.085298,0.208391,0.125632,0.225173
GRID_002640,303,8d83b97,-2.459118,-1.498590,-1.177797,-0.395762,-0.115861,0.108724,-0.139586,0.202033,0.176932
GRID_002641,303,8d83b97,2.179382,-1.422534,0.596177,1.143775,0.475383,-0.201760,-0.136929,0.029498,0.243837
GRID_002642,303,8d83b97,0.626855,-1.451415,1.089733,1.199324,-0.066069,-0.117029,0.158462,-0.020890,0.196992
GRID_002643,303,8d83b97,-3.018937,-0.417226,0.334539,-0.357875,0.435638,0.014889,-0.157459,0.271864,0.158161
GRID_002644,303,8d83b97,-1.218408,1.004795,-1.559570,1.082372,-1.495812,-0.152858,-0.055937,0.043948,0.162772
GRID_002645,303,8d83b97,2.029453,-0.673099,-0.217595,0.856673,1.543377,-0.141924,-0.067187,0.278965,0.157024
GRID_002646,303,8d83b97,2.249810,0.117451,-0.888260,0.753234,-1.060049,0.072687,0.062752,0.271925,0.096028
GRID_002647,303,8d83b97,-1.636703,1.036969,1.461516,-0.733579,0.015567,-0.027564,0.000662,0.255448,0.027571
GRID_002648,303,8d83b97,-2.515239,-0.849977,0.364985,-1.043614,-0.285634,0.128701,-0.184463,0.189701,0.224924
GRID_002649,303,8d83b97,-0.711513,-0.848351,-0.415792,0.383020,0.761710,0.105513,0.124740,0.265759,0.163380
GRID_002650,303,8d83b97,-0.199323,0.911560,0.779382,0.727544,-1.184751,-0.019094,-0.082608,0.282245,0.084785
GRID_002651,303,8d83b97,2.882236,0.377796,1.460587,-1.271721,-0.025822,-0.027777,-0.088122,0.241886,0.092396
GRID_002652,303,8d83b97,-2.882629,-0.061183,0.083552,-0.823589,-0.981720,0.008896,-0.050812,0.320936,0.051584
GRID_002653,303,8d83b97,2.731757,-1.068455,1.056301,-0.372062,-0.356961,-0.092797,-0.203211,0.057563,0.223397
GRID_002654,303,8d83b97,2.553434,1.548670,0.462336,-0.501481,-1.324148,0.113150,0.176731,0.153806,0.209849
GRID_002655,303,8d83b97,-1.196832,0.290084,-0.181606,1.534661,-0.816737,-0.064180,-0.024998,0.310459,0.068876
GRID_002656,303,8d83b97,-1.481211,0.891702,-0.078699,-1.023372,-0.228992,-0.177370,-0.016714,0.235749,0.178155
GRID_002657,303,8d83b97,0.119649,0.662177,-1.267035,-0.589799,0.345010,0.018666,-0.175828,0.137997,0.176816
GRID_002658,303,8d83b97,2.636000,-1.023301,1.302544,1.289506,0.576674,-0.102358,-0.176732,0.042991,0.204234
GRID_002659,303,8d83b97,-0.146745,0.723102,-0.757696,-0.254304,-0.973083,-0.029700,-0.184712,0.190375,0.187085
GRID_002660,303,8d83b97,-2.423296,-0.040021,-1.406962,0.201813,0.368091,-0.070234,0.074954,0.230669,0.102717
GRID_002661,303,8d83b97,-2.323415,0.003885,-0.079083,-1.518216,-0.282788,0.007334,-0.011585,0.324329,0.013711
GRID_002662,303,8d83b97,2.777810,0.135227,-0.293716,0.547351,0.134919,0.010771,0.040357,0.315650,0.041770
GRID_002663,303,8d83b97,1.560286,0.870037,-0.267730,0.027013,-0.304399,0.181395,-0.000879,0.219834,0.181397
GRID_002664,303,8d83b97,1.871390,0.650539,1.488953,1.407098,-0.935124,-0.048723,-0.013089,0.254000,0.050451
GRID_002665,303,8d83b97,-0.486565,0.980398,-0.544170,1.367662,-0.747689,-0.099726,-0.184276,0.163016,0.209530
GRID_002666,303,8d83b97,0.221029,0.392483,-1.263547,1.557309,-1.243687,0.031431,-0.150808,0.187196,0.154049
GRID_002667,303,8d83b97,0.509087,-0.714396,-0.784355,1.430059,-0.813243,-0.048048,0.082018,0.292920,0.095055
GRID_002668,303,8d83b97,-1.385823,0.340282,-1.469985,1.190054,0.695088,-0.147932,-0.028000,0.169558,0.150559
GRID_002669,303,8d83b97,-1.854686,1.418539,-1.082994,0.765179,1.087083,-0.180673,0.050658,0.004687,0.187641
GRID_002670,303,8d83b97,3.007668,0.583280,-0.290496,1.396248,0.753796,0.014065,0.138029,0.268191,0.138744
GRID_002671,303,8d83b97,0.713625,-0.703202,-0.612578,0.964732,0.559036,-0.076517,0.085986,0.292185,0.115102
GRID_002672,303,8d83b97,1.248472,0.853159,0.248386,1.565113,0.536228,0.126561,-0.042303,0.269689,0.133444
GRID_002673,303,8d83b97,-2.070037,-0.685215,-0.143356,0.716832,-0.353914,0.140261,-0.079604,0.272103,0.161276
GRID_002674,303,8d83b97,-0.507455,1.485960,-0.120961,0.986531,0.513782,-0.114317,-0.201619,0.098115,0.231773
GRID_002675,303,8d83b97,-1.055341,0.635316,-0.894934,-1.051757,0.217702,-0.158849,-0.089227,0.190253,0.182194
GRID_002676,303,8d83b97,0.256345,-0.891870,-0.894013,1.224399,-0.480275,-0.031833,0.112311,0.277204,0.116735
GRID_002677,303,8d83b97,-0.646017,-1.427556,-1.347962,0.707426,-0.045412,0.086911,0.118251,0.218490,0.146754
GRID_002678,303,8d83b97,-2.560840,-0.694008,1.212955,-0.548953,1.403815,0.110539,-0.175452,0.116333,0.207370
GRID_002679,303,8d83b97,-3.049792,0.071296,0.988417,0.636742,1.413446,0.006223,-0.115899,0.267076,0.116065
GRID_002680,303,8d83b97,-0.714181,-1.550194,-1.373333,-0.743977,0.270002,0.103155,0.121517,0.201745,0.159397
GRID_002681,303,8d83b97,-1.955558,-0.800909,-0.344181,1.253812,-1.282250,0.148819,-0.062825,0.268450,0.161537
GRID_002682,303,8d83b97,3.047326,-1.282730,0.159680,1.235260,1.512447,-0.028473,-0.253291,0.116317,0.254886
GRID_002683,303,8d83b97,-0.447346,-0.654349,1.259374,0.242092,-1.457975,0.086241,0.184736,0.118566,0.203875
GRID_002684,303,8d83b97,0.014607,-0.211266,-0.044793,0.425061,-0.843665,-0.003429,0.072239,0.317294,0.072320
GRID_002685,303,8d83b97,-3.007568,0.176923,-1.140898,1.181016,1.341671,-0.020981,0.122596,0.235881,0.124378
GRID_002686,303,8d83b97,0.836391,1.419367,0.124331,1.535003,1.062918,0.161619,-0.147601,0.144804,0.218876
GRID_002687,303,8d83b97,-2.236728,1.364976,0.623888,-0.712515,1.112030,-0.145126,0.109977,0.207841,0.182089
GRID_002688,303,8d83b97,-2.487344,-1.002382,-0.931900,-0.760399,-0.964375,0.076208,-0.105550,0.265496,0.130187
GRID_002689,303,8d83b97,2.045280,1.236307,-0.731858,-0.179915,-0.678280,0.188392,0.099695,0.080914,0.213145
GRID_002690,303,8d83b97,-2.151840,-0.446283,-0.953790,1.211701,-0.890525,0.007477,-0.008401,0.298912,0.011247
GRID_002691,303,8d83b97,0.414919,1.096484,-1.053623,-0.550206,1.235539,0.077996,-0.182421,0.074466,0.198396
GRID_002692,303,8d83b97,2.456833,0.653161,-0.163297,-0.939310,-0.110983,0.084733,0.109685,0.268841,0.138602
GRID_002693,303,8d83b97,0.391476,-0.403170,1.164208,-1.542662,-1.423548,-0.075459,0.176966,0.177069,0.192382
GRID_002694,303,8d83b97,2.002000,-0.320012,0.238512,-1.248409,-1.332091,-0.121632,-0.053207,0.292685,0.132760
GRID_002695,303,8d83b97,-2.662594,1.315442,-1.249127,0.413802,-0.364955,-0.085048,0.154996,0.011335,0.176797
GRID_002696,303,8d83b97,-1.421898,1.545963,-0.314110,0.091766,-1.549120,-0.228472,-0.034849,0.059002,0.231115
GRID_002697,303,8d83b97,-0.887704,-1.343947,1.238037,-0.738778,-1.299616,0.143522,0.118367,-0.011004,0.186036
GRID_002698,303,8d83b97,0.807058,-1.262738,-1.217282,-1.324124,1.328966,-0.104537,0.098145,0.237963,0.143389
GRID_002699,303,8d83b97,0.431497,-0.879977,1.168253,-0.884032,0.033985,-0.092786,0.196320,0.084363,0.217143
GRID_002700,303,8d83b97,1.141758,-0.770693,1.104967,-0.697055,0.921818,-0.200536,0.091219,0.113800,0.220308
GRID_002701,303,8d83b97,2.417977,0.804486,1.298752,-0.039125,1.172287,-0.004681,0.000023,0.271915,0.004681
GRID_002702,303,8d83b97,-2.478830,0.690261,0.083165,0.660820,-0.884868,-0.079889,0.096173,0.282285,0.125026
GRID_002703,303,8d83b97,1.075368,-0.537318,-0.610844,1.223069,0.987761,-0.070353,0.037340,0.305641,0.079648
GRID_002704,303,8d83b97,-1.794742,0.640231,-1.223677,-0.784576,0.362067,-0.176467,0.038394,0.147547,0.180595
GRID_002705,303,8d83b97,-2.275380,-0.173710,1.072053,-1.527309,0.902417,0.119197,-0.105564,0.226377,0.159221
GRID_002706,303,8d83b97,-0.777739,-1.102602,-0.765215,-0.524972,-0.578675,0.116854,0.120672,0.245951,0.167978
GRID_002707,303,8d83b97,-0.262220,-1.299223,-1.214529,0.701673,-0.990805,0.035584,0.141647,0.233165,0.146048
GRID_002708,303,8d83b97,1.797107,-1.464725,0.346683,-1.071486,-1.247491,-0.249307,-0.055531,0.048811,0.255417
GRID_002709,303,8d83b97,-1.695268,0.824167,-1.421866,1.342612,1.232514,-0.176348,0.020668,0.089377,0.177555
GRID_002710,303,8d83b97,2.474909,-0.790700,-1.506051,1.413378,-0.658106,-0.018270,-0.017335,0.260796,0.025185
GRID_002711,303,8d83b97,1.689249,-0.931604,0.286941,0.786250,-0.569137,-0.234697,-0.026458,0.181627,0.236183
GRID_002712,303,8d83b97,2.618971,0.448234,-0.876420,1.036393,0.818649,0.072803,0.134418,0.226454,0.152868
GRID_002713,303,8d83b97,0.013947,-1.060523,0.884534,-0.119190,-0.578771,-0.005697,0.233193,0.078147,0.233262
GRID_002714,303,8d83b97,-2.178524,-0.433728,1.209139,1.287075,0.318998,0.154672,-0.111157,0.165902,0.190471
GRID_002715,303,8d83b97,1.869020,1.088249,0.033106,1.091035,-1.172338,0.182013,0.058126,0.208286,0.191069
GRID_002716,303,8d83b97,-0.823377,-0.677526,1.458468,0.192487,0.795533,0.138926,0.130693,0.092251,0.190739
GRID_002717,303,8d83b97,0.795454,-0.861230,1.115284,-1.405091,-0.503055,-0.159052,0.153855,0.094086,0.221289
GRID_002718,303,8d83b97,-0.350104,1.522730,0.434612,-1.250236,-0.429676,-0.075048,-0.199170,0.156636,0.212840
GRID_002719,303,8d83b97,1.982269,0.375801,0.784642,-1.559627,-0.568758,-0.034684,-0.012527,0.303458,0.036877
GRID_002720,303,8d83b97,0.113814,-1.312337,1.474386,-0.556063,0.631346,-0.021143,0.162815,-0.017279,0.164182
GRID_002721,303,8d83b97,-0.636311,-0.658637,-1.189437,0.572543,-1.432181,0.016148,0.024861,0.283840,0.029646
GRID_002722,303,8d83b97,-0.575882,-0.041486,0.449617,-1.227418,0.555068,0.046868,0.075549,0.304521,0.088906
GRID_002723,303,8d83b97,0.267902,0.706144,-0.981569,0.359134,-0.228325,0.046888,-0.179564,0.165256,0.185585
GRID_002724,303,8d83b97,-2.986737,0.132461,0.144218,-1.365211,-0.315024,-0.002526,-0.012890,0.323461,0.013135
GRID_002725,303,8d83b97,-1.663197,0.343621,-1.193904,-0.205296,0.337901,-0.151633,0.012734,0.204176,0.152166
GRID_002726,303,8d83b97,2.471474,1.377169,1.125669,-1.265466,-0.163279,0.072371,0.097234,0.232137,0.121210
GRID_002727,303,8d83b97,-2.956264,-0.716966,0.159899,0.551441,-1.067383,0.031867,-0.194202,0.239683,0.196799
GRID_002728,303,8d83b97,2.105705,0.932995,-0.393779,0.170231,0.168032,0.167362,0.102443,0.192088,0.196226
GRID_002729,303,8d83b97,-1.025119,-1.165508,-1.479248,1.003453,-0.985524,0.075470,0.046812,0.245771,0.088809
GRID_002730,303,8d83b97,1.045640,-1.062309,1.071055,1.476509,0.815916,-0.194183,0.111637,0.057313,0.223986
GRID_002731,303,8d83b97,2.466202,-1.524640,-1.221925,1.045261,-1.207030,-0.114864,-0.137528,0.199847,0.179186
GRID_002732,303,8d83b97,-0.914214,0.273740,0.475620,-0.787360,-1.098546,0.013421,0.011662,0.316494,0.017780
GRID_002733,303,8d83b97,-1.550924,-0.897359,1.517782,-0.516959,-0.721379,0.182357,0.002776,0.047980,0.182378
GRID_002734,303,8d83b97,-2.656912,-0.246106,1.160388,1.396103,0.109160,0.076582,-0.154068,0.204101,0.172051
GRID_002735,303,8d83b97,-0.851275,-0.118261,0.909003,0.529227,-1.142729,0.106629,0.095111,0.253591,0.142884
GRID_002736,303,8d83b97,2.158350,-0.457492,-0.744161,-0.907368,0.205263,-0.038620,-0.022184,0.307376,0.044538
GRID_002737,303,8d83b97,-0.859830,-0.754732,0.211000,-0.099048,0.996722,0.153918,0.134106,0.227106,0.204145
GRID_002738,303,8d83b97,1.002104,0.812826,-1.458360,-1.198536,1.009610,0.141413,-0.091479,0.087691,0.168422
GRID_002739,303,8d83b97,-1.494017,-0.663255,-0.755006,-0.351672,-1.279420,0.082483,0.005558,0.296854,0.082670
GRID_002740,303,8d83b97,1.560428,-1.138251,-0.827289,1.077596,-0.867592,-0.172383,0.002773,0.243428,0.172405
GRID_002741,303,8d83b97,0.397409,-0.369189,0.548298,-0.556702,1.343661,-0.066927,0.153920,0.257586,0.167841
GRID_002742,303,8d83b97,2.052514,-0.427238,-1.554757,0.021186,1.286329,0.036335,0.021834,0.246847,0.042391
GRID_002743,303,8d83b97,-1.799841,-0.563574,1.367620,0.763516,-1.066394,0.187205,-0.045415,0.122914,0.192635
GRID_002744,303,8d83b97,0.939823,0.760441,1.211732,0.334554,0.004373,-0.002777,0.000685,0.278238,0.002860
GRID_002745,303,8d83b97,-3.051501,-0.961171,-0.153377,1.007404,-1.216242,0.014390,-0.209443,0.224782,0.209937
GRID_002746,303,8d83b97,-1.126448,0.171487,-0.648929,-0.212208,0.327011,-0.083565,-0.039316,0.288926,0.092352
GRID_002747,303,8d83b97,1.383938,0.810280,-0.696847,0.947205,0.734226,0.187994,-0.035141,0.180256,0.191250
GRID_002748,303,8d83b97,-2.180045,0.542436,-0.601570,0.705123,0.548136,-0.131431,0.088009,0.242777,0.158176
GRID_002749,303,8d83b97,1.040850,-0.526164,-1.074510,0.017800,0.537991,-0.017738,0.009519,0.291933,0.020131
GRID_002750,303,8d83b97,-2.376340,1.279434,0.149251,-0.329716,0.096307,-0.148676,0.149639,0.179761,0.210942
GRID_002751,303,8d83b97,-2.806790,-0.550269,0.430965,0.504523,1.103379,0.057772,-0.179200,0.240575,0.188283
GRID_002752,303,8d83b97,1.685582,0.071840,0.711874,0.060456,0.320757,-0.095813,-0.009624,0.293538,0.096295
GRID_002753,303,8d83b97,-2.124366,-0.143464,-0.707202,0.235612,-1.129272,-0.026126,0.012777,0.307172,0.029083
GRID_002754,303,8d83b97,1.342659,-0.491292,-1.502726,-0.075712,0.440205,0.026754,-0.006064,0.255765,0.027433
GRID_002755,303,8d83b97,1.343951,1.446132,-0.804448,0.766335,-0.552338,0.197867,-0.045416,0.025216,0.203012
GRID_002756,303,8d83b97,-1.761002,-1.322261,-0.688668,-1.025342,-0.054903,0.203117,-0.040845,0.201779,0.207183
GRID_002757,303,8d83b97,1.638365,1.557755,-1.445602,-0.161654,-1.559105,0.125525,0.009663,-0.039523,0.125897
GRID_002758,303,8d83b97,-0.702367,0.038670,-0.383629,-1.434963,0.442834,-0.022481,-0.024151,0.316507,0.032995
GRID_002759,303,8d83b97,-1.072540,-1.491767,-0.538212,-1.380369,0.373144,0.207484,0.113542,0.151221,0.236520
GRID_002760,303,8d83b97,2.817525,-1.083288,0.412532,1.367932,0.111471,-0.083020,-0.233572,0.131351,0.247888
GRID_002761,303,8d83b97,1.339206,-1.237553,-0.064690,-1.247871,-0.499302,-0.243078,0.057605,0.155105,0.249810
GRID_002762,303,8d83b97,2.928605,1.323083,-0.584462,0.933058,0.151457,0.042392,0.216950,0.078722,0.221053
GRID_002763,303,8d83b97,1.847718,0.723462,-1.260366,-0.705713,1.167677,0.170103,0.050329,0.126997,0.177393
GRID_002764,303,8d83b97,-0.370430,-1.108824,1.555310,-1.037372,-0.499466,0.059282,0.159036,0.010569,0.169726
GRID_002765,303,8d83b97,2.383131,-1.564280,1.126472,1.436299,-1.563195,-0.126694,-0.128669,-0.042497,0.180575
GRID_002766,303,8d83b97,1.389547,0.690985,1.475516,-1.183300,-1.311088,-0.041568,0.007905,0.256511,0.042313
GRID_002767,303,8d83b97,-1.810270,1.454336,1.462156,-0.953994,1.397897,-0.093061,0.020925,0.225035,0.095385
GRID_002768,303,8d83b97,-2.755850,0.240708,0.361959,0.987697,1.128966,0.000918,-0.013589,0.319691,0.013620
GRID_002769,303,8d83b97,2.922773,-0.071635,-0.515414,-1.479472,-0.002757,-0.000053,0.020153,0.314838,0.020153
GRID_002770,303,8d83b97,-0.076098,-1.226903,1.132729,0.484362,1.499597,0.013385,0.208047,0.018309,0.208477
GRID_002771,303,8d83b97,-2.795984,1.027874,0.728211,1.374453,-1.407162,-0.042802,0.106250,0.268200,0.114547
GRID_002772,303,8d83b97,-1.397611,-0.313090,-0.318351,-0.543162,0.894224,0.057737,0.009606,0.317051,0.058530
GRID_002773,303,8d83b97,-1.424526,0.128656,-0.920426,-0.005130,0.841163,-0.105356,-0.016055,0.267276,0.106572
GRID_002774,303,8d83b97,-0.342917,-0.548462,-0.364833,0.018391,0.237389,0.034622,0.103445,0.300875,0.109085
GRID_002775,303,8d83b97,2.991361,1.484105,-1.178567,-0.877498,1.125212,0.020851,0.167107,-0.014976,0.168403
GRID_002776,303,8d83b97,-2.842928,0.040927,0.341530,-1.203232,-0.043483,0.013017,-0.057108,0.315779,0.058573
GRID_002777,303,8d83b97,2.217432,1.548927,0.863895,1.134378,-0.109348,0.137094,0.107353,0.190917,0.174125
GRID_002778,303,8d83b97,2.962310,-1.098204,-1.543312,0.797389,1.202657,-0.017327,-0.071386,0.247883,0.073458
GRID_002779,303,8d83b97,-2.235928,-1.330460,-0.815544,-0.741706,-0.203653,0.152200,-0.123408,0.209934,0.195945
GRID_002780,303,8d83b97,-2.043202,-0.682953,-0.497256,-0.918066,0.742429,0.105565,-0.056909,0.291266,0.119928
GRID_002781,303,8d83b97,1.484880,1.530045,-0.080463,-0.037446,-1.100868,0.226399,-0.018726,0.092531,0.227173
GRID_002782,303,8d83b97,-1.295229,0.849403,-0.336878,-1.213494,1.186288,-0.182192,-0.051665,0.216094,0.189376
GRID_002783,303,8d83b97,-2.124790,-1.565903,1.293160,1.261516,0.818139,0.130092,-0.083730,-0.048991,0.154708
GRID_002784,303,8d83b97,-1.828456,0.818998,-0.051642,0.804334,-0.146974,-0.158938,0.039850,0.251540,0.163858
GRID_002785,303,8d83b97,-0.271357,0.587632,1.498378,0.076880,-0.191065,0.013157,0.056282,0.250557,0.057799
GRID_002786,303,8d83b97,-0.892245,0.223696,0.314429,-0.365146,0.654389,0.006820,0.006903,0.320755,0.009704
GRID_002787,303,8d83b97,-0.341535,1.565275,-0.021708,-0.601991,-1.479897,-0.079716,-0.217777,0.091425,0.231908
GRID_002788,303,8d83b97,-1.060394,-0.801104,-0.943877,1.212895,-0.470405,0.076587,0.043636,0.285339,0.088146
GRID_002789,303,8d83b97,-2.932288,1.089497,-1.461456,-0.634645,-0.348717,-0.038894,0.162324,0.036608,0.166919
GRID_002790,303,8d83b97,0.419123,1.345179,-1.375054,-1.288171,1.533447,0.062277,-0.145195,-0.002702,0.157987
GRID_002791,303,8d83b97,1.751770,0.248687,0.874043,-1.555001,0.981741,-0.073409,-0.011786,0.292215,0.074349
GRID_002792,303,8d83b97,0.979941,0.030775,0.522666,-1.479841,0.076593,-0.071315,0.046776,0.304826,0.085287
GRID_002793,303,8d83b97,-2.800510,-1.330143,-0.118342,-1.097409,1.532456,0.079379,-0.236576,0.139882,0.249538
GRID_002794,303,8d83b97,-0.313765,1.294494,-1.508228,0.795270,0.015123,-0.048300,-0.141250,-0.001599,0.149280
GRID_002795,303,8d83b97,-0.537074,-0.747349,1.147079,-0.660566,-1.434158,0.107057,0.183683,0.113525,0.212605
GRID_002796,303,8d83b97,0.599792,-0.443031,0.671991,-0.280245,-0.529524,-0.107625,0.154159,0.231591,0.188011
GRID_002797,303,8d83b97,-2.157433,-0.941112,0.866003,0.548787,-0.959270,0.189675,-0.129589,0.106561,0.229717
GRID_002798,303,8d83b97,-2.572140,0.618739,1.331808,-0.676165,1.117909,0.017088,-0.033831,0.268063,0.037901
GRID_002799,303,8d83b97,2.348551,0.118298,-1.281840,0.399842,0.030140,0.081336,0.084850,0.226528,0.117537
GRID_002800,303,8d83b97,2.441566,-0.947838,-0.162418,1.534160,-0.555826,-0.137940,-0.158005,0.228264,0.209745
GRID_002801,303,8d83b97,0.314285,0.831614,0.778145,0.450749,1.412948,0.018459,-0.064107,0.289407,0.066711
GRID_002802,303,8d83b97,-1.416338,1.111923,0.581589,-0.732340,-1.460374,-0.147568,-0.023505,0.249787,0.149428
GRID_002803,303,8d83b97,0.661447,1.153569,-1.504936,0.729425,0.004187,0.094561,-0.124400,0.022165,0.156259
GRID_002804,303,8d83b97,-1.736525,-1.090194,-0.117001,1.318734,-1.344720,0.222866,-0.038955,0.194323,0.226245
GRID_002805,303,8d83b97,1.996014,-0.079396,-0.071120,-0.369107,0.689763,-0.037727,-0.014350,0.323233,0.040364
GRID_002806,303,8d83b97,-0.183843,1.442954,0.619033,-1.304766,1.417784,-0.037016,-0.186215,0.191990,0.189859
GRID_002807,303,8d83b97,2.538710,0.572170,-0.754279,1.393922,-0.995148,0.090671,0.138553,0.219641,0.165585
GRID_002808,303,8d83b97,-1.131194,-1.079129,-1.083371,-1.099232,-0.463304,0.111870,0.053121,0.258568,0.123842
GRID_002809,303,8d83b97,1.802984,1.080695,0.084060,-0.767954,0.107122,0.180825,0.044667,0.215164,0.186260
GRID_002810,303,8d83b97,2.228022,0.098466,0.930708,0.653028,-0.842699,-0.088573,-0.064434,0.275706,0.109531
GRID_002811,303,8d83b97,-2.856620,-1.356918,0.288878,-1.481238,-0.426088,0.067289,-0.245271,0.081915,0.254333
GRID_002812,303,8d83b97,-0.706859,0.220085,-1.157160,-0.866722,1.135731,-0.087786,-0.100277,0.227798,0.133274
GRID_002813,303,8d83b97,0.752495,1.478491,1.085066,-0.349768,-0.871024,0.094980,-0.103710,0.215944,0.140631
GRID_002814,303,8d83b97,-1.971789,-1.472337,0.235703,-1.495359,1.070993,0.231339,-0.100712,0.060694,0.252310
GRID_002815,303,8d83b97,-2.241976,-0.107067,0.062904,0.138485,-0.562139,0.043443,-0.038624,0.319563,0.058130
GRID_002816,303,8d83b97,0.945223,1.170430,-1.325831,0.726263,0.744698,0.139712,-0.102237,0.032643,0.173124
GRID_002817,303,8d83b97,0.300675,0.855745,0.780843,-1.238838,1.253443,0.018973,-0.068880,0.287384,0.071446
GRID_002818,303,8d83b97,-0.889566,-0.918102,1.097002,1.218362,0.173086,0.168432,0.138080,0.084428,0.217796
GRID_002819,303,8d83b97,-2.690458,-0.030964,1.318784,1.275080,-0.034967,0.060228,-0.133609,0.215686,0.146556
GRID_002820,303,8d83b97,2.428312,-0.612635,-0.362862,-0.070179,-1.239054,-0.085694,-0.093427,0.294150,0.126775
GRID_002821,303,8d83b97,1.172943,0.676811,0.616298,0.934267,0.392896,0.047662,-0.020363,0.301297,0.051830
GRID_002822,303,8d83b97,-2.889505,-0.466474,-0.411710,0.360801,-0.823828,0.016934,-0.083431,0.308916,0.085132
GRID_002823,303,8d83b97,2.462631,-0.414039,-0.268217,1.100644,1.562699,-0.061994,-0.070851,0.309773,0.094144
GRID_002824,303,8d83b97,-2.654246,0.596700,-0.769337,-1.475569,1.398561,-0.084639,0.150963,0.213305,0.173071
GRID_002825,303,8d83b97,-1.977186,-1.137278,1.502283,0.840595,-0.721575,0.157087,-0.070086,0.008802,0.172013
GRID_002826,303,8d83b97,2.665106,0.949991,0.753134,-1.076459,-1.269433,0.039260,0.084969,0.277956,0.093600
GRID_002827,303,8d83b97,1.085233,0.395456,0.172141,-1.022075,1.049846,0.038579,-0.020976,0.315464,0.043912
GRID_002828,303,8d83b97,-1.627088,1.080455,0.169375,-0.814261,-1.567720,-0.185894,0.009197,0.223648,0.186121
GRID_002829,303,8d83b97,-2.649893,-0.023531,-0.511873,0.306654,-0.108569,-0.019151,0.027058,0.313111,0.033149
GRID_002830,303,8d83b97,2.833156,-0.804247,-0.859956,0.023527,0.158434,-0.035552,-0.097384,0.285403,0.103671
GRID_002831,303,8d83b97,-1.493653,1.146674,0.851239,1.283601,-0.274627,-0.122702,-0.010242,0.256284,0.123128
GRID_002832,303,8d83b97,-0.590486,1.142812,0.379918,-0.841493,1.371224,-0.098628,-0.143918,0.230388,0.174470
GRID_002833,303,8d83b97,-2.701607,-0.318179,-0.752485,0.046004,0.126426,-0.000693,-0.008308,0.308665,0.008337
GRID_002834,303,8d83b97,-1.339214,1.192199,1.376045,-0.180574,-0.075495,-0.062872,-0.014979,0.250672,0.064632
GRID_002835,303,8d83b97,2.156288,-0.387954,0.824582,-1.125738,0.546761,-0.157703,-0.101070,0.222652,0.187311
GRID_002836,303,8d83b97,-1.967050,-0.924535,1.120329,0.983051,1.334085,0.198201,-0.085430,0.080527,0.215828
GRID_002837,303,8d83b97,0.012174,-0.891049,0.981308,0.901227,1.172294,-0.005215,0.226400,0.103465,0.226460
GRID_002838,303,8d83b97,0.220103,0.784784,-1.157118,1.334024,0.578942,0.038518,-0.183071,0.127370,0.187079
GRID_002839,303,8d83b97,-2.544684,1.043834,-0.363823,0.108419,-1.381596,-0.122081,0.172644,0.171591,0.211447
GRID_002840,303,8d83b97,-2.664827,-0.340991,0.193766,0.984640,1.406718,0.054984,-0.115477,0.293557,0.127899
GRID_002841,303,8d83b97,-2.145615,-0.919434,1.570477,-1.521655,1.196372,0.146765,-0.098387,0.040334,0.176692
GRID_002842,303,8d83b97,-2.469419,1.422775,-1.408881,-1.148140,-1.425509,-0.096642,0.115572,-0.017536,0.150654
GRID_002843,303,8d83b97,-1.850185,-0.090400,1.557737,0.369290,0.190343,0.145312,-0.043625,0.177007,0.151719
GRID_002844,303,8d83b97,2.519218,1.066785,1.251920,-0.574096,1.160900,0.027471,0.044718,0.263635,0.052482
GRID_002845,303,8d83b97,2.943434,-0.536050,0.069754,-0.620618,-0.548803,-0.035397,-0.153656,0.277716,0.157681
GRID_002846,303,8d83b97,0.814963,-0.045065,-0.428912,0.222380,-0.058652,0.009145,-0.010416,0.317724,0.013861
GRID_002847,303,8d83b97,0.223089,1.162020,1.320962,-1.094596,-1.301881,0.011381,-0.061133,0.254635,0.062184
GRID_002848,303,8d83b97,-2.881236,0.296879,0.467175,0.969770,0.091922,-0.000874,-0.013771,0.316848,0.013798
GRID_002849,303,8d83b97,0.813213,0.723258,0.913476,-1.081638,-0.502268,0.017294,-0.018250,0.293693,0.025143
GRID_002850,303,8d83b97,-3.049507,0.681894,0.374872,0.861167,-0.224903,-0.012479,0.086229,0.297338,0.087128
GRID_002851,303,8d83b97,-2.448416,-1.372673,0.335926,-0.784076,-1.307247,0.158141,-0.196197,0.072196,0.251996
GRID_002852,303,8d83b97,0.461724,-0.079199,0.881697,0.662921,1.471733,-0.063506,0.122942,0.261621,0.138376
GRID_002853,303,8d83b97,-2.163874,0.607394,-0.886095,1.280282,1.400947,-0.149854,0.097433,0.196713,0.178744
GRID_002854,303,8d83b97,0.324185,0.755699,0.034541,-0.878746,-1.368077,0.042432,-0.133168,0.269271,0.139765
GRID_002855,303,8d83b97,1.904702,1.024170,1.118667,-1.385468,1.181461,0.055790,0.021570,0.270248,0.059815
GRID_002856,303,8d83b97,-0.885365,1.412891,1.332442,-1.454916,-0.805831,-0.082169,-0.065590,0.230173,0.105137
GRID_002857,303,8d83b97,2.685865,1.322127,1.544228,0.434209,0.953597,0.022928,0.055860,0.235108,0.060382
GRID_002858,303,8d83b97,-1.887701,0.569352,-0.200491,0.891048,-0.327659,-0.125464,0.038873,0.278107,0.131348
GRID_002859,303,8d83b97,-1.584872,0.117979,1.284706,0.225439,0.530485,0.121491,-0.002715,0.238247,0.121522
GRID_002860,303,8d83b97,-2.981916,-1.264912,-0.124312,-0.387797,1.139506,0.034594,-0.243003,0.155914,0.245453
GRID_002861,303,8d83b97,-1.405796,0.639755,0.820705,-1.425220,0.543421,-0.023949,-0.004453,0.299852,0.024359
GRID_002862,303,8d83b97,-1.241657,1.551786,-1.005608,-1.334420,-0.862873,-0.174106,-0.059366,-0.015253,0.183949
GRID_002863,303,8d83b97,-0.398730,-0.864046,0.266764,-0.675119,0.299783,0.084679,0.206428,0.198596,0.223121
GRID_002864,303,8d83b97,-0.921627,-0.979249,-0.757605,0.739992,-1.333429,0.116416,0.089652,0.263694,0.146936
GRID_002865,303,8d83b97,-0.721272,0.504736,1.348084,1.195086,0.529764,0.038262,0.046010,0.262263,0.059840
GRID_002866,303,8d83b97,2.455577,-1.455557,0.051140,1.190560,-0.052014,-0.167739,-0.198994,0.088201,0.260260
GRID_002867,303,8d83b97,2.508166,0.213458,-0.825857,0.979243,-0.072555,0.062176,0.091096,0.266987,0.110292
GRID_002868,303,8d83b97,-1.292683,-1.364187,-1.054437,-0.951998,-0.942825,0.166208,0.047388,0.218177,0.172832
GRID_002869,303,8d83b97,-1.820727,1.294327,-0.169298,-1.253033,-1.007654,-0.220115,0.054187,0.138153,0.226687
GRID_002870,303,8d83b97,-0.733455,0.473445,-0.853328,1.145113,-1.429204,-0.107999,-0.117563,0.224985,0.159640
GRID_002871,303,8d83b97,2.042480,-1.110346,-1.390426,1.559707,-1.115192,-0.087142,-0.041632,0.252693,0.096576
GRID_002872,303,8d83b97,-2.593030,-1.470820,0.064116,-0.865692,-1.231948,0.130221,-0.220797,0.082812,0.256338
GRID_002873,303,8d83b97,1.133838,0.121933,0.879929,-0.796319,-1.217547,-0.091682,0.042312,0.282721,0.100975
GRID_002874,303,8d83b97,3.107776,0.938241,-1.316575,-1.044948,1.041274,0.001752,0.182257,0.078498,0.182265
GRID_002875,303,8d83b97,-1.940785,1.565045,1.460453,1.339969,-0.496244,-0.104145,0.038060,0.212459,0.110882
GRID_002876,303,8d83b97,2.255917,-1.530424,-1.178222,-1.150020,1.058416,-0.145640,-0.114932,0.196729,0.185527
GRID_002877,303,8d83b97,-0.381028,-1.547718,1.155828,0.298254,-0.736385,0.063150,0.163643,-0.041161,0.175405
GRID_002878,303,8d83b97,-0.106939,0.683229,-0.611569,-0.986723,-1.509142,-0.021292,-0.176085,0.216245,0.177368
GRID_002879,303,8d83b97,3.019980,1.516499,-1.116302,1.560577,0.673052,0.016491,0.171344,-0.016703,0.172136
GRID_002880,303,8d83b97,-1.025927,-1.319443,1.384659,1.185204,0.881799,0.145799,0.089360,-0.014696,0.171005
GRID_002881,303,8d83b97,-0.021892,0.667375,-1.345614,-1.044936,0.754467,-0.006304,-0.174199,0.127517,0.174313
GRID_002882,303,8d83b97,-0.082694,1.537079,0.741352,0.817095,0.239477,-0.017943,-0.187292,0.183501,0.188149
GRID_002883,303,8d83b97,-1.906450,0.162624,0.668370,-0.912526,0.968435,0.060928,-0.023563,0.302958,0.065325
GRID_002884,303,8d83b97,-0.797797,0.124702,-0.182542,-0.220582,-0.609467,-0.021814,-0.019428,0.320346,0.029212
GRID_002885,303,8d83b97,-1.420575,-0.541139,-0.794848,-1.338810,0.610066,0.050188,0.007062,0.303223,0.050682
GRID_002886,303,8d83b97,2.742186,-0.035477,-0.137967,-1.460437,1.352115,-0.011396,-0.016066,0.324026,0.019698
GRID_002887,303,8d83b97,0.426487,-0.701110,1.106287,0.602524,0.888861,-0.091198,0.195461,0.127704,0.215689
GRID_002888,303,8d83b97,0.438565,1.347842,-1.470814,1.043736,-0.912550,0.060278,-0.133673,-0.008371,0.146635
GRID_002889,303,8d83b97,-2.379211,-0.582691,0.754140,-1.177048,1.270280,0.139242,-0.150907,0.195841,0.205332
GRID_002890,303,8d83b97,-0.542154,-1.473375,-0.271690,-1.558319,-0.664213,0.127737,0.215701,0.124537,0.250686
GRID_002891,303,8d83b97,2.526050,0.815125,0.557276,0.838482,-1.340666,0.049019,0.075993,0.288512,0.090431
GRID_002892,303,8d83b97,-0.078159,-0.368183,0.915881,0.857509,0.701221,0.011961,0.183935,0.214736,0.184323
GRID_002893,303,8d83b97,-1.394435,1.022397,1.163998,0.345297,0.844097,-0.059407,-0.010963,0.269302,0.060411
GRID_002894,303,8d83b97,-1.148029,-0.056186,0.852359,-0.598599,1.089836,0.116032,0.052636,0.267546,0.127412
GRID_002895,303,8d83b97,0.790463,-1.559810,-0.375863,0.770752,-0.849438,-0.181754,0.178000,0.116598,0.254399
GRID_002896,303,8d83b97,-1.649100,1.521388,0.235389,1.346248,1.548309,-0.225518,0.016342,0.134082,0.226109
GRID_002897,303,8d83b97,-0.058813,-0.653278,-0.111655,-0.296599,1.161821,0.007112,0.161061,0.274543,0.161218
GRID_002898,303,8d83b97,-0.913847,1.436603,-1.124756,0.607465,1.190802,-0.144389,-0.109959,-0.002192,0.181491
GRID_002899,303,8d83b97,2.651685,-0.050905,0.025013,0.658048,-0.921448,-0.024360,-0.036933,0.322616,0.044243
GRID_002900,303,8d83b97,1.681059,-0.772178,-0.540864,0.815322,0.243799,-0.138836,-0.013934,0.282451,0.139534
GRID_002901,303,8d83b97,-2.081372,0.656665,1.043163,0.541082,1.551613,-0.002147,-0.001868,0.289661,0.002846
GRID_002902,303,8d83b97,-1.400635,0.263848,0.696116,-0.213138,0.765663,0.044855,0.007244,0.305698,0.045436
GRID_002903,303,8d83b97,-0.853058,-0.972423,1.373931,1.040599,-0.888612,0.145967,0.129207,0.046343,0.194938
GRID_002904,303,8d83b97,-0.401231,-0.445415,-0.560814,0.178682,-0.053674,0.021734,0.056646,0.310920,0.060672
GRID_002905,303,8d83b97,-3.053011,0.369800,1.504875,1.125611,0.803837,0.004035,-0.094563,0.236021,0.094649
GRID_002906,303,8d83b97,-0.233903,1.254396,-0.571744,1.154611,1.279172,-0.053777,-0.215792,0.096478,0.222392
GRID_002907,303,8d83b97,2.141258,-0.339119,0.261323,-1.219275,-0.461497,-0.118452,-0.072529,0.288648,0.138893
GRID_002908,303,8d83b97,2.113611,0.415767,1.117118,0.925025,-1.514307,-0.054895,-0.029909,0.280050,0.062514
GRID_002909,303,8d83b97,-2.456659,1.444527,0.501933,1.241557,-0.393681,-0.130559,0.153938,0.180782,0.201848
GRID_002910,303,8d83b97,-0.513702,-1.347109,-1.287829,-1.112827,-0.468137,0.068591,0.125700,0.228148,0.143197
GRID_002911,303,8d83b97,2.196074,0.235355,0.467735,-1.477999,1.401976,-0.027263,-0.015901,0.316362,0.031561
GRID_002912,303,8d83b97,0.033002,-1.473358,0.398537,-1.513303,1.134377,-0.010627,0.249424,0.040516,0.249650
GRID_002913,303,8d83b97,2.433491,-0.506417,-1.242754,1.386225,0.728247,-0.000955,0.004403,0.280129,0.004506
GRID_002914,303,8d83b97,3.081982,-1.493660,-0.878050,-1.050908,1.200147,-0.017061,-0.210876,0.183397,0.211565
GRID_002915,303,8d83b97,-2.952438,-1.203435,-1.218408,0.041207,-0.901595,0.020249,-0.129005,0.245232,0.130584
GRID_002916,303,8d83b97,-0.888827,0.487381,0.219272,0.338065,0.956952,-0.051270,-0.040215,0.310233,0.065161
GRID_002917,303,8d83b97,0.876250,0.578240,1.525478,-1.245343,0.708896,-0.050623,0.040465,0.247207,0.064808
GRID_002918,303,8d83b97,1.159715,0.574315,0.102900,0.341793,-0.548746,0.085155,-0.037462,0.297731,0.093031
GRID_002919,303,8d83b97,3.030539,1.483366,0.086548,-1.110931,-1.447327,0.020568,0.225074,0.124969,0.226011
GRID_002920,303,8d83b97,0.111355,0.896026,0.995857,0.987593,-1.210831,0.003462,-0.052905,0.282070,0.053018
GRID_002921,303,8d83b97,2.086136,-0.533640,1.210226,0.687676,0.010700,-0.178769,-0.098209,0.147424,0.203969
GRID_002922,303,8d83b97,-1.682098,-0.518129,-0.297479,-1.151501,-1.052361,0.107547,-0.013495,0.301523,0.108391
GRID_002923,303,8d83b97,-0.085982,-0.490261,0.870916,0.876324,1.344391,0.014650,0.198248,0.198627,0.198789
GRID_002924,303,8d83b97,0.698716,0.806442,1.412633,1.416666,-1.091195,-0.010635,0.009980,0.263458,0.014584
GRID_002925,303,8d83b97,-2.828907,-1.568822,0.869581,-1.541777,-0.863022,0.059038,-0.196569,-0.027375,0.205243
GRID_002926,303,8d83b97,1.168282,-0.007855,1.156901,-0.440516,0.481208,-0.131496,0.055557,0.238748,0.142751
GRID_002927,303,8d83b97,1.186946,-0.565645,-0.018178,-1.282631,-1.176844,-0.145702,0.058604,0.280283,0.157047
GRID_002928,303,8d83b97,-0.722275,0.624331,1.200829,-0.557851,-0.229145,0.014343,0.018733,0.279121,0.023593
GRID_002929,303,8d83b97,1.461349,-0.122567,-1.379810,-0.805071,-1.515975,0.082443,-0.008489,0.242799,0.082879
GRID_002930,303,8d83b97,-0.114919,0.200443,-0.095152,1.483656,1.167629,-0.006283,-0.033946,0.319582,0.034523
GRID_002931,303,8d83b97,-1.472820,-1.324260,-0.984628,-0.569427,-0.219330,0.174592,0.016474,0.221296,0.175368
GRID_002932,303,8d83b97,0.720428,-0.450085,0.982821,0.163090,-0.096777,-0.131965,0.147895,0.191792,0.198211
GRID_002933,303,8d83b97,2.972099,-0.969108,0.092830,0.074212,-0.996824,-0.042983,-0.224651,0.196673,0.228726
GRID_002934,303,8d83b97,1.877520,-0.032754,-0.693777,0.154360,-1.224573,0.043408,0.015928,0.302360,0.046238
GRID_002935,303,8d83b97,0.681960,0.960376,1.242607,-1.406602,0.375101,0.019705,-0.027018,0.270237,0.033440
GRID_002936,303,8d83b97,2.969424,-0.098642,0.825982,-0.028886,1.281099,-0.027856,-0.134443,0.265266,0.137299
GRID_002937,303,8d83b97,-2.719800,0.442943,-0.944825,-1.255597,-1.289599,-0.068340,0.142115,0.218956,0.157693
GRID_002938,303,8d83b97,1.193580,-0.135985,0.803789,-0.478463,1.273508,-0.135077,0.053233,0.262963,0.145188
GRID_002939,303,8d83b97,0.289473,-0.390701,-0.360685,1.342105,-1.462366,-0.023780,0.071996,0.313245,0.075822
GRID_002940,303,8d83b97,-0.107953,1.406357,-0.698349,-0.161559,-0.343840,-0.025584,-0.213947,0.045787,0.215471
GRID_002941,303,8d83b97,0.532814,-0.041781,0.342850,-0.041908,0.995874,-0.042620,0.068505,0.311120,0.080681
GRID_002942,303,8d83b97,2.530247,1.257123,1.303972,0.002801,-1.019926,0.042447,0.067115,0.246841,0.079411
GRID_002943,303,8d83b97,-2.724716,-0.941751,0.175613,-1.370072,0.576342,0.088368,-0.209997,0.192860,0.227832
GRID_002944,303,8d83b97,0.654726,0.355955,-1.157726,0.581557,1.465409,0.088524,-0.118193,0.206760,0.147669
GRID_002945,303,8d83b97,-0.776039,0.317788,1.397177,-0.703713,0.822117,0.065789,0.069213,0.244426,0.095492
GRID_002946,303,8d83b97,-2.403073,-0.764574,0.239036,-0.057343,0.105645,0.137104,-0.155988,0.222076,0.207677
GRID_002947,303,8d83b97,-1.827408,-1.065503,-1.485381,0.724045,0.257929,0.067939,-0.019710,0.252469,0.070741
GRID_002948,303,8d83b97,-1.740984,1.271149,0.310124,-1.536618,1.025710,-0.196921,0.032157,0.198572,0.199529
GRID_002949,303,8d83b97,-2.071409,-0.761287,0.030780,-0.650384,-1.535979,0.166546,-0.094240,0.244565,0.191361
GRID_002950,303,8d83b97,-0.135543,-1.462961,-0.974282,-1.390551,1.056558,0.024298,0.195955,0.196414,0.197456
GRID_002951,303,8d83b97,0.764783,-0.413448,-1.286129,-0.724821,-1.408026,0.016244,-0.019134,0.273623,0.025099
GRID_002952,303,8d83b97,0.223853,1.290337,-0.933189,-0.606195,0.588671,0.042828,-0.198691,0.045747,0.203254
GRID_002953,303,8d83b97,2.314725,0.956504,1.132786,-0.556145,-0.927404,0.031379,0.033363,0.274574,0.045802
GRID_002954,303,8d83b97,1.822453,-0.503185,-1.236996,-1.542549,-0.474733,0.001193,0.002192,0.280523,0.002495
GRID_002955,303,8d83b97,-0.316439,-1.166086,-1.469991,-0.442823,-0.684222,0.026384,0.088085,0.246007,0.091951
GRID_002956,303,8d83b97,-2.345185,1.111229,1.427373,-0.294365,1.006137,-0.033444,0.028040,0.253868,0.043644
GRID_002957,303,8d83b97,0.291075,0.383416,-0.683298,-0.671705,-0.198373,0.035832,-0.127483,0.258946,0.132422
GRID_002958,303,8d83b97,-2.987978,0.580042,-1.349626,0.697140,-0.334680,-0.030283,0.167028,0.143232,0.169752
GRID_002959,303,8d83b97,-1.017750,1.517588,-0.203418,0.009343,0.291428,-0.198698,-0.121802,0.079869,0.233059
GRID_002960,303,8d83b97,-1.243528,-1.302983,0.964187,1.317089,-0.914708,0.204875,0.069662,0.017871,0.216394
GRID_002961,303,8d83b97,-2.005348,1.241349,-0.456297,-1.287645,-0.379743,-0.206204,0.092922,0.114196,0.226174
GRID_002962,303,8d83b97,0.409616,-0.063382,-0.181429,-1.256381,-1.414624,-0.010088,0.017980,0.323662,0.020616
GRID_002963,303,8d83b97,-0.280723,0.466914,-1.212086,-1.364221,1.356296,-0.047593,-0.156643,0.180934,0.163713
GRID_002964,303,8d83b97,-1.808023,0.198149,-1.401005,-0.991825,-0.349822,-0.132717,0.030266,0.200254,0.136124
GRID_002965,303,8d83b97,-2.779323,-1.296603,-0.283520,-1.479695,1.190222,0.080660,-0.224962,0.167167,0.238985
GRID_002966,303,8d83b97,-2.609999,-0.038709,1.484232,-0.638378,-0.542478,0.071976,-0.130072,0.193557,0.148658
GRID_002967,303,8d83b97,-2.663030,-0.443681,-1.481302,-0.907264,-1.083554,-0.021594,0.032928,0.255722,0.039377
GRID_002968,303,8d83b97,3.136595,0.573627,1.549286,-0.763347,-1.152292,-0.004674,-0.064487,0.244369,0.064656
GRID_002969,303,8d83b97,2.867430,1.053705,-0.327846,-0.325011,1.183828,0.052179,0.201746,0.173851,0.208385
GRID_002970,303,8d83b97,-1.244481,0.024484,-0.400616,-0.289692,-0.208860,-0.030956,-0.010446,0.316374,0.032671
GRID_002971,303,8d83b97,-2.468363,0.039771,0.686787,1.131395,0.133490,0.056399,-0.076707,0.293025,0.095209
GRID_002972,303,8d83b97,-1.834686,-0.080005,0.844828,-0.924344,0.348344,0.126112,-0.036064,0.265518,0.131167
GRID_002973,303,8d83b97,-1.880037,0.575980,-1.317956,0.629626,-0.530148,-0.165677,0.050808,0.147875,0.173293
GRID_002974,303,8d83b97,-2.959640,-0.380924,-0.144266,-0.997532,-1.367076,0.013514,-0.098161,0.308418,0.099087
GRID_002975,303,8d83b97,1.346297,-0.296235,1.217539,0.165812,-1.297015,-0.178484,0.040939,0.188629,0.183119
GRID_002976,303,8d83b97,-0.319925,-0.707572,1.537634,-0.734849,0.933892,0.056224,0.177237,0.079138,0.185941
GRID_002977,303,8d83b97,-0.551446,0.643203,0.492471,-1.121598,-1.379123,-0.035737,-0.054508,0.303165,0.065179
GRID_002978,303,8d83b97,3.037095,-1.420045,0.192114,-1.230607,0.402475,-0.031307,-0.255365,0.078880,0.257277
GRID_002979,303,8d83b97,0.405853,0.072614,-0.556290,1.084404,0.328625,0.020558,-0.053201,0.304809,0.057035
GRID_002980,303,8d83b97,-0.591907,-1.306327,-1.107393,-0.019442,0.093337,0.087425,0.133373,0.229304,0.159473
GRID_002981,303,8d83b97,2.077386,-0.044765,0.669887,1.517914,-0.852483,-0.103175,-0.054165,0.286743,0.116528
GRID_002982,303,8d83b97,-1.276486,1.315553,1.399499,-1.241134,-1.477873,-0.078564,-0.023747,0.239728,0.082075
GRID_002983,303,8d83b97,1.276382,1.102588,1.261934,-0.076340,-1.525059,0.053918,-0.016413,0.260797,0.056360
GRID_002984,303,8d83b97,1.796336,1.527378,-1.431317,0.584411,1.324198,0.127589,0.031025,-0.034682,0.131307
GRID_002985,303,8d83b97,-2.091514,1.497523,-1.527492,-0.849269,-1.501096,-0.113259,0.061896,-0.033047,0.129069
GRID_002986,303,8d83b97,-1.302783,-1.118890,0.358856,-0.464814,-1.292014,0.236412,0.064761,0.129883,0.245122
GRID_002987,303,8d83b97,-1.083078,0.146507,0.314259,0.359810,-0.647739,0.024351,0.013532,0.320146,0.027858
GRID_002988,303,8d83b97,3.084298,0.274123,-0.571384,-1.124174,0.819435,0.001412,0.103214,0.284494,0.103223
GRID_002989,303,8d83b97,1.610260,-1.079470,-1.219192,0.169762,-1.349930,-0.113084,-0.003360,0.258479,0.113134
GRID_002990,303,8d83b97,0.507390,-1.345983,1.142871,-1.564149,-0.880056,-0.099290,0.174374,-0.005147,0.200660
GRID_002991,303,8d83b97,1.168156,-0.918463,-1.209956,0.783651,1.464265,-0.077523,0.032604,0.271821,0.084100
GRID_002992,303,8d83b97,-2.127800,1.175937,1.071550,-1.089134,1.301229,-0.086296,0.050431,0.256385,0.099951
GRID_002993,303,8d83b97,1.067532,-1.069077,-0.619242,0.258038,-1.555137,-0.161992,0.088475,0.243073,0.184578
GRID_002994,303,8d83b97,2.496263,-1.326952,-1.113778,0.702386,-1.193333,-0.102683,-0.130165,0.226455,0.165791
GRID_002995,303,8d83b97,-0.040822,-0.990798,-1.501517,-1.459625,-1.041643,-0.000104,0.059020,0.255625,0.059020
GRID_002996,303,8d83b97,0.939551,-0.188256,0.842919,-0.961971,1.292129,-0.126965,0.091536,0.251598,0.156522
GRID_002997,303,8d83b97,2.947570,0.457434,0.975490,-0.466765,-0.925307,-0.011520,-0.035923,0.292843,0.037725
GRID_002998,303,8d83b97,-1.802506,0.646612,-0.914909,1.454989,0.371328,-0.179504,0.040480,0.185524,0.184011
GRID_002999,303,8d83b97,1.462250,-1.477390,-0.228522,1.556330,0.445738,-0.255980,0.028589,0.118267,0.257572
GRID_003000,303,8d83b97,3.004883,-0.097416,-1.226664,-0.974117,0.995618,0.006777,0.081511,0.257977,0.081792
GRID_003001,303,8d83b97,-2.024386,1.179581,-0.987771,0.944632,-0.480062,-0.186428,0.088064,0.063895,0.206181
GRID_003002,303,8d83b97,-1.433817,-0.005935,1.315430,0.756673,1.115768,0.139799,0.018786,0.219426,0.141056
GRID_003003,303,8d83b97,-0.955697,0.300731,-1.078457,-0.180775,1.489509,-0.117433,-0.081768,0.225471,0.143096
GRID_003004,303,8d83b97,-1.852104,-0.938610,0.371494,1.371656,0.167226,0.222947,-0.066535,0.169580,0.232664
GRID_003005,303,8d83b97,-0.687443,0.496288,0.997416,0.199899,-1.364345,0.016907,0.023223,0.292093,0.028726
GRID_003006,303,8d83b97,-0.153693,-1.476955,-0.051271,-0.710282,1.407851,0.037085,0.254624,0.096051,0.257311
GRID_003007,303,8d83b97,-0.902366,-1.312670,-0.232893,-0.067455,-1.366955,0.188969,0.150576,0.157684,0.241624
GRID_003008,303,8d83b97,-3.040996,1.347548,1.069504,-1.255510,0.576525,-0.017058,0.125047,0.234835,0.126205
GRID_003009,303,8d83b97,0.791588,0.177625,0.395282,0.711337,0.527327,-0.026510,0.024255,0.318044,0.035932
GRID_003010,303,8d83b97,0.918700,1.322393,0.702353,-1.390041,0.265850,0.128633,-0.099562,0.221525,0.162663
GRID_003011,303,8d83b97,1.126642,-0.143066,0.027176,-0.296004,-0.567103,-0.061610,0.028858,0.318876,0.068034
GRID_003012,303,8d83b97,-0.087196,-0.251380,-1.382975,-1.381055,0.322386,-0.008137,-0.064570,0.253939,0.065081
GRID_003013,303,8d83b97,-0.258076,0.313276,-0.518365,-0.989862,-1.439393,-0.029602,-0.103240,0.284566,0.107400
GRID_003014,303,8d83b97,-2.039457,1.119804,-1.204579,0.034061,1.063141,-0.172117,0.084283,0.053681,0.191645
GRID_003015,303,8d83b97,1.133461,1.164304,0.648871,0.366093,-1.198192,0.130223,-0.061362,0.245164,0.143956
GRID_003016,303,8d83b97,-1.654277,0.285845,-0.698267,1.101272,-1.382316,-0.119532,0.008654,0.270912,0.119845
GRID_003017,303,8d83b97,-0.683450,-0.397217,0.371179,1.419600,0.200441,0.097040,0.121705,0.271302,0.155656
GRID_003018,303,8d83b97,-2.254026,0.444517,-0.315590,-1.024445,0.778813,-0.092615,0.071189,0.285505,0.116813
GRID_003019,303,8d83b97,-1.091456,1.477005,-0.907362,0.526958,0.384054,-0.177051,-0.091395,0.008335,0.199249
GRID_003020,303,8d83b97,-1.387647,-0.912463,0.614043,-0.722288,-0.096650,0.229309,0.042047,0.144578,0.233132
GRID_003021,303,8d83b97,-1.578971,0.132622,-1.081043,-1.224626,-0.928310,-0.117300,-0.000079,0.248876,0.117300
GRID_003022,303,8d83b97,1.277098,1.483377,-0.173956,0.740443,0.426747,0.217100,-0.065590,0.091972,0.226791
GRID_003023,303,8d83b97,0.265779,0.121350,1.560352,0.468020,0.650445,-0.037104,0.127046,0.204204,0.132353
GRID_003024,303,8d83b97,2.535596,-0.572906,-1.163174,0.243928,-0.951022,-0.013940,-0.013415,0.286338,0.019347
GRID_003025,303,8d83b97,-2.114706,1.222025,0.953390,-0.897625,-0.127386,-0.106612,0.061212,0.248982,0.122936
GRID_003026,303,8d83b97,2.449845,-0.757038,0.803708,-0.656901,0.353278,-0.147544,-0.172385,0.154099,0.226905
GRID_003027,303,8d83b97,2.090921,-0.381620,0.555959,-0.702067,0.352943,-0.150818,-0.083208,0.254847,0.172248
GRID_003028,303,8d83b97,-1.354956,0.630180,1.540618,1.526439,0.691901,0.049959,0.010775,0.247899,0.051108
GRID_003029,303,8d83b97,1.819508,-1.313766,1.493117,0.113066,1.238539,-0.160048,-0.038842,-0.018144,0.164694
GRID_003030,303,8d83b97,1.509928,1.100209,0.524769,0.436403,-0.313697,0.146796,-0.008116,0.248305,0.147020
GRID_003031,303,8d83b97,1.900086,0.991711,-1.532241,-0.158660,-0.921939,0.150222,0.053486,0.048394,0.159460
GRID_003032,303,8d83b97,-0.896521,-0.311619,1.524829,-0.439299,0.441413,0.133329,0.108150,0.147575,0.171677
GRID_003033,303,8d83b97,2.628938,-1.295578,1.134012,1.307621,0.729847,-0.104321,-0.177250,0.004971,0.205670
GRID_003034,303,8d83b97,1.229220,0.427844,-1.075130,-0.738767,-0.159713,0.145238,-0.051809,0.205199,0.154202
GRID_003035,303,8d83b97,-1.161894,0.154166,-0.083042,1.483500,-1.009300,-0.022625,-0.009493,0.321802,0.024536
GRID_003036,303,8d83b97,2.502377,1.217788,-0.238672,0.384994,0.905397,0.126987,0.177269,0.147449,0.218059
GRID_003037,303,8d83b97,-3.071777,-0.439588,0.100013,-0.658026,0.965460,0.005273,-0.140141,0.288429,0.140240
GRID_003038,303,8d83b97,-2.420367,0.947469,1.100397,-0.841149,1.092785,-0.037520,0.037262,0.276102,0.052879
GRID_003039,303,8d83b97,-1.829527,0.356522,0.121019,0.377594,-0.554017,-0.046455,0.010261,0.316728,0.047575
GRID_003040,303,8d83b97,-0.382738,0.505027,1.056908,-0.843531,0.984075,0.010656,0.032398,0.287998,0.034105
GRID_003041,303,8d83b97,0.005683,0.276691,0.173146,-0.193858,-0.555325,-0.002273,-0.018469,0.320994,0.018608
GRID_003042,303,8d83b97,-1.270868,1.382007,-0.875649,0.852856,-0.792604,-0.198428,-0.061382,0.031831,0.207705
GRID_003043,303,8d83b97,1.279987,-0.224840,1.040663,-0.242592,-0.408300,-0.164339,0.049170,0.222530,0.171538
GRID_003044,303,8d83b97,-0.730373,-1.486043,-0.465213,-1.114198,0.905188,0.159964,0.180862,0.144405,0.241452
GRID_003045,303,8d83b97,0.073646,-1.033466,0.727702,-0.409406,-0.820065,-0.020073,0.239223,0.102981,0.240064
GRID_003046,303,8d83b97,2.528036,-1.138437,-1.051825,-1.128999,-1.569723,-0.085664,-0.115012,0.250978,0.143409
GRID_003047,303,8d83b97,-2.799709,1.262627,-1.111642,-1.464969,0.696378,-0.068473,0.179746,0.033592,0.192346
GRID_003048,303,8d83b97,2.118823,0.101662,-0.050884,1.260640,-0.195778,-0.000152,0.003265,0.323717,0.003268
GRID_003049,303,8d83b97,-0.814924,-1.526161,-0.377798,0.598998,-0.388421,0.179556,0.171029,0.124825,0.247974
GRID_003050,303,8d83b97,-0.115616,-0.876932,0.281186,-0.497302,0.259223,0.023750,0.224963,0.194139,0.226213
GRID_003051,303,8d83b97,-1.174334,0.893188,0.172097,-0.135508,-0.303681,-0.143397,-0.059759,0.257901,0.155350
GRID_003052,303,8d83b97,3.054700,-1.276160,-0.016752,0.666872,-0.714800,-0.026287,-0.249775,0.140154,0.251155
GRID_003053,303,8d83b97,-2.787217,0.094616,0.539462,1.025315,-0.721098,0.019789,-0.065835,0.307713,0.068744
GRID_003054,303,8d83b97,-1.350178,-1.472939,0.913854,0.215620,0.749081,0.202965,0.045257,-0.012128,0.207950
GRID_003055,303,8d83b97,0.353045,1.329028,1.361602,1.114365,0.431513,0.027067,-0.080127,0.239049,0.084575
GRID_003056,303,8d83b97,1.780796,0.567063,-0.967209,0.718105,-0.797087,0.165049,0.036942,0.194006,0.169133
GRID_003057,303,8d83b97,-1.493417,-0.746496,-0.251453,0.589697,-1.142730,0.160662,0.011637,0.270522,0.161083
GRID_003058,303,8d83b97,2.303047,0.997888,-1.438059,-1.412763,1.206507,0.123463,0.115351,0.055307,0.168965
GRID_003059,303,8d83b97,-1.759095,-0.157512,-0.573890,0.488439,-0.208631,-0.010744,0.000304,0.314559,0.010749
GRID_003060,303,8d83b97,3.105833,-0.380082,-1.357654,-1.360293,0.878057,-0.002986,0.039753,0.265140,0.039865
GRID_003061,303,8d83b97,2.690306,0.004482,-0.776880,0.569065,0.270714,0.024421,0.059877,0.293252,0.064665
GRID_003062,303,8d83b97,-0.455645,1.074079,1.374261,0.892323,0.838951,-0.020573,-0.037070,0.258397,0.042396
GRID_003063,303,8d83b97,1.222167,0.221873,0.954465,0.299339,0.925080,-0.082106,0.029640,0.283514,0.087292
GRID_003064,303,8d83b97,-0.604034,-0.334928,-1.023733,0.236123,-0.628382,-0.012886,-0.015457,0.292624,0.020124
GRID_003065,303,8d83b97,0.766902,-0.431734,1.484321,0.943251,-1.257819,-0.130145,0.132775,0.132529,0.185922
GRID_003066,303,8d83b97,1.094510,0.055188,-0.946865,0.961215,0.419666,0.077996,-0.040883,0.272658,0.088061
GRID_003067,303,8d83b97,-0.437634,0.447646,0.013478,-0.690738,-0.714182,-0.035789,-0.071667,0.306265,0.080106
GRID_003068,303,8d83b97,-1.468112,1.555288,-0.195479,0.305633,-1.474844,-0.232195,-0.024663,0.071688,0.233501
GRID_003069,303,8d83b97,2.976958,0.001463,-1.206932,-1.522663,-0.893259,0.011685,0.097076,0.249946,0.097776
GRID_003070,303,8d83b97,-2.932407,1.488846,-1.069847,0.643988,-0.253247,-0.041788,0.175765,-0.008027,0.180665
GRID_003071,303,8d83b97,0.170830,1.074265,-0.549295,0.115134,0.996135,0.034100,-0.211449,0.141225,0.214181
GRID_003072,303,8d83b97,0.058323,0.916916,0.578910,-1.226787,-0.988509,0.004025,-0.110123,0.277419,0.110196
GRID_003073,303,8d83b97,2.327831,-1.452102,-1.293576,1.330925,-0.430290,-0.119691,-0.108508,0.213749,0.161555
GRID_003074,303,8d83b97,-0.764889,-1.278139,0.491355,-0.396203,1.092365,0.170459,0.179667,0.075439,0.247662
GRID_003075,303,8d83b97,2.225798,-0.700339,0.035182,0.593629,0.625569,-0.150324,-0.111472,0.254859,0.187146
GRID_003076,303,8d83b97,-0.235847,-0.974684,1.415411,0.877701,0.597532,0.042643,0.187839,0.042498,0.192619
GRID_003077,303,8d83b97,-0.016688,-0.989111,-1.365813,-0.460116,1.499028,-0.001244,0.074908,0.262061,0.074919
GRID_003078,303,8d83b97,1.620144,-0.215799,0.442660,-0.914076,-0.072915,-0.131281,-0.005267,0.288339,0.131387
GRID_003079,303,8d83b97,-0.925777,0.868250,-0.222338,-0.785572,0.778942,-0.147980,-0.110097,0.225204,0.184444
GRID_003080,303,8d83b97,-0.342630,-0.451913,-0.370605,-0.922052,-0.355310,0.027033,0.082264,0.309264,0.086592
GRID_003081,303,8d83b97,-2.189573,-1.568929,-0.019884,0.875699,-0.251325,0.206238,-0.150641,0.069549,0.255396
GRID_003082,303,8d83b97,-2.184339,-0.062382,1.352461,0.347070,0.836467,0.120819,-0.088663,0.207118,0.149861
GRID_003083,303,8d83b97,-2.100748,-0.886441,1.324972,-0.400948,-0.018884,0.172020,-0.103897,0.066900,0.200962
GRID_003084,303,8d83b97,-1.782565,0.578887,-0.690764,1.362190,1.550481,-0.165713,0.033805,0.226078,0.169126
GRID_003085,303,8d83b97,-2.636273,-1.477044,0.261686,0.135819,1.487225,0.118886,-0.223343,0.056318,0.253014
GRID_003086,303,8d83b97,-2.920124,0.526544,0.236461,0.437865,0.758197,-0.019715,0.067358,0.307575,0.070183
GRID_003087,303,8d83b97,1.423160,-0.200606,-0.137540,0.737298,1.130425,-0.060702,0.009593,0.320006,0.061455
GRID_003088,303,8d83b97,2.709635,-1.549845,0.757884,-0.600035,0.525646,-0.096094,-0.198537,-0.014410,0.220570
GRID_003089,303,8d83b97,1.271350,0.830932,0.828618,-0.489439,0.023291,0.055270,-0.017077,0.289196,0.057848
GRID_003090,303,8d83b97,2.278567,-1.410891,1.369058,1.539316,0.120704,-0.130626,-0.107605,-0.028377,0.169239
GRID_003091,303,8d83b97,3.137207,-0.187759,-0.717900,-1.463116,-1.474655,-0.004418,0.017123,0.308105,0.017683
GRID_003092,303,8d83b97,-0.652289,1.151899,0.981936,-0.317733,0.427739,-0.065876,-0.083375,0.258350,0.106259
GRID_003093,303,8d83b97,-2.796504,1.314048,-0.540934,1.107457,-0.556640,-0.079901,0.209535,0.086257,0.224252
GRID_003094,303,8d83b97,2.428000,0.066767,-0.188115,0.579327,1.526665,0.004510,0.010827,0.322151,0.011729
GRID_003095,303,8d83b97,0.866188,0.463445,0.380402,-0.180048,0.757384,0.025004,-0.022809,0.313935,0.033844
GRID_003096,303,8d83b97,-0.102338,-0.729002,-0.097088,0.582501,0.103574,0.015719,0.176115,0.261619,0.176815
GRID_003097,303,8d83b97,1.367451,0.308711,-0.161985,0.001761,0.149931,0.063020,-0.012617,0.309945,0.064271
GRID_003098,303,8d83b97,0.346783,0.341022,-1.256839,0.738260,-0.769157,0.048104,-0.139801,0.196576,0.147846
GRID_003099,303,8d83b97,-0.509131,-1.475067,-1.547334,0.262843,-1.541915,0.060695,0.113001,0.214362,0.128270
GRID_003100,303,8d83b97,2.501837,0.687920,0.469395,-0.730078,-0.119211,0.041178,0.061725,0.299092,0.074200
GRID_003101,303,8d83b97,3.039630,1.435934,1.124549,-0.331714,0.518744,0.009035,0.131563,0.223794,0.131873
GRID_003102,303,8d83b97,-2.454559,1.108421,-0.874751,0.109010,0.208206,-0.136970,0.161130,0.092646,0.211480
GRID_003103,303,8d83b97,2.951300,-0.578220,0.254039,1.185647,0.559261,-0.038806,-0.177919,0.254480,0.182102
GRID_003104,303,8d83b97,-0.582471,0.402963,-1.037404,0.584726,-0.476944,-0.086999,-0.128676,0.214162,0.155326
GRID_003105,303,8d83b97,-1.108118,1.371880,1.553155,0.247266,-0.628000,-0.064171,-0.031305,0.230885,0.071400
GRID_003106,303,8d83b97,1.707870,0.979000,1.375431,0.503247,-0.999166,0.019671,0.004120,0.262697,0.020098
GRID_003107,303,8d83b97,1.070883,0.285397,-0.532877,-0.995238,0.386550,0.086660,-0.048019,0.286583,0.099075
GRID_003108,303,8d83b97,1.759888,-0.224550,0.145368,1.448029,1.156362,-0.100143,-0.017423,0.308316,0.101647
GRID_003109,303,8d83b97,-0.663675,-0.895143,-1.179261,-1.269297,-1.169102,0.046761,0.062599,0.274233,0.078136
GRID_003110,303,8d83b97,0.891385,-0.285355,-0.851566,1.354506,-0.211459,0.005163,-0.005644,0.302896,0.007649
GRID_003111,303,8d83b97,-0.259486,-0.226607,1.151879,0.437153,-0.646935,0.041364,0.165034,0.208275,0.170139
GRID_003112,303,8d83b97,1.938323,-0.088911,1.416976,0.547579,-1.522441,-0.149561,-0.055276,0.195146,0.159449
GRID_003113,303,8d83b97,2.506499,-0.363887,0.667382,0.326071,-0.086515,-0.107062,-0.138865,0.245269,0.175345
GRID_003114,303,8d83b97,-0.173971,-1.245323,-0.462619,-0.658947,-0.494234,0.036010,0.218372,0.197139,0.221322
GRID_003115,303,8d83b97,-1.185028,0.289187,0.058380,-0.192042,0.602678,-0.036455,-0.014575,0.319043,0.039260
GRID_003116,303,8d83b97,0.620120,-1.254490,-0.208689,0.605236,-0.587782,-0.142517,0.196585,0.168202,0.242810
GRID_003117,303,8d83b97,-1.872738,0.584768,0.183057,0.764159,0.350571,-0.088669,0.025410,0.300303,0.092238
GRID_003118,303,8d83b97,-0.638656,1.107405,1.394533,0.525682,-0.371721,-0.029112,-0.036131,0.255603,0.046401
GRID_003119,303,8d83b97,-1.887664,-1.175858,-0.362565,0.210706,-1.143913,0.207041,-0.070158,0.201856,0.218605
GRID_003120,303,8d83b97,3.116341,-0.907331,0.959710,0.707189,0.384479,-0.010196,-0.227699,0.102566,0.227927
GRID_003121,303,8d83b97,-0.780597,-0.528635,1.443051,0.363079,-1.430304,0.131137,0.134570,0.120502,0.187899
GRID_003122,303,8d83b97,2.777799,1.118496,-0.090065,0.836420,0.065021,0.068699,0.192513,0.188073,0.204403
GRID_003123,303,8d83b97,-1.348360,-1.130128,1.561425,-1.093016,-1.307054,0.161327,0.036337,0.006941,0.165368
GRID_003124,303,8d83b97,-2.580377,-0.236933,0.753138,-1.389186,-1.544419,0.079121,-0.133280,0.254824,0.154996
GRID_003125,303,8d83b97,-0.207922,0.642369,0.233339,0.669191,0.321053,-0.022107,-0.093625,0.296325,0.096200
GRID_003126,303,8d83b97,0.838528,0.116388,0.981949,-0.905965,1.031140,-0.082542,0.072429,0.272177,0.109814
GRID_003127,303,8d83b97,1.715556,1.479801,-0.127045,-1.012103,-0.309556,0.223978,0.034233,0.098839,0.226579
GRID_003128,303,8d83b97,1.670478,0.990471,0.466983,1.287383,0.186378,0.133496,0.014745,0.262218,0.134307
GRID_003129,303,8d83b97,-2.027972,1.016461,0.370355,-1.306265,-0.577637,-0.141283,0.066612,0.251992,0.156199
GRID_003130,303,8d83b97,3.051055,1.354183,-0.324288,0.400110,1.109448,0.016023,0.226333,0.104092,0.226899
GRID_003131,303,8d83b97,0.579159,0.738819,-1.041952,1.441900,0.093941,0.100456,-0.157059,0.151001,0.186438
GRID_003132,303,8d83b97,-0.644785,0.571669,-0.868371,-0.978948,-0.598243,-0.105485,-0.137403,0.205633,0.173224
GRID_003133,303,8d83b97,1.755160,0.289131,-0.648017,-0.263001,0.849691,0.107445,0.021738,0.275488,0.109622
GRID_003134,303,8d83b97,-0.663042,1.106262,-0.739905,0.460233,0.518729,-0.134287,-0.169228,0.109708,0.216035
GRID_003135,303,8d83b97,-1.247694,-0.113130,0.072716,-0.581247,-0.505712,0.057015,0.019102,0.318964,0.060130
GRID_003136,303,8d83b97,-0.514104,1.025922,-0.958050,-0.973984,-0.195424,-0.103016,-0.178374,0.100814,0.205984
GRID_003137,303,8d83b97,-1.241346,-0.799055,-0.278086,-1.118655,-0.052202,0.159206,0.054470,0.264265,0.168267
GRID_003138,303,8d83b97,-0.036324,0.808726,1.553125,1.508474,1.207876,-0.001639,0.025006,0.251314,0.025059
GRID_003139,303,8d83b97,-2.650692,0.689841,-1.060336,-0.343435,1.379434,-0.091234,0.162086,0.158467,0.185999
GRID_003140,303,8d83b97,-2.568803,-0.888680,1.110117,0.578436,-0.485211,0.114676,-0.184971,0.089030,0.217634
GRID_003141,303,8d83b97,-1.001005,0.175978,1.416351,0.734621,-1.031577,0.098929,0.064484,0.228509,0.118089
GRID_003142,303,8d83b97,-2.747719,1.404696,0.798961,0.921750,-1.042393,-0.068157,0.153035,0.213140,0.167526
GRID_003143,303,8d83b97,-2.159763,-0.778389,-0.610785,-0.444366,0.485930,0.103018,-0.072403,0.284083,0.125917
GRID_003144,303,8d83b97,-1.700494,0.315680,-1.569413,1.034273,0.467827,-0.144809,0.017497,0.161026,0.145863
GRID_003145,303,8d83b97,-0.632939,1.095962,1.463047,0.622010,-0.636572,-0.022955,-0.028147,0.252832,0.036321
GRID_003146,303,8d83b97,-0.805901,-1.536422,0.380492,1.364354,-0.802464,0.175876,0.170642,0.027833,0.245053
GRID_003147,303,8d83b97,-2.053982,-1.065141,-0.111020,-0.567065,-0.355607,0.197153,-0.106474,0.199045,0.224067
GRID_003148,303,8d83b97,0.251292,-1.246176,-0.045583,1.059354,1.059603,-0.064036,0.240316,0.150770,0.248702
GRID_003149,303,8d83b97,-2.771446,-1.394955,0.553311,1.160840,0.617676,0.084116,-0.228563,0.040675,0.243550
GRID_003150,303,8d83b97,-1.351875,0.212306,0.905034,-1.233746,0.889772,0.076358,0.016718,0.287303,0.078167
GRID_003151,303,8d83b97,0.116727,-1.408494,0.181109,1.564726,-1.145239,-0.032317,0.255358,0.083090,0.257395
GRID_003152,303,8d83b97,0.936751,1.327858,1.116933,-0.199480,1.052849,0.091169,-0.068378,0.238551,0.113962
GRID_003153,303,8d83b97,0.417316,-0.153822,1.501742,-0.254705,-1.010960,-0.068358,0.148636,0.174893,0.163602
GRID_003154,303,8d83b97,-1.023835,0.178813,-1.052912,0.834264,-1.073091,-0.105542,-0.063352,0.246127,0.123096
GRID_003155,303,8d83b97,0.035633,1.382767,-0.238471,0.472553,-0.396169,0.005748,-0.227870,0.108161,0.227943
GRID_003156,303,8d83b97,-0.613351,0.952015,-1.033701,-1.083151,0.685261,-0.117279,-0.163465,0.107638,0.201185
GRID_003157,303,8d83b97,-1.026626,-0.690544,-0.875472,-0.467915,0.704569,0.062651,0.038790,0.293939,0.073687
GRID_003158,303,8d83b97,0.451775,0.880568,0.236940,-1.068271,-0.596496,0.059983,-0.128283,0.264708,0.141613
GRID_003159,303,8d83b97,1.390559,-1.069625,0.703608,0.404818,1.491434,-0.240719,0.044269,0.097749,0.244755
GRID_003160,303,8d83b97,-2.233074,0.684815,-0.820433,-1.163986,-1.254379,-0.148789,0.112010,0.190050,0.186237
GRID_003161,303,8d83b97,-1.140079,-0.993424,-0.441707,0.703260,-0.997297,0.168064,0.077627,0.243800,0.185126
GRID_003162,303,8d83b97,-1.367037,-0.822184,-0.546739,-0.665702,0.029067,0.139128,0.028370,0.276335,0.141992
GRID_003163,303,8d83b97,0.508899,0.508192,0.679179,-1.550059,-0.073817,0.001827,-0.007349,0.308019,0.007573
GRID_003164,303,8d83b97,-1.255147,0.379142,0.902418,0.861540,1.504075,0.040439,0.013266,0.295875,0.042559
GRID_003165,303,8d83b97,1.465824,0.773300,-1.093473,0.472085,0.180680,0.184942,-0.018856,0.137543,0.185900
GRID_003166,303,8d83b97,0.122106,1.038385,0.151976,-0.519503,-1.102438,0.019294,-0.176534,0.230171,0.177585
GRID_003167,303,8d83b97,-0.833873,-0.805494,0.821741,-1.380763,1.268664,0.165893,0.152294,0.141503,0.225198
GRID_003168,303,8d83b97,-0.378960,-0.485876,-0.092720,0.294387,-0.950494,0.045296,0.119494,0.295375,0.127792
GRID_003169,303,8d83b97,-1.069239,-0.355373,1.254562,1.273630,1.368441,0.159644,0.088335,0.173910,0.182454
GRID_003170,303,8d83b97,2.136089,-1.009534,0.544713,-0.884608,-0.202153,-0.208813,-0.129044,0.131502,0.245470
GRID_003171,303,8d83b97,2.271123,1.397754,-1.028040,0.215148,-1.441330,0.141902,0.123815,0.013643,0.188325
GRID_003172,303,8d83b97,3.001896,-0.690099,-0.121444,0.298969,-1.043729,-0.027836,-0.165712,0.269723,0.168034
GRID_003173,303,8d83b97,-0.073752,1.392784,-0.709312,0.528154,0.870227,-0.018243,-0.214400,0.047638,0.215175
GRID_003174,303,8d83b97,-2.793223,0.903341,-0.774996,-1.151927,0.151117,-0.073752,0.190522,0.150474,0.204298
GRID_003175,303,8d83b97,0.420431,1.244315,1.064389,1.332382,1.047138,0.042225,-0.099767,0.248312,0.108335
GRID_003176,303,8d83b97,-0.755272,0.183699,1.407295,-0.425879,0.044857,0.079161,0.086384,0.230447,0.117169
GRID_003177,303,8d83b97,-3.009220,-0.733408,-0.503817,0.988303,-1.014163,0.013012,-0.131686,0.285735,0.132327
GRID_003178,303,8d83b97,-2.594302,-0.192450,0.194789,-1.386824,-0.901710,0.045903,-0.083057,0.308270,0.094898
GRID_003179,303,8d83b97,-0.571844,1.280906,1.371191,-0.476573,-1.286880,-0.044194,-0.065042,0.243459,0.078636
GRID_003180,303,8d83b97,2.698221,1.200934,1.368020,-1.551924,0.806168,0.023059,0.057984,0.250255,0.062401
GRID_003181,303,8d83b97,-0.941289,0.707844,0.512031,-1.127655,-0.749672,-0.063563,-0.045093,0.298063,0.077933
GRID_003182,303,8d83b97,2.119681,0.014196,1.263033,0.146143,1.096365,-0.123490,-0.072311,0.228556,0.143104
GRID_003183,303,8d83b97,-1.993652,0.501209,0.304733,0.494594,1.335886,-0.053938,0.021541,0.311009,0.058080
GRID_003184,303,8d83b97,-2.133805,-0.993970,0.231348,0.455218,0.359665,0.196339,-0.127370,0.174663,0.234035
GRID_003185,303,8d83b97,-0.368087,-0.468487,-0.602480,0.845240,-1.564548,0.019840,0.057451,0.309508,0.060781
GRID_003186,303,8d83b97,0.675159,-0.228352,0.280025,1.535677,1.399431,-0.073946,0.089741,0.299597,0.116282
GRID_003187,303,8d83b97,-0.721279,-0.801506,1.119147,-0.874927,-0.937705,0.140840,0.162610,0.105854,0.215123
GRID_003188,303,8d83b97,-1.672758,-0.791095,-0.376050,-0.279670,-1.246369,0.154893,-0.017285,0.271875,0.155855
GRID_003189,303,8d83b97,0.311615,0.317580,-1.031307,-0.833160,-0.058024,0.040772,-0.134018,0.228669,0.140083
GRID_003190,303,8d83b97,-0.292879,-0.193618,-0.431048,0.879476,-1.018133,0.003053,0.017861,0.319497,0.018120
GRID_003191,303,8d83b97,2.851744,-1.559054,0.329626,1.185279,-0.287276,-0.075610,-0.238240,0.028510,0.249950
GRID_003192,303,8d83b97,2.514746,0.769489,-1.505773,0.608131,0.784835,0.093943,0.136047,0.090739,0.165331
GRID_003193,303,8d83b97,0.283442,-1.518251,0.899895,-0.713778,0.753788,-0.060763,0.200334,-0.019910,0.209347
GRID_003194,303,8d83b97,1.780929,-0.843422,-0.761258,-0.492186,-0.687760,-0.124018,-0.024663,0.280486,0.126446
GRID_003195,303,8d83b97,1.887349,-0.808731,-0.849053,-0.744819,1.322094,-0.103400,-0.031668,0.284970,0.108141
GRID_003196,303,8d83b97,1.624262,0.132171,-0.795206,-1.395034,-0.527954,0.090499,0.006055,0.279601,0.090701
GRID_003197,303,8d83b97,-0.380356,0.644990,1.351641,0.254906,-0.351715,0.010944,0.033471,0.266921,0.035214
GRID_003198,303,8d83b97,1.221854,0.001004,-0.229210,-1.003559,0.301724,-0.000627,0.000107,0.322671,0.000636
GRID_003199,303,8d83b97,-1.117126,-0.944801,-1.184740,-1.514934,0.727978,0.077099,0.038170,0.270572,0.086030
GRID_003200,303,8d83b97,-2.511848,-0.822279,-0.038679,1.325466,0.195042,0.112567,-0.161043,0.240128,0.196484
GRID_003201,303,8d83b97,-1.463711,-1.137746,-0.848260,1.466157,-0.418881,0.162077,0.016749,0.244473,0.162940
GRID_003202,303,8d83b97,-0.719208,-0.577111,-1.451983,0.580470,-0.147128,-0.010097,-0.009031,0.263721,0.013546
GRID_003203,303,8d83b97,-1.259786,0.275046,-0.209641,-1.094889,0.732641,-0.065459,-0.021072,0.310225,0.068767
GRID_003204,303,8d83b97,1.598371,-1.133438,-1.212198,-1.350505,0.439015,-0.123510,-0.002342,0.253053,0.123532
GRID_003205,303,8d83b97,0.464599,1.057587,-0.385476,-0.013485,1.321362,0.092178,-0.188426,0.165805,0.209765
GRID_003206,303,8d83b97,-2.707292,1.450412,1.276261,1.422349,0.152762,-0.052773,0.104073,0.225157,0.116688
GRID_003207,303,8d83b97,0.875098,-1.181816,0.167391,0.235109,0.278111,-0.194474,0.160883,0.139418,0.252396
GRID_003208,303,8d83b97,-2.866145,-0.625170,1.004973,1.160709,-0.907642,0.053352,-0.204618,0.155520,0.211459
GRID_003209,303,8d83b97,-0.688220,0.317880,0.424456,-1.458202,-1.275997,-0.000331,0.002119,0.317869,0.002144
GRID_003210,303,8d83b97,-2.042371,-1.227274,1.277012,0.436695,-0.579850,0.168891,-0.088957,0.007224,0.190886
GRID_003211,303,8d83b97,-0.694192,0.077755,-0.764963,0.604876,0.095419,-0.054078,-0.062455,0.287913,0.082613
GRID_003212,303,8d83b97,2.604924,-1.339761,1.067354,-1.237649,1.194438,-0.110287,-0.177681,0.001676,0.209127
GRID_003213,303,8d83b97,-3.111258,-0.553098,-0.631469,-0.180822,1.553570,-0.002149,-0.077542,0.304623,0.077572
GRID_003214,303,8d83b97,-1.624833,-1.428453,-0.285975,-1.522555,-1.559234,0.245711,-0.014560,0.136928,0.246142
GRID_003215,303,8d83b97,-1.424392,1.478600,1.465437,0.403403,-1.498524,-0.097395,-0.014790,0.222405,0.098511
GRID_003216,303,8d83b97,0.808061,-0.891346,-1.526490,-1.001452,1.505962,-0.030793,0.027407,0.257588,0.041224
GRID_003217,303,8d83b97,1.353510,-0.957103,-1.353976,-1.222764,0.416346,-0.072092,0.016125,0.264423,0.073874
GRID_003218,303,8d83b97,1.441475,-0.678739,0.562712,-1.275322,0.478311,-0.215444,0.028612,0.200803,0.217335
GRID_003219,303,8d83b97,-1.127705,0.807715,1.158473,0.668529,-0.035454,-0.017165,-0.007589,0.280301,0.018768
GRID_003220,303,8d83b97,0.370626,-1.144830,-1.529779,1.516050,-1.569890,-0.032328,0.076872,0.245499,0.083393
GRID_003221,303,8d83b97,1.902432,-1.426859,-1.080017,0.229842,-0.665765,-0.175416,-0.058171,0.209089,0.184809
GRID_003222,303,8d83b97,1.867154,-1.438980,-0.715738,0.165785,-0.465917,-0.215161,-0.063566,0.180518,0.224355
GRID_003223,303,8d83b97,-1.085929,1.104770,0.055633,-1.496431,1.072926,-0.175365,-0.091793,0.207241,0.197936
GRID_003224,303,8d83b97,0.488694,-1.141082,-0.106766,-0.915047,1.485476,-0.113196,0.208682,0.182025,0.237406
GRID_003225,303,8d83b97,2.661948,-1.218112,-0.588689,0.189739,0.320780,-0.099902,-0.183153,0.213871,0.208628
GRID_003226,303,8d83b97,-0.324372,1.528852,-1.153011,-0.542130,0.513238,-0.055833,-0.158896,-0.021436,0.168420
GRID_003227,303,8d83b97,0.863598,-0.726857,-0.591354,-0.115500,-0.649003,-0.094368,0.079082,0.289258,0.123123
GRID_003228,303,8d83b97,-0.736738,1.554332,-0.982017,0.973010,-1.243677,-0.125530,-0.136096,-0.013893,0.185148
GRID_003229,303,8d83b97,-3.128787,1.509761,-0.829202,1.313273,-1.134830,-0.007048,0.200416,0.008887,0.200539
GRID_003230,303,8d83b97,-2.012640,0.715285,0.978599,-0.536730,-0.515794,-0.020097,0.006765,0.291559,0.021205
GRID_003231,303,8d83b97,-0.595289,-0.652785,1.380718,1.344583,0.683618,0.108499,0.163635,0.105053,0.196337
GRID_003232,303,8d83b97,-3.105332,-1.123519,-0.849401,-0.740709,-0.985781,0.001463,-0.163812,0.246678,0.163819
GRID_003233,303,8d83b97,-2.415169,-1.533361,-0.720856,0.790049,-1.523082,0.148010,-0.172046,0.161034,0.226951
GRID_003234,303,8d83b97,-0.190813,0.952934,-0.651471,0.364499,-0.104782,-0.041630,-0.203202,0.155415,0.207422
GRID_003235,303,8d83b97,-1.058903,0.391047,-0.541087,-0.005335,-1.054080,-0.110995,-0.061649,0.272425,0.126966
GRID_003236,303,8d83b97,2.305877,1.026714,-1.049100,-0.934838,-0.909988,0.144126,0.134768,0.089883,0.197318
GRID_003237,303,8d83b97,2.180494,0.155663,-0.069811,0.291118,0.992411,0.012377,0.012359,0.322024,0.017491
GRID_003238,303,8d83b97,-1.688944,1.102262,0.117859,-1.290694,-0.207281,-0.192163,0.021308,0.214217,0.193341
GRID_003239,303,8d83b97,0.545113,0.166146,0.240215,0.767553,1.101638,-0.011284,0.014970,0.322132,0.018746
GRID_003240,303,8d83b97,2.260032,-0.357024,0.170208,-0.383445,-0.612494,-0.104725,-0.082077,0.293394,0.133057
GRID_003241,303,8d83b97,1.463621,0.456816,0.115005,-0.434671,-1.013432,0.064657,-0.006257,0.309535,0.064959
GRID_003242,303,8d83b97,-0.386025,0.504242,0.641402,-0.442797,1.226706,-0.007303,-0.012245,0.309184,0.014257
GRID_003243,303,8d83b97,-1.226126,0.428443,1.152425,-0.467095,-0.152153,0.053512,0.019412,0.277456,0.056924
GRID_003244,303,8d83b97,-0.854967,-0.604804,1.510416,1.482060,0.912757,0.139155,0.122813,0.099739,0.185600
GRID_003245,303,8d83b97,2.396882,-0.098687,0.291114,1.095425,-1.095172,-0.062603,-0.062610,0.310116,0.088539
GRID_003246,303,8d83b97,0.933117,0.972568,-0.829548,1.105182,0.412354,0.163100,-0.122131,0.128402,0.203759
GRID_003247,303,8d83b97,1.926374,1.132003,-0.342827,-1.249593,-0.928013,0.198939,0.076292,0.154235,0.213066
GRID_003248,303,8d83b97,-0.184513,1.290790,-0.296463,1.139109,0.196152,-0.043678,-0.221398,0.122856,0.225665
GRID_003249,303,8d83b97,-0.660821,0.159175,-1.292083,-1.180798,-1.183712,-0.080078,-0.100154,0.219659,0.128231
GRID_003250,303,8d83b97,-2.006195,0.885738,0.939670,0.151006,0.894790,-0.056777,0.023694,0.283828,0.061523
GRID_003251,303,8d83b97,-0.400809,-1.547365,-1.313271,0.104679,-0.253457,0.063259,0.154946,0.200093,0.167362
GRID_003252,303,8d83b97,-1.180500,1.100170,0.277105,1.392902,-0.500803,-0.165773,-0.067944,0.229700,0.179157
GRID_003253,303,8d83b97,2.590657,-0.019470,0.988058,1.382218,1.219671,-0.073828,-0.112664,0.257045,0.134699
GRID_003254,303,8d83b97,-1.474313,-0.884357,1.433716,-0.641796,-0.010973,0.190087,0.017797,0.057244,0.190918
GRID_003255,303,8d83b97,-1.413691,0.640248,-1.306968,1.292797,-0.719017,-0.175580,-0.028255,0.137274,0.177839
GRID_003256,303,8d83b97,-0.832553,0.696085,-0.289840,-1.217033,0.607253,-0.120582,-0.108036,0.249856,0.161901
GRID_003257,303,8d83b97,-2.446910,-0.107910,-0.488831,-1.447911,-0.701455,-0.009804,0.005955,0.317007,0.011471
GRID_003258,303,8d83b97,1.266239,0.012426,0.298196,0.345296,-1.161556,-0.061298,0.019291,0.316415,0.064262
GRID_003259,303,8d83b97,2.017055,1.126699,0.009516,0.180547,0.452078,0.177116,0.087575,0.197598,0.197584
GRID_003260,303,8d83b97,0.482268,-1.191768,1.173702,-0.305373,0.346071,-0.098537,0.183703,0.021715,0.208462
GRID_003261,303,8d83b97,1.228389,1.007420,-0.988728,-0.707423,1.521640,0.187662,-0.067057,0.101147,0.199283
GRID_003262,303,8d83b97,-0.127138,-0.596573,0.675782,1.030552,-0.375085,0.023868,0.205562,0.202970,0.206943
GRID_003263,303,8d83b97,1.811418,0.831036,-0.901995,0.840967,1.184137,0.187555,0.047911,0.149734,0.193578
GRID_003264,303,8d83b97,2.116799,-0.250402,-0.226583,-0.562026,-0.901791,-0.054154,-0.029561,0.319058,0.061697
GRID_003265,303,8d83b97,-2.961577,-0.050368,-0.471450,0.062161,-0.063855,-0.008110,0.019655,0.316114,0.021263
GRID_003266,303,8d83b97,-0.312687,1.161078,0.485081,-1.115007,1.303604,-0.053093,-0.156986,0.235196,0.165722
GRID_003267,303,8d83b97,-1.183071,-0.643075,1.331856,-1.520243,0.203230,0.182981,0.075116,0.112332,0.197799
GRID_003268,303,8d83b97,-3.055870,-0.357889,-1.026049,1.082455,0.452746,-0.005602,0.013275,0.293130,0.014409
GRID_003269,303,8d83b97,0.710681,-0.049152,-0.492566,-0.492930,-1.020139,0.012354,-0.016743,0.315112,0.020807
GRID_003270,303,8d83b97,3.068139,-0.779119,0.390454,1.049887,0.613888,-0.020628,-0.219023,0.201457,0.219992
GRID_003271,303,8d83b97,-1.940979,-0.315326,0.846188,0.560610,-0.526346,0.158896,-0.064097,0.232070,0.171336
GRID_003272,303,8d83b97,0.281983,-1.466869,-0.451883,0.925802,-1.260885,-0.070124,0.233959,0.147304,0.244242
GRID_003273,303,8d83b97,-0.274741,-0.256850,0.959096,0.138120,-0.442256,0.043682,0.163534,0.227622,0.169268
GRID_003274,303,8d83b97,1.555028,0.232713,-0.515519,-1.447680,-0.221965,0.085883,-0.000357,0.293802,0.085883
GRID_003275,303,8d83b97,-2.994782,1.570117,1.165219,0.413911,-0.066208,-0.025654,0.143541,0.204800,0.145815
GRID_003276,303,8d83b97,-2.857721,-1.491848,1.345267,0.935131,-1.157109,0.040550,-0.154162,-0.039713,0.159406
GRID_003277,303,8d83b97,1.846483,-1.224469,-0.730470,-0.987446,0.499447,-0.189681,-0.051611,0.223363,0.196577
GRID_003278,303,8d83b97,1.071695,1.453098,-0.389716,-1.448288,0.408727,0.196362,-0.107718,0.071946,0.223966
GRID_003279,303,8d83b97,3.106303,-0.266919,1.035369,1.433676,-0.141937,-0.010572,-0.173841,0.216566,0.174163
GRID_003280,303,8d83b97,-1.414731,-1.550265,-0.797592,0.404966,-1.205800,0.218138,0.033809,0.164810,0.220743
GRID_003281,303,8d83b97,2.122303,-1.497779,0.426258,0.636951,1.361055,-0.214468,-0.128585,0.031517,0.250061
GRID_003282,303,8d83b97,0.906165,0.882918,0.277230,-1.098807,-1.435670,0.106746,-0.084998,0.267061,0.136453
GRID_003283,303,8d83b97,1.222902,0.766415,-0.190368,-0.972986,0.267732,0.150478,-0.054686,0.247522,0.160107
GRID_003284,303,8d83b97,1.184444,-0.294198,0.589501,1.529070,-0.990091,-0.147452,0.059694,0.264307,0.159076
GRID_003285,303,8d83b97,-2.355016,0.137780,-0.598631,0.530191,-0.048363,-0.058830,0.053750,0.296381,0.079687
GRID_003286,303,8d83b97,0.028506,1.406075,-0.417961,-0.985822,-0.087098,0.004072,-0.226364,0.079710,0.226401
GRID_003287,303,8d83b97,2.355758,0.181291,0.538408,-0.124021,-0.453846,-0.039368,-0.034416,0.311770,0.052290
GRID_003288,303,8d83b97,0.198150,0.197195,0.801454,0.288633,1.496401,-0.017169,0.073487,0.295030,0.075466
GRID_003289,303,8d83b97,1.533182,1.044095,-1.151400,-0.634837,-0.220701,0.190132,-0.006305,0.074729,0.190236
GRID_003290,303,8d83b97,0.095996,-1.437659,0.123752,1.391181,-0.115173,-0.027077,0.256539,0.083296,0.257964
GRID_003291,303,8d83b97,-0.524535,0.279493,-0.464721,1.145944,-1.292795,-0.049737,-0.082134,0.292936,0.096019
GRID_003292,303,8d83b97,0.894546,-1.102091,0.784167,1.175518,0.645606,-0.188713,0.149965,0.080657,0.241043
GRID_003293,303,8d83b97,-2.589013,-0.618221,-0.868020,0.593030,-0.603133,0.028183,-0.053263,0.298103,0.060260
GRID_003294,303,8d83b97,1.851216,-0.403400,-0.233221,1.096753,1.538276,-0.093890,-0.024939,0.309609,0.097146
GRID_003295,303,8d83b97,-0.813540,0.992600,-1.343288,-0.489304,-0.755111,-0.133477,-0.124238,0.065200,0.182349
GRID_003296,303,8d83b97,2.925152,0.835766,0.551404,0.440054,0.409133,0.016439,0.095313,0.286120,0.096720
GRID_003297,303,8d83b97,-3.094840,-0.287214,-1.280294,0.881247,0.225652,-0.006806,0.050963,0.267499,0.051415
GRID_003298,303,8d83b97,0.418726,-1.091534,0.758163,-0.440218,1.158031,-0.099899,0.219221,0.086139,0.240910
GRID_003299,303,8d83b97,-1.091478,0.601109,1.306828,0.314182,-1.116530,0.033027,0.017887,0.269840,0.037559
GRID_003300,303,8d83b97,-0.649491,0.424361,0.827143,1.480920,1.203927,0.014073,0.021387,0.301797,0.025602
GRID_003301,303,8d83b97,1.588967,0.010779,-0.546959,-1.326268,-0.388863,0.039774,0.001834,0.309395,0.039816
GRID_003302,303,8d83b97,-2.321753,0.952993,-0.340104,-0.079335,0.215481,-0.149824,0.135147,0.194321,0.201772
GRID_003303,303,8d83b97,-1.043963,1.433839,0.295758,-0.912943,0.208859,-0.187466,-0.108280,0.161414,0.216490
GRID_003304,303,8d83b97,-2.779845,1.381639,-1.023431,-0.366045,0.744462,-0.072480,0.179571,0.017373,0.193647
GRID_003305,303,8d83b97,1.977606,-1.039660,-0.188116,-1.217917,-1.169908,-0.204389,-0.085413,0.212509,0.221518
GRID_003306,303,8d83b97,-0.647183,0.852755,-1.222981,-0.847880,-0.249404,-0.115587,-0.150008,0.105832,0.189374
GRID_003307,303,8d83b97,1.653705,0.057298,-1.221060,0.335297,-0.709703,0.104327,0.009928,0.241749,0.104799
GRID_003308,303,8d83b97,0.036519,-0.013229,-0.066167,1.446775,-1.467198,-0.003163,0.021635,0.324242,0.021865
GRID_003309,303,8d83b97,0.144974,-0.209374,-0.307400,1.114065,-0.600935,-0.007950,0.038236,0.320818,0.039054
GRID_003310,303,8d83b97,-0.158407,-0.892754,1.116850,0.001208,0.310287,0.032068,0.216176,0.087439,0.218541
GRID_003311,303,8d83b97,3.087776,0.898381,-1.244045,1.339629,0.188810,0.005635,0.186760,0.094265,0.186845
GRID_003312,303,8d83b97,2.461191,0.388674,0.791975,-1.502461,0.898447,-0.024114,-0.023922,0.303273,0.033967
GRID_003313,303,8d83b97,-1.237838,-0.514144,-1.288711,-0.354748,0.464737,-0.010678,-0.003534,0.276561,0.011248
GRID_003314,303,8d83b97,-1.652466,1.028592,0.687193,-0.225185,-1.085364,-0.121659,0.008630,0.266802,0.121965
GRID_003315,303,8d83b97,-2.423391,-1.014274,-0.254906,-0.178078,-1.222964,0.133493,-0.158345,0.224138,0.207107
GRID_003316,303,8d83b97,-0.393058,1.479484,-1.367332,-1.228686,-0.012960,-0.059138,-0.136811,-0.024785,0.149046
GRID_003317,303,8d83b97,0.353420,0.638893,0.922319,-0.584148,-0.742929,0.000384,-0.007509,0.296027,0.007519
GRID_003318,303,8d83b97,2.012772,-0.519082,-1.098957,-1.462556,0.927358,-0.015534,-0.004626,0.290458,0.016208
GRID_003319,303,8d83b97,-2.404832,1.479751,-0.099126,0.382680,1.364939,-0.158663,0.169483,0.102416,0.232160
GRID_003320,303,8d83b97,-2.606908,1.332119,-0.166668,-1.394989,-1.229454,-0.119198,0.193323,0.129488,0.227116
GRID_003321,303,8d83b97,-2.086715,-0.374078,-0.702346,-1.485013,0.594827,0.020071,-0.014551,0.310385,0.024791
GRID_003322,303,8d83b97,-0.681901,0.679058,-1.467676,-0.450409,0.442680,-0.108625,-0.131056,0.111251,0.170220
GRID_003323,303,8d83b97,-2.549547,-1.093832,0.155155,-0.620164,-1.272238,0.131386,-0.202422,0.161446,0.241324
GRID_003324,303,8d83b97,-3.033151,1.213936,-0.948808,1.065039,-0.615570,-0.026645,0.203645,0.060724,0.205381
GRID_003325,303,8d83b97,-3.083140,-0.662549,0.730467,-0.489437,-0.969403,0.008147,-0.215732,0.183008,0.215886
GRID_003326,303,8d83b97,-2.078292,-0.524755,-0.257022,0.205730,-1.403386,0.099322,-0.058388,0.299259,0.115213
GRID_003327,303,8d83b97,2.089493,0.242445,1.420078,-0.080613,1.201878,-0.100332,-0.054250,0.234856,0.114060
GRID_003328,303,8d83b97,1.511222,1.128589,0.824413,-1.475614,0.939700,0.116213,-0.006130,0.257913,0.116375
GRID_003329,303,8d83b97,1.095756,-0.439650,-0.351652,0.782657,-0.624662,-0.080602,0.040875,0.309799,0.090374
GRID_003330,303,8d83b97,-0.498597,1.456666,0.490254,0.428403,0.957673,-0.099020,-0.177734,0.177024,0.203456
GRID_003331,303,8d83b97,-2.520410,0.453072,1.136358,1.289770,0.095259,0.027074,-0.044326,0.279956,0.051940
GRID_003332,303,8d83b97,-2.184782,-0.158434,-0.095661,0.439740,1.468703,0.039406,-0.031535,0.321071,0.050471
GRID_003333,303,8d83b97,-2.896249,1.483605,-0.192222,1.038779,0.144132,-0.060366,0.222871,0.089582,0.230901
GRID_003334,303,8d83b97,0.505285,0.281582,-0.347786,-0.721909,-0.660359,0.037442,-0.071718,0.301377,0.080904
GRID_003335,303,8d83b97,-2.739689,1.174283,0.081453,-0.984807,-0.482009,-0.083282,0.185063,0.195288,0.202939
GRID_003336,303,8d83b97,-2.977008,0.423884,-1.548541,-0.169157,0.908806,-0.029137,0.148999,0.146203,0.151821
GRID_003337,303,8d83b97,-2.935211,0.938151,-1.052962,-0.694929,0.650009,-0.044996,0.193534,0.108267,0.198695
GRID_003338,303,8d83b97,-2.506432,1.294239,-1.018081,0.546211,-0.061077,-0.121422,0.158351,0.036133,0.199545
GRID_003339,303,8d83b97,3.116917,0.402448,1.161601,-1.397099,0.407419,-0.006046,-0.066062,0.275321,0.066338
GRID_003340,303,8d83b97,1.316089,0.053654,0.440622,0.779325,-1.044561,-0.069027,0.018155,0.311338,0.071374
GRID_003341,303,8d83b97,-1.074976,-1.499863,0.518720,-1.476513,0.524417,0.209593,0.114032,0.020499,0.238606
GRID_003342,303,8d83b97,0.660791,-0.467439,-0.098132,0.120006,0.351023,-0.078973,0.098895,0.297761,0.126558
GRID_003343,303,8d83b97,2.815633,0.956475,0.445820,-0.621649,-1.537635,0.038427,0.127178,0.266129,0.132857
GRID_003344,303,8d83b97,0.678681,-0.278881,-0.651776,-1.425906,0.099793,-0.010015,0.009802,0.312756,0.014013
GRID_003345,303,8d83b97,-2.330864,1.025836,-1.162489,0.337533,1.003895,-0.144018,0.132249,0.077302,0.195528
GRID_003346,303,8d83b97,3.069824,0.216195,0.494340,1.201615,-1.374620,-0.007105,-0.036194,0.314919,0.036885
GRID_003347,303,8d83b97,-0.509948,-0.809545,0.916729,1.500311,1.527346,0.107677,0.196633,0.128687,0.224185
GRID_003348,303,8d83b97,-2.983300,1.141170,1.549914,-0.435085,0.182556,-0.009374,0.031378,0.245820,0.032748
GRID_003349,303,8d83b97,1.097522,1.003046,0.242230,0.130255,-0.041537,0.143015,-0.073812,0.244600,0.160939
GRID_003350,303,8d83b97,0.664531,1.267914,0.482894,-0.013970,-1.473344,0.108636,-0.141382,0.215111,0.178299
GRID_003351,303,8d83b97,-1.067392,-0.422588,0.888356,-0.325157,0.766613,0.164390,0.091277,0.208706,0.188031
GRID_003352,303,8d83b97,0.962306,1.075402,-1.448101,0.633389,0.896418,0.134994,-0.095312,0.040221,0.165251
GRID_003353,303,8d83b97,2.489993,-1.136026,0.337866,0.561910,-1.553036,-0.155442,-0.197532,0.128536,0.251359
GRID_003354,303,8d83b97,-3.087003,0.962042,-1.071621,0.147929,1.198464,-0.015235,0.197318,0.100992,0.197905
GRID_003355,303,8d83b97,0.192001,0.667124,-0.010112,-0.864593,0.642002,0.022074,-0.125666,0.279041,0.127590
GRID_003356,303,8d83b97,-0.423414,-1.540118,0.669235,0.835139,-0.351118,0.091055,0.207176,-0.004133,0.226302
GRID_003357,303,8d83b97,2.436676,0.237155,-1.384936,0.719819,-0.417427,0.084811,0.105208,0.196505,0.135136
GRID_003358,303,8d83b97,-1.528990,0.635183,0.295724,-0.054121,0.490340,-0.089608,-0.004681,0.299473,0.089730
GRID_003359,303,8d83b97,1.677144,-0.619124,0.784646,0.441194,-1.137121,-0.214579,-0.021524,0.184824,0.215656
GRID_003360,303,8d83b97,2.758053,-0.052111,-0.924372,-0.405182,0.944837,0.021005,0.063321,0.284865,0.066714
GRID_003361,303,8d83b97,-0.476280,0.118431,-0.044461,0.748830,-0.298348,-0.006066,-0.007429,0.323457,0.009591
GRID_003362,303,8d83b97,0.159908,0.063129,0.311751,0.313021,1.551350,-0.010450,0.050080,0.317978,0.051159
GRID_003363,303,8d83b97,0.402363,-0.640655,1.371710,0.126219,-1.350189,-0.080332,0.183017,0.108292,0.199871
GRID_003364,303,8d83b97,-2.380974,0.894788,-1.409278,1.468516,-1.485029,-0.125013,0.126356,0.077360,0.177747
GRID_003365,303,8d83b97,1.846973,1.172665,-1.476677,-0.125401,0.863016,0.150534,0.044607,0.020769,0.157004
GRID_003366,303,8d83b97,0.872065,-0.992853,1.519122,-0.765924,0.416933,-0.142119,0.117672,0.031620,0.184512
GRID_003367,303,8d83b97,1.932549,-0.030375,0.466919,-1.549549,1.206143,-0.088136,-0.030929,0.304193,0.093406
GRID_003368,303,8d83b97,-0.264976,0.172406,1.164359,0.968605,-0.482828,0.026156,0.105409,0.257911,0.108606
GRID_003369,303,8d83b97,-1.144500,1.300863,0.224270,0.228494,-0.537579,-0.190400,-0.086088,0.183269,0.208958
GRID_003370,303,8d83b97,-0.726582,0.303018,0.987220,-1.425675,-0.071504,0.044061,0.051953,0.285734,0.068121
GRID_003371,303,8d83b97,-1.189608,1.046648,0.209625,1.237682,-0.351590,-0.164625,-0.065761,0.233851,0.177274
GRID_003372,303,8d83b97,-2.395740,1.534496,1.411123,0.456819,-1.565824,-0.078666,0.080039,0.215915,0.112225
GRID_003373,303,8d83b97,-2.588776,0.373089,-1.456057,-1.441871,-0.910475,-0.083211,0.127471,0.165980,0.152227
GRID_003374,303,8d83b97,2.362703,-0.814712,-0.133539,0.937051,0.885622,-0.136835,-0.133611,0.250195,0.191248
GRID_003375,303,8d83b97,-0.879386,-0.935128,-0.575804,-0.559716,0.806526,0.123050,0.103325,0.261833,0.160677
GRID_003376,303,8d83b97,0.753652,-0.410907,-0.576729,-1.355578,-1.148414,-0.038236,0.038601,0.312268,0.054333
GRID_003377,303,8d83b97,2.708100,1.540208,-0.085239,-1.105442,1.172597,0.092491,0.209836,0.089437,0.229316
GRID_003378,303,8d83b97,-1.102396,-1.098820,0.855732,-1.458523,-0.018545,0.206380,0.105024,0.073030,0.231566
GRID_003379,303,8d83b97,1.087115,-0.086362,0.133450,0.762672,-0.044406,-0.060041,0.030929,0.318226,0.067539
GRID_003380,303,8d83b97,-2.969164,-1.492746,-1.405706,0.589171,-0.694997,0.021408,-0.148272,0.210748,0.149809
GRID_003381,303,8d83b97,0.726244,-0.377297,0.207598,-0.796845,0.235337,-0.094625,0.104256,0.288150,0.140795
GRID_003382,303,8d83b97,3.010111,-0.809339,0.900977,-0.571168,-1.168130,-0.034112,-0.224216,0.130698,0.226796
GRID_003383,303,8d83b97,2.163359,-0.328854,-0.617257,-1.510930,-0.574227,-0.027009,-0.014602,0.313597,0.030703
GRID_003384,303,8d83b97,-1.226529,-0.781139,-1.378867,0.257855,-0.537011,0.029372,0.010745,0.269946,0.031275
GRID_003385,303,8d83b97,-0.207028,-0.851464,-0.832930,-0.804404,-1.293059,0.021316,0.112889,0.280726,0.114884
GRID_003386,303,8d83b97,-0.062466,-0.166277,1.183368,0.365223,1.226461,0.007726,0.163263,0.213559,0.163446
GRID_003387,303,8d83b97,0.839907,-0.493783,-1.009714,0.047371,-0.455073,-0.015895,0.012503,0.295754,0.020223
GRID_003388,303,8d83b97,-1.778851,0.822746,-1.183203,-0.612481,-0.938227,-0.187910,0.037925,0.116560,0.191699
GRID_003389,303,8d83b97,-3.052849,0.476774,-0.256229,-0.108026,-1.375063,-0.014698,0.114279,0.286128,0.115221
GRID_003390,303,8d83b97,2.806661,1.371993,-0.036150,0.388925,-1.278946,0.069283,0.212243,0.136362,0.223264
GRID_003391,303,8d83b97,-1.331877,-0.942570,-1.426251,0.965426,0.243768,0.054325,0.013089,0.261815,0.055880
GRID_003392,303,8d83b97,-3.009731,1.081312,0.892198,-1.416849,-1.440065,-0.017948,0.101650,0.265353,0.103222
GRID_003393,303,8d83b97,-2.102318,0.785709,1.556295,-0.630850,-0.990148,0.021336,-0.015629,0.250706,0.026448
GRID_003394,303,8d83b97,0.570384,0.441043,-0.736376,-0.745121,-0.781306,0.076611,-0.122881,0.244188,0.144806
GRID_003395,303,8d83b97,-0.989529,-0.736060,-0.071610,-1.096062,0.470099,0.148322,0.098413,0.258312,0.178002
GRID_003396,303,8d83b97,2.693619,-0.790757,0.204632,-1.142193,0.543221,-0.096047,-0.190226,0.220770,0.213098
GRID_003397,303,8d83b97,0.332914,0.115983,1.237800,0.742742,0.845039,-0.042808,0.116728,0.243643,0.124330
GRID_003398,303,8d83b97,3.108345,0.439678,1.318106,-0.407315,-0.456400,-0.006773,-0.071618,0.261873,0.071938
GRID_003399,303,8d83b97,3.019840,0.093435,-1.249091,0.777821,-0.655140,0.009562,0.114358,0.233827,0.114758
GRID_003400,303,8d83b97,0.833928,1.449477,0.041732,-0.631408,0.310250,0.164739,-0.151165,0.127532,0.223584
GRID_003401,303,8d83b97,-2.263546,1.063843,0.163117,-1.258414,1.433440,-0.143256,0.114630,0.226301,0.183473
GRID_003402,303,8d83b97,-0.361753,-0.254346,1.086654,0.431240,-0.770006,0.058852,0.161875,0.212130,0.172241
GRID_003403,303,8d83b97,-1.595555,1.058471,-0.847215,0.599236,1.047278,-0.212726,0.004143,0.107144,0.212766
GRID_003404,303,8d83b97,-1.069547,0.415938,-0.186666,0.379589,-0.452947,-0.085857,-0.046390,0.298346,0.097589
GRID_003405,303,8d83b97,1.388501,-0.678349,-0.741080,-1.175057,1.090090,-0.092907,0.017539,0.295738,0.094548
GRID_003406,303,8d83b97,-1.958869,-1.486787,-0.745948,-1.267271,-1.218975,0.202577,-0.085358,0.173329,0.219826
GRID_003407,303,8d83b97,2.543256,0.790377,-1.200202,-0.264969,0.313829,0.100670,0.154470,0.121031,0.184378
GRID_003408,303,8d83b97,-2.324216,-0.364477,0.390832,-0.714743,-1.565645,0.107569,-0.105598,0.274091,0.150738
GRID_003409,303,8d83b97,-2.744547,-1.428510,-1.287072,-0.767862,-1.151149,0.056221,-0.144817,0.216968,0.155348
GRID_003410,303,8d83b97,2.205438,-1.108401,1.244422,0.642023,-0.761198,-0.168644,-0.120453,0.031807,0.207243
GRID_003411,303,8d83b97,0.439096,0.935557,0.974307,0.377209,-0.893369,0.024665,-0.057531,0.279588,0.062595
GRID_003412,303,8d83b97,2.037164,0.146589,0.258129,0.966603,-0.303581,-0.025249,-0.009788,0.321633,0.027079
GRID_003413,303,8d83b97,-0.209227,1.439547,-0.312616,-0.081311,-1.408124,-0.049873,-0.223804,0.084948,0.229293
GRID_003414,303,8d83b97,-2.607094,0.742701,1.416496,0.356071,-0.915079,0.008155,-0.021429,0.262842,0.022928
GRID_003415,303,8d83b97,-0.459543,-0.470131,1.392348,0.428881,1.054712,0.081688,0.169938,0.136764,0.188552
GRID_003416,303,8d83b97,1.356418,-0.597648,-1.414147,-0.059277,-1.473851,0.000560,0.000087,0.267547,0.000567
GRID_003417,303,8d83b97,0.744384,-0.546456,0.492086,-0.316472,-1.441939,-0.133063,0.142247,0.234366,0.194782
GRID_003418,303,8d83b97,1.045343,-0.008796,0.510808,-0.403046,-1.205789,-0.080799,0.046052,0.302780,0.093001
GRID_003419,303,8d83b97,1.592525,-0.064602,0.690637,-1.194095,-0.677466,-0.122828,-0.001573,0.282795,0.122838
GRID_003420,303,8d83b97,2.387985,0.498884,-0.812541,0.588005,-0.835700,0.104853,0.116918,0.225557,0.157048
GRID_003421,303,8d83b97,2.456244,0.336986,1.303058,1.129464,0.578543,-0.060562,-0.068378,0.256630,0.091342
GRID_003422,303,8d83b97,-3.119742,-1.382803,1.052645,-0.161251,-0.139535,0.000055,-0.205282,-0.005476,0.205282
GRID_003423,303,8d83b97,0.659635,-0.744393,0.144215,1.376964,-0.172982,-0.125506,0.159126,0.236234,0.202665
GRID_003424,303,8d83b97,-1.437449,-0.917266,0.505975,-0.689175,-0.951638,0.231085,0.030393,0.157309,0.233075
GRID_003425,303,8d83b97,0.505593,0.616700,-0.625447,0.195578,-1.369236,0.078921,-0.146632,0.226988,0.166522
GRID_003426,303,8d83b97,2.665689,-0.430680,-1.226466,1.035005,-1.502868,0.004176,0.016920,0.279538,0.017428
GRID_003427,303,8d83b97,0.981071,-0.793025,-0.570728,-1.240453,0.356803,-0.116437,0.076867,0.281006,0.139521
GRID_003428,303,8d83b97,-2.633660,-0.628855,0.178454,-1.213259,0.865077,0.085164,-0.161405,0.253418,0.182495
GRID_003429,303,8d83b97,-2.158889,-1.292635,0.873083,-1.411231,-0.970787,0.185584,-0.127267,0.028839,0.225030
GRID_003430,303,8d83b97,2.770375,1.316404,1.570178,1.159996,0.823727,0.016653,0.054111,0.234526,0.056616
GRID_003431,303,8d83b97,-1.885700,0.645694,0.606895,1.274291,-0.524536,-0.050628,0.014264,0.303368,0.052599
GRID_003432,303,8d83b97,0.139725,-1.468801,0.401858,0.535196,-0.823466,-0.037159,0.247264,0.041195,0.250040
GRID_003433,303,8d83b97,2.789172,1.315755,-0.629055,0.158999,0.636037,0.071555,0.206980,0.074974,0.219000
GRID_003434,303,8d83b97,-2.583810,0.646468,0.869401,-0.156391,0.139714,-0.013000,0.013391,0.297970,0.018663
GRID_003435,303,8d83b97,-2.655259,-0.573123,1.036568,-0.910589,1.494243,0.092785,-0.184140,0.161731,0.206195
GRID_003436,303,8d83b97,2.953934,-0.312118,-0.729834,-0.327697,1.535810,-0.006340,-0.009644,0.309651,0.011542
GRID_003437,303,8d83b97,-2.419946,-1.067199,0.856771,-0.182485,0.964392,0.150837,-0.176866,0.079898,0.232451
GRID_003438,303,8d83b97,-3.075286,-0.162562,-0.115101,-0.406417,-0.452727,-0.001097,-0.051690,0.321219,0.051701
GRID_003439,303,8d83b97,-1.139622,-1.465781,0.261143,0.067240,-1.460757,0.228571,0.105556,0.059101,0.251767
GRID_003440,303,8d83b97,0.158728,0.126966,-1.460743,1.531550,-1.325344,0.017148,-0.122738,0.202755,0.123930
GRID_003441,303,8d83b97,0.599881,0.737316,-1.203999,-0.114576,1.179093,0.101052,-0.151060,0.131115,0.181744
GRID_003442,303,8d83b97,0.213749,0.125904,0.979706,1.334018,1.427386,-0.024803,0.103045,0.273287,0.105988
GRID_003443,303,8d83b97,0.050460,-0.868128,-0.468991,-1.294948,-0.941588,-0.010625,0.163134,0.265945,0.163480
GRID_003444,303,8d83b97,-3.113539,-0.305378,-0.602047,-0.556952,-0.133690,-0.003828,-0.024118,0.314314,0.024420
GRID_003445,303,8d83b97,-1.002355,1.512131,-0.572517,-0.502998,-1.463338,-0.186628,-0.118272,0.035869,0.220949
GRID_003446,303,8d83b97,2.100933,-1.444816,0.231147,-1.375187,0.489344,-0.224855,-0.128538,0.067928,0.259001
GRID_003447,303,8d83b97,0.584446,1.429915,1.329020,-1.018027,-0.785507,0.055506,-0.087426,0.228161,0.103558
GRID_003448,303,8d83b97,3.110466,-1.362066,0.293706,-0.882744,-0.704270,-0.012455,-0.255024,0.080061,0.255328
GRID_003449,303,8d83b97,0.577682,-0.520152,1.096166,0.244164,0.001643,-0.113215,0.170163,0.164302,0.204385
GRID_003450,303,8d83b97,1.407420,-1.144121,0.221789,-0.614535,0.446089,-0.248430,0.041457,0.141412,0.251865
GRID_003451,303,8d83b97,1.898485,1.376702,0.483167,0.751746,-0.659508,0.179834,0.063408,0.193262,0.190685
GRID_003452,303,8d83b97,-0.480954,-1.395948,-0.323005,0.954869,0.346466,0.111171,0.217330,0.148904,0.244114
GRID_003453,303,8d83b97,0.539732,-0.474340,0.836598,0.605911,0.324914,-0.103516,0.168995,0.205884,0.198179
GRID_003454,303,8d83b97,-1.331023,-0.657398,0.546952,-0.787713,0.681625,0.201480,0.049014,0.206979,0.207356
GRID_003455,303,8d83b97,1.287866,0.402390,-1.146972,0.256419,-0.745532,0.146006,-0.042430,0.200406,0.152046
GRID_003456,303,8d83b97,-2.230730,1.122630,0.865415,0.342446,-0.915447,-0.093836,0.068851,0.259792,0.116386
GRID_003457,303,8d83b97,1.015931,0.346454,-0.170997,-0.547152,1.503828,0.062834,-0.039828,0.306217,0.074394
GRID_003458,303,8d83b97,2.415498,-0.041503,0.447920,1.248780,0.941861,-0.064389,-0.067053,0.304635,0.092963
GRID_003459,303,8d83b97,-1.900398,-0.721413,-0.090719,1.031718,-1.108832,0.163107,-0.058123,0.262332,0.173154
GRID_003460,303,8d83b97,2.502925,-0.763118,-0.436576,0.457462,-0.860840,-0.091817,-0.117240,0.279067,0.148915
GRID_003461,303,8d83b97,-0.186454,-1.516392,0.981090,-0.645328,-0.715201,0.034617,0.196432,-0.025541,0.199459
GRID_003462,303,8d83b97,1.152646,-0.267444,-1.010656,-0.508035,-1.259099,0.025344,-0.011701,0.291050,0.027914
GRID_003463,303,8d83b97,2.360493,-0.510378,0.233007,-0.689923,-0.784396,-0.122014,-0.118080,0.267417,0.169795
GRID_003464,303,8d83b97,-3.126991,-0.333866,-0.526582,1.214289,-0.775057,-0.003922,-0.040306,0.315474,0.040497
GRID_003465,303,8d83b97,-2.085454,0.949392,-0.766091,-0.770078,-0.905605,-0.183454,0.100588,0.141555,0.209221
GRID_003466,303,8d83b97,2.250389,-0.686781,-1.497997,1.388880,0.314805,-0.007694,-0.002238,0.261461,0.008013
GRID_003467,303,8d83b97,-2.835937,0.077959,-0.589044,0.197424,0.778810,-0.023429,0.059799,0.302120,0.064225
GRID_003468,303,8d83b97,-0.247220,-1.158118,-0.746167,-0.715023,0.660139,0.041986,0.175768,0.235893,0.180713
GRID_003469,303,8d83b97,0.087764,-0.334059,-0.774215,-0.590132,0.517972,-0.003268,0.009763,0.307736,0.010296
GRID_003470,303,8d83b97,-1.867925,-0.591668,0.356228,0.841444,-0.271355,0.179011,-0.056988,0.241471,0.187863
GRID_003471,303,8d83b97,-0.586355,0.554002,1.306649,1.521704,1.501753,0.024740,0.040723,0.268377,0.047650
GRID_003472,303,8d83b97,1.217346,-0.401237,-0.056953,-0.293882,-0.645108,-0.110624,0.040679,0.302596,0.117866
GRID_003473,303,8d83b97,-1.113183,1.369513,0.028492,0.275036,1.002765,-0.202178,-0.099079,0.144922,0.225150
GRID_003474,303,8d83b97,-2.837556,0.264665,-0.152825,0.570523,-0.937642,-0.021341,0.053415,0.313708,0.057521
GRID_003475,303,8d83b97,0.188600,0.772229,-0.363727,-1.448036,0.375701,0.030719,-0.173317,0.228105,0.176018
GRID_003476,303,8d83b97,-0.737127,-1.164156,-1.261908,-0.426552,-1.225122,0.077257,0.087444,0.249678,0.116684
GRID_003477,303,8d83b97,1.591700,-0.688975,0.555917,-0.008223,-1.261244,-0.218351,-0.003458,0.199588,0.218378
GRID_003478,303,8d83b97,1.604986,-0.442456,1.346618,-1.081283,-0.768236,-0.193586,-0.005578,0.147189,0.193667
GRID_003479,303,8d83b97,0.148831,0.788013,0.377129,0.476252,-0.531966,0.013750,-0.107568,0.285577,0.108444
GRID_003480,303,8d83b97,-2.803133,-1.113096,-0.790636,0.520391,-0.563452,0.051737,-0.159906,0.245574,0.168067
GRID_003481,303,8d83b97,-0.374909,1.543418,0.998384,0.697438,-0.606021,-0.061681,-0.150690,0.200847,0.162825
GRID_003482,303,8d83b97,2.272760,-0.879739,1.414046,-0.418397,1.403633,-0.153906,-0.126034,0.059827,0.198926
GRID_003483,303,8d83b97,-0.089358,1.087971,1.319190,1.389824,-0.570794,-0.006971,-0.049849,0.259888,0.050334
GRID_003484,303,8d83b97,-0.291263,-1.042540,1.298985,-0.906065,0.613090,0.055492,0.193321,0.039668,0.201127
GRID_003485,303,8d83b97,1.672366,1.323602,1.135431,-0.927286,-1.102424,0.109574,0.012485,0.239408,0.110283
GRID_003486,303,8d83b97,1.852006,-0.462729,0.955715,1.512090,-0.400154,-0.193081,-0.053751,0.192935,0.200423
GRID_003487,303,8d83b97,-1.088399,-0.501795,0.365638,0.082237,-1.379448,0.153515,0.080989,0.255780,0.173569
GRID_003488,303,8d83b97,1.184017,0.673241,-0.168559,0.491254,1.225251,0.131236,-0.053704,0.265234,0.141799
GRID_003489,303,8d83b97,1.995987,1.246994,-0.194172,-0.271052,-0.236737,0.197404,0.092120,0.146193,0.217840
GRID_003490,303,8d83b97,-1.928088,-0.478870,-0.099225,0.860177,-1.117740,0.114964,-0.045364,0.296541,0.123590
GRID_003491,303,8d83b97,-0.356926,-0.328825,-1.320475,0.761045,0.300335,-0.018755,-0.043810,0.266000,0.047656
GRID_003492,303,8d83b97,2.932679,-0.667899,0.447302,-1.424909,0.934694,-0.047584,-0.203099,0.216920,0.208599
GRID_003493,303,8d83b97,0.598542,-1.021898,-0.374050,1.320219,0.616415,-0.115014,0.165471,0.233307,0.201517
GRID_003494,303,8d83b97,2.708360,-0.343744,-1.181519,0.243000,-0.742034,0.008978,0.029205,0.280071,0.030554
GRID_003495,303,8d83b97,1.858253,0.820771,0.736824,0.501377,0.088793,0.064090,0.021028,0.290308,0.067451
GRID_003496,303,8d83b97,0.344102,0.097066,-0.214144,1.128837,-0.882273,0.005651,-0.022218,0.320463,0.022925
GRID_003497,303,8d83b97,3.017510,1.385569,-0.687148,0.290340,-0.489579,0.022287,0.214796,0.051846,0.215949
GRID_003498,303,8d83b97,1.914565,-0.105216,-1.198102,0.653450,0.007512,0.070509,0.027510,0.261864,0.075686
GRID_003499,303,8d83b97,3.088358,-0.822820,-1.544853,-0.334516,-0.730472,-0.005684,-0.024520,0.257474,0.025170
GRID_003500,303,8d83b97,-3.136062,1.447089,1.255569,1.262745,-0.979686,-0.005050,0.117302,0.225288,0.117410
GRID_003501,303,8d83b97,1.580279,0.229925,1.159347,-1.454173,0.074845,-0.102199,0.000019,0.263663,0.102199
GRID_003502,303,8d83b97,-2.220930,0.331674,1.239261,-0.483919,0.782162,0.064167,-0.052624,0.263125,0.082986
GRID_003503,303,8d83b97,1.713330,-1.523916,1.410538,0.499249,0.347670,-0.150261,-0.020145,-0.045770,0.151605
GRID_003504,303,8d83b97,0.618274,-0.123262,1.181921,-0.163098,1.184399,-0.094086,0.129071,0.220065,0.159723
GRID_003505,303,8d83b97,0.944713,-1.552680,0.736977,-1.365406,1.352415,-0.181709,0.130158,-0.013126,0.223515
GRID_003506,303,8d83b97,0.233054,-0.628225,-0.832658,1.455281,0.718388,-0.018286,0.066954,0.298299,0.069406
GRID_003507,303,8d83b97,1.494668,1.281621,-1.306003,-0.978187,0.848467,0.167718,-0.012098,0.013353,0.168154
GRID_003508,303,8d83b97,-0.706021,-1.395547,-0.134899,0.300201,0.280253,0.161896,0.192256,0.126325,0.251342
GRID_003509,303,8d83b97,3.070747,1.137067,1.375303,-1.160114,0.259878,-0.000711,0.051753,0.254572,0.051757
GRID_003510,303,8d83b97,-0.807301,-0.418970,0.077486,0.204005,-1.290880,0.093848,0.091629,0.292566,0.131161
GRID_003511,303,8d83b97,0.402035,0.158067,-0.122848,-1.368184,-0.681461,0.008224,-0.024714,0.320692,0.026047
GRID_003512,303,8d83b97,2.276543,0.546197,0.691190,-0.198051,-0.934168,0.008163,0.011241,0.306676,0.013893
GRID_003513,303,8d83b97,-1.705366,0.891131,-1.290545,-1.382508,-0.638887,-0.185848,0.023708,0.090558,0.187354
GRID_003514,303,8d83b97,-1.520613,1.567799,-0.109208,0.713384,-0.292957,-0.233939,-0.012665,0.079627,0.234282
GRID_003515,303,8d83b97,0.930525,0.548942,-1.351346,-0.909978,-1.555372,0.131091,-0.099043,0.148675,0.164300
GRID_003516,303,8d83b97,-2.840280,-1.302564,0.519420,-1.378551,1.170280,0.069387,-0.237910,0.066247,0.247822
GRID_003517,303,8d83b97,0.816383,-1.289449,1.284213,-0.007878,-1.296091,-0.139998,0.129624,-0.004279,0.190792
GRID_003518,303,8d83b97,-2.987803,-1.389622,-1.071848,-0.732889,-0.224565,0.022763,-0.175635,0.214858,0.177104
GRID_003519,303,8d83b97,-0.899059,0.479999,0.312113,-0.718618,-0.873379,-0.041161,-0.031354,0.312508,0.051743
GRID_003520,303,8d83b97,0.730522,1.553740,-1.348553,0.816617,-0.670617,0.091878,-0.104984,-0.035764,0.139511
GRID_003521,303,8d83b97,1.399105,-0.333195,-0.775661,0.201133,-0.098152,-0.012486,0.002610,0.307665,0.012756
GRID_003522,303,8d83b97,0.168374,-0.799852,0.914407,-0.717187,-0.614323,-0.040243,0.222416,0.131032,0.226028
GRID_003523,303,8d83b97,0.021186,-1.222692,0.194557,0.150466,0.994704,-0.007726,0.252291,0.126266,0.252409
GRID_003524,303,8d83b97,-2.272507,0.211348,1.275582,0.671963,-0.110863,0.079347,-0.071232,0.248990,0.106630
GRID_003525,303,8d83b97,-1.224599,1.283617,0.448737,-0.423220,-1.280519,-0.177785,-0.064019,0.209074,0.188960
GRID_003526,303,8d83b97,0.790651,1.445931,1.275392,-0.477557,-1.320511,0.078698,-0.079966,0.225722,0.112196
GRID_003527,303,8d83b97,-2.123165,0.266755,-1.139712,0.412237,1.566664,-0.120826,0.071173,0.223060,0.140230
GRID_003528,303,8d83b97,-2.380928,0.121692,0.856634,0.210997,-0.018097,0.061905,-0.070145,0.284869,0.093555
GRID_003529,303,8d83b97,2.042089,-0.337603,1.099758,0.307715,-1.494969,-0.167865,-0.082701,0.196714,0.187131
GRID_003530,303,8d83b97,1.617284,-1.000255,-0.456054,0.721348,-1.472566,-0.191186,-0.007679,0.243669,0.191340
GRID_003531,303,8d83b97,-1.172086,0.499755,1.512282,-0.762070,-0.896174,0.065422,0.028018,0.244386,0.071169
GRID_003532,303,8d83b97,1.715809,-1.076042,-0.684687,-1.187322,1.389855,-0.177087,-0.024311,0.245858,0.178747
GRID_003533,303,8d83b97,0.980462,-1.496492,0.275473,1.032089,-1.460641,-0.213605,0.142085,0.049935,0.256545
GRID_003534,303,8d83b97,-1.104593,0.727790,0.717262,0.440038,-1.010715,-0.050607,-0.024891,0.297406,0.056397
GRID_003535,303,8d83b97,2.184337,0.377704,1.200695,-0.139445,-0.565328,-0.064615,-0.041909,0.270138,0.077016
GRID_003536,303,8d83b97,0.103741,-1.315856,-0.931965,-1.519333,-0.091188,-0.021464,0.182841,0.219894,0.184096
GRID_003537,303,8d83b97,-1.345628,1.422027,-1.544409,-0.852149,-0.146779,-0.131975,-0.030399,-0.022726,0.135431
GRID_003538,303,8d83b97,-1.295777,0.632115,-0.479748,-0.901256,1.181119,-0.159308,-0.045094,0.240881,0.165567
GRID_003539,303,8d83b97,-2.840072,1.076174,-0.268425,0.081709,0.934052,-0.066647,0.199576,0.176146,0.210410
GRID_003540,303,8d83b97,2.011314,0.660591,0.964648,-1.492998,-0.711987,0.003337,0.004290,0.293633,0.005435
GRID_003541,303,8d83b97,0.917392,1.116252,0.702594,-0.879489,-1.059977,0.102420,-0.079766,0.255188,0.129817
GRID_003542,303,8d83b97,-0.155201,-1.196294,-1.136522,1.278201,0.961131,0.019230,0.138538,0.245150,0.139866
GRID_003543,303,8d83b97,2.871151,0.026445,1.175599,0.986859,-1.153686,-0.040417,-0.129748,0.240736,0.135897
GRID_003544,303,8d83b97,1.494018,-0.924139,1.289398,-0.922174,0.868640,-0.209098,0.016757,0.063130,0.209768
GRID_003545,303,8d83b97,-0.323964,-0.768161,1.545746,0.258588,0.282059,0.056588,0.175951,0.067927,0.184826
GRID_003546,303,8d83b97,0.113168,1.250352,1.554534,0.950224,-0.577900,0.003003,-0.048802,0.239646,0.048894
GRID_003547,303,8d83b97,-1.290910,-0.842230,-0.649920,1.336540,1.400216,0.128262,0.036756,0.277713,0.133425
GRID_003548,303,8d83b97,2.193467,-1.215703,0.091704,-0.672990,-0.249237,-0.207262,-0.145016,0.140940,0.252957
GRID_003549,303,8d83b97,2.270060,-1.534880,-0.806868,-0.912984,-0.070365,-0.174010,-0.142106,0.168890,0.224663
GRID_003550,303,8d83b97,-2.367652,-1.139130,-0.065616,0.181868,-0.655979,0.162042,-0.170877,0.177720,0.235492
GRID_003551,303,8d83b97,-0.706427,-1.369776,-1.125586,-0.884953,1.396546,0.106602,0.127429,0.220374,0.166139
GRID_003552,303,8d83b97,2.289900,-0.569233,0.680693,0.257287,-1.009281,-0.157687,-0.133672,0.207611,0.206721
GRID_003553,303,8d83b97,-1.048407,1.246351,-0.042585,-0.737792,-1.516523,-0.189822,-0.108555,0.164975,0.218670
GRID_003554,303,8d83b97,-2.443588,1.540572,-1.140209,-0.706852,-0.717811,-0.111869,0.127691,-0.022733,0.169764
GRID_003555,303,8d83b97,1.178975,-0.390407,-0.703635,1.534252,-0.152853,-0.031922,0.012885,0.310087,0.034424
GRID_003556,303,8d83b97,1.740496,-0.368448,1.060675,-1.090754,-0.791011,-0.188222,-0.030676,0.196393,0.190706
GRID_003557,303,8d83b97,-0.249469,0.841796,-0.628026,-0.055373,0.305472,-0.050948,-0.190702,0.182355,0.197390
GRID_003558,303,8d83b97,-2.356222,1.542793,1.241178,-0.349423,-0.343606,-0.097760,0.092956,0.211692,0.134899
GRID_003559,303,8d83b97,-0.086408,-0.709113,0.973835,-0.092906,0.773762,0.016420,0.217867,0.142501,0.218485
GRID_003560,303,8d83b97,-1.510239,-1.159386,-0.500803,-1.559077,-0.658866,0.203719,0.011488,0.217892,0.204043
GRID_003561,303,8d83b97,1.742274,-0.462506,0.156048,0.141316,-0.490427,-0.152229,-0.024687,0.281082,0.154218
GRID_003562,303,8d83b97,-1.232628,-0.881740,1.525993,-0.176319,0.287283,0.171823,0.060670,0.050021,0.182219
GRID_003563,303,8d83b97,0.619915,-1.150199,0.482375,1.502388,1.461331,-0.147151,0.203122,0.106769,0.250823
GRID_003564,303,8d83b97,-0.734893,-1.318926,0.680285,1.270933,0.104375,0.158391,0.177526,0.043621,0.237914
GRID_003565,303,8d83b97,1.513904,-0.750312,1.410837,-0.007882,-1.028317,-0.200628,0.012146,0.083881,0.200995
GRID_003566,303,8d83b97,0.037370,-0.503395,0.089480,0.682491,-1.295874,-0.008070,0.152315,0.280757,0.152529
GRID_003567,303,8d83b97,1.938536,-1.426952,1.454528,-0.933981,1.247786,-0.147672,-0.054591,-0.033350,0.157440
GRID_003568,303,8d83b97,-2.906827,-1.096353,-1.310997,-1.552073,-0.783014,0.019109,-0.098476,0.255664,0.100313
GRID_003569,303,8d83b97,2.339079,0.952021,0.302712,0.741182,-0.363483,0.102978,0.104318,0.257880,0.146583
GRID_003570,303,8d83b97,-0.223024,1.532522,0.414771,1.244250,0.611577,-0.049677,-0.208617,0.152240,0.214450
GRID_003571,303,8d83b97,0.216030,1.114698,-0.722053,-0.568335,-1.230212,0.043571,-0.209407,0.110021,0.213892
GRID_003572,303,8d83b97,-1.037451,-0.088376,0.403266,-0.504257,1.391346,0.079999,0.048031,0.303926,0.093310
GRID_003573,303,8d83b97,2.757329,0.365001,-1.507581,1.315249,-1.245734,0.051285,0.137840,0.160859,0.147072
GRID_003574,303,8d83b97,-0.969179,-0.042317,-0.908857,-0.194267,-0.314566,-0.059354,-0.039629,0.285486,0.071368
GRID_003575,303,8d83b97,-1.879526,1.076020,-0.978798,0.164084,0.651184,-0.198121,0.061013,0.087435,0.207303
GRID_003576,303,8d83b97,1.058171,1.567346,0.517123,0.630450,-0.926406,0.179503,-0.101774,0.155508,0.206348
GRID_003577,303,8d83b97,-0.218853,1.414073,1.204337,0.380021,1.045288,-0.028338,-0.116327,0.228780,0.119729
GRID_003578,303,8d83b97,2.819770,-0.850734,1.025911,0.350556,1.278349,-0.075019,-0.211549,0.106669,0.224457
GRID_003579,303,8d83b97,1.225260,-1.057847,0.233490,0.221041,1.157191,-0.231342,0.083161,0.159951,0.245836
GRID_003580,303,8d83b97,-2.689494,1.313831,0.125455,0.790316,-0.464579,-0.097553,0.191299,0.169338,0.214737
GRID_003581,303,8d83b97,2.872114,-1.101287,1.253747,-0.397004,-0.349698,-0.058644,-0.196278,0.032377,0.204852
GRID_003582,303,8d83b97,-0.640386,0.577917,-0.414485,0.147323,-1.268220,-0.091290,-0.119680,0.256989,0.150523
GRID_003583,303,8d83b97,-0.055352,0.254581,1.291009,0.355095,-0.753849,0.003175,0.102484,0.251205,0.102533
GRID_003584,303,8d83b97,-2.710208,-0.860428,-1.256934,0.527330,1.426545,0.022403,-0.058502,0.273600,0.062645
GRID_003585,303,8d83b97,-2.412326,-0.701583,0.543904,-0.365075,1.214919,0.139723,-0.161801,0.198529,0.213780
GRID_003586,303,8d83b97,1.393853,-1.163252,-0.611255,-0.959013,0.295397,-0.197200,0.035704,0.225972,0.200406
GRID_003587,303,8d83b97,0.049038,-1.076645,-1.241886,1.022052,0.812085,-0.007686,0.106195,0.258503,0.106473
GRID_003588,303,8d83b97,1.439869,-1.565597,1.090801,0.334130,0.324607,-0.183966,0.024744,-0.040944,0.185622
GRID_003589,303,8d83b97,-0.525323,-1.213993,1.069837,-0.493178,-1.046437,0.105393,0.185813,0.026355,0.213622
GRID_003590,303,8d83b97,2.870815,0.297270,-0.180198,-0.142323,-0.309797,0.013475,0.064983,0.309955,0.066365
GRID_003591,303,8d83b97,-0.170405,1.277062,0.039867,-0.168710,-0.294018,-0.038758,-0.211546,0.167748,0.215068
GRID_003592,303,8d83b97,-0.177138,-0.907674,-0.164932,-1.276277,-0.979543,0.033052,0.197792,0.236159,0.200535
GRID_003593,303,8d83b97,2.629866,-0.955869,-1.276805,-0.432411,0.151253,-0.043336,-0.069049,0.267319,0.081522
GRID_003594,303,8d83b97,-0.956761,-0.773071,0.000771,1.327065,0.217264,0.155555,0.110763,0.245326,0.190961
GRID_003595,303,8d83b97,-0.432412,-0.287877,-1.570213,-0.224802,1.453067,-0.031414,-0.062800,0.235176,0.070219
GRID_003596,303,8d83b97,-0.390975,-0.115901,1.154462,-0.637988,-0.842457,0.056865,0.143781,0.224548,0.154618
GRID_003597,303,8d83b97,-0.468239,0.830808,-1.412360,-1.094094,0.411502,-0.081531,-0.156497,0.089126,0.176461
GRID_003598,303,8d83b97,0.177266,-1.208676,0.768372,-1.236586,1.077941,-0.044436,0.234559,0.058539,0.238731
GRID_003599,303,8d83b97,0.925659,-0.987780,-0.643704,1.239002,0.623529,-0.134569,0.099978,0.257455,0.167644
GRID_003600,303,8d83b97,-3.006846,0.677047,1.527543,-0.461442,1.514233,0.001771,-0.045269,0.250961,0.045303
GRID_003601,303,8d83b97,-0.956260,-0.355317,-0.193052,0.118355,1.315616,0.068811,0.049668,0.312118,0.084864
GRID_003602,303,8d83b97,-1.061400,-0.561299,-0.603920,-0.617445,1.395009,0.069438,0.039496,0.304047,0.079885
GRID_003603,303,8d83b97,0.542439,-0.273668,-0.209227,-1.011608,-0.912189,-0.036824,0.057443,0.317670,0.068233
GRID_003604,303,8d83b97,1.827275,0.426000,0.038860,0.494378,0.181595,0.064582,0.018945,0.309264,0.067304
GRID_003605,303,8d83b97,-1.922963,-0.587061,0.765765,1.543487,-0.866708,0.191819,-0.072857,0.193524,0.205189
GRID_003606,303,8d83b97,-2.353768,0.020214,-0.524774,0.180160,1.137164,-0.034613,0.029506,0.310175,0.045482
GRID_003607,303,8d83b97,0.822248,-0.284570,1.071035,-0.606549,-1.369715,-0.132548,0.121244,0.209218,0.179636
GRID_003608,303,8d83b97,-3.075487,0.820507,0.532584,-1.555506,0.234223,-0.010874,0.096270,0.287290,0.096883
GRID_003609,303,8d83b97,2.300018,1.337443,0.377710,-0.244462,-1.454084,0.143742,0.132931,0.191308,0.195786
GRID_003610,303,8d83b97,2.880476,-0.579787,0.720611,0.867745,-1.027328,-0.057765,-0.199295,0.200617,0.207498
GRID_003611,303,8d83b97,3.045681,-0.376233,-1.070921,-0.689074,0.658727,-0.003084,0.014244,0.290338,0.014574
GRID_003612,303,8d83b97,0.218928,0.161919,-1.224452,1.021107,-0.651846,0.024565,-0.121419,0.227711,0.123879
GRID_003613,303,8d83b97,-0.091612,0.205520,0.013416,1.130249,0.561584,-0.004354,-0.021619,0.321786,0.022054
GRID_003614,303,8d83b97,2.048206,0.238037,-0.435944,-1.497397,0.867722,0.069192,0.038770,0.299363,0.079314
GRID_003615,303,8d83b97,-0.765892,0.113020,1.010411,-1.343516,-0.170643,0.073516,0.078593,0.268897,0.107617
GRID_003616,303,8d83b97,-2.139551,0.831928,-0.862976,-0.646699,1.515074,-0.170291,0.105417,0.154520,0.200279
GRID_003617,303,8d83b97,-1.679694,-0.555536,1.264873,-1.400292,-0.729863,0.195637,-0.022730,0.136618,0.196953
GRID_003618,303,8d83b97,-0.299031,-0.878893,1.220023,-0.820238,-0.897449,0.059951,0.202411,0.079015,0.211103
GRID_003619,303,8d83b97,-1.817330,-1.037365,-1.103068,0.343690,-0.097626,0.109656,-0.029500,0.263174,0.113555
GRID_003620,303,8d83b97,-3.062860,0.905870,0.336847,1.283637,0.195489,-0.015273,0.136326,0.267355,0.137179
GRID_003621,303,8d83b97,0.353636,1.024458,0.893084,0.410558,0.559242,0.029296,-0.085812,0.271673,0.090675
GRID_003622,303,8d83b97,2.982956,-1.055574,-0.925577,0.217190,0.456699,-0.027003,-0.140784,0.258774,0.143350
GRID_003623,303,8d83b97,1.539724,0.432152,0.065054,0.661177,-1.530828,0.065389,-0.001073,0.309767,0.065398
GRID_003624,303,8d83b97,-0.408858,0.709957,-0.043421,-0.118420,-1.521906,-0.058106,-0.128867,0.270145,0.141362
GRID_003625,303,8d83b97,-1.999286,-0.775752,0.642501,1.005672,0.201557,0.201652,-0.094837,0.170721,0.222840
GRID_003626,303,8d83b97,1.215820,-1.226928,-1.028317,-0.512441,1.104251,-0.152101,0.056164,0.238264,0.162139
GRID_003627,303,8d83b97,0.022504,0.372167,0.823672,-0.015942,-1.423727,-0.003309,0.038825,0.300989,0.038966
GRID_003628,303,8d83b97,1.855203,-0.253736,0.715829,-0.035023,-1.418431,-0.154769,-0.043175,0.256548,0.160678
GRID_003629,303,8d83b97,2.668483,0.923059,-1.465441,-0.458985,0.420899,0.073386,0.152157,0.066624,0.168930
GRID_003630,303,8d83b97,0.264406,1.095305,0.544571,-1.287681,-0.793816,0.036081,-0.142014,0.250303,0.146526
GRID_003631,303,8d83b97,0.800260,-0.357939,0.716343,0.237791,0.312076,-0.128300,0.122614,0.240586,0.177469
GRID_003632,303,8d83b97,1.223648,0.553839,-0.370379,0.974018,0.135394,0.129057,-0.046813,0.265177,0.137285
GRID_003633,303,8d83b97,2.957843,-1.347902,1.103347,-0.833926,1.500891,-0.041496,-0.199399,-0.002643,0.203671
GRID_003634,303,8d83b97,0.662741,-0.142877,-0.411796,1.175977,-0.131727,-0.008285,0.007919,0.319969,0.011461
GRID_003635,303,8d83b97,-1.681590,-1.548983,0.083651,0.802587,1.362471,0.252146,-0.029525,0.061240,0.253869
GRID_003636,303,8d83b97,2.158696,0.573133,-0.344067,1.160818,0.743931,0.114020,0.079573,0.264719,0.139041
GRID_003637,303,8d83b97,-0.180440,-1.094778,0.198387,1.511537,-0.213557,0.041489,0.240375,0.155850,0.243929
GRID_003638,303,8d83b97,0.381558,1.063304,1.443356,1.001514,-0.729761,0.008874,-0.028254,0.255419,0.029615
GRID_003639,303,8d83b97,1.764881,0.908768,-0.252100,-0.937786,0.974863,0.182005,0.037538,0.213821,0.185835
GRID_003640,303,8d83b97,-1.139718,-1.003470,-1.454112,-1.275886,0.544013,0.057733,0.027093,0.257425,0.063774
GRID_003641,303,8d83b97,2.099458,1.510218,-1.500988,0.850971,-0.812124,0.106554,0.065327,-0.034185,0.124985
GRID_003642,303,8d83b97,-0.355242,1.220860,0.192389,0.152507,1.457137,-0.071739,-0.187168,0.197180,0.200446
GRID_003643,303,8d83b97,1.784678,-1.326212,-0.685749,-0.179658,1.236057,-0.210183,-0.043843,0.200758,0.214707
GRID_003644,303,8d83b97,-0.831720,-0.506734,0.258072,-0.546732,1.558103,0.122042,0.112919,0.265631,0.166268
GRID_003645,303,8d83b97,-0.985672,1.113325,-0.818894,-0.347407,-1.398313,-0.179259,-0.117725,0.098327,0.214460
GRID_003646,303,8d83b97,-0.551497,-0.109621,0.521429,1.314013,0.133506,0.056718,0.095797,0.293095,0.111328
GRID_003647,303,8d83b97,-2.940737,1.283262,-1.474143,-0.548589,-1.367452,-0.034902,0.149765,0.002065,0.153778
GRID_003648,303,8d83b97,-1.820403,-0.824200,-0.814021,1.511658,1.340372,0.105282,-0.028794,0.283261,0.109148
GRID_003649,303,8d83b97,-2.712893,-1.500600,0.531274,1.027510,-0.063798,0.095696,-0.219452,0.018942,0.239410
GRID_003650,303,8d83b97,1.934584,0.476992,0.110190,1.417387,0.235258,0.064945,0.027180,0.307653,0.070403
GRID_003651,303,8d83b97,1.018264,-0.506028,0.053348,-0.547817,-1.211781,-0.129913,0.079230,0.283173,0.152167
GRID_003652,303,8d83b97,-1.885784,0.620383,-1.262035,-0.112294,0.206089,-0.169907,0.053205,0.146542,0.178043
GRID_003653,303,8d83b97,0.333918,1.241438,1.294020,-0.743115,0.191562,0.023643,-0.075224,0.248471,0.078852
GRID_003654,303,8d83b97,0.625922,0.777887,-1.213989,0.480216,-0.498540,0.105820,-0.149495,0.121867,0.183158
GRID_003655,303,8d83b97,-1.237415,0.078629,-0.703207,0.372286,-0.409090,-0.073749,-0.025461,0.293174,0.078020
GRID_003656,303,8d83b97,-2.792003,1.325814,0.868036,0.792765,0.309882,-0.054760,0.137786,0.230524,0.148269
GRID_003657,303,8d83b97,2.989633,-1.435900,1.085721,0.024066,-1.116065,-0.034227,-0.194537,-0.017798,0.197525
GRID_003658,303,8d83b97,-3.117669,-0.351628,1.212937,-1.503768,-0.074187,0.000033,-0.185551,0.179854,0.185551
GRID_003659,303,8d83b97,2.935325,0.714089,1.297649,-0.994370,0.240025,-0.008078,-0.017516,0.272380,0.019289
GRID_003660,303,8d83b97,0.732962,0.213382,0.516316,-1.468283,-0.365407,-0.029194,0.030154,0.313862,0.041971
GRID_003661,303,8d83b97,1.303484,0.556865,0.366765,-1.557916,0.498454,0.054516,-0.014784,0.308038,0.056485
GRID_003662,303,8d83b97,0.246006,-0.969678,-0.689434,-1.284027,-1.547462,-0.040476,0.151744,0.262287,0.157050
GRID_003663,303,8d83b97,-0.109159,0.229446,0.499828,1.098997,1.189279,0.001287,0.033570,0.314967,0.033595
GRID_003664,303,8d83b97,1.369366,1.372031,-0.119749,1.419514,0.881220,0.218571,-0.044247,0.125862,0.223005
GRID_003665,303,8d83b97,-2.011495,-0.045377,-1.353619,-1.033854,0.566815,-0.092076,0.040730,0.237782,0.100682
GRID_003666,303,8d83b97,2.414362,0.417462,-1.153101,0.676785,0.521871,0.100327,0.118088,0.197063,0.154953
GRID_003667,303,8d83b97,1.995243,1.251176,-0.594823,0.368749,1.180582,0.197455,0.091940,0.094342,0.217811
GRID_003668,303,8d83b97,-1.439800,-1.386346,1.149245,1.335891,-1.052060,0.189717,0.024466,-0.012974,0.191288
GRID_003669,303,8d83b97,1.835597,1.265239,-0.424931,1.433561,1.143987,0.212517,0.059659,0.112532,0.220732
GRID_003670,303,8d83b97,1.861994,-1.395497,-1.138487,-0.224235,-0.469584,-0.166947,-0.047979,0.216887,0.173705
GRID_003671,303,8d83b97,-1.919445,-1.084291,0.443323,0.096595,-1.474203,0.228097,-0.085298,0.127182,0.243524
GRID_003672,303,8d83b97,1.321353,0.090320,0.404495,-0.122014,0.045480,-0.056738,0.014657,0.314977,0.058600
GRID_003673,303,8d83b97,-2.378606,-0.516905,1.138483,-0.104201,1.335787,0.135111,-0.146326,0.159553,0.199164
GRID_003674,303,8d83b97,-1.806964,-0.681574,-1.491137,-0.181806,-0.663882,0.000609,-0.001949,0.262006,0.002042
GRID_003675,303,8d83b97,0.595357,0.174293,-1.331576,0.686189,-0.137222,0.069671,-0.106248,0.212542,0.127054
GRID_003676,303,8d83b97,1.322502,-0.296207,0.229117,-1.342781,-0.863677,-0.122904,0.031378,0.296060,0.126846
GRID_003677,303,8d83b97,-2.980369,-0.087391,0.537789,-1.491286,-0.466378,0.013171,-0.108731,0.293928,0.109525
GRID_003678,303,8d83b97,-2.977283,-1.511236,0.903997,-0.642896,1.561585,0.029692,-0.206022,-0.018863,0.208150
GRID_003679,303,8d83b97,-2.730284,-0.531395,-1.019651,1.500195,0.172249,0.005453,-0.022941,0.294942,0.023580
GRID_003680,303,8d83b97,-1.338555,0.828007,1.219159,-0.887648,0.006730,-0.015544,-0.003853,0.276433,0.016014
GRID_003681,303,8d83b97,-2.309511,-0.649332,-0.962578,-1.274351,-1.320781,0.037900,-0.039042,0.294131,0.054412
GRID_003682,303,8d83b97,0.070809,0.497541,-1.075183,-1.178455,1.093853,0.009276,-0.165298,0.192970,0.165558
GRID_003683,303,8d83b97,0.216679,0.403138,1.317550,1.506648,-1.064090,-0.019356,0.076619,0.259693,0.079026
GRID_003684,303,8d83b97,-2.070203,-1.556033,-0.503424,1.260798,-1.569849,0.211718,-0.118599,0.132596,0.242673
GRID_003685,303,8d83b97,1.771140,-0.392563,-0.273820,1.383762,-1.326908,-0.088172,-0.016119,0.311535,0.089633
GRID_003686,303,8d83b97,1.394291,-0.789195,-0.895679,-0.402318,0.511710,-0.096649,0.017653,0.286627,0.098248
GRID_003687,303,8d83b97,2.417992,-1.239115,-1.104103,0.452188,0.126770,-0.104453,-0.112834,0.238802,0.153759
GRID_003688,303,8d83b97,2.177311,-0.457452,1.549364,-1.135477,0.742216,-0.152720,-0.102468,0.120741,0.183911
GRID_003689,303,8d83b97,-0.096025,-0.738847,0.519299,1.125762,1.239766,0.018648,0.218484,0.193969,0.219278
GRID_003690,303,8d83b97,-0.687197,0.652844,1.480262,0.683217,-0.878833,0.026453,0.034988,0.254947,0.043863
GRID_003691,303,8d83b97,-0.944466,0.996076,1.334855,-1.565271,0.327763,-0.028264,-0.019121,0.264188,0.034125
GRID_003692,303,8d83b97,-2.971272,-1.529017,0.352461,-1.388969,1.240247,0.037760,-0.245880,0.032875,0.248762
GRID_003693,303,8d83b97,1.888338,-0.056697,0.084217,-0.156162,0.179892,-0.052492,-0.014997,0.321089,0.054592
GRID_003694,303,8d83b97,1.198298,-0.388805,-1.232095,1.264287,-1.249391,0.022422,-0.009070,0.277512,0.024188
GRID_003695,303,8d83b97,0.050269,-0.865253,0.056423,-0.784209,-0.290518,-0.013046,0.212104,0.222207,0.212505
GRID_003696,303,8d83b97,0.317238,0.612094,0.679718,-0.137715,0.303678,0.007660,-0.030538,0.304427,0.031484
GRID_003697,303,8d83b97,-1.469011,1.458610,0.814303,-0.847587,-0.016282,-0.173910,-0.018442,0.204334,0.174885
GRID_003698,303,8d83b97,2.636220,0.696495,1.287839,-0.326348,0.152149,-0.014195,-0.017477,0.273047,0.022515
GRID_003699,303,8d83b97,-1.700265,-0.913009,-0.790441,-1.115132,0.997092,0.128405,-0.018221,0.273158,0.129691
GRID_003700,303,8d83b97,-2.235002,0.465186,-0.463201,-1.405969,-0.162040,-0.107769,0.080305,0.269487,0.134399
GRID_003701,303,8d83b97,0.762103,-0.670617,0.476428,0.165572,0.486748,-0.147367,0.152297,0.212920,0.211923
GRID_003702,303,8d83b97,-1.184518,-1.556038,0.604328,-0.754754,-1.109237,0.211517,0.086298,-0.001137,0.228444
GRID_003703,303,8d83b97,2.118967,1.066422,-0.585917,-0.610925,-0.052422,0.178885,0.112559,0.138334,0.211351
GRID_003704,303,8d83b97,-0.326166,0.417736,-1.295140,-1.177722,-0.870930,-0.052904,-0.149237,0.178876,0.158337
GRID_003705,303,8d83b97,-0.318447,0.880601,-1.340497,-0.331919,0.651571,-0.059031,-0.171673,0.087218,0.181538
GRID_003706,303,8d83b97,-0.176552,1.038346,1.037612,-0.986973,1.071481,-0.015834,-0.075032,0.270264,0.076685
GRID_003707,303,8d83b97,0.840682,-0.754714,-0.470797,-0.903243,0.998572,-0.107832,0.094852,0.281760,0.143612
GRID_003708,303,8d83b97,-2.735323,1.151700,0.701130,-0.756939,-0.948369,-0.059267,0.127128,0.249826,0.140264
GRID_003709,303,8d83b97,2.455938,0.621096,-1.206699,0.149047,-1.172325,0.107430,0.137080,0.153316,0.174162
GRID_003710,303,8d83b97,-2.320610,0.995245,-0.309558,-1.054196,-0.455981,-0.152485,0.137313,0.188932,0.205199
GRID_003711,303,8d83b97,-0.246133,0.659512,1.452478,1.255201,-0.745581,0.007816,0.041063,0.257887,0.041801
GRID_003712,303,8d83b97,-1.023541,-0.046810,-1.099649,-0.386120,-1.164462,-0.073759,-0.044019,0.266953,0.085896
GRID_003713,303,8d83b97,1.618904,0.485818,0.844993,-1.392886,0.617649,-0.019535,0.000229,0.301306,0.019537
GRID_003714,303,8d83b97,0.537282,-1.013892,1.541058,0.431073,-0.105390,-0.093982,0.153718,0.026678,0.180171
GRID_003715,303,8d83b97,-1.524490,1.288902,0.651528,-1.072597,0.309417,-0.169331,-0.008734,0.224085,0.169556
GRID_003716,303,8d83b97,-1.194567,0.861474,-0.740991,-0.900777,-0.310357,-0.188935,-0.074405,0.163831,0.203058
GRID_003717,303,8d83b97,-1.097640,1.538914,-0.562768,0.396290,-0.157827,-0.196429,-0.099992,0.030792,0.220414
GRID_003718,303,8d83b97,2.162678,-0.933166,1.210909,0.926248,-0.296448,-0.180326,-0.117769,0.069182,0.215377
GRID_003719,303,8d83b97,0.897229,-0.823704,0.699030,-0.304291,1.354128,-0.182680,0.144346,0.153217,0.232826
GRID_003720,303,8d83b97,-0.166011,-0.154579,-1.374303,-0.158710,0.909400,-0.015852,-0.079806,0.246559,0.081366
GRID_003721,303,8d83b97,1.051866,1.336718,-0.512845,-0.470974,-0.731092,0.191533,-0.110151,0.084389,0.220948
GRID_003722,303,8d83b97,-2.438108,-1.135541,-0.635216,-0.302849,0.660162,0.118869,-0.145833,0.232677,0.188141
GRID_003723,303,8d83b97,-1.724413,-0.228757,0.096556,1.349836,0.658380,0.088788,-0.015379,0.310494,0.090110
GRID_003724,303,8d83b97,0.826478,0.648301,0.404254,1.133912,0.997366,0.052911,-0.050481,0.301296,0.073130
GRID_003725,303,8d83b97,-0.194831,0.363619,-0.473265,-1.170884,-1.239588,-0.024203,-0.110674,0.282356,0.113290
GRID_003726,303,8d83b97,0.956105,-0.596853,0.643765,0.358355,-0.414259,-0.171486,0.119878,0.206885,0.209232
GRID_003727,303,8d83b97,-2.371462,0.425959,0.242356,-0.639057,0.953411,-0.035718,0.031723,0.314844,0.047772
GRID_003728,303,8d83b97,2.391882,-0.660097,0.885414,1.389182,-0.046901,-0.151678,-0.157739,0.163729,0.218833
GRID_003729,303,8d83b97,-2.611565,0.000450,0.906858,0.887520,1.036629,0.058275,-0.107335,0.268203,0.122134
GRID_003730,303,8d83b97,0.266744,-1.170163,0.449910,-0.969680,-0.427497,-0.068298,0.241301,0.106182,0.250780
GRID_003731,303,8d83b97,0.942979,1.514245,1.537075,0.107915,0.331960,0.070706,-0.052713,0.217926,0.088193
GRID_003732,303,8d83b97,-2.427126,-0.694383,1.429780,-0.647243,-0.729528,0.124038,-0.148406,0.092171,0.193416
GRID_003733,303,8d83b97,-3.021418,-1.048228,1.149882,0.901773,1.496453,0.021384,-0.213723,0.052257,0.214790
GRID_003734,303,8d83b97,3.031452,-1.441403,-0.113466,-1.054673,1.221059,-0.032655,-0.254312,0.112587,0.256400
GRID_003735,303,8d83b97,-1.272072,1.309991,0.664189,0.422068,-0.285057,-0.163477,-0.050371,0.221153,0.171061
GRID_003736,303,8d83b97,0.581511,-1.235906,-0.623502,0.230391,-1.485518,-0.115689,0.172654,0.213272,0.207831
GRID_003737,303,8d83b97,-1.792952,1.230366,0.957443,0.160261,0.108175,-0.121557,0.025646,0.247967,0.124233
GRID_003738,303,8d83b97,-1.155861,-0.838961,-0.174940,0.040951,-0.965607,0.169953,0.075201,0.249521,0.185847
GRID_003739,303,8d83b97,2.399301,0.538883,-0.526804,0.122454,0.011365,0.097070,0.111141,0.251588,0.147563
GRID_003740,303,8d83b97,0.683442,0.579305,0.937964,0.053616,1.133817,-0.006707,0.005572,0.296141,0.008720
GRID_003741,303,8d83b97,2.325455,1.437973,1.347956,-0.147512,-0.145124,0.071825,0.072058,0.227270,0.101741
GRID_003742,303,8d83b97,2.259446,-0.565923,0.613948,1.355882,1.193466,-0.159488,-0.127095,0.216417,0.203935
GRID_003743,303,8d83b97,3.021444,0.221576,1.504588,-0.379673,1.460070,-0.018380,-0.116090,0.222358,0.117536
GRID_003744,303,8d83b97,-0.635966,0.642470,1.058212,1.534537,-1.462125,0.001340,0.004825,0.288921,0.005008
GRID_003745,303,8d83b97,2.820834,-1.219381,-1.040992,0.548694,0.118323,-0.053631,-0.147868,0.239762,0.157294
GRID_003746,303,8d83b97,-2.033082,0.111006,-0.416047,0.578519,0.778837,-0.049990,0.021988,0.310906,0.054612
GRID_003747,303,8d83b97,0.776518,0.298628,1.029242,-1.481321,-0.453282,-0.055398,0.054275,0.281712,0.077555
GRID_003748,303,8d83b97,2.691184,0.588859,0.411931,-0.393481,-0.792491,0.022306,0.055684,0.306322,0.059986
GRID_003749,303,8d83b97,3.130726,1.179358,-1.050107,0.214362,1.165962,-0.002292,0.198839,0.057188,0.198853
GRID_003750,303,8d83b97,-0.173730,-0.511542,1.393045,-0.505016,-1.270711,0.030696,0.189191,0.129331,0.191665
GRID_003751,303,8d83b97,-1.578295,-0.950195,1.011935,-0.024053,-0.143878,0.222299,-0.002690,0.087315,0.222315
GRID_003752,303,8d83b97,-2.380765,0.525270,0.742440,0.338316,1.176378,-0.007676,0.002942,0.305564,0.008220
GRID_003753,303,8d83b97,2.974296,-1.396092,1.390392,-0.784107,-1.483397,-0.031932,-0.163101,-0.026900,0.166198
GRID_003754,303,8d83b97,2.584515,0.828255,0.051057,-0.648255,0.391607,0.076307,0.130070,0.258957,0.150802
GRID_003755,303,8d83b97,1.185240,1.193320,-0.822373,-0.042960,-0.869446,0.193544,-0.078850,0.079853,0.208989
GRID_003756,303,8d83b97,-0.940799,0.609714,-1.034733,-0.663048,0.483729,-0.146246,-0.105369,0.177337,0.180251
GRID_003757,303,8d83b97,-0.503097,0.941083,0.836413,0.730977,-0.912101,-0.042446,-0.072971,0.279740,0.084418
GRID_003758,303,8d83b97,-3.076725,-0.350822,-0.378515,-0.663708,-0.802390,-0.000421,-0.063124,0.315610,0.063125
GRID_003759,303,8d83b97,-2.028263,-0.043981,-0.186250,1.550444,1.422485,0.008453,-0.007069,0.323678,0.011019
GRID_003760,303,8d83b97,-1.413054,1.216710,1.155302,-0.837295,1.209302,-0.095541,-0.015638,0.252095,0.096812
GRID_003761,303,8d83b97,-1.747647,-0.947881,0.668777,1.454281,-1.399609,0.230728,-0.042910,0.129677,0.234684
GRID_003762,303,8d83b97,-2.746411,0.157277,-0.272587,1.334945,-0.581293,-0.021941,0.041530,0.315328,0.046970
GRID_003763,303,8d83b97,0.702990,0.399133,0.706653,0.671640,-0.910723,-0.015135,0.015371,0.307884,0.021572
GRID_003764,303,8d83b97,1.457662,0.128798,-0.020395,-0.825156,1.030488,0.003881,0.000241,0.323505,0.003888
GRID_003765,303,8d83b97,1.135430,-1.556529,-0.605847,0.021872,1.143094,-0.220105,0.101924,0.143966,0.242558
GRID_003766,303,8d83b97,-0.508927,-0.190157,-0.281687,-1.381172,-0.751583,0.015584,0.031902,0.321367,0.035505
GRID_003767,303,8d83b97,-2.912663,0.317107,-0.630898,-1.079939,0.720963,-0.031037,0.113746,0.273565,0.117904
GRID_003768,303,8d83b97,1.201643,0.552267,0.890010,-0.604505,1.051913,-0.009308,0.003335,0.298818,0.009887
GRID_003769,303,8d83b97,2.207448,1.060040,-1.219468,0.724102,-1.012106,0.147638,0.112914,0.064272,0.185867
GRID_003770,303,8d83b97,-1.286787,-1.502139,0.031779,1.066573,-0.452906,0.244778,0.071329,0.079286,0.254959
GRID_003771,303,8d83b97,-1.793849,-1.400036,-0.771777,-1.174625,-0.452613,0.202679,-0.047829,0.193265,0.208246
GRID_003772,303,8d83b97,-0.877806,1.229256,-1.205572,-0.358853,-1.383955,-0.144698,-0.118574,0.031656,0.187076
GRID_003773,303,8d83b97,-1.417126,-1.272816,-0.179352,-0.724913,-0.834334,0.237770,0.036266,0.160606,0.240520
GRID_003774,303,8d83b97,-2.409170,1.433941,1.253411,-1.046677,1.173122,-0.081501,0.085359,0.226967,0.118019
GRID_003775,303,8d83b97,0.178990,-1.334513,-0.374117,0.776346,0.028345,-0.044736,0.234182,0.168701,0.238417
GRID_003776,303,8d83b97,-1.825853,-0.822215,0.010945,0.953507,1.567159,0.192241,-0.052145,0.235262,0.199188
GRID_003777,303,8d83b97,0.023047,0.777632,-0.780224,1.555349,0.499117,0.002024,-0.192492,0.176429,0.192503
GRID_003778,303,8d83b97,2.579294,-0.597314,-0.910514,-1.423846,-0.395030,-0.032068,-0.043508,0.297862,0.054049
GRID_003779,303,8d83b97,-0.411926,-1.363925,0.928134,0.153995,-0.592858,0.085087,0.200132,0.008625,0.217468
GRID_003780,303,8d83b97,-0.288707,0.471215,-1.564924,-1.113138,-1.468523,-0.046232,-0.147298,0.136388,0.154383
GRID_003781,303,8d83b97,-0.022533,0.490579,1.421563,-0.221155,1.350803,-0.000949,0.069995,0.253850,0.070002
GRID_003782,303,8d83b97,-2.814204,-1.205579,1.237057,-0.239895,1.145192,0.059851,-0.189365,0.014078,0.198598
GRID_003783,303,8d83b97,1.963194,-1.140678,-0.705746,0.177768,-1.568788,-0.173288,-0.069170,0.236395,0.186583
GRID_003784,303,8d83b97,1.441695,0.601566,-1.379762,1.411153,-1.033412,0.164531,-0.020856,0.135633,0.165847
GRID_003785,303,8d83b97,-1.183408,-1.391653,-0.893515,1.548200,0.034007,0.180317,0.073863,0.204055,0.194858
GRID_003786,303,8d83b97,-1.096060,-1.359152,-1.166573,0.142052,0.105961,0.140946,0.073092,0.223467,0.158771
GRID_003787,303,8d83b97,-1.470144,-0.681505,0.264633,-0.732219,-1.484583,0.194881,0.018948,0.235113,0.195800
GRID_003788,303,8d83b97,2.703747,1.453266,-0.660976,0.893393,0.639535,0.086968,0.195603,0.039304,0.214065
GRID_003789,303,8d83b97,2.197566,1.339013,-1.081720,1.428839,0.307916,0.149663,0.112105,0.020770,0.186993
GRID_003790,303,8d83b97,1.838479,0.377536,-1.484925,-0.444957,0.047635,0.140953,0.040566,0.161639,0.146675
GRID_003791,303,8d83b97,0.447609,-1.382743,-0.473030,-0.143103,0.512956,-0.104334,0.212573,0.168615,0.236797
GRID_003792,303,8d83b97,2.675339,-1.140988,0.615414,-0.589750,0.926769,-0.114688,-0.218736,0.092240,0.246980
GRID_003793,303,8d83b97,-0.559060,-1.488153,-1.335690,0.065073,-0.559259,0.081440,0.133865,0.209716,0.156692
GRID_003794,303,8d83b97,3.003845,-0.468291,1.521788,-1.410746,-0.990872,-0.029500,-0.181330,0.122015,0.183714
GRID_003795,303,8d83b97,-1.620314,-0.556777,-0.478512,1.374178,0.344289,0.094224,-0.005915,0.303007,0.094410
GRID_003796,303,8d83b97,-1.925786,-0.111856,-0.514915,-0.226093,0.520783,-0.014018,0.002776,0.316041,0.014290
GRID_003797,303,8d83b97,1.831079,0.948363,1.091494,0.381088,0.618226,0.046330,0.014258,0.276289,0.048474
GRID_003798,303,8d83b97,2.272683,1.497652,1.176565,0.845074,0.868819,0.098542,0.087488,0.216349,0.131775
GRID_003799,303,8d83b97,-1.552454,-1.372660,-1.079892,-1.472185,0.049386,0.170830,0.002188,0.217986,0.170844
GRID_003800,303,8d83b97,1.978265,0.066271,1.420214,-1.460606,1.558894,-0.129340,-0.053342,0.215377,0.139908
GRID_003801,303,8d83b97,-2.273223,0.778122,-0.760175,-0.714834,1.414765,-0.150954,0.123482,0.178880,0.195025
GRID_003802,303,8d83b97,-1.229619,0.271539,-1.357814,-0.458523,-0.863782,-0.136256,-0.048180,0.194711,0.144523
GRID_003803,303,8d83b97,-1.407950,0.410184,-0.945241,0.024937,-0.760444,-0.152876,-0.025592,0.224395,0.155004
GRID_003804,303,8d83b97,-0.348971,-1.154236,0.171285,0.132629,0.563102,0.082390,0.232772,0.145415,0.246923
GRID_003805,303,8d83b97,-0.526683,-0.928231,0.270592,-0.217145,0.917427,0.113990,0.199840,0.184365,0.230064
GRID_003806,303,8d83b97,-1.353420,1.072347,0.269345,-0.110045,1.469988,-0.171616,-0.038246,0.234256,0.175826
GRID_003807,303,8d83b97,1.226780,-1.204917,0.578898,0.232022,1.426662,-0.235714,0.084308,0.081871,0.250338
GRID_003808,303,8d83b97,0.348900,-1.061447,1.535430,0.857240,-1.508856,-0.062884,0.166011,0.019236,0.177522
GRID_003809,303,8d83b97,0.008748,-0.877204,1.555466,-1.413442,0.889975,-0.004147,0.182613,0.048507,0.182660
GRID_003810,303,8d83b97,0.976112,0.839436,0.809326,-0.855911,0.740544,0.051279,-0.035799,0.288672,0.062538
GRID_003811,303,8d83b97,2.607780,-0.531175,0.981772,-0.101406,0.361167,-0.108316,-0.175483,0.176795,0.206220
GRID_003812,303,8d83b97,1.744242,-0.974770,-0.520020,0.850129,-0.155791,-0.177691,-0.029462,0.252367,0.180117
GRID_003813,303,8d83b97,-1.715495,-1.453764,-0.397942,0.092540,-0.016677,0.239347,-0.036468,0.144170,0.242109
GRID_003814,303,8d83b97,-0.289311,1.010137,-0.993756,0.775044,-0.520010,-0.060212,-0.194248,0.099959,0.203366
GRID_003815,303,8d83b97,-0.398891,-0.632441,1.065930,0.993906,-1.076657,0.079638,0.194600,0.146390,0.210265
GRID_003816,303,8d83b97,0.063010,0.324984,-1.498123,0.222181,-0.955811,0.006624,-0.144829,0.168463,0.144981
GRID_003817,303,8d83b97,-2.196160,0.533757,-1.327655,-1.352888,-0.369562,-0.139157,0.096789,0.154358,0.169507
GRID_003818,303,8d83b97,0.739126,0.138815,0.185176,0.483804,0.965474,-0.013794,0.012930,0.322956,0.018907
GRID_003819,303,8d83b97,2.178050,-1.538474,-0.313773,0.331439,1.262187,-0.212253,-0.143791,0.114112,0.256373
GRID_003820,303,8d83b97,1.596771,0.157790,1.339437,0.356871,-0.923602,-0.124385,-0.002215,0.235974,0.124405
GRID_003821,303,8d83b97,-0.232576,1.532922,-0.208604,-0.184331,-0.962560,-0.055421,-0.224090,0.075471,0.230842
GRID_003822,303,8d83b97,2.378119,0.223946,-0.375173,-1.489767,0.272672,0.046014,0.053219,0.304824,0.070353
GRID_003823,303,8d83b97,-0.777073,-0.454476,1.088663,-0.959112,0.794449,0.135090,0.139464,0.177469,0.194163
GRID_003824,303,8d83b97,-3.117277,0.827520,0.579118,0.831933,0.611261,-0.006735,0.092125,0.287710,0.092371
GRID_003825,303,8d83b97,2.861713,-0.623514,-1.216629,-0.752898,1.434056,-0.010313,-0.020343,0.282646,0.022808
GRID_003826,303,8d83b97,-0.104088,1.396561,-0.325959,-0.687685,-0.318146,-0.026071,-0.226864,0.093653,0.228357
GRID_003827,303,8d83b97,-0.064246,-1.337189,-0.662169,-0.362228,0.011356,0.011391,0.214364,0.196566,0.214667
GRID_003828,303,8d83b97,2.543694,0.966205,0.633527,1.522141,1.097819,0.059450,0.094190,0.273071,0.111383
GRID_003829,303,8d83b97,-2.632183,0.883129,-0.264902,-0.588191,1.509164,-0.095333,0.162279,0.217541,0.188209
GRID_003830,303,8d83b97,2.836953,-0.414308,0.186907,-0.356401,0.523590,-0.047687,-0.137130,0.285053,0.145185
GRID_003831,303,8d83b97,0.675608,1.248220,-0.223587,0.426889,1.153955,0.136057,-0.172365,0.142208,0.219593
GRID_003832,303,8d83b97,-2.360174,1.384210,-0.070000,-0.603006,-0.729380,-0.163320,0.159608,0.129211,0.228360
GRID_003833,303,8d83b97,-1.703952,-1.231925,-1.288455,0.643530,0.222771,0.122174,-0.017813,0.242243,0.123466
GRID_003834,303,8d83b97,-0.134641,1.393656,0.181967,-0.016385,0.206419,-0.031491,-0.215004,0.157614,0.217298
GRID_003835,303,8d83b97,-2.627461,0.190885,-1.079459,-0.986868,-1.545835,-0.065010,0.106952,0.241351,0.125160
GRID_003836,303,8d83b97,-2.314507,0.900601,0.476894,1.119285,-0.151003,-0.092152,0.080158,0.275518,0.122136
GRID_003837,303,8d83b97,-2.300163,-0.481805,0.431214,0.969189,1.182540,0.128531,-0.119388,0.252189,0.175424
GRID_003838,303,8d83b97,-1.286777,-0.370051,1.497834,1.076412,-1.217705,0.168962,0.049371,0.141281,0.176027
GRID_003839,303,8d83b97,2.420109,0.334542,0.145618,0.839125,-0.399282,0.019431,0.027625,0.318358,0.033774
GRID_003840,303,8d83b97,-0.519874,0.399062,0.013842,-0.550044,-0.211340,-0.036024,-0.059086,0.310495,0.069202
GRID_003841,303,8d83b97,-0.458285,-0.895444,0.404350,0.926162,0.087370,0.100488,0.208292,0.174988,0.231265
GRID_003842,303,8d83b97,2.868876,1.054280,-1.523545,0.551304,0.556992,0.039103,0.155590,0.038078,0.160429
GRID_003843,303,8d83b97,0.543397,-1.256944,-0.231014,0.780035,-1.135655,-0.126490,0.205756,0.170195,0.241527
GRID_003844,303,8d83b97,-0.037087,1.136929,0.689534,-0.860070,0.319003,-0.007525,-0.137651,0.251521,0.137857
GRID_003845,303,8d83b97,2.982386,1.271178,0.094950,1.492744,-1.419586,0.028934,0.208458,0.175470,0.210456
GRID_003846,303,8d83b97,-1.880415,-0.523471,0.089556,-1.197281,1.142003,0.145193,-0.048690,0.277926,0.153139
GRID_003847,303,8d83b97,1.178086,0.885587,-0.992961,-0.741237,-0.510664,0.180043,-0.074923,0.126740,0.195010
GRID_003848,303,8d83b97,-1.646374,1.423126,-1.167446,-1.531189,-0.255369,-0.178487,0.012255,-0.002855,0.178908
GRID_003849,303,8d83b97,0.164995,-1.221660,1.570562,0.123931,0.561001,-0.028896,0.158275,-0.007255,0.160891
GRID_003850,303,8d83b97,1.990502,-0.768360,-0.444467,-0.530528,-0.700995,-0.138047,-0.058904,0.278756,0.150089
GRID_003851,303,8d83b97,2.832773,-0.280397,-1.281676,-0.361918,-1.044709,0.011570,0.050261,0.266912,0.051576
GRID_003852,303,8d83b97,-0.568595,1.501376,-0.608468,1.433795,-1.277953,-0.119128,-0.183000,0.034230,0.218359
GRID_003853,303,8d83b97,-1.432090,0.689463,0.223329,0.081004,-0.629266,-0.108986,-0.015824,0.290458,0.110129
GRID_003854,303,8d83b97,-1.116885,-1.411796,0.444298,-1.249802,-1.501757,0.221334,0.108487,0.049569,0.246491
GRID_003855,303,8d83b97,-1.832080,-1.082559,-0.662751,0.136527,-0.927704,0.169103,-0.047235,0.243512,0.175576
GRID_003856,303,8d83b97,1.212797,0.044716,0.860361,-1.213114,-1.495532,-0.107712,0.040074,0.277575,0.114925
GRID_003857,303,8d83b97,-2.859798,-1.482101,-1.284491,-0.487406,1.042771,0.041248,-0.157890,0.209029,0.163189
GRID_003858,303,8d83b97,2.171123,0.130018,1.193330,-0.625915,-1.361603,-0.101839,-0.066205,0.250362,0.121467
GRID_003859,303,8d83b97,0.920143,0.052193,-0.924864,-0.035045,-0.600277,0.067854,-0.053007,0.275207,0.086104
GRID_003860,303,8d83b97,-2.984673,0.135709,0.596008,-1.204583,-0.214579,0.005949,-0.066076,0.306355,0.066343
GRID_003861,303,8d83b97,-0.851436,-0.008934,-0.683648,1.259275,-0.534351,-0.043161,-0.036186,0.301535,0.056323
GRID_003862,303,8d83b97,0.891579,0.512985,1.142128,1.301749,-0.049611,-0.035758,0.027320,0.281527,0.045000
GRID_003863,303,8d83b97,-1.841166,-0.219939,0.121626,1.151385,0.705740,0.087252,-0.026263,0.309947,0.091119
GRID_003864,303,8d83b97,2.780424,1.517685,-1.492093,-0.505819,1.384430,0.040978,0.120251,-0.035017,0.127041
GRID_003865,303,8d83b97,0.383969,-0.333106,-0.961459,0.171116,-0.585230,0.001931,-0.010617,0.296998,0.010791
GRID_003866,303,8d83b97,2.435667,1.446573,-0.280405,0.830855,1.353369,0.144301,0.174966,0.087342,0.226795
GRID_003867,303,8d83b97,-0.049668,1.108369,0.934557,-1.329608,-0.712544,-0.007530,-0.102226,0.262818,0.102503
GRID_003868,303,8d83b97,-0.012484,1.355439,-1.060435,-1.265048,0.805093,-0.004829,-0.190708,0.019358,0.190769
GRID_003869,303,8d83b97,-1.776863,0.524439,0.243425,-0.806355,0.895710,-0.070177,0.012846,0.307939,0.071343
GRID_003870,303,8d83b97,1.451837,-0.888682,1.083541,0.466269,-0.366323,-0.222813,0.027192,0.092037,0.224466
GRID_003871,303,8d83b97,1.018210,1.568964,0.397649,0.022101,1.515769,0.181947,-0.113094,0.141964,0.214231
GRID_003872,303,8d83b97,-3.016101,0.380517,0.432156,-0.337645,0.929224,-0.005786,0.010063,0.316658,0.011607
GRID_003873,303,8d83b97,0.597995,1.299122,-1.146437,-1.241848,-1.008525,0.102184,-0.153324,0.023014,0.184255
GRID_003874,303,8d83b97,-0.886832,0.672589,0.507084,-0.066119,0.761048,-0.055499,-0.043798,0.300999,0.070699
GRID_003875,303,8d83b97,-2.126243,0.185153,0.169092,-1.365338,0.535593,-0.001289,-0.002613,0.322951,0.002914
GRID_003876,303,8d83b97,-0.585259,-0.172882,-0.534937,0.613498,-0.323637,-0.001945,0.000343,0.316384,0.001975
GRID_003877,303,8d83b97,-1.665895,-0.123353,0.902858,1.324569,-1.359304,0.141801,-0.014873,0.253617,0.142579
GRID_003878,303,8d83b97,-2.250008,0.767544,-1.173432,1.487179,0.576258,-0.149065,0.116286,0.128840,0.189058
GRID_003879,303,8d83b97,2.474627,-0.874817,-0.098933,0.607884,0.899302,-0.129070,-0.157823,0.236113,0.203880
GRID_003880,303,8d83b97,-0.160394,-0.403949,1.145345,-0.593000,0.856387,0.028053,0.188655,0.179338,0.190729
GRID_003881,303,8d83b97,-1.565377,1.474059,1.263190,0.128452,1.188801,-0.123676,-0.001611,0.221844,0.123687
GRID_003882,303,8d83b97,-2.820138,0.927924,1.541985,0.072321,0.225214,-0.003209,-0.003594,0.252354,0.004818
GRID_003883,303,8d83b97,0.492626,0.902533,-0.979413,0.526944,1.409776,0.091741,-0.175210,0.124821,0.197775
GRID_003884,303,8d83b97,-2.072108,0.840970,-0.015560,-0.002750,0.654275,-0.145202,0.076443,0.250998,0.164095
GRID_003885,303,8d83b97,-1.420152,-0.611370,0.307305,-0.922475,-0.488630,0.185532,0.027600,0.243246,0.187573
GRID_003886,303,8d83b97,2.888959,-0.493787,0.009636,-1.143631,0.960592,-0.040011,-0.137334,0.287945,0.143044
GRID_003887,303,8d83b97,-1.726863,0.624893,0.477527,-0.542831,0.874753,-0.064007,0.008453,0.304402,0.064563
GRID_003888,303,8d83b97,-3.123059,1.405741,-1.237189,0.580482,0.599378,-0.007567,0.169469,-0.004605,0.169638
GRID_003889,303,8d83b97,-1.408957,0.703678,0.317052,-0.207801,0.901517,-0.100496,-0.016934,0.292995,0.101912
GRID_003890,303,8d83b97,2.329386,1.532080,-0.222163,-0.050841,1.192535,0.162632,0.158879,0.073953,0.227358
GRID_003891,303,8d83b97,-2.236504,1.380597,-0.709886,0.202323,-1.051365,-0.173376,0.132104,0.050360,0.217970
GRID_003892,303,8d83b97,3.038034,0.024597,0.325836,1.446766,-0.153901,-0.010855,-0.060972,0.315741,0.061930
GRID_003893,303,8d83b97,0.429388,1.060425,0.878829,0.917606,-1.420119,0.039298,-0.090949,0.267562,0.099076
GRID_003894,303,8d83b97,-2.583850,0.740083,-1.046418,-0.684488,-1.060682,-0.103972,0.159235,0.150181,0.190174
GRID_003895,303,8d83b97,1.839669,1.149755,0.200469,0.070415,-0.275908,0.179136,0.051412,0.212809,0.186367
GRID_003896,303,8d83b97,2.789694,-1.061107,-0.889571,-0.044188,0.088358,-0.055494,-0.138780,0.257042,0.149464
GRID_003897,303,8d83b97,-2.856366,0.526672,-0.434195,-0.469902,0.896188,-0.044077,0.134755,0.263116,0.141781
GRID_003898,303,8d83b97,-2.333628,-0.238781,0.437078,-0.657637,0.295477,0.091368,-0.092103,0.286143,0.129735
GRID_003899,303,8d83b97,1.662846,-0.048937,-0.982870,1.510373,0.231417,0.069690,0.007759,0.279059,0.070121
GRID_003900,303,8d83b97,1.048286,0.240547,1.407570,-1.129087,-1.516303,-0.099010,0.056091,0.236184,0.113794
GRID_003901,303,8d83b97,-1.860539,1.031099,0.597724,0.504673,-1.393403,-0.128177,0.036088,0.262876,0.133161
GRID_003902,303,8d83b97,-0.607627,0.470258,-0.276034,0.273434,0.889868,-0.068496,-0.095430,0.285394,0.117468
GRID_003903,303,8d83b97,2.217691,0.872471,-1.241562,0.561912,0.445890,0.144932,0.113288,0.099742,0.183955
GRID_003904,303,8d83b97,1.785187,1.085417,-1.444811,0.379369,0.144674,0.160499,0.036653,0.038666,0.164631
GRID_003905,303,8d83b97,1.448359,0.878660,0.576323,1.439275,-0.837944,0.098936,-0.011557,0.281943,0.099609
GRID_003906,303,8d83b97,-1.834796,1.261606,1.238607,0.509495,0.533913,-0.090954,0.022655,0.247069,0.093733
GRID_003907,303,8d83b97,-0.528956,0.316864,0.928097,-1.437237,-0.611927,0.028606,0.052849,0.291423,0.060095
GRID_003908,303,8d83b97,-0.804772,-1.363300,-0.419856,-1.194699,-0.525866,0.168294,0.163727,0.167241,0.234797
GRID_003909,303,8d83b97,1.805955,0.352426,0.494128,-0.187711,-0.559535,-0.007752,0.000040,0.315823,0.007752
GRID_003910,303,8d83b97,2.283090,-1.432898,0.738350,0.072934,1.473643,-0.178367,-0.149703,0.012141,0.232864
GRID_003911,303,8d83b97,-0.325551,0.998685,1.377126,0.666224,0.566766,-0.011161,-0.025765,0.261837,0.028078
GRID_003912,303,8d83b97,-2.976401,-0.786222,0.202722,0.922421,-1.241538,0.030158,-0.208109,0.221879,0.210282
GRID_003913,303,8d83b97,-1.976030,0.151735,0.905758,1.556525,1.115499,0.082580,-0.038007,0.282748,0.090906
GRID_003914,303,8d83b97,2.103088,-0.924524,0.150381,-0.219796,1.529509,-0.198641,-0.113733,0.199507,0.228896
GRID_003915,303,8d83b97,0.958902,0.961237,0.237389,0.339249,-1.118625,0.126046,-0.089576,0.251507,0.154633
GRID_003916,303,8d83b97,-1.680377,-0.368262,-1.528336,1.248559,0.547835,-0.056839,0.004929,0.246091,0.057052
GRID_003917,303,8d83b97,1.256738,-1.214895,0.042925,-0.884504,-1.111278,-0.239674,0.077847,0.147215,0.252000
GRID_003918,303,8d83b97,-2.992630,0.239810,0.174460,-1.303890,0.209580,-0.005902,0.009105,0.322015,0.010851
GRID_003919,303,8d83b97,1.599245,1.526182,-1.517223,1.316507,-1.193582,0.120535,0.004449,-0.036793,0.120617
GRID_003920,303,8d83b97,0.619581,-0.111941,-0.332141,0.208510,1.024798,-0.009424,0.010210,0.321649,0.013895
GRID_003921,303,8d83b97,2.225601,-0.262886,0.093837,-0.470000,-0.355421,-0.084227,-0.060677,0.307780,0.103807
GRID_003922,303,8d83b97,0.554370,-0.680294,1.108410,-1.042551,-0.067287,-0.114822,0.181722,0.131608,0.214958
GRID_003923,303,8d83b97,-2.338489,0.881716,1.208319,0.920492,-0.817930,-0.021710,0.016282,0.275276,0.027137
GRID_003924,303,8d83b97,1.602790,-0.825546,0.173938,0.413029,0.687119,-0.217879,-0.005801,0.217270,0.217956
GRID_003925,303,8d83b97,-0.935043,0.057557,0.842149,0.705700,0.988855,0.083756,0.063087,0.280585,0.104857
GRID_003926,303,8d83b97,-0.848596,0.984835,-0.680111,0.276374,0.844202,-0.159587,-0.138958,0.144685,0.211606
GRID_003927,303,8d83b97,-2.647586,1.494716,-0.012230,0.284426,-0.667884,-0.113048,0.201226,0.109829,0.230807
GRID_003928,303,8d83b97,1.989849,0.829734,0.298007,1.320624,-1.282212,0.111779,0.052485,0.276131,0.123488
GRID_003929,303,8d83b97,2.023011,1.193660,0.637513,-1.257688,-1.340708,0.133853,0.067843,0.239701,0.150064
GRID_003930,303,8d83b97,1.640564,0.612654,1.015601,-0.600883,-0.960609,-0.011677,0.000406,0.291614,0.011684
GRID_003931,303,8d83b97,1.810756,0.000498,1.437939,0.696997,-0.964561,-0.145034,-0.033704,0.204738,0.148898
GRID_003932,303,8d83b97,0.456645,-0.456714,0.300641,-0.667577,1.370487,-0.074412,0.146849,0.269233,0.164626
GRID_003933,303,8d83b97,-2.629329,-0.898209,-1.213803,-0.720677,0.861121,0.033216,-0.067212,0.273024,0.074971
GRID_003934,303,8d83b97,0.558927,-0.872828,-0.389994,-0.224773,0.468473,-0.094267,0.147205,0.260292,0.174802
GRID_003935,303,8d83b97,-2.461543,-0.211526,-0.060450,0.796945,0.045704,0.039953,-0.055390,0.317730,0.068295
GRID_003936,303,8d83b97,-0.483137,1.335122,-0.108796,-1.023451,0.653431,-0.106674,-0.199094,0.136064,0.225871
GRID_003937,303,8d83b97,-0.982351,1.452838,0.628063,-0.181705,-0.323788,-0.160473,-0.106041,0.190774,0.192344
GRID_003938,303,8d83b97,-1.051687,-1.214719,0.847187,1.342483,-0.438463,0.199338,0.114696,0.048446,0.229980
GRID_003939,303,8d83b97,-0.584354,1.029725,0.027476,0.367936,-0.323619,-0.105664,-0.156501,0.219658,0.188832
GRID_003940,303,8d83b97,-1.376965,0.628142,-0.562008,-1.060590,1.357766,-0.166683,-0.033130,0.232307,0.169944
GRID_003941,303,8d83b97,-2.175471,-0.726031,-0.619454,-1.361468,-0.747381,0.092042,-0.067276,0.290023,0.114008
GRID_003942,303,8d83b97,-2.672731,0.697089,-0.114203,-0.757860,-1.269371,-0.069652,0.128302,0.266231,0.145989
GRID_003943,303,8d83b97,-0.336498,-1.564233,-0.855142,0.292971,-0.922411,0.070236,0.207531,0.167173,0.219094
GRID_003944,303,8d83b97,0.804439,1.537880,1.001685,1.169410,1.274160,0.112859,-0.110597,0.202006,0.158015
GRID_003945,303,8d83b97,2.697800,-0.593616,0.128034,-0.389367,-0.954096,-0.078904,-0.156221,0.264008,0.175016
GRID_003946,303,8d83b97,0.132385,-1.551642,0.311172,-0.018170,-0.393603,-0.035415,0.248084,0.032454,0.250599
GRID_003947,303,8d83b97,1.807337,-0.361255,0.197514,-0.108499,-0.980892,-0.134071,-0.030395,0.290888,0.137473
GRID_003948,303,8d83b97,2.078360,0.419007,0.428072,1.124937,1.468042,0.013434,0.010589,0.315601,0.017105
GRID_003949,303,8d83b97,-2.695752,1.203419,0.015326,0.762507,0.581644,-0.094445,0.187885,0.181490,0.210288
GRID_003950,303,8d83b97,0.490200,1.092815,0.155879,-0.224453,-0.563265,0.084859,-0.163213,0.219902,0.183956
GRID_003951,303,8d83b97,-2.209489,-0.346082,-1.294244,-0.875393,-0.182017,-0.036993,0.023691,0.269619,0.043928
GRID_003952,303,8d83b97,2.051993,-1.239814,-1.531900,1.126047,-1.085253,-0.090107,-0.044209,0.238201,0.100368
GRID_003953,303,8d83b97,2.924056,1.440903,0.578184,0.881197,-0.422652,0.037123,0.188382,0.188758,0.192005
GRID_003954,303,8d83b97,-3.077073,0.582221,0.642470,0.973254,-0.401509,-0.006447,0.030306,0.306407,0.030984
GRID_003955,303,8d83b97,2.292546,1.284092,0.867384,-0.887709,-0.288881,0.101487,0.093697,0.237068,0.138126
GRID_003956,303,8d83b97,-0.433951,1.330714,-0.953064,-0.995687,-0.865775,-0.087016,-0.182756,0.034941,0.202414
GRID_003957,303,8d83b97,2.134734,0.027580,1.499355,1.225829,0.541422,-0.124437,-0.075451,0.200428,0.145525
GRID_003958,303,8d83b97,-0.288955,-0.277368,-0.907372,-0.350175,-1.105633,-0.007646,-0.017713,0.299073,0.019293
GRID_003959,303,8d83b97,0.957260,-1.249264,-0.253716,0.363329,0.290762,-0.197151,0.137705,0.174482,0.240481
GRID_003960,303,8d83b97,-0.605563,0.678090,1.563278,0.118174,0.580195,0.024658,0.039007,0.247316,0.046147
GRID_003961,303,8d83b97,2.711958,1.249636,0.387479,0.822691,-0.211313,0.073421,0.170311,0.210365,0.185463
GRID_003962,303,8d83b97,-2.204369,0.109229,0.414791,1.407911,0.432988,0.037856,-0.031666,0.315246,0.049354
GRID_003963,303,8d83b97,-1.661506,-0.186257,-1.237388,1.418906,1.129871,-0.069990,0.005062,0.264641,0.070173
GRID_003964,303,8d83b97,-2.836738,0.977879,-0.225809,0.029040,1.369401,-0.063490,0.187215,0.202554,0.197687
GRID_003965,303,8d83b97,-0.846294,0.058715,0.072070,-1.444861,0.695241,0.013494,0.013551,0.323948,0.019124
GRID_003966,303,8d83b97,0.665091,0.052853,-0.269413,-0.441569,-1.373844,0.009850,-0.015228,0.320312,0.018136
GRID_003967,303,8d83b97,-1.962444,0.586396,0.965656,0.047820,0.926382,0.003621,-0.004007,0.294594,0.005401
GRID_003968,303,8d83b97,-2.894094,-1.331280,-0.110379,1.209355,-1.546911,0.056997,-0.243624,0.138635,0.250203
GRID_003969,303,8d83b97,0.871423,1.522024,-0.072222,1.554568,0.596906,0.173597,-0.147537,0.095542,0.227823
GRID_003970,303,8d83b97,-1.718266,-0.253310,-0.828319,-0.488071,-0.566592,-0.018239,0.001144,0.303486,0.018274
GRID_003971,303,8d83b97,0.660542,-0.681056,0.902225,1.405056,0.791614,-0.136415,0.172756,0.157318,0.220122
GRID_003972,303,8d83b97,2.929245,0.760167,1.013069,0.972329,-0.439374,0.000476,0.022893,0.288605,0.022898
GRID_003973,303,8d83b97,1.303438,0.588620,-1.295737,1.296404,0.853909,0.162274,-0.044402,0.148296,0.168239
GRID_003974,303,8d83b97,-3.031965,1.227549,-0.038267,-0.329225,-0.424886,-0.027915,0.212418,0.169786,0.214245
GRID_003975,303,8d83b97,-0.507856,-0.678881,0.504852,-0.532377,-1.433858,0.100477,0.184568,0.207863,0.210145
GRID_003976,303,8d83b97,-2.106554,1.086981,-1.270291,1.436922,0.262193,-0.162154,0.093080,0.053827,0.186970
GRID_003977,303,8d83b97,-1.263065,-0.875776,-0.401404,1.157357,-1.429194,0.161040,0.051150,0.260583,0.168968
GRID_003978,303,8d83b97,1.118973,-1.258883,0.821585,0.268808,-0.211749,-0.212815,0.102723,0.041512,0.236310
GRID_003979,303,8d83b97,0.742578,1.384150,-0.546054,1.178430,-1.133401,0.147948,-0.163397,0.069030,0.220425
GRID_003980,303,8d83b97,2.462626,1.491965,0.478150,0.533728,-0.037329,0.125098,0.160966,0.168110,0.203862
GRID_003981,303,8d83b97,-2.750567,-0.147890,0.386231,1.155683,-0.873595,0.036616,-0.099977,0.299866,0.106471
GRID_003982,303,8d83b97,-1.894931,1.314783,-0.822991,0.579596,0.664625,-0.203316,0.066053,0.052415,0.213777
GRID_003983,303,8d83b97,-2.095957,-0.899338,-0.706621,-1.289587,0.205939,0.117940,-0.071554,0.272438,0.137948
GRID_003984,303,8d83b97,-0.500618,0.314400,-0.630742,1.114823,-1.126571,-0.058448,-0.102728,0.273934,0.118191
GRID_003985,303,8d83b97,0.901806,0.976731,-0.487617,1.134534,1.227932,0.159223,-0.127266,0.170978,0.203835
GRID_003986,303,8d83b97,3.045304,-0.465166,0.982659,1.119501,-1.462546,-0.023435,-0.196604,0.189051,0.197995
GRID_003987,303,8d83b97,-2.365529,0.775678,-0.604825,0.922891,-0.939981,-0.136275,0.133813,0.198895,0.190989
GRID_003988,303,8d83b97,-2.799982,0.266926,0.842122,-1.528457,-1.022722,0.016979,-0.060488,0.295726,0.062826
GRID_003989,303,8d83b97,2.515515,-0.864542,0.412008,0.006898,1.239749,-0.139059,-0.185739,0.180759,0.232026
GRID_003990,303,8d83b97,1.885523,-0.731715,1.198842,1.323254,-1.394561,-0.204594,-0.064484,0.110572,0.214516
GRID_003991,303,8d83b97,-0.998603,-1.040560,0.209653,0.988948,-0.354293,0.199277,0.129288,0.166856,0.237543
GRID_003992,303,8d83b97,-1.722922,0.765833,-0.201887,0.540377,-0.897183,-0.165889,0.023805,0.246478,0.167588
GRID_003993,303,8d83b97,1.384458,0.765797,-0.579724,-0.235487,0.128024,0.179985,-0.033517,0.203969,0.183080
GRID_003994,303,8d83b97,-2.353797,-0.534180,-0.612190,-1.423831,0.145581,0.049487,-0.054180,0.305836,0.073379
GRID_003995,303,8d83b97,-1.364813,1.078713,-0.817645,-0.151828,0.540458,-0.209619,-0.044144,0.106266,0.214217
GRID_003996,303,8d83b97,-1.742459,1.447413,-0.946386,-1.265638,0.940224,-0.195618,0.032274,0.010875,0.198263
GRID_003997,303,8d83b97,-0.924156,-0.728666,1.389279,-1.057569,-0.762507,0.155960,0.119169,0.090091,0.196277
GRID_003998,303,8d83b97,2.217431,-0.714008,-1.105042,0.594254,-0.362319,-0.046347,-0.031146,0.286376,0.055840
GRID_003999,303,8d83b97,-2.411134,1.188977,1.531133,1.002770,1.418596,-0.032152,0.030676,0.244430,0.044439
GRID_004000,303,8d83b97,0.167858,-0.310418,-1.212335,0.916962,0.993677,0.004379,-0.040348,0.275573,0.040585
GRID_004001,303,8d83b97,2.601405,1.263336,1.124985,-1.096458,-0.489771,0.049816,0.090703,0.246706,0.103482
GRID_004002,303,8d83b97,0.763462,-0.186367,-1.027409,-1.100667,0.485131,0.031556,-0.035130,0.285250,0.047222
GRID_004003,303,8d83b97,1.819994,1.430829,-1.209458,-1.434974,-0.183241,0.161410,0.042956,-0.007303,0.167028
GRID_004004,303,8d83b97,2.340518,0.515954,-1.547518,-0.594712,-1.291242,0.108413,0.109690,0.130880,0.154225
GRID_004005,303,8d83b97,-0.756869,0.007263,-0.579966,0.159396,-0.219714,-0.034365,-0.034279,0.307565,0.048539
GRID_004006,303,8d83b97,2.814641,0.709083,0.467274,-1.424484,-1.303312,0.021585,0.077093,0.297095,0.080058
GRID_004007,303,8d83b97,-0.472016,0.900861,-0.036892,0.799100,-0.639696,-0.081048,-0.154381,0.238169,0.174363
GRID_004008,303,8d83b97,0.587060,-0.067264,-1.168618,-0.538115,-0.115806,0.043827,-0.069290,0.261483,0.081987
GRID_004009,303,8d83b97,2.430517,-1.541910,0.274779,1.522279,-1.028394,-0.168798,-0.190330,0.039154,0.254397
GRID_004010,303,8d83b97,-1.118224,0.761196,0.799973,-0.227857,-0.773280,-0.047968,-0.022788,0.294347,0.053106
GRID_004011,303,8d83b97,-1.074039,-0.630606,0.528823,0.996531,0.673613,0.178564,0.097469,0.214401,0.203434
GRID_004012,303,8d83b97,-0.875579,0.304907,-0.941680,-0.019578,-1.244875,-0.106699,-0.087461,0.241384,0.137964
GRID_004013,303,8d83b97,-3.098411,-1.263641,1.269849,0.084453,0.315108,0.003891,-0.191843,0.001186,0.191883
GRID_004014,303,8d83b97,-1.969909,-0.649375,0.384890,-0.119652,-1.482476,0.182152,-0.079437,0.227721,0.198720
GRID_004015,303,8d83b97,1.898144,0.857239,0.339561,-1.463217,-0.410221,0.116683,0.041906,0.274602,0.123980
GRID_004016,303,8d83b97,-1.803232,-0.690747,0.567063,-0.617165,1.043878,0.206005,-0.050663,0.197851,0.212143
GRID_004017,303,8d83b97,-2.980500,-1.245263,-0.530190,0.842880,1.410248,0.030151,-0.213387,0.203452,0.215507
GRID_004018,303,8d83b97,-2.609340,-0.369681,-1.477590,-0.391954,-0.977512,-0.029747,0.042793,0.251858,0.052116
GRID_004019,303,8d83b97,1.707000,-0.518714,1.234038,0.082971,-0.732378,-0.200927,-0.026112,0.147254,0.202617
GRID_004020,303,8d83b97,-0.274832,-0.540478,-1.338834,-1.115022,-1.017674,-0.004608,-0.007656,0.272915,0.008936
GRID_004021,303,8d83b97,-0.274862,-0.882585,0.127902,-1.035571,0.958937,0.057121,0.210829,0.210848,0.218430
GRID_004022,303,8d83b97,-2.958263,1.183489,0.319749,0.816751,0.638852,-0.038051,0.180766,0.217367,0.184727
GRID_004023,303,8d83b97,0.222536,-1.166075,0.936674,1.555697,-0.824054,-0.052842,0.222786,0.049434,0.228967
GRID_004024,303,8d83b97,-0.404634,0.739916,1.293733,1.489665,0.542510,0.002418,0.011292,0.272722,0.011548
GRID_004025,303,8d83b97,-1.458105,0.182918,0.506730,1.503942,-0.545277,0.042012,0.004078,0.313437,0.042210
GRID_004026,303,8d83b97,-1.442985,0.434025,-0.878532,0.667465,-0.226274,-0.154606,-0.020470,0.228574,0.155955
GRID_004027,303,8d83b97,-0.741393,-0.043327,-0.584440,-1.109516,1.379960,-0.026342,-0.026574,0.310040,0.037418
GRID_004028,303,8d83b97,-1.825323,-0.361084,0.755307,-0.007016,-1.241324,0.168037,-0.045682,0.235501,0.174136
GRID_004029,303,8d83b97,2.052878,-0.942788,0.591346,1.172546,-0.614325,-0.215266,-0.109670,0.140690,0.241592
GRID_004030,303,8d83b97,-2.388759,0.119508,-0.513490,-1.045655,-0.891097,-0.048161,0.046160,0.304208,0.066711
GRID_004031,303,8d83b97,2.743408,1.526428,1.331771,0.657639,0.407291,0.041763,0.109894,0.216035,0.117563
GRID_004032,303,8d83b97,2.765691,0.390984,-0.125734,-1.372175,-0.746532,0.025708,0.076803,0.304563,0.080991
GRID_004033,303,8d83b97,-3.106854,-1.055507,-1.040968,0.428276,-1.185374,-0.000004,-0.128088,0.260857,0.128088
GRID_004034,303,8d83b97,1.849174,1.249106,0.427733,1.016428,-1.157329,0.172318,0.051324,0.214063,0.179799
GRID_004035,303,8d83b97,1.681123,0.782216,1.208598,1.184322,-0.819107,0.001220,0.001472,0.278081,0.001912
GRID_004036,303,8d83b97,0.316398,0.024157,-0.482200,0.900284,0.117973,0.009676,-0.036685,0.312360,0.037939
GRID_004037,303,8d83b97,-0.623090,-1.189353,-1.548116,0.763905,-1.121408,0.048176,0.070248,0.241639,0.085180
GRID_004038,303,8d83b97,2.530699,-0.447733,1.464918,1.030724,0.942514,-0.110525,-0.151324,0.132069,0.187389
GRID_004039,303,8d83b97,-0.009179,0.221041,-0.315966,-0.046737,0.585322,-0.002978,-0.065370,0.308686,0.065438
GRID_004040,303,8d83b97,0.380140,-0.788784,0.798032,0.519252,0.409011,-0.086729,0.211149,0.148087,0.228267
GRID_004041,303,8d83b97,2.609796,-1.567117,-1.382547,0.148490,1.287876,-0.086703,-0.139638,0.199524,0.164366
GRID_004042,303,8d83b97,-2.723384,-0.028503,-0.538930,-1.290405,0.130791,-0.017926,0.029953,0.311897,0.034907
GRID_004043,303,8d83b97,1.542199,1.282845,-0.335520,0.740125,1.290991,0.221353,-0.005369,0.119763,0.221418
GRID_004044,303,8d83b97,-0.945599,1.218507,-1.033869,0.632632,-1.556560,-0.164231,-0.117300,0.050574,0.201819
GRID_004045,303,8d83b97,-0.735878,1.494595,-0.586450,-1.268553,-0.446337,-0.149010,-0.162322,0.038324,0.220346
GRID_004046,303,8d83b97,2.823477,-0.791373,0.053469,-1.455310,1.192973,-0.067351,-0.190625,0.236779,0.202173
GRID_004047,303,8d83b97,1.973776,-1.494834,-0.218888,1.321746,0.266549,-0.238500,-0.099047,0.112868,0.258249
GRID_004048,303,8d83b97,-2.158459,1.570639,-1.367927,-1.160215,-1.421848,-0.118366,0.075397,-0.039063,0.140339
GRID_004049,303,8d83b97,-0.297576,-1.212185,-0.583265,1.381481,0.981830,0.058169,0.197316,0.214570,0.205711
GRID_004050,303,8d83b97,-2.846732,1.018357,1.358963,0.580504,0.192257,-0.013807,0.030878,0.261947,0.033824
GRID_004051,303,8d83b97,1.564091,-1.008271,0.276385,-0.674226,-1.343631,-0.243068,0.002663,0.165869,0.243083
GRID_004052,303,8d83b97,-1.322610,0.996074,-1.379033,-0.414175,-1.049362,-0.174573,-0.044358,0.061086,0.180120
GRID_004053,303,8d83b97,-1.921100,-0.241927,0.455926,0.878819,-0.275460,0.122591,-0.047184,0.284115,0.131357
GRID_004054,303,8d83b97,-2.135118,-0.894408,1.498310,-0.407365,1.450484,0.154804,-0.101259,0.050034,0.184980
GRID_004055,303,8d83b97,-2.206211,-1.358512,-0.416127,1.531659,1.484915,0.186756,-0.141600,0.167907,0.234368
GRID_004056,303,8d83b97,0.495253,-1.139297,-0.460299,0.961404,0.856270,-0.101622,0.183976,0.218314,0.210176
GRID_004057,303,8d83b97,2.932638,1.078774,-1.514234,0.803928,0.676162,0.029080,0.157889,0.034489,0.160545
GRID_004058,303,8d83b97,0.026312,0.604024,1.323481,-0.812557,-0.137874,-0.003604,0.041579,0.268420,0.041735
GRID_004059,303,8d83b97,2.317203,1.242650,-1.000001,1.207867,-0.957230,0.143251,0.137051,0.048972,0.198252
GRID_004060,303,8d83b97,-2.805319,1.219058,-1.570086,0.595627,-0.765440,-0.052742,0.138210,0.007378,0.147931
GRID_004061,303,8d83b97,0.789925,0.393506,-1.144353,0.774845,-0.299630,0.106806,-0.107878,0.202236,0.151807
GRID_004062,303,8d83b97,-1.987857,-0.501433,-0.266003,0.425796,-1.142183,0.098467,-0.046339,0.301985,0.108826
GRID_004063,303,8d83b97,-2.482119,0.798705,-0.381881,1.452000,-0.450363,-0.115530,0.142816,0.220944,0.183695
GRID_004064,303,8d83b97,-2.285122,1.256190,0.593489,-1.024608,0.872162,-0.130726,0.108969,0.225918,0.170187
GRID_004065,303,8d83b97,-0.225577,0.859736,-1.248072,0.288618,0.706797,-0.044112,-0.181559,0.101548,0.186841
GRID_004066,303,8d83b97,-1.644488,-0.758699,-0.681181,-0.100481,1.216555,0.112009,-0.009583,0.287934,0.112418
GRID_004067,303,8d83b97,-1.766533,-0.228291,-1.091390,1.352217,0.605890,-0.049570,0.008117,0.282075,0.050231
GRID_004068,303,8d83b97,1.050447,-1.179939,-1.521920,0.378322,0.893411,-0.080091,0.044979,0.243269,0.091857
GRID_004069,303,8d83b97,2.345278,-0.864291,-0.821345,-0.567030,0.781185,-0.089675,-0.082929,0.279246,0.122143
GRID_004070,303,8d83b97,-1.157906,0.444429,-0.745415,-1.177173,-0.412311,-0.138331,-0.060234,0.242606,0.150876
GRID_004071,303,8d83b97,-2.301264,-1.154874,1.104699,0.992035,0.964260,0.156155,-0.144284,0.035073,0.212608
GRID_004072,303,8d83b97,0.327205,-1.430243,-0.421248,0.474593,1.233059,-0.080398,0.230021,0.152245,0.243667
GRID_004073,303,8d83b97,-1.851654,-1.146382,0.258597,-1.543818,1.060685,0.235635,-0.070092,0.136207,0.245839
GRID_004074,303,8d83b97,0.551558,-1.175187,0.134120,-0.839725,1.318585,-0.132810,0.212291,0.145169,0.250412
GRID_004075,303,8d83b97,2.404427,0.614893,0.829776,0.464789,-0.703145,0.005446,0.011297,0.300326,0.012542
GRID_004076,303,8d83b97,1.108472,0.274097,0.703461,1.208471,-0.478185,-0.045364,0.022028,0.305600,0.050430
GRID_004077,303,8d83b97,-1.245410,-0.502116,-0.506843,-1.117249,0.123195,0.074502,0.025169,0.307554,0.078639
GRID_004078,303,8d83b97,-2.292209,-1.216592,0.887518,1.366055,0.287141,0.168652,-0.152724,0.043729,0.227526
GRID_004079,303,8d83b97,0.039658,0.292945,0.662936,0.233701,-1.176016,-0.003941,0.038438,0.308490,0.038639
GRID_004080,303,8d83b97,-2.854884,-0.948989,-0.624452,-0.461293,0.872947,0.040835,-0.153934,0.262264,0.159258
GRID_004081,303,8d83b97,0.218868,-0.443896,0.113139,-1.317942,-1.538359,-0.033377,0.139482,0.286907,0.143420
GRID_004082,303,8d83b97,1.683519,-1.172458,-1.215589,-0.322605,-1.431324,-0.129085,-0.013247,0.248782,0.129763
GRID_004083,303,8d83b97,1.665848,1.338958,0.506046,0.703499,0.441759,0.183025,0.018824,0.203063,0.183990
GRID_004084,303,8d83b97,1.187750,-1.544939,-0.804692,0.542153,-0.359627,-0.209970,0.084321,0.166589,0.226268
GRID_004085,303,8d83b97,-1.059713,-1.012477,0.002864,0.990365,-1.127732,0.195982,0.110595,0.197661,0.225034
GRID_004086,303,8d83b97,0.787545,-1.193089,1.022876,0.833930,-0.274777,-0.158977,0.156241,0.035024,0.222901
GRID_004087,303,8d83b97,2.212163,1.153921,1.452481,-1.112039,-1.319023,0.032403,0.027907,0.250257,0.042764
GRID_004088,303,8d83b97,-2.818752,-1.459453,0.703862,1.355210,-0.226046,0.068901,-0.219516,0.009847,0.230076
GRID_004089,303,8d83b97,-2.354985,-0.162200,-0.504770,-1.366594,-1.474881,-0.002576,-0.002382,0.317334,0.003508
GRID_004090,303,8d83b97,2.360704,0.681590,0.872319,0.193443,-0.501764,0.012523,0.017541,0.296683,0.021552
GRID_004091,303,8d83b97,0.317751,-0.415291,0.122335,0.171153,-1.495100,-0.045437,0.131086,0.289845,0.138738
GRID_004092,303,8d83b97,3.096382,1.087739,0.938547,0.943960,-0.461311,-0.000020,0.097917,0.265213,0.097917
GRID_004093,303,8d83b97,0.248705,-0.865603,0.625431,0.657906,1.029246,-0.059863,0.226334,0.153489,0.234117
GRID_004094,303,8d83b97,3.051910,-1.516720,-1.002973,0.514027,0.703865,-0.022447,-0.200002,0.188408,0.201258
GRID_004095,303,8d83b97,2.752954,-1.051521,0.446063,0.823355,0.882652,-0.097291,-0.226409,0.134442,0.246427
GRID_004096,303,8d83b97,-0.505464,0.136489,-0.978152,1.019748,-1.299796,-0.055102,-0.095436,0.260081,0.110201
GRID_004097,303,8d83b97,-2.897987,-1.131520,1.488913,1.254272,-0.233266,0.038386,-0.172111,0.010470,0.176339
GRID_004098,303,8d83b97,0.548155,1.378430,1.053544,-1.518821,1.045883,0.066433,-0.112579,0.229954,0.130718
GRID_004099,303,8d83b97,-2.983832,-1.216789,-1.353317,1.321528,-0.887724,0.013847,-0.114837,0.243646,0.115669
GRID_004100,303,8d83b97,-2.287440,-1.319852,-1.527859,-1.447476,-0.142405,0.079024,-0.073089,0.231084,0.107642
GRID_004101,303,8d83b97,-0.794012,0.995748,-0.247499,0.760360,-0.744346,-0.145240,-0.140885,0.196231,0.202345
GRID_004102,303,8d83b97,2.993605,0.224452,1.380092,-0.141624,0.167246,-0.020909,-0.110813,0.237921,0.112768
GRID_004103,303,8d83b97,1.060653,0.039875,-0.868359,-0.397152,-1.237302,0.068393,-0.039033,0.281964,0.078748
GRID_004104,303,8d83b97,-2.405214,-0.610120,-0.504021,-0.167892,1.433075,0.067243,-0.079577,0.298811,0.104184
GRID_004105,303,8d83b97,-2.092055,-0.290313,1.482231,-0.194844,0.040697,0.147385,-0.087677,0.156197,0.171492
GRID_004106,303,8d83b97,1.886359,-1.116324,1.316506,0.309123,-0.323362,-0.190886,-0.060214,0.024534,0.200158
GRID_004107,303,8d83b97,-1.475448,1.436405,-0.991021,0.336046,-1.420137,-0.194134,-0.019262,0.009061,0.195088
GRID_004108,303,8d83b97,-0.718740,1.554788,0.288687,-1.287784,-0.000595,-0.148843,-0.167823,0.132565,0.224319
GRID_004109,303,8d83b97,-2.020565,-1.482170,-0.962205,1.101380,1.178953,0.177492,-0.088490,0.192004,0.198328
GRID_004110,303,8d83b97,-1.110815,-0.951246,0.549835,-0.698028,1.386432,0.211289,0.105211,0.144091,0.236035
GRID_004111,303,8d83b97,0.668566,-1.092183,0.660155,1.136485,1.358196,-0.153393,0.191476,0.097958,0.245341
GRID_004112,303,8d83b97,-2.997018,1.448113,-0.126606,-0.227812,-1.238867,-0.037545,0.226700,0.106606,0.229788
GRID_004113,303,8d83b97,1.262005,-1.282665,-0.603409,-1.428016,-0.182164,-0.206884,0.065990,0.202412,0.217153
GRID_004114,303,8d83b97,-1.658562,-0.538812,1.004931,0.020194,1.521229,0.200738,-0.018969,0.172377,0.201633
GRID_004115,303,8d83b97,-2.925456,-0.778907,-0.747725,-0.937460,0.620697,0.019469,-0.109244,0.286958,0.110966
GRID_004116,303,8d83b97,-0.575903,-0.410884,-1.388801,-1.024024,-0.551893,-0.022536,-0.031152,0.263596,0.038449
GRID_004117,303,8d83b97,-0.568465,0.917530,-1.418459,1.548130,-0.584154,-0.096587,-0.147569,0.072158,0.176368
GRID_004118,303,8d83b97,1.557079,-1.396177,1.413221,0.529050,-1.443381,-0.166161,0.003146,-0.027705,0.166191
GRID_004119,303,8d83b97,-2.743425,0.052661,1.371767,0.459514,-1.202412,0.049033,-0.127184,0.219805,0.136308
GRID_004120,303,8d83b97,-2.515378,-0.444795,0.028348,0.679935,-1.222849,0.074103,-0.109062,0.292769,0.131855
GRID_004121,303,8d83b97,-0.637321,0.407520,-1.200870,-1.124444,1.059208,-0.095711,-0.126271,0.192661,0.158445
GRID_004122,303,8d83b97,-2.193102,-0.427193,-1.568400,-1.383551,0.172228,-0.041551,0.026188,0.245318,0.049115
GRID_004123,303,8d83b97,1.237121,-1.473705,0.530419,0.588364,0.878661,-0.232140,0.080370,0.025167,0.245659
GRID_004124,303,8d83b97,-0.547700,0.384738,-1.236801,1.371856,-0.786543,-0.082768,-0.131926,0.191916,0.155740
GRID_004125,303,8d83b97,-2.071486,-0.606643,0.930102,-0.063993,1.531028,0.181693,-0.102459,0.168731,0.208592
GRID_004126,303,8d83b97,1.136587,1.368938,1.287229,1.063358,-0.319545,0.089036,-0.041855,0.235188,0.098383
GRID_004127,303,8d83b97,-2.324014,0.574203,0.669523,-0.199143,-0.046933,-0.022546,0.016478,0.306234,0.027926
GRID_004128,303,8d83b97,3.040739,0.982203,-1.423963,-0.618617,1.392350,0.013039,0.172330,0.059504,0.172823
GRID_004129,303,8d83b97,-1.602570,-1.457202,0.177669,1.125271,0.283440,0.253314,-0.009242,0.071675,0.253482
GRID_004130,303,8d83b97,-0.780502,0.632951,-0.419367,-1.130742,1.495603,-0.114076,-0.113242,0.247284,0.160739
GRID_004131,303,8d83b97,-0.918576,-1.268430,-0.569840,-0.482357,1.229815,0.168250,0.129791,0.202322,0.212494
GRID_004132,303,8d83b97,1.438543,-1.023669,1.025919,1.368317,-0.662784,-0.226186,0.030614,0.070194,0.228248
GRID_004133,303,8d83b97,-0.044737,-0.669018,-0.445134,0.922676,1.358771,0.003268,0.126249,0.291012,0.126292
GRID_004134,303,8d83b97,-2.087790,0.608478,0.736694,1.291466,-0.746464,-0.025236,0.011197,0.303371,0.027609
GRID_004135,303,8d83b97,-0.414327,-0.254877,1.041603,0.121076,-0.709310,0.066886,0.157480,0.217707,0.171096
GRID_004136,303,8d83b97,2.649928,-0.911901,0.878496,-0.690593,0.652344,-0.113505,-0.203387,0.111409,0.232916
GRID_004137,303,8d83b97,1.636855,0.045825,0.159888,-0.198986,-1.155002,-0.039379,-0.001312,0.322269,0.039401
GRID_004138,303,8d83b97,-1.119019,0.039413,-0.591641,0.107575,-1.251552,-0.052203,-0.024840,0.304736,0.057812
GRID_004139,303,8d83b97,0.422220,-0.344666,-0.189553,1.142211,0.360906,-0.037563,0.078550,0.312795,0.087070
GRID_004140,303,8d83b97,0.644389,-1.207481,-0.649323,1.257653,0.185709,-0.122402,0.160046,0.220653,0.201486
GRID_004141,303,8d83b97,3.131805,-1.465465,1.458372,-0.751393,-1.201558,-0.005827,-0.149253,-0.038751,0.149367
GRID_004142,303,8d83b97,-2.466197,-1.078362,-1.205790,0.878002,-1.433538,0.065303,-0.087404,0.258697,0.109105
GRID_004143,303,8d83b97,2.559381,-1.534353,-0.610665,-0.599236,1.562086,-0.134988,-0.197902,0.149472,0.239556
GRID_004144,303,8d83b97,-2.466795,-1.226873,-1.470262,1.398543,0.856797,0.060120,-0.080965,0.240876,0.100845
GRID_004145,303,8d83b97,0.175497,1.131131,-0.677681,1.485872,1.113450,0.035321,-0.212661,0.111833,0.215575
GRID_004146,303,8d83b97,-0.758216,-0.786202,-1.005877,0.821367,0.210028,0.052443,0.057540,0.285524,0.077853
GRID_004147,303,8d83b97,2.165573,1.066071,0.943791,1.377529,0.986512,0.073241,0.053077,0.267627,0.090451
GRID_004148,303,8d83b97,-3.072456,0.303406,-0.903746,0.220077,-0.125010,-0.013666,0.132713,0.246047,0.133415
GRID_004149,303,8d83b97,3.140536,-1.046798,1.152980,-1.381357,1.326565,-0.004643,-0.214943,0.052241,0.214993
GRID_004150,303,8d83b97,1.648983,-0.923708,-0.830847,-0.896853,-0.440646,-0.133220,-0.009143,0.272804,0.133533
GRID_004151,303,8d83b97,-2.563753,-1.396538,0.917396,-0.088737,-1.355850,0.114471,-0.182679,0.002911,0.215581
GRID_004152,303,8d83b97,-0.933412,-1.420300,0.984100,0.949559,1.321448,0.165127,0.123586,-0.007410,0.206253
GRID_004153,303,8d83b97,1.075364,-0.327910,1.281187,-0.356707,1.152686,-0.163567,0.087590,0.175203,0.185543
GRID_004154,303,8d83b97,0.903578,-1.224188,1.514396,-0.720004,-1.081916,-0.134028,0.104005,-0.005463,0.169648
GRID_004155,303,8d83b97,-2.427054,-1.527234,-0.012663,-0.670547,-1.296187,0.165049,-0.195897,0.078826,0.256158
GRID_004156,303,8d83b97,-2.595418,1.518481,-0.581974,-1.146124,-0.697341,-0.117180,0.185059,0.033313,0.219039
GRID_004157,303,8d83b97,2.032643,1.558860,-1.462372,-0.805749,-1.568443,0.109915,0.057467,-0.040102,0.124032
GRID_004158,303,8d83b97,0.961608,-0.709513,-0.026757,0.430758,1.056390,-0.150753,0.104077,0.258868,0.183189
GRID_004159,303,8d83b97,0.853260,-1.079147,1.133469,1.058204,-1.362464,-0.165241,0.142474,0.047621,0.218182
GRID_004160,303,8d83b97,-2.301029,1.175313,-1.523210,-1.005375,-0.636591,-0.119580,0.102717,0.017275,0.157640
GRID_004161,303,8d83b97,2.852175,1.444727,1.070634,0.691080,-0.417534,0.035579,0.134493,0.220613,0.139119
GRID_004162,303,8d83b97,-2.333132,1.105191,0.663696,1.247277,-0.112349,-0.101988,0.092654,0.255076,0.137791
GRID_004163,303,8d83b97,1.670109,0.152943,0.709698,0.593022,1.048183,-0.078229,-0.006427,0.299412,0.078492
GRID_004164,303,8d83b97,2.410033,1.420491,0.541350,-1.478279,-1.052628,0.125200,0.144863,0.189598,0.191469
GRID_004165,303,8d83b97,-3.112400,0.133053,-1.550479,0.191168,1.289512,-0.008030,0.125109,0.190445,0.125366
GRID_004166,303,8d83b97,0.244280,-1.218536,0.351398,1.301449,1.339103,-0.063453,0.245102,0.107231,0.253182
GRID_004167,303,8d83b97,-1.046850,0.845742,0.357291,-1.534208,0.850413,-0.109349,-0.062427,0.277150,0.125914
GRID_004168,303,8d83b97,-2.643964,-1.109992,-0.883426,1.490761,-0.199288,0.070813,-0.138864,0.250031,0.155877
GRID_004169,303,8d83b97,-2.299162,0.222906,0.176583,1.410717,-1.337982,-0.007901,0.002523,0.322364,0.008294
GRID_004170,303,8d83b97,-2.831416,0.416622,-0.450074,1.079349,-0.889124,-0.041428,0.114988,0.277527,0.122223
GRID_004171,303,8d83b97,2.459455,-0.104983,1.116373,-0.020709,0.272675,-0.100713,-0.118220,0.230796,0.155303
GRID_004172,303,8d83b97,-1.277954,0.047892,-0.493937,0.334384,0.481389,-0.046979,-0.014244,0.310370,0.049091
GRID_004173,303,8d83b97,-0.505938,0.300198,1.485158,-0.311908,0.977965,0.048117,0.091182,0.232401,0.103099
GRID_004174,303,8d83b97,0.616467,0.767785,0.647421,-0.771617,-0.429834,0.038377,-0.057247,0.294406,0.068921
GRID_004175,303,8d83b97,2.856146,1.154551,1.464824,-0.424988,-0.356563,0.008080,0.042533,0.249645,0.043294
GRID_004176,303,8d83b97,-2.989512,1.559779,1.399072,-0.399959,1.424456,-0.021755,0.113301,0.212617,0.115371
GRID_004177,303,8d83b97,-2.062736,-0.347306,-1.335018,1.348862,-0.370848,-0.042751,0.019960,0.265609,0.047181
GRID_004178,303,8d83b97,-0.890685,1.108412,0.418943,0.964003,1.452050,-0.129703,-0.103490,0.239683,0.165931
GRID_004179,303,8d83b97,-2.272482,-1.377612,-0.431394,-1.467233,0.182935,0.177442,-0.154290,0.165289,0.235140
GRID_004180,303,8d83b97,2.625678,-1.034926,-0.951324,0.489378,-1.437214,-0.071307,-0.117595,0.261942,0.137525
GRID_004181,303,8d83b97,-2.579062,-0.789319,-0.327911,-0.613840,0.098198,0.083280,-0.139579,0.269150,0.162536
GRID_004182,303,8d83b97,1.588909,-0.643350,-0.647735,-0.707250,-1.489213,-0.098928,-0.000690,0.298104,0.098931
GRID_004183,303,8d83b97,-3.008990,0.445845,1.251236,-0.445643,0.310763,0.004240,-0.064857,0.268963,0.064995
GRID_004184,303,8d83b97,0.577622,1.408938,-1.056000,0.629059,1.214898,0.099825,-0.156626,0.008898,0.185733
GRID_004185,303,8d83b97,1.382783,0.857632,-1.356281,-0.391343,0.209862,0.172700,-0.032550,0.089971,0.175740
GRID_004186,303,8d83b97,0.930640,0.895136,0.712084,-0.237136,0.806361,0.068778,-0.052521,0.283132,0.086538
GRID_004187,303,8d83b97,0.691578,-0.489101,-0.618424,0.475262,-1.128285,-0.043892,0.050484,0.308357,0.066897
GRID_004188,303,8d83b97,1.689541,1.014622,-0.896244,-1.541498,0.640738,0.201342,0.025454,0.110817,0.202945
GRID_004189,303,8d83b97,-0.439830,-0.034433,-0.324856,-1.148685,-0.982400,-0.005048,-0.005923,0.320984,0.007783
GRID_004190,303,8d83b97,-1.902338,1.076656,0.129622,1.200330,0.972920,-0.179147,0.059337,0.220548,0.188718
GRID_004191,303,8d83b97,0.439946,-0.773581,-0.851430,-0.982383,0.370589,-0.043944,0.088431,0.288045,0.098747
GRID_004192,303,8d83b97,-0.861464,0.535305,0.536006,-0.995755,0.924051,-0.028009,-0.022471,0.309894,0.035909
GRID_004193,303,8d83b97,2.841689,-0.636761,0.048741,-0.043017,-0.023431,-0.055933,-0.166092,0.264171,0.175257
GRID_004194,303,8d83b97,-0.598729,1.180749,0.866230,-0.915083,0.958810,-0.072371,-0.102819,0.252118,0.125735
GRID_004195,303,8d83b97,-2.049170,-1.251420,-1.023544,0.163731,-0.177338,0.141083,-0.076091,0.234483,0.160294
GRID_004196,303,8d83b97,-1.146704,0.497876,0.757063,-0.835049,-0.201819,-0.000371,0.000257,0.305403,0.000452
GRID_004197,303,8d83b97,-2.938737,1.525542,-0.572466,-0.131398,0.713167,-0.048289,0.212748,0.032771,0.218159
GRID_004198,303,8d83b97,1.866147,-1.130927,0.452747,-0.822448,0.348155,-0.241612,-0.071370,0.115064,0.251932
GRID_004199,303,8d83b97,2.673809,-1.556622,-1.254995,0.004432,-0.749450,-0.084051,-0.157403,0.196160,0.178439
GRID_004200,303,8d83b97,-1.130522,0.807019,-0.247531,0.183269,0.537859,-0.160598,-0.075233,0.234225,0.177346
GRID_004201,303,8d83b97,2.091654,0.625305,-1.377794,1.551733,1.359186,0.144080,0.085729,0.131510,0.167656
GRID_004202,303,8d83b97,1.731943,-0.320727,-0.230962,1.267405,0.913733,-0.077485,-0.010956,0.315395,0.078256
GRID_004203,303,8d83b97,1.395175,0.268515,-1.507632,-0.633897,1.414975,0.134307,-0.023507,0.176083,0.136349
GRID_004204,303,8d83b97,-0.232806,-0.762635,0.360500,-0.006564,1.399857,0.047481,0.210196,0.208414,0.215492
GRID_004205,303,8d83b97,1.358223,0.354969,0.783964,-0.212715,-0.058311,-0.040588,0.009049,0.303035,0.041585
GRID_004206,303,8d83b97,2.739083,-1.450458,1.441491,-1.169094,0.316949,-0.064288,-0.140558,-0.036333,0.154562
GRID_004207,303,8d83b97,-1.532454,0.042332,0.964879,0.205209,-0.054317,0.116553,0.003598,0.266563,0.116609
GRID_004208,303,8d83b97,-0.666110,-1.102777,-0.707850,-0.262158,0.813758,0.106792,0.138569,0.242833,0.174945
GRID_004209,303,8d83b97,2.309714,-0.527783,-1.159623,1.145457,-1.175400,-0.010067,-0.004703,0.286520,0.011111
GRID_004210,303,8d83b97,1.885636,-0.821110,-0.712681,-1.107659,0.478931,-0.122331,-0.037629,0.281929,0.127988
GRID_004211,303,8d83b97,-1.824349,-0.165341,0.442920,-0.717350,-0.385622,0.109827,-0.030453,0.293814,0.113971
GRID_004212,303,8d83b97,-2.585439,1.197665,-1.141613,-0.153163,-1.140900,-0.105278,0.161929,0.044019,0.193144
GRID_004213,303,8d83b97,-0.688964,0.794139,1.078084,-0.149481,-0.388024,-0.016937,-0.017926,0.284615,0.024662
GRID_004214,303,8d83b97,2.584817,-0.581448,-0.426338,1.266916,-0.440959,-0.062415,-0.092720,0.299551,0.111771
GRID_004215,303,8d83b97,-2.437624,0.408871,0.617766,-1.485390,0.365878,-0.000169,-0.005480,0.311525,0.005482
GRID_004216,303,8d83b97,-0.739987,1.072842,-1.421916,-1.228747,1.539362,-0.117868,-0.126727,0.042849,0.173068
GRID_004217,303,8d83b97,0.916305,-1.227021,-0.524645,-0.063147,0.136870,-0.172760,0.131239,0.206629,0.216956
GRID_004218,303,8d83b97,-2.286864,-0.643164,-0.354492,-0.762527,-0.663983,0.095394,-0.087436,0.290298,0.129402
GRID_004219,303,8d83b97,-1.834085,-0.195222,-1.169327,0.088852,-1.077890,-0.061571,0.014634,0.272375,0.063286
GRID_004220,303,8d83b97,-2.217055,1.284784,1.001292,1.288703,-0.217731,-0.103330,0.074090,0.241713,0.127147
GRID_004221,303,8d83b97,-2.281023,-1.315038,0.946956,-1.544039,1.223882,0.163037,-0.144490,0.016976,0.217850
GRID_004222,303,8d83b97,1.389416,0.730017,-1.329096,0.971652,1.547045,0.171519,-0.031121,0.117582,0.174319
GRID_004223,303,8d83b97,-0.245489,1.229199,0.731164,0.227495,-0.264378,-0.038445,-0.143913,0.239155,0.148960
GRID_004224,303,8d83b97,-0.414094,-1.502660,0.390333,1.304495,-0.619958,0.097581,0.227235,0.034591,0.247301
GRID_004225,303,8d83b97,-1.623429,-0.935961,-1.130713,0.806353,-1.216226,0.090636,-0.005960,0.272283,0.090832
GRID_004226,303,8d83b97,0.354083,-1.174371,-0.532224,0.939951,-0.473018,-0.074068,0.194078,0.217641,0.207731
GRID_004227,303,8d83b97,-1.513878,-0.392846,0.373502,-0.317983,-1.430001,0.153550,0.007874,0.271710,0.153752
GRID_004228,303,8d83b97,-2.476325,-0.841190,-0.897063,1.537403,1.056887,0.060756,-0.083503,0.282131,0.103267
GRID_004229,303,8d83b97,1.195097,-1.004358,-1.118621,1.191379,-0.430548,-0.104283,0.040830,0.266405,0.111992
GRID_004230,303,8d83b97,1.375728,-1.355453,-0.921735,0.697800,1.399466,-0.189942,0.037876,0.212429,0.193682
GRID_004231,303,8d83b97,2.260370,1.330674,-1.021235,-0.379842,1.247646,0.146725,0.125133,0.028165,0.192838
GRID_004232,303,8d83b97,1.351073,-0.269948,0.418682,1.428549,0.548025,-0.136787,0.030851,0.283982,0.140223
GRID_004233,303,8d83b97,-2.167238,-0.571971,-0.261532,1.084614,1.559161,0.101765,-0.072741,0.294296,0.125089
GRID_004234,303,8d83b97,-2.747326,-1.223438,-0.333076,-1.074323,-0.544648,0.083779,-0.212455,0.188762,0.228377
GRID_004235,303,8d83b97,-2.468233,1.306931,-0.180503,0.662158,-0.991367,-0.144157,0.174647,0.133746,0.226457
GRID_004236,303,8d83b97,3.019114,1.166559,-1.141833,0.915998,1.336175,0.019059,0.190954,0.050390,0.191903
GRID_004237,303,8d83b97,-1.839224,-0.569186,0.441185,-1.092678,-0.586658,0.182350,-0.052211,0.236075,0.189678
GRID_004238,303,8d83b97,0.900035,-0.517008,-0.281953,-1.513165,-0.724671,-0.091660,0.071354,0.301053,0.116159
GRID_004239,303,8d83b97,1.128004,1.488869,-0.093719,1.495985,1.019533,0.204812,-0.097575,0.100885,0.226868
GRID_004240,303,8d83b97,-1.156285,0.683055,0.785342,-0.095146,0.728209,-0.034972,-0.014994,0.298995,0.038050
GRID_004241,303,8d83b97,2.198603,-0.079704,-1.373867,-1.489845,1.239700,0.071213,0.055357,0.239080,0.090198
GRID_004242,303,8d83b97,0.860023,1.023300,1.175469,-1.062022,0.850677,0.039429,-0.035652,0.268924,0.053158
GRID_004243,303,8d83b97,-1.355241,0.725954,0.951711,0.432127,-1.085697,-0.026172,-0.006006,0.292252,0.026852
GRID_004244,303,8d83b97,1.021993,-0.715460,-1.419354,-0.695678,-0.987903,-0.018114,0.010067,0.267919,0.020723
GRID_004245,303,8d83b97,0.722048,0.296365,1.067597,-0.041012,-0.482761,-0.054880,0.059869,0.277984,0.081217
GRID_004246,303,8d83b97,-2.282987,1.359280,0.234620,-1.140902,0.295452,-0.163740,0.136962,0.171432,0.213470
GRID_004247,303,8d83b97,-1.152930,1.055014,-0.199190,-0.719135,1.200656,-0.189659,-0.083867,0.189152,0.207375
GRID_004248,303,8d83b97,1.902173,0.698272,0.667553,-0.275407,-1.502906,0.046514,0.018274,0.299689,0.049975
GRID_004249,303,8d83b97,2.312563,1.262091,0.792650,1.121281,1.217815,0.103586,0.099453,0.237033,0.143600
GRID_004250,303,8d83b97,-2.375862,1.252171,0.615495,-0.621633,0.398885,-0.118285,0.117933,0.228184,0.167032
GRID_004251,303,8d83b97,-2.363463,1.449793,-1.024537,1.289373,-0.757563,-0.135825,0.132870,0.003389,0.190007
GRID_004252,303,8d83b97,-1.036087,-0.234050,0.646933,-0.708408,1.563587,0.125254,0.075013,0.266675,0.145998
GRID_004253,303,8d83b97,-0.629856,0.310972,-1.515349,0.663850,1.048884,-0.087233,-0.116537,0.168513,0.145569
GRID_004254,303,8d83b97,1.616756,0.459088,-1.264523,1.111847,-1.312165,0.157882,0.008383,0.175620,0.158104
GRID_004255,303,8d83b97,-1.094564,-1.072327,-0.767029,0.721752,0.547584,0.143737,0.074746,0.250703,0.162010
GRID_004256,303,8d83b97,-2.685353,1.426937,0.931463,-0.686543,1.261600,-0.072272,0.137951,0.217114,0.155736
GRID_004257,303,8d83b97,2.427622,-0.026203,1.187419,0.075572,1.518680,-0.098239,-0.107941,0.232689,0.145953
GRID_004258,303,8d83b97,-2.853652,-1.090307,0.759420,0.325091,0.151593,0.063568,-0.229886,0.086265,0.238513
GRID_004259,303,8d83b97,-2.808434,-1.536143,-0.438818,-0.771254,-1.024949,0.076673,-0.234795,0.129719,0.246997
GRID_004260,303,8d83b97,-0.762244,1.263083,0.937816,-1.336062,-1.310818,-0.091616,-0.093804,0.242864,0.131120
GRID_004261,303,8d83b97,-2.054437,-1.047976,0.057228,1.196987,-0.481121,0.204059,-0.110217,0.183645,0.231922
GRID_004262,303,8d83b97,-0.003892,0.905394,-0.111720,-0.217662,1.065386,-0.003071,-0.179366,0.229767,0.179392
GRID_004263,303,8d83b97,2.911613,-1.392256,0.537647,-1.110051,0.188305,-0.060477,-0.239003,0.043113,0.246536
GRID_004264,303,8d83b97,-0.521738,0.214237,-0.991242,-1.284422,-1.284107,-0.063804,-0.107027,0.248532,0.124602
GRID_004265,303,8d83b97,-1.708011,0.870044,0.635380,-1.185672,0.682201,-0.096589,0.011803,0.284406,0.097307
GRID_004266,303,8d83b97,0.306333,-0.212481,0.681028,-1.463360,0.970536,-0.046934,0.140894,0.266017,0.148505
GRID_004267,303,8d83b97,0.927861,0.945326,0.445313,-0.450506,-0.042853,0.102725,-0.078228,0.267736,0.129121
GRID_004268,303,8d83b97,-0.508165,1.054332,0.559608,-0.171540,0.257946,-0.069943,-0.121546,0.257565,0.140234
GRID_004269,303,8d83b97,-1.950069,0.232489,-0.695167,0.321420,-1.194797,-0.102081,0.038175,0.277879,0.108985
GRID_004270,303,8d83b97,1.415403,-1.319229,-0.799501,1.066773,-1.045146,-0.199762,0.031790,0.210877,0.202275
GRID_004271,303,8d83b97,0.132998,1.525008,-0.280622,-0.150213,0.701838,0.027962,-0.226706,0.068274,0.228424
GRID_004272,303,8d83b97,-2.869018,1.355006,0.458569,-0.704870,0.389770,-0.056581,0.186145,0.195451,0.194554
GRID_004273,303,8d83b97,-1.633463,-0.854596,0.024315,-1.159930,-0.191928,0.204531,-0.014138,0.227686,0.205020
GRID_004274,303,8d83b97,2.147216,-1.278402,-0.976495,1.070030,0.342870,-0.149138,-0.093509,0.228343,0.176028
GRID_004275,303,8d83b97,-0.120419,0.177358,0.982871,0.290457,-1.328180,0.008998,0.094601,0.277429,0.095028
GRID_004276,303,8d83b97,2.966384,0.167527,-1.274848,1.350352,-0.583267,0.017705,0.125062,0.220651,0.126309
GRID_004277,303,8d83b97,0.609864,0.448621,-1.514050,0.171329,0.093857,0.085673,-0.125935,0.146260,0.152313
GRID_004278,303,8d83b97,-0.313398,-0.175824,1.028932,-0.328684,1.189573,0.047006,0.152484,0.231367,0.159564
GRID_004279,303,8d83b97,-2.664773,-1.517769,1.484506,0.663543,-1.276865,0.059788,-0.124415,-0.045955,0.138036
GRID_004280,303,8d83b97,-2.882941,0.996902,-0.869420,-0.794700,1.065490,-0.057285,0.199451,0.118041,0.207515
GRID_004281,303,8d83b97,-2.376740,0.530768,0.812513,-1.293316,0.369647,-0.002646,-0.002315,0.302678,0.003516
GRID_004282,303,8d83b97,1.759585,0.643309,1.024488,0.946453,-0.216239,-0.006298,0.000451,0.290856,0.006314
GRID_004283,303,8d83b97,-2.396533,-0.830648,1.047983,0.861178,-0.629539,0.146160,-0.163653,0.108239,0.219420
GRID_004284,303,8d83b97,0.055183,-0.962482,-1.189337,1.034833,-0.066209,-0.007538,0.091821,0.269117,0.092130
GRID_004285,303,8d83b97,-1.175504,-0.699256,1.535469,-0.995295,0.546367,0.169666,0.071245,0.080784,0.184017
GRID_004286,303,8d83b97,1.737167,-0.144553,0.159104,-1.021935,-1.453273,-0.083847,-0.012423,0.313713,0.084763
GRID_004287,303,8d83b97,-2.291581,-0.276970,-0.515530,1.034599,0.245199,0.017055,-0.019435,0.316851,0.025858
GRID_004288,303,8d83b97,-2.487212,1.322201,-1.317827,0.625970,-0.109851,-0.106154,0.132287,0.005068,0.169613
GRID_004289,303,8d83b97,-0.909298,-0.910646,1.297023,-0.957508,1.163553,0.159603,0.125733,0.064987,0.203180
GRID_004290,303,8d83b97,2.004866,-0.293179,0.745331,-1.370164,0.531182,-0.154440,-0.068874,0.247398,0.169101
GRID_004291,303,8d83b97,-0.182645,1.221646,-1.301688,1.450932,-0.425965,-0.034406,-0.172926,0.024927,0.176316
GRID_004292,303,8d83b97,-0.331202,1.334460,-1.202663,-0.328915,0.814934,-0.060587,-0.169187,0.011350,0.179708
GRID_004293,303,8d83b97,-1.677622,-0.673677,0.694629,-0.774387,1.500154,0.211845,-0.024132,0.185300,0.213215
GRID_004294,303,8d83b97,0.334888,-1.062997,-0.456092,-0.674379,0.247317,-0.067463,0.187174,0.232427,0.198960
GRID_004295,303,8d83b97,-1.282740,-1.546476,0.596139,-1.055063,0.884154,0.220279,0.065196,0.001787,0.229725
GRID_004296,303,8d83b97,2.948292,-1.007488,0.483589,0.157325,0.530941,-0.051081,-0.237872,0.139780,0.243295
GRID_004297,303,8d83b97,0.963817,0.014350,-0.143166,0.729427,-1.467983,-0.006981,0.003753,0.323875,0.007925
GRID_004298,303,8d83b97,0.950292,0.408114,0.350505,0.009683,-0.430901,0.019326,-0.014981,0.316450,0.024453
GRID_004299,303,8d83b97,2.899274,1.506497,0.462821,-0.147709,-1.026858,0.045527,0.202531,0.163295,0.207585
GRID_004300,303,8d83b97,1.893075,0.759376,-1.329127,1.239487,-1.466490,0.165781,0.057514,0.111943,0.175475
GRID_004301,303,8d83b97,1.552726,-0.562954,-0.286924,-1.109747,-1.000652,-0.126332,0.003284,0.296454,0.126375
GRID_004302,303,8d83b97,-0.523294,-1.249908,-0.117056,-0.557901,0.913905,0.119976,0.211769,0.158526,0.243393
GRID_004303,303,8d83b97,-1.463607,0.838553,1.489965,1.021436,-1.298329,0.010613,0.000586,0.257091,0.010629
GRID_004304,303,8d83b97,0.823253,-1.508870,-1.265856,-0.930513,0.007574,-0.127289,0.116114,0.204247,0.172293
GRID_004305,303,8d83b97,-0.002425,0.492545,1.340847,-1.357414,0.865387,-0.002359,0.063753,0.262396,0.063797
GRID_004306,303,8d83b97,0.542554,0.777486,-0.767057,-0.762209,-0.067822,0.096778,-0.164239,0.178135,0.190631
GRID_004307,303,8d83b97,0.480003,-0.068435,0.320454,-0.046866,0.508347,-0.040606,0.073663,0.310594,0.084114
GRID_004308,303,8d83b97,-2.108216,0.448717,-1.481294,0.590289,0.378736,-0.137543,0.078809,0.150235,0.158521
GRID_004309,303,8d83b97,-0.450695,1.383296,-0.177107,1.009688,-0.854837,-0.101655,-0.205421,0.115866,0.229198
GRID_004310,303,8d83b97,1.448747,0.671991,1.543716,0.294291,0.409895,-0.050633,0.006687,0.249137,0.051072
GRID_004311,303,8d83b97,-0.385295,-1.171389,-1.487495,-0.874089,0.331464,0.031885,0.084626,0.245056,0.090434
GRID_004312,303,8d83b97,-2.152609,-0.383573,1.163452,1.569497,-0.275194,0.154027,-0.104747,0.180623,0.186270
GRID_004313,303,8d83b97,-2.433462,0.110753,-0.748265,0.391586,-0.858943,-0.059989,0.064418,0.286225,0.088024
GRID_004314,303,8d83b97,2.023485,1.138845,0.183305,-0.303097,-1.360825,0.166604,0.083892,0.213332,0.186533
GRID_004315,303,8d83b97,-3.024072,0.602937,0.656140,-0.488885,-0.691076,-0.008394,0.033035,0.305243,0.034085
GRID_004316,303,8d83b97,-0.219033,1.437117,0.081603,0.181101,-0.233828,-0.051113,-0.219075,0.135412,0.224959
GRID_004317,303,8d83b97,2.722567,1.560134,1.328167,-0.154549,1.377322,0.046067,0.113472,0.211418,0.122467
GRID_004318,303,8d83b97,-0.973712,-1.533730,0.776956,-1.395262,-0.404166,0.178082,0.122175,-0.012788,0.215963
GRID_004319,303,8d83b97,-1.113717,0.532169,-1.004316,0.232077,0.110016,-0.154633,-0.075490,0.195724,0.172076
GRID_004320,303,8d83b97,0.578272,-0.655269,0.956403,-1.454614,-0.304613,-0.120330,0.180883,0.155660,0.217251
GRID_004321,303,8d83b97,-1.026144,-0.674526,0.841705,-0.659401,1.042573,0.183394,0.111993,0.166378,0.214886
GRID_004322,303,8d83b97,-2.675401,-1.529114,-0.245011,-0.201596,-0.448461,0.110380,-0.228616,0.107845,0.253868
GRID_004323,303,8d83b97,-2.831175,-0.609995,-1.260837,-1.185373,1.157131,-0.000128,-0.013548,0.279732,0.013549
GRID_004324,303,8d83b97,-2.261228,0.256872,-1.040338,-1.047071,1.348010,-0.105998,0.083398,0.236701,0.134873
GRID_004325,303,8d83b97,-2.640748,-0.098345,-1.237152,-0.872561,0.940279,-0.043987,0.072010,0.256893,0.084381
GRID_004326,303,8d83b97,-0.446158,-1.256909,-0.743889,-0.594600,-0.481888,0.082228,0.176701,0.218416,0.194896
GRID_004327,303,8d83b97,-2.912272,0.945290,0.107575,-0.872129,1.271171,-0.042533,0.162693,0.243483,0.168161
GRID_004328,303,8d83b97,-2.190126,0.263268,1.038218,-0.660565,-0.165531,0.063562,-0.048992,0.278559,0.080252
GRID_004329,303,8d83b97,0.961188,0.860238,-0.417467,-0.145031,0.399293,0.154209,-0.108807,0.204446,0.188731
GRID_004330,303,8d83b97,-2.224049,-0.104760,-0.580771,-0.444595,0.978068,-0.020282,0.011542,0.312784,0.023336
GRID_004331,303,8d83b97,0.244666,0.247184,1.364630,-1.371599,-1.060610,-0.028662,0.104822,0.241956,0.108670
GRID_004332,303,8d83b97,-1.764618,0.643504,-1.161290,-1.391665,0.495362,-0.179290,0.033498,0.154742,0.182392
GRID_004333,303,8d83b97,-0.361361,1.116253,-0.634977,0.930630,-0.812716,-0.078965,-0.202782,0.120659,0.217614
GRID_004334,303,8d83b97,2.335075,1.367944,-0.630169,1.250215,-0.591630,0.154306,0.152677,0.062648,0.217073
GRID_004335,303,8d83b97,2.641850,-0.832765,1.446308,-1.150712,1.451032,-0.097292,-0.169975,0.065436,0.195850
GRID_004336,303,8d83b97,0.834938,0.137135,-1.040685,0.737298,-1.044351,0.080544,-0.074713,0.252962,0.109860
GRID_004337,303,8d83b97,2.578957,-0.669252,0.385429,0.968490,0.259564,-0.113597,-0.172688,0.223889,0.206702
GRID_004338,303,8d83b97,-2.298016,-0.741544,0.425564,-0.874009,-1.061877,0.157588,-0.144735,0.204898,0.213968
GRID_004339,303,8d83b97,0.178648,0.202456,-0.010367,-1.409141,1.325634,0.001852,-0.023312,0.321493,0.023385
GRID_004340,303,8d83b97,1.843638,0.151676,-0.499383,0.312762,-0.931777,0.063621,0.019861,0.302586,0.066648
GRID_004341,303,8d83b97,0.351182,-0.050528,-1.120476,-0.012856,-0.420413,0.026278,-0.078263,0.265085,0.082556
GRID_004342,303,8d83b97,3.039693,-0.601573,0.604603,0.328298,-1.196475,-0.025404,-0.204488,0.210790,0.206060
GRID_004343,303,8d83b97,0.183146,0.022383,-0.962565,0.922126,0.295350,0.013206,-0.084357,0.274410,0.085384
GRID_004344,303,8d83b97,2.971009,1.144833,-1.542368,-1.098250,-0.797983,0.021908,0.152659,0.021202,0.154223
GRID_004345,303,8d83b97,-2.880790,-0.617916,0.554561,-1.564206,-0.107778,0.048621,-0.199168,0.213737,0.205017
GRID_004346,303,8d83b97,0.476070,-1.049572,1.173193,1.078036,0.421323,-0.100289,0.189898,0.049725,0.214754
GRID_004347,303,8d83b97,3.102157,0.878063,0.105821,0.088126,1.387309,0.001630,0.155999,0.255128,0.156007
GRID_004348,303,8d83b97,1.999193,0.573342,-0.047567,-0.075236,0.764055,0.098935,0.047932,0.289020,0.109935
GRID_004349,303,8d83b97,-2.682212,0.140599,0.758724,1.216056,1.130627,0.032299,-0.074585,0.294784,0.081278
GRID_004350,303,8d83b97,-1.912739,0.189048,-1.476086,0.292369,-1.352335,-0.127910,0.043292,0.191987,0.135038
GRID_004351,303,8d83b97,1.564003,0.047891,-0.032082,-0.700579,-1.028703,-0.014466,0.001142,0.324392,0.014511
GRID_004352,303,8d83b97,-0.805319,-0.104860,1.292442,1.421309,0.024502,0.110670,0.108342,0.208752,0.154874
GRID_004353,303,8d83b97,0.271668,-0.230105,0.565583,-1.063152,-0.938811,-0.040498,0.136882,0.275385,0.142747
GRID_004354,303,8d83b97,2.495351,1.348809,-0.435288,-0.266916,1.146045,0.131663,0.180886,0.091261,0.223730
GRID_004355,303,8d83b97,-0.507771,0.258791,-1.439501,-1.482700,0.202877,-0.070505,-0.122460,0.186240,0.141306
GRID_004356,303,8d83b97,-2.893177,0.922090,1.114028,0.488702,0.558517,-0.015162,0.042203,0.277229,0.044844
GRID_004357,303,8d83b97,-2.154684,-1.146951,0.573482,0.539637,-0.693572,0.201827,-0.136893,0.096064,0.243873
GRID_004358,303,8d83b97,-2.492152,-1.420808,1.188229,0.438164,0.180495,0.108870,-0.149518,-0.021471,0.184955
GRID_004359,303,8d83b97,-0.887380,0.660373,-0.433900,-0.048369,-0.868868,-0.129793,-0.104270,0.240924,0.166489
GRID_004360,303,8d83b97,2.209726,-1.363054,-0.503157,-0.190964,-0.206470,-0.189716,-0.137062,0.176079,0.234047
GRID_004361,303,8d83b97,-0.603295,0.563996,1.221084,1.204454,0.366013,0.019908,0.032207,0.276328,0.037863
GRID_004362,303,8d83b97,2.238967,-0.345468,-1.228537,-0.513443,-1.307993,0.023901,0.022823,0.275878,0.033047
GRID_004363,303,8d83b97,-0.192521,1.405975,0.689899,0.022527,-1.340497,-0.036473,-0.174807,0.205127,0.178572
GRID_004364,303,8d83b97,-0.933385,1.047600,-0.643565,-1.516408,-0.598743,-0.173976,-0.127597,0.135248,0.215751
GRID_004365,303,8d83b97,1.043242,0.448972,0.126549,0.539286,1.124143,0.053385,-0.031881,0.310550,0.062180
GRID_004366,303,8d83b97,-0.397255,-1.481797,-1.261192,-1.408234,1.315328,0.062021,0.153524,0.208258,0.165578
GRID_004367,303,8d83b97,2.502846,-0.095161,0.181564,1.343526,1.241131,-0.047485,-0.057512,0.315826,0.074582
GRID_004368,303,8d83b97,1.652047,-0.892861,1.292890,1.026799,1.310486,-0.209316,-0.015827,0.068816,0.209914
GRID_004369,303,8d83b97,1.698833,-0.632825,0.612244,1.409830,-0.125737,-0.211769,-0.025782,0.203784,0.213333
GRID_004370,303,8d83b97,2.379576,-0.543054,-0.889242,0.918508,-1.368622,-0.033723,-0.030250,0.300394,0.045302
GRID_004371,303,8d83b97,2.794893,-0.811147,-0.947682,0.227410,-0.210411,-0.035917,-0.086881,0.284519,0.094013
GRID_004372,303,8d83b97,-2.388285,-0.816396,0.914813,-1.441713,-0.120610,0.150591,-0.165732,0.127471,0.223930
GRID_004373,303,8d83b97,1.545783,-1.022097,1.243156,-0.213002,1.277207,-0.211329,0.006143,0.048544,0.211418
GRID_004374,303,8d83b97,-0.956044,1.223120,0.563298,-1.352080,-0.352958,-0.138339,-0.096523,0.229730,0.168684
GRID_004375,303,8d83b97,-3.071038,-0.841142,-0.282075,-1.151165,-0.480996,0.008081,-0.178389,0.257761,0.178572
GRID_004376,303,8d83b97,-0.863019,-0.505290,-1.349764,-0.501081,1.254061,-0.014574,-0.010790,0.271071,0.018133
GRID_004377,303,8d83b97,0.309445,1.567315,0.742758,-0.719809,-0.277198,0.055617,-0.181392,0.177484,0.189726
GRID_004378,303,8d83b97,3.039826,-0.354436,1.536590,-1.008489,1.218553,-0.022287,-0.175575,0.139241,0.176984
GRID_004379,303,8d83b97,-3.078781,-0.269261,1.299510,-0.788636,1.019179,0.006687,-0.176209,0.182597,0.176336
GRID_004380,303,8d83b97,0.936428,-0.064876,1.176221,-0.767194,-0.799467,-0.122971,0.089132,0.228935,0.151876
GRID_004381,303,8d83b97,-2.737951,1.487036,-0.218787,-0.174204,1.146097,-0.094730,0.210977,0.085356,0.231269
GRID_004382,303,8d83b97,-1.747843,0.735365,-0.412432,1.122570,1.502863,-0.175030,0.029604,0.229605,0.177516
GRID_004383,303,8d83b97,3.039128,-1.204793,0.971497,1.224967,-1.098039,-0.027365,-0.222885,0.037629,0.224559
GRID_004384,303,8d83b97,-1.031733,-1.170311,-0.435504,0.069092,0.150003,0.181581,0.109426,0.209951,0.212004
GRID_004385,303,8d83b97,3.133283,0.261618,-1.244569,-0.445832,0.752283,-0.003270,0.139002,0.210667,0.139041
GRID_004386,303,8d83b97,0.537573,-0.822921,1.390841,1.570707,0.446384,-0.104582,0.171447,0.072450,0.200826
GRID_004387,303,8d83b97,1.792718,-0.707576,0.230812,-0.433983,-0.400397,-0.199730,-0.043203,0.233916,0.204349
GRID_004388,303,8d83b97,2.148100,1.032943,1.106688,1.419015,-0.034974,0.051510,0.036950,0.269794,0.063392
GRID_004389,303,8d83b97,-1.335310,-0.034031,-1.528427,-0.298706,-0.059119,-0.104819,-0.025289,0.214795,0.107827
GRID_004390,303,8d83b97,-1.540635,-0.092611,1.245674,-0.966995,-0.520060,0.151443,0.003711,0.216421,0.151488
GRID_004391,303,8d83b97,-1.609919,-0.875392,-1.496946,0.627123,-0.488238,0.035537,-0.002471,0.259994,0.035623
GRID_004392,303,8d83b97,0.942023,-0.977450,-0.507369,-0.433982,1.060173,-0.147240,0.105871,0.251109,0.181352
GRID_004393,303,8d83b97,2.329170,-0.289688,1.566960,0.940806,1.405210,-0.128267,-0.117019,0.145995,0.173625
GRID_004394,303,8d83b97,0.649851,-0.271068,-1.561936,-0.229377,0.872033,0.040229,-0.055958,0.234764,0.068918
GRID_004395,303,8d83b97,1.426125,0.277475,-0.617068,-0.061129,-0.423847,0.103648,-0.014549,0.279900,0.104664
GRID_004396,303,8d83b97,-1.580772,0.795946,-1.568450,1.419336,-0.279443,-0.165881,0.000688,0.079786,0.165882
GRID_004397,303,8d83b97,-1.565416,-0.584569,-0.932634,0.959969,-0.991847,0.043103,-0.000778,0.297585,0.043110
GRID_004398,303,8d83b97,-3.016796,1.467024,1.338335,-0.561220,1.096564,-0.018032,0.108693,0.223716,0.110178
GRID_004399,303,8d83b97,2.268350,0.662558,-0.588487,-0.344507,1.082075,0.128480,0.111940,0.222900,0.170405
GRID_004400,303,8d83b97,2.993126,-0.426128,-0.911221,-0.041627,-1.466500,-0.006568,-0.013952,0.301173,0.015421
GRID_004401,303,8d83b97,-1.857787,-1.103018,1.351056,-0.814459,1.072317,0.182380,-0.055829,0.024354,0.190734
GRID_004402,303,8d83b97,-1.477186,1.466135,-0.037218,-0.181666,-0.665425,-0.231005,-0.022456,0.113598,0.232094
GRID_004403,303,8d83b97,2.971349,0.162361,0.963826,0.633767,0.001453,-0.020835,-0.095268,0.278057,0.097519
GRID_004404,303,8d83b97,0.000081,0.286352,-0.070707,-0.934973,-1.436967,-0.002369,-0.051469,0.315527,0.051524
GRID_004405,303,8d83b97,0.571557,-0.071970,-0.401320,-0.393271,-0.270588,0.000961,-0.004894,0.319400,0.004987
GRID_004406,303,8d83b97,-0.191831,-0.602287,1.355771,0.361926,0.425864,0.035254,0.194373,0.117182,0.197544
GRID_004407,303,8d83b97,2.312642,0.040094,0.500267,-1.404935,-0.128396,-0.061565,-0.051846,0.306930,0.080487
GRID_004408,303,8d83b97,-2.975152,-0.157560,-1.219435,0.327458,0.374934,-0.016139,0.069613,0.264191,0.071459
GRID_004409,303,8d83b97,1.819502,-0.873348,-0.648152,-0.881873,-1.112362,-0.142367,-0.034207,0.273723,0.146419
GRID_004410,303,8d83b97,1.866087,-1.384693,0.681790,0.235946,1.181676,-0.230747,-0.068073,0.028648,0.240578
GRID_004411,303,8d83b97,-1.855807,0.401321,-0.582493,-1.557346,-0.891981,-0.127772,0.035314,0.266874,0.132562
GRID_004412,303,8d83b97,0.641007,0.470714,0.555867,-0.616752,-0.016982,0.006834,-0.012046,0.312080,0.013849
GRID_004413,303,8d83b97,1.159039,1.450464,0.994872,-0.741003,-0.817032,0.134366,-0.059115,0.216420,0.146795
GRID_004414,303,8d83b97,1.559125,0.856445,-0.461576,0.047201,-1.129325,0.189526,-0.001198,0.199916,0.189530
GRID_004415,303,8d83b97,-0.617221,-0.032524,1.298596,-1.150169,0.492837,0.082859,0.119969,0.218023,0.145802
GRID_004416,303,8d83b97,-1.740770,-0.440613,0.390170,-0.624744,1.404393,0.161494,-0.029394,0.262982,0.164148
GRID_004417,303,8d83b97,0.810980,0.992115,0.530589,-1.414029,0.427577,0.091971,-0.089224,0.265316,0.128139
GRID_004418,303,8d83b97,-1.682013,-0.465283,0.905368,1.310021,0.088590,0.191927,-0.022838,0.198865,0.193281
GRID_004419,303,8d83b97,-2.793913,-1.247490,-1.066911,-0.009252,-1.132192,0.049232,-0.148315,0.236555,0.156273
GRID_004420,303,8d83b97,-0.951471,0.151713,-0.213085,-0.022985,1.369286,-0.032905,-0.022329,0.318086,0.039766
GRID_004421,303,8d83b97,-2.802545,-0.611380,0.266528,0.309266,-0.773971,0.058080,-0.177689,0.247535,0.186940
GRID_004422,303,8d83b97,2.219620,0.762166,-1.555131,0.170786,-0.488203,0.126189,0.099463,0.087053,0.160676
GRID_004423,303,8d83b97,-1.699441,1.076640,-0.090525,-0.154514,-1.268569,-0.202823,0.024694,0.197101,0.204321
GRID_004424,303,8d83b97,1.930180,1.435524,-0.159583,1.548149,-0.565570,0.210687,0.081591,0.105455,0.225934
GRID_004425,303,8d83b97,2.112208,-0.209639,-1.040372,0.415404,1.376203,0.035438,0.024548,0.285531,0.043110
GRID_004426,303,8d83b97,-0.492368,-0.212772,0.348090,1.481792,-0.274394,0.053212,0.103369,0.296254,0.116261
GRID_004427,303,8d83b97,-1.486058,-1.367457,0.864685,-1.266528,-0.538499,0.220024,0.017961,0.013767,0.220756
GRID_004428,303,8d83b97,-1.741119,0.134314,1.536420,1.265041,0.482601,0.124065,-0.022858,0.208767,0.126153
GRID_004429,303,8d83b97,1.342832,0.027289,0.675972,-1.356783,0.812020,-0.099557,0.023346,0.292880,0.102257
GRID_004430,303,8d83b97,-1.179806,1.352746,0.178096,1.248593,0.712531,-0.200573,-0.082426,0.166534,0.216849
GRID_004431,303,8d83b97,-0.146512,-1.323051,1.058018,-0.853414,1.181191,0.028107,0.207119,0.005679,0.209017
GRID_004432,303,8d83b97,-2.497555,-1.346461,-0.046410,1.119456,1.378563,0.148055,-0.203583,0.127073,0.251727
GRID_004433,303,8d83b97,-0.297869,0.254349,-0.332722,-1.362749,-1.365064,-0.024379,-0.071834,0.304882,0.075859
GRID_004434,303,8d83b97,-0.809295,-1.569600,0.365853,-1.406005,-1.510476,0.175694,0.169307,0.021796,0.243994
GRID_004435,303,8d83b97,1.306609,-1.517172,0.144189,0.281722,0.124273,-0.251021,0.068070,0.061325,0.260087
GRID_004436,303,8d83b97,1.711243,0.407028,-0.373053,1.384023,0.438114,0.107292,0.016727,0.285518,0.108588
GRID_004437,303,8d83b97,-2.926289,-1.274675,-0.033050,-1.182000,1.242710,0.048952,-0.244658,0.142523,0.249508
GRID_004438,303,8d83b97,-2.524323,0.406821,-1.018661,1.059837,-0.101770,-0.093084,0.124530,0.215862,0.155475
GRID_004439,303,8d83b97,-0.925732,0.611544,-0.816809,1.529412,0.113282,-0.142498,-0.105929,0.204642,0.177558
GRID_004440,303,8d83b97,1.566342,1.261128,1.015908,0.748541,-0.931283,0.115207,0.000450,0.245275,0.115208
GRID_004441,303,8d83b97,-1.025130,0.047956,0.771933,0.323571,-0.133152,0.085540,0.052827,0.286283,0.100538
GRID_004442,303,8d83b97,-0.206797,0.832630,-0.455807,-0.770464,1.032716,-0.041379,-0.185989,0.205496,0.190536
GRID_004443,303,8d83b97,-2.976803,-0.066791,-0.751950,-0.732960,0.041806,-0.012360,0.047227,0.300262,0.048818
GRID_004444,303,8d83b97,-2.146714,-0.335225,0.464689,1.516129,0.420405,0.124985,-0.084665,0.271111,0.150961
GRID_004445,303,8d83b97,2.464822,1.441226,1.071978,1.447430,0.011723,0.083082,0.109271,0.221202,0.137270
GRID_004446,303,8d83b97,-1.298077,0.826947,1.011602,-1.413712,1.106881,-0.039062,-0.010997,0.285724,0.040581
GRID_004447,303,8d83b97,-1.146486,-0.172571,-1.020047,-0.498625,0.757543,-0.050186,-0.022229,0.285021,0.054888
GRID_004448,303,8d83b97,3.102406,-1.448057,0.501294,0.911463,0.424734,-0.014111,-0.245166,0.034382,0.245572
GRID_004449,303,8d83b97,-0.197734,-0.252011,0.049054,-0.543146,-0.109588,0.015922,0.091203,0.310905,0.092583
GRID_004450,303,8d83b97,-0.160133,0.083081,0.058360,0.805717,0.309000,-0.000160,0.013612,0.324159,0.013613
GRID_004451,303,8d83b97,-2.287372,-0.509078,1.199050,-0.923486,-0.786110,0.146374,-0.131783,0.153399,0.196957
GRID_004452,303,8d83b97,-1.638546,-1.391851,-1.446272,-0.237180,0.291340,0.127437,-0.009836,0.224024,0.127816
GRID_004453,303,8d83b97,-0.057940,0.670827,0.301335,1.503718,-0.887137,-0.007792,-0.093277,0.295985,0.093602
GRID_004454,303,8d83b97,1.565169,-1.386882,-0.110158,-0.964032,-0.864130,-0.257354,0.002494,0.125329,0.257366
GRID_004455,303,8d83b97,-0.383867,-0.608583,1.569384,0.917817,-0.127121,0.066194,0.170021,0.093065,0.182452
GRID_004456,303,8d83b97,0.296544,0.819368,-0.444464,-0.961439,0.432155,0.052387,-0.179104,0.209535,0.186608
GRID_004457,303,8d83b97,0.179281,-0.596164,-0.545059,0.122625,-1.205589,-0.019914,0.096775,0.300818,0.098803
GRID_004458,303,8d83b97,1.784558,0.819866,-1.435122,0.976036,0.734499,0.165525,0.037638,0.088794,0.169750
GRID_004459,303,8d83b97,-0.358963,-0.278193,-1.161797,-1.150753,0.867299,-0.017649,-0.040663,0.278516,0.044328
GRID_004460,303,8d83b97,-0.884550,-0.796786,0.525708,0.812765,-1.327940,0.172074,0.142399,0.181048,0.223354
GRID_004461,303,8d83b97,-0.310431,0.814631,-0.805295,1.359274,-0.351828,-0.062367,-0.187051,0.165530,0.197174
GRID_004462,303,8d83b97,-0.747699,1.553106,0.107002,1.277426,-1.253485,-0.158000,-0.168255,0.110702,0.230811
GRID_004463,303,8d83b97,-1.217990,0.303369,1.178994,0.533666,-0.470275,0.078062,0.028978,0.267388,0.083267
GRID_004464,303,8d83b97,-2.775798,-0.444633,-0.142015,-0.713014,0.297618,0.036413,-0.107092,0.302380,0.113113
GRID_004465,303,8d83b97,1.569641,-0.698718,-0.872604,-0.705201,0.298455,-0.082202,0.001107,0.293457,0.082210
GRID_004466,303,8d83b97,-2.461077,0.297840,-0.702227,1.180222,-1.200849,-0.079129,0.091815,0.268933,0.121208
GRID_004467,303,8d83b97,2.728945,0.901310,0.695399,1.322118,-1.380613,0.032766,0.085287,0.282218,0.091365
GRID_004468,303,8d83b97,-2.365637,-0.174659,-1.530921,-1.153487,0.694511,-0.063267,0.059621,0.229717,0.086933
GRID_004469,303,8d83b97,1.137485,1.297537,-0.165084,0.423335,-0.395502,0.199783,-0.092847,0.137922,0.220304
GRID_004470,303,8d83b97,-3.075670,1.416028,1.545019,-1.568346,0.890077,-0.009352,0.075682,0.227327,0.076258
GRID_004471,303,8d83b97,-1.732729,-0.335904,0.513085,-1.284756,-1.516928,0.152142,-0.026491,0.266195,0.154431
GRID_004472,303,8d83b97,1.854775,-1.557179,0.827506,-0.730249,-1.558490,-0.206963,-0.058354,-0.021799,0.215033
GRID_004473,303,8d83b97,-1.441450,1.063798,1.465641,0.411268,0.729865,-0.031431,-0.004574,0.254133,0.031762
GRID_004474,303,8d83b97,2.962462,1.436292,-0.278766,1.266296,-1.537364,0.036284,0.225454,0.090045,0.228355
GRID_004475,303,8d83b97,-2.672786,0.137489,0.537655,-1.214419,-1.397274,0.022621,-0.053803,0.310013,0.058365
GRID_004476,303,8d83b97,-3.024503,-0.880239,1.504169,-0.049965,0.672588,0.017575,-0.186526,0.052027,0.187352
GRID_004477,303,8d83b97,-2.647758,-0.977223,0.845989,1.545950,-1.234455,0.106684,-0.206729,0.101061,0.232634
GRID_004478,303,8d83b97,2.027248,-0.150194,0.172602,-1.190546,-0.766047,-0.079557,-0.036187,0.312680,0.087400
GRID_004479,303,8d83b97,-1.874841,1.449117,1.217971,0.507102,-0.054888,-0.120494,0.035712,0.224335,0.125675
GRID_004480,303,8d83b97,1.129171,1.140756,-1.275648,-0.371253,-0.935140,0.161352,-0.076850,0.042750,0.178719
GRID_004481,303,8d83b97,-2.150113,1.458944,0.615753,0.558539,1.465423,-0.164084,0.103833,0.188438,0.194177
GRID_004482,303,8d83b97,1.451909,0.957199,-1.223596,0.511364,-0.974740,0.184200,-0.021440,0.084670,0.185443
GRID_004483,303,8d83b97,-0.411568,1.546909,1.192879,0.083363,-0.394212,-0.058148,-0.127723,0.209496,0.140337
GRID_004484,303,8d83b97,1.893809,1.316977,0.516858,-0.750345,0.054196,0.170357,0.059276,0.208382,0.180375
GRID_004485,303,8d83b97,-3.003636,0.885490,-1.152535,0.599074,-0.051413,-0.030807,0.189839,0.107410,0.192323
GRID_004486,303,8d83b97,-1.905276,0.899744,0.450509,-0.274976,0.956763,-0.119542,0.039219,0.274421,0.125811
GRID_004487,303,8d83b97,-1.663804,0.900064,-1.395586,-0.448077,1.244003,-0.179180,0.015426,0.077742,0.179843
GRID_004488,303,8d83b97,-0.875672,-1.371291,0.711895,-1.321173,0.481036,0.178347,0.150269,0.028402,0.233213
GRID_004489,303,8d83b97,-0.766525,1.379178,-0.549394,0.026918,1.001719,-0.157143,-0.161142,0.069797,0.225079
GRID_004490,303,8d83b97,2.719721,1.293330,0.755867,-1.233345,1.132465,0.059158,0.141984,0.229920,0.153815
GRID_004491,303,8d83b97,-2.891950,1.549686,1.208504,-1.401561,0.261749,-0.038318,0.132865,0.209624,0.138280
GRID_004492,303,8d83b97,-2.610980,-0.126026,0.068917,1.001269,1.128899,0.029031,-0.057494,0.318430,0.064408
GRID_004493,303,8d83b97,2.016617,-0.561419,-1.229398,-0.129596,0.910511,-0.010616,-0.002351,0.281824,0.010873
GRID_004494,303,8d83b97,2.566473,0.006804,1.480062,-0.832316,-0.307119,-0.083093,-0.121196,0.200190,0.146945
GRID_004495,303,8d83b97,-2.625810,0.464445,-0.848633,-0.968660,-0.913214,-0.081194,0.135022,0.227087,0.157555
GRID_004496,303,8d83b97,2.085977,1.341331,-1.375368,-0.632289,-1.518350,0.135006,0.079477,-0.002055,0.156663
GRID_004497,303,8d83b97,2.601746,1.131504,-0.820574,-0.234490,-0.537976,0.104537,0.182210,0.094025,0.210068
GRID_004498,303,8d83b97,-0.071831,0.124215,-0.929429,-0.787698,-0.809024,-0.009822,-0.102781,0.266837,0.103249
GRID_004499,303,8d83b97,1.039084,0.203838,-1.149891,1.446631,-0.256038,0.107666,-0.064222,0.231021,0.125365
GRID_004500,303,8d83b97,0.009930,-1.565006,-0.372942,0.506605,-1.203502,-0.004887,0.252241,0.115005,0.252288
GRID_004501,303,8d83b97,-1.754757,-0.148765,1.183681,-0.551754,1.307914,0.154944,-0.030460,0.216125,0.157910
GRID_004502,303,8d83b97,-1.915596,-1.037744,0.019555,-1.442173,-1.294252,0.214431,-0.079403,0.190289,0.228660
GRID_004503,303,8d83b97,2.451235,1.385343,1.266531,-1.414931,1.443785,0.063757,0.082852,0.233172,0.104544
GRID_004504,303,8d83b97,-0.153782,-0.121519,1.132186,1.251566,-1.128630,0.021414,0.154068,0.226515,0.155549
GRID_004505,303,8d83b97,-0.341232,-1.280148,-0.371754,-0.233183,-0.538971,0.075464,0.219013,0.180497,0.231649
GRID_004506,303,8d83b97,2.376086,0.083873,0.667051,-0.200680,-0.698913,-0.063648,-0.061160,0.298053,0.088271
GRID_004507,303,8d83b97,-0.510974,1.275864,1.192875,0.879137,0.559312,-0.050833,-0.086492,0.245620,0.100324
GRID_004508,303,8d83b97,-3.045587,0.886892,-0.490926,-1.496404,0.037304,-0.023446,0.196543,0.189960,0.197937
GRID_004509,303,8d83b97,-2.213768,-0.176784,-1.027388,-0.400372,-0.565557,-0.045303,0.030087,0.284636,0.054384
GRID_004510,303,8d83b97,1.338831,1.322783,0.007034,0.305961,-0.578274,0.210562,-0.049457,0.153272,0.216292
GRID_004511,303,8d83b97,1.930723,-0.677625,0.472329,-1.007581,0.014081,-0.200638,-0.073092,0.212036,0.213537
GRID_004512,303,8d83b97,2.993352,0.757929,0.572671,-1.427068,-1.368601,0.007080,0.077572,0.294475,0.077895
GRID_004513,303,8d83b97,1.094820,-0.948565,1.143165,-1.411844,-0.056773,-0.196206,0.100445,0.073150,0.220422
GRID_004514,303,8d83b97,1.215364,0.852169,0.506740,-1.032488,1.322816,0.096540,-0.036005,0.282835,0.103035
GRID_004515,303,8d83b97,-2.488601,-0.262832,1.285437,-0.559062,0.967623,0.102682,-0.140311,0.185437,0.173870
GRID_004516,303,8d83b97,2.398790,-1.410025,1.417053,-1.474788,1.372445,-0.112862,-0.117800,-0.029878,0.163140
GRID_004517,303,8d83b97,2.148324,1.040438,-1.374632,0.544866,1.001687,0.143615,0.096962,0.053058,0.173283
GRID_004518,303,8d83b97,-1.231762,0.414873,-0.651296,1.066567,-0.016158,-0.132099,-0.046492,0.257702,0.140041
GRID_004519,303,8d83b97,2.567881,0.899665,-0.604834,-0.497329,-0.768998,0.105157,0.169998,0.172968,0.199893
GRID_004520,303,8d83b97,0.807182,-1.190966,-0.724595,-1.219262,-1.327373,-0.139236,0.131428,0.228915,0.191468
GRID_004521,303,8d83b97,1.961171,0.488379,1.354620,0.320947,-0.326177,-0.064453,-0.024102,0.260776,0.068812
GRID_004522,303,8d83b97,2.594926,0.558088,-0.973714,-0.217212,1.092804,0.084867,0.147073,0.194846,0.169803
GRID_004523,303,8d83b97,0.072907,0.855502,1.293251,1.169904,-1.322800,-0.001808,-0.009524,0.271350,0.009694
GRID_004524,303,8d83b97,1.401708,1.174961,-0.103335,0.969217,-0.908647,0.205680,-0.034619,0.173942,0.208573
GRID_004525,303,8d83b97,1.262570,0.047815,0.310562,-1.426392,0.256904,-0.054646,0.017407,0.317435,0.057351
GRID_004526,303,8d83b97,-2.681082,-0.866127,-0.882816,0.166953,0.277039,0.045476,-0.100940,0.279702,0.110711
GRID_004527,303,8d83b97,2.436531,-0.021332,-1.102027,-1.558564,-0.383599,0.052719,0.067533,0.264173,0.085674
GRID_004528,303,8d83b97,3.064922,1.330848,-0.360156,-0.616062,-1.438188,0.012823,0.225796,0.105124,0.226160
GRID_004529,303,8d83b97,-0.857679,-1.364659,-0.824645,-1.402597,1.410892,0.150018,0.131371,0.204204,0.199409
GRID_004530,303,8d83b97,-2.636308,-0.362787,-0.139326,1.355537,-0.599217,0.042099,-0.084573,0.309758,0.094472
GRID_004531,303,8d83b97,-0.487811,-0.580138,-0.081330,-1.363712,0.894787,0.067842,0.132059,0.282783,0.148466
GRID_004532,303,8d83b97,-0.694161,0.483511,-0.129105,-1.192475,-0.603119,-0.068444,-0.079779,0.294524,0.105115
GRID_004533,303,8d83b97,1.642139,-1.384986,-1.504516,-0.769320,-0.846931,-0.126020,-0.007834,0.224668,0.126264
GRID_004534,303,8d83b97,0.681164,0.287333,-1.513126,1.270717,-1.158736,0.086326,-0.109283,0.172485,0.139266
GRID_004535,303,8d83b97,-1.426193,-0.711565,-0.311329,-0.842231,-0.526294,0.146174,0.020695,0.279335,0.147632
GRID_004536,303,8d83b97,-0.207352,-1.391275,-0.582419,0.492834,1.324920,0.044464,0.222622,0.177944,0.227019
GRID_004537,303,8d83b97,0.756989,0.864689,1.283494,1.376558,1.092174,0.005800,-0.008423,0.271717,0.010226
GRID_004538,303,8d83b97,0.518418,0.621714,-0.310478,-0.440052,-0.374185,0.070793,-0.127989,0.260255,0.146263
GRID_004539,303,8d83b97,1.170280,-1.355783,0.450235,-0.515957,0.500370,-0.233888,0.098701,0.062099,0.253861
GRID_004540,303,8d83b97,-2.071313,0.469405,-1.108194,-0.894201,0.859663,-0.146800,0.077264,0.193767,0.165892
GRID_004541,303,8d83b97,1.427728,1.491229,0.732562,-0.790260,0.625253,0.178558,-0.025192,0.191917,0.180327
GRID_004542,303,8d83b97,-2.787509,0.872878,-0.224371,-0.443317,-0.087307,-0.067731,0.170781,0.224076,0.183721
GRID_004543,303,8d83b97,0.266990,1.202629,0.545822,-0.507367,1.069870,0.040990,-0.158517,0.232154,0.163731
GRID_004544,303,8d83b97,-1.397220,1.415447,0.960286,-1.164490,0.002034,-0.150225,-0.026757,0.220471,0.152589
GRID_004545,303,8d83b97,-0.139883,0.602992,1.138277,-0.241974,-0.850826,0.000807,0.023268,0.283562,0.023282
GRID_004546,303,8d83b97,0.323075,0.909836,0.928718,0.133229,0.256806,0.018022,-0.060989,0.282164,0.063596
GRID_004547,303,8d83b97,1.368824,0.740253,0.943484,-0.313880,-1.561606,0.023717,-0.004553,0.291985,0.024150
GRID_004548,303,8d83b97,-2.985793,1.196048,-1.068648,0.320265,0.860777,-0.035019,0.194524,0.051709,0.197651
GRID_004549,303,8d83b97,3.124348,-0.835410,-1.173048,0.281902,0.705336,-0.005630,-0.069266,0.278073,0.069495
GRID_004550,303,8d83b97,0.905171,-0.338001,-1.166805,-0.945403,-0.824327,0.021959,-0.018705,0.281113,0.028846
GRID_004551,303,8d83b97,-0.187153,-0.510351,-1.365871,0.847709,0.379017,-0.005480,-0.015867,0.269771,0.016786
GRID_004552,303,8d83b97,1.520098,0.272215,-0.513039,0.466466,0.710835,0.093942,-0.003889,0.289775,0.094022
GRID_004553,303,8d83b97,-2.259039,1.126465,-0.444789,0.174527,-0.238564,-0.172060,0.137272,0.142573,0.220110
GRID_004554,303,8d83b97,-0.629198,-0.989614,-0.111879,-1.113990,0.295580,0.125373,0.175144,0.214897,0.215392
GRID_004555,303,8d83b97,2.105567,-0.328374,-0.578507,1.159158,1.194286,-0.031893,-0.015631,0.314590,0.035518
GRID_004556,303,8d83b97,2.870088,0.085591,0.482430,1.557654,-1.259074,-0.022013,-0.062768,0.310656,0.066516
GRID_004557,303,8d83b97,-2.767375,1.239956,0.267890,0.002178,1.357623,-0.075998,0.181798,0.200890,0.197044
GRID_004558,303,8d83b97,-1.207570,-0.469279,1.467205,-0.792495,-1.401421,0.171048,0.065336,0.128093,0.183102
GRID_004559,303,8d83b97,-2.616633,0.958703,0.201210,0.949192,-0.056579,-0.084884,0.138458,0.249067,0.162407
GRID_004560,303,8d83b97,-0.373334,-1.554188,-1.329496,1.179916,0.771832,0.058550,0.155639,0.199649,0.166287
GRID_004561,303,8d83b97,1.094555,-0.271237,0.513212,0.639878,1.084669,-0.132264,0.067618,0.275108,0.148546
GRID_004562,303,8d83b97,-2.306129,-0.996113,0.395478,0.125657,-0.875385,0.174670,-0.162558,0.153614,0.238611
GRID_004563,303,8d83b97,-2.555048,0.112475,-1.085037,-1.198044,0.777331,-0.065515,0.091577,0.250950,0.112599
GRID_004564,303,8d83b97,-1.687109,-0.345011,-0.768298,-0.019956,0.417141,0.009268,-0.002541,0.308031,0.009610
GRID_004565,303,8d83b97,1.500453,-0.283968,-1.375963,-1.306847,0.112175,0.055013,-0.003172,0.257169,0.055104
GRID_004566,303,8d83b97,2.052899,0.061244,-1.422131,-1.261809,1.407843,0.098346,0.054327,0.216450,0.112354
GRID_004567,303,8d83b97,1.157328,-0.956699,1.409860,-0.819612,0.614550,-0.181280,0.079024,0.046195,0.197756
GRID_004568,303,8d83b97,-2.124865,1.004043,-1.107879,0.235285,-0.574924,-0.170949,0.102454,0.087934,0.199300
GRID_004569,303,8d83b97,1.952758,-0.949127,1.351955,-0.494575,0.158963,-0.189664,-0.073804,0.052571,0.203518
GRID_004570,303,8d83b97,2.915585,1.311173,-1.100354,-0.781892,1.076098,0.038086,0.185075,0.024735,0.188953
GRID_004571,303,8d83b97,-1.291004,-0.893942,0.236965,-1.087750,-0.749707,0.214626,0.061538,0.195812,0.223274
GRID_004572,303,8d83b97,-1.664517,-0.751877,0.872478,1.398060,1.191606,0.218982,-0.021929,0.146432,0.220078
GRID_004573,303,8d83b97,-0.754387,-0.266607,0.874440,-0.977715,-1.084848,0.112506,0.121899,0.236362,0.165882
GRID_004574,303,8d83b97,1.026040,-0.045942,1.434300,1.446048,0.881990,-0.132277,0.079125,0.198948,0.154136
GRID_004575,303,8d83b97,-2.135754,0.985887,-0.731870,-1.519372,-0.771374,-0.180304,0.110860,0.137844,0.211659
GRID_004576,303,8d83b97,2.932922,0.932065,-0.497183,-0.560756,-0.773981,0.037460,0.198315,0.179526,0.201822
GRID_004577,303,8d83b97,0.236140,0.293453,-0.173541,0.265063,-1.242785,0.012918,-0.063430,0.310594,0.064732
GRID_004578,303,8d83b97,-0.791624,0.497496,0.974186,1.540925,-0.379934,0.017240,0.019026,0.293684,0.025675
GRID_004579,303,8d83b97,-0.334844,0.145834,-1.556549,0.906627,1.556012,-0.044166,-0.119842,0.187887,0.127721
GRID_004580,303,8d83b97,-1.763919,0.266593,0.535932,0.636882,-0.833503,0.025325,-0.006704,0.314102,0.026198
GRID_004581,303,8d83b97,-0.207304,1.190839,-0.585208,-1.274734,0.089690,-0.047658,-0.215329,0.109680,0.220540
GRID_004582,303,8d83b97,-2.559894,-1.099328,0.338979,0.642543,-0.732573,0.131534,-0.207210,0.137003,0.245433
GRID_004583,303,8d83b97,-2.092809,-0.061967,0.056844,1.139912,0.423761,0.038586,-0.025431,0.321587,0.046213
GRID_004584,303,8d83b97,0.059093,0.135187,1.452249,-1.439019,1.219553,-0.010087,0.127720,0.219515,0.128118
GRID_004585,303,8d83b97,-1.880624,-0.475067,1.145832,-1.003062,1.208064,0.184731,-0.061269,0.166405,0.194627
GRID_004586,303,8d83b97,-1.482534,-1.215896,0.859260,-1.187328,0.190703,0.227848,0.019446,0.046886,0.228677
GRID_004587,303,8d83b97,0.564886,0.391952,-0.399853,1.335459,0.272069,0.057128,-0.093596,0.285158,0.109653
GRID_004588,303,8d83b97,-1.571577,0.963186,0.517120,-0.187840,-1.422439,-0.130253,-0.000960,0.268790,0.130256
GRID_004589,303,8d83b97,2.215561,0.592337,0.015177,0.516487,-0.326797,0.083917,0.067035,0.290695,0.107405
GRID_004590,303,8d83b97,-1.307552,0.873303,0.403171,-0.606457,1.397405,-0.121903,-0.033030,0.275724,0.126299
GRID_004591,303,8d83b97,-0.931572,0.061769,0.637916,-1.513563,1.553115,0.067528,0.051459,0.298688,0.084900
GRID_004592,303,8d83b97,2.931601,0.098519,0.227514,-0.061482,0.137346,-0.011095,-0.030748,0.321692,0.032688
GRID_004593,303,8d83b97,0.714211,0.981125,0.456177,-1.389979,-0.477157,0.087259,-0.103038,0.263024,0.135022
GRID_004594,303,8d83b97,-3.136609,1.007430,0.374803,-0.909869,0.609963,-0.005264,0.151026,0.253795,0.151118
GRID_004595,303,8d83b97,2.470765,-0.638294,1.565463,0.140920,-1.430808,-0.118774,-0.143882,0.088389,0.186572
GRID_004596,303,8d83b97,2.129968,-0.377245,0.078542,-1.479906,1.247106,-0.109801,-0.065297,0.297318,0.127750
GRID_004597,303,8d83b97,-2.580239,0.742658,1.041420,1.451381,-1.239095,-0.012882,0.013140,0.287965,0.018401
GRID_004598,303,8d83b97,-1.186112,-0.295777,0.346086,-0.850244,0.531553,0.122347,0.049774,0.287037,0.132084
GRID_004599,303,8d83b97,0.279578,-0.636722,-1.412393,-1.420717,-0.285812,-0.003538,0.003735,0.268237,0.005145
GRID_004600,303,8d83b97,-0.905290,-0.168298,0.768006,1.324237,1.105246,0.111597,0.089000,0.262627,0.142741
GRID_004601,303,8d83b97,1.015692,-0.437249,-0.823841,1.430945,-0.657593,-0.025986,0.015180,0.305101,0.030095
GRID_004602,303,8d83b97,-2.294983,-1.518433,-0.075212,-0.169875,-0.509016,0.189212,-0.171855,0.088970,0.255608
GRID_004603,303,8d83b97,2.950174,1.151156,0.754998,-0.483278,0.354751,0.020715,0.130065,0.252297,0.131704
GRID_004604,303,8d83b97,1.486885,-1.100866,0.259009,-0.343786,0.920142,-0.248829,0.021699,0.146810,0.249773
GRID_004605,303,8d83b97,0.825932,1.212459,-1.346963,-1.424174,-0.715403,0.123383,-0.115652,0.023059,0.169112
GRID_004606,303,8d83b97,-0.511668,-1.511960,-0.246954,0.827013,-0.813168,0.122244,0.221632,0.112228,0.253109
GRID_004607,303,8d83b97,-0.226596,0.829117,-0.876800,0.293879,0.641772,-0.046718,-0.192244,0.153349,0.197839
GRID_004608,303,8d83b97,1.825880,-0.561816,0.780322,0.158458,0.572174,-0.202835,-0.050949,0.196568,0.209136
GRID_004609,303,8d83b97,-2.965169,-0.775448,1.200788,0.839768,0.643171,0.032862,-0.209153,0.101685,0.211719
GRID_004610,303,8d83b97,0.879967,0.874684,1.442670,0.260262,-1.465819,-0.005071,0.002524,0.260697,0.005665
GRID_004611,303,8d83b97,1.302992,0.259806,0.049103,-0.816770,-0.567275,0.025941,-0.006959,0.320239,0.026858
GRID_004612,303,8d83b97,-0.762023,1.233155,0.909529,-0.650587,-0.316796,-0.090602,-0.092788,0.246191,0.129685
GRID_004613,303,8d83b97,0.332765,0.263576,1.510830,1.339069,0.328226,-0.038901,0.105344,0.225800,0.112297
GRID_004614,303,8d83b97,0.807563,-1.349544,-0.713329,-0.309903,1.138040,-0.155520,0.146907,0.198436,0.213934
GRID_004615,303,8d83b97,-1.691781,0.732570,0.069418,-0.326546,0.790566,-0.135372,0.014945,0.275354,0.136194
GRID_004616,303,8d83b97,-2.988993,-0.890345,-0.998297,1.367602,-0.497281,0.011090,-0.101198,0.277534,0.101804
GRID_004617,303,8d83b97,0.796459,1.415086,-1.063046,-0.424576,-0.774678,0.130570,-0.129697,0.007057,0.184038
GRID_004618,303,8d83b97,-0.723937,0.316783,-1.380641,-0.428630,0.852013,-0.099554,-0.110158,0.184670,0.148478
GRID_004619,303,8d83b97,0.952110,-1.157858,-1.357000,0.470814,-0.692362,-0.089098,0.062140,0.249334,0.108628
GRID_004620,303,8d83b97,-0.976283,-0.528885,1.448851,0.823115,1.355518,0.154464,0.105650,0.119798,0.187139
GRID_004621,303,8d83b97,-0.347238,1.471855,-0.012135,-1.205151,-0.683508,-0.080159,-0.215135,0.115384,0.229583
GRID_004622,303,8d83b97,0.444047,0.045327,0.195789,0.642670,0.739614,-0.019904,0.037071,0.321340,0.042076
GRID_004623,303,8d83b97,2.446604,-1.329035,0.596704,1.157505,1.349963,-0.160916,-0.187250,0.050876,0.246894
GRID_004624,303,8d83b97,0.425518,1.537054,-0.390974,-0.858901,-0.092404,0.090586,-0.204911,0.051636,0.224041
GRID_004625,303,8d83b97,0.065377,-1.066603,-0.155604,-1.221377,-0.459357,-0.017024,0.223788,0.203534,0.224435
GRID_004626,303,8d83b97,2.839837,1.342234,0.048996,0.100361,-0.381513,0.060703,0.209719,0.153802,0.218328
GRID_004627,303,8d83b97,-0.965327,0.072570,-0.453566,0.008966,-1.444395,-0.041386,-0.027565,0.311203,0.049726
GRID_004628,303,8d83b97,2.430770,0.358549,1.316645,1.522035,-0.017751,-0.060376,-0.064687,0.256735,0.088485
GRID_004629,303,8d83b97,1.427072,0.447720,-0.011523,-1.271729,-0.344127,0.077459,-0.010631,0.305080,0.078185
GRID_004630,303,8d83b97,-2.880320,1.041063,-1.300705,-0.290270,-0.436225,-0.051526,0.176049,0.059922,0.183434
GRID_004631,303,8d83b97,-1.800372,0.099201,-0.187436,-1.174719,0.669852,-0.024306,0.003759,0.321164,0.024595
GRID_004632,303,8d83b97,-2.184395,0.739944,-1.158833,-1.492345,-1.416811,-0.155609,0.105945,0.136142,0.188251
GRID_004633,303,8d83b97,-2.041385,0.279194,0.988032,-0.093003,-0.813176,0.063276,-0.035067,0.284252,0.072343
GRID_004634,303,8d83b97,0.319052,-0.409788,0.193882,1.279944,1.261103,-0.047553,0.136911,0.285087,0.144934
GRID_004635,303,8d83b97,-0.373636,0.368400,1.346747,-0.066056,0.233090,0.028951,0.080070,0.254137,0.085143
GRID_004636,303,8d83b97,2.799838,-1.222886,0.952608,-0.782806,0.041917,-0.079755,-0.211552,0.035701,0.226086
GRID_004637,303,8d83b97,0.168226,0.284927,-0.619715,-1.067720,0.552540,0.015971,-0.108074,0.278737,0.109248
GRID_004638,303,8d83b97,2.715114,1.349333,1.045867,-0.002342,0.179177,0.049023,0.117856,0.233918,0.127645
GRID_004639,303,8d83b97,1.507723,-1.349039,0.588301,-0.670230,0.992760,-0.247382,0.016439,0.047234,0.247927
GRID_004640,303,8d83b97,0.102763,-1.310521,0.898802,-0.183279,1.268742,-0.025516,0.223734,0.022490,0.225185
GRID_004641,303,8d83b97,-2.676262,-0.604176,1.050036,-0.913629,1.408651,0.089887,-0.188089,0.153963,0.208464
GRID_004642,303,8d83b97,-2.631636,0.011353,-1.257383,-1.140272,0.948886,-0.054295,0.088903,0.242882,0.104172
GRID_004643,303,8d83b97,-1.929703,0.286394,-0.440776,1.112833,-1.082620,-0.091211,0.031775,0.294088,0.096588
GRID_004644,303,8d83b97,0.990672,-0.469987,-0.720115,0.129006,0.671425,-0.042542,0.026856,0.307601,0.050310
GRID_004645,303,8d83b97,3.048430,-1.278765,-0.748078,1.145599,0.085250,-0.022991,-0.197980,0.214693,0.199310
GRID_004646,303,8d83b97,-3.070633,-0.317317,-1.218319,-1.539208,-0.577421,-0.007280,0.040062,0.275382,0.040718
GRID_004647,303,8d83b97,0.595156,-0.824263,-0.907248,1.154976,0.823997,-0.058992,0.083849,0.283642,0.102522
GRID_004648,303,8d83b97,-2.754770,0.880597,-0.977129,0.653881,-1.372049,-0.079238,0.183357,0.129769,0.199746
GRID_004649,303,8d83b97,3.050121,-1.201045,-1.472211,-1.287366,1.566874,-0.013381,-0.098003,0.243077,0.098913
GRID_004650,303,8d83b97,-0.431687,0.489466,0.369216,0.074079,-0.888075,-0.020875,-0.040373,0.312486,0.045451
GRID_004651,303,8d83b97,-2.982157,-0.442812,1.190307,0.663527,-0.749369,0.026463,-0.192085,0.166650,0.193900
GRID_004652,303,8d83b97,0.829906,-0.538177,1.453467,0.528000,-0.782207,-0.143091,0.128966,0.117636,0.192633
GRID_004653,303,8d83b97,-2.933933,-1.110360,0.829484,0.677455,-1.433499,0.044220,-0.231167,0.073500,0.235359
GRID_004654,303,8d83b97,-0.250690,0.582424,-1.145808,0.282740,1.360543,-0.045718,-0.169060,0.168334,0.175133
GRID_004655,303,8d83b97,2.253287,0.987516,1.307189,-0.506248,-0.306448,0.021548,0.021523,0.265952,0.030455
GRID_004656,303,8d83b97,0.902181,0.454949,-0.718542,1.276795,-0.614977,0.113262,-0.090883,0.243988,0.145217
GRID_004657,303,8d83b97,-2.814965,0.616976,1.228388,-0.397191,1.048053,0.005290,-0.028788,0.276849,0.029270
GRID_004658,303,8d83b97,1.997946,-0.737392,-0.378145,-1.312038,-1.181771,-0.139059,-0.060562,0.279524,0.151675
GRID_004659,303,8d83b97,2.896802,1.546859,-0.820111,-1.104405,0.459573,0.043646,0.192782,0.001858,0.197661
GRID_004660,303,8d83b97,-2.779823,0.450684,-0.084861,1.237230,0.201148,-0.036588,0.084515,0.300889,0.092095
GRID_004661,303,8d83b97,2.254567,-0.058158,-0.319963,0.788159,1.559259,-0.004369,0.000624,0.321505,0.004413
GRID_004662,303,8d83b97,1.984742,0.873258,-1.364047,0.311071,-1.309527,0.159781,0.072747,0.086134,0.175562
GRID_004663,303,8d83b97,1.730589,-1.204171,0.481237,-0.473658,0.711763,-0.250398,-0.038745,0.094188,0.253378
GRID_004664,303,8d83b97,0.915988,-1.182901,0.094749,0.100413,0.181137,-0.199566,0.151925,0.148281,0.250814
GRID_004665,303,8d83b97,-0.680787,0.144022,-0.261468,-0.403213,-1.317369,-0.028415,-0.032539,0.316568,0.043199
GRID_004666,303,8d83b97,3.121678,-0.642487,-1.084256,1.113037,-0.357718,-0.005257,-0.040573,0.289650,0.040912
GRID_004667,303,8d83b97,3.015392,0.426243,0.953499,-0.907254,-1.126274,-0.009615,-0.040680,0.293622,0.041800
GRID_004668,303,8d83b97,0.368088,-0.684018,1.049471,1.198935,0.831511,-0.079998,0.201201,0.138142,0.216521
GRID_004669,303,8d83b97,0.293337,0.309268,0.148873,-0.235011,-0.336386,0.006078,-0.027844,0.319572,0.028500
GRID_004670,303,8d83b97,-2.974041,-0.858377,-1.569850,0.176072,0.799994,0.000364,-0.028093,0.255092,0.028095
GRID_004671,303,8d83b97,1.158684,0.487944,-0.792343,1.280885,0.820742,0.140716,-0.061901,0.229867,0.153730
GRID_004672,303,8d83b97,2.562805,-0.931771,-1.226948,-1.282403,0.169956,-0.048772,-0.067583,0.270440,0.083344
GRID_004673,303,8d83b97,2.436304,-0.715373,1.413028,-0.631296,-1.527622,-0.131942,-0.149509,0.090074,0.199404
GRID_004674,303,8d83b97,1.093823,-0.543063,0.246156,-1.293054,-0.962633,-0.157967,0.081042,0.261032,0.177543
GRID_004675,303,8d83b97,-1.260535,-1.113575,-1.491824,1.018621,1.459481,0.074443,0.023982,0.249120,0.078211
GRID_004676,303,8d83b97,-2.266804,0.081926,-0.038553,-1.192720,0.647292,-0.002704,-0.002037,0.324120,0.003385
GRID_004677,303,8d83b97,1.329110,-0.734526,-0.893624,-0.606170,-0.459952,-0.084459,0.021013,0.290776,0.087034
GRID_004678,303,8d83b97,0.472650,0.133557,0.479855,0.637992,-0.211220,-0.027098,0.048551,0.313004,0.055602
GRID_004679,303,8d83b97,0.958240,-0.203320,-0.630554,-1.253531,-0.531594,-0.000146,-0.001046,0.312924,0.001056
GRID_004680,303,8d83b97,1.044186,1.171770,1.301135,-0.970775,0.303001,0.055009,-0.032905,0.254403,0.064099
GRID_004681,303,8d83b97,-0.122074,-1.484795,-0.033172,0.584126,-0.956577,0.029046,0.256034,0.091827,0.257677
GRID_004682,303,8d83b97,-1.804323,1.504358,1.318764,-0.662664,-0.449305,-0.117929,0.026254,0.218744,0.120816
GRID_004683,303,8d83b97,-2.311310,-0.989456,1.152011,-0.106659,-0.422721,0.155518,-0.146620,0.063919,0.213736
GRID_004684,303,8d83b97,-2.577653,0.434545,0.850316,-1.445663,-1.319165,0.010669,-0.024226,0.300578,0.026471
GRID_004685,303,8d83b97,-2.920156,0.255578,-0.942501,1.241750,1.285926,-0.032379,0.123855,0.248439,0.128018
GRID_004686,303,8d83b97,1.865252,-0.045676,1.219140,-0.613836,-0.504492,-0.144986,-0.041935,0.226204,0.150929
GRID_004687,303,8d83b97,-0.042792,0.048244,-0.509846,1.235286,1.161414,-0.004429,-0.047680,0.309408,0.047886
GRID_004688,303,8d83b97,1.752363,0.257847,0.213143,0.117461,-0.331704,0.005013,0.002632,0.321535,0.005662
GRID_004689,303,8d83b97,-2.695140,-0.387080,-0.319292,-0.526363,0.072654,0.029789,-0.071930,0.312852,0.077855
GRID_004690,303,8d83b97,-1.293360,-1.458528,-1.331037,0.576632,1.174940,0.146066,0.041570,0.213834,0.151866
GRID_004691,303,8d83b97,-0.810877,-1.257434,-0.925385,0.535645,0.772126,0.124857,0.120514,0.229258,0.173530
GRID_004692,303,8d83b97,-1.356531,-0.263996,1.211218,-0.881862,-0.767305,0.168867,0.036508,0.194733,0.172768
GRID_004693,303,8d83b97,0.854474,0.921443,-0.325701,-0.180615,0.079187,0.144187,-0.127119,0.202686,0.192222
GRID_004694,303,8d83b97,0.481337,-1.269734,-0.352030,1.216992,-0.666133,-0.110444,0.207146,0.180684,0.234749
GRID_004695,303,8d83b97,1.410417,0.427815,1.353331,-0.151136,-0.344137,-0.078677,0.013106,0.257441,0.079761
GRID_004696,303,8d83b97,-2.665256,0.783087,1.032004,1.437927,1.438489,-0.016105,0.022366,0.286970,0.027561
GRID_004697,303,8d83b97,-1.478763,-1.444905,1.384040,0.281623,-0.442124,0.156917,0.013859,-0.033990,0.157528
GRID_004698,303,8d83b97,-1.699046,-0.146314,0.582000,0.718651,0.014414,0.121842,-0.017218,0.283932,0.123053
GRID_004699,303,8d83b97,2.736419,0.818932,0.999163,-0.334902,-0.440591,0.010280,0.034514,0.286527,0.036012
GRID_004700,303,8d83b97,-1.608147,-0.208742,-0.482665,1.369336,-0.268344,0.012621,-0.001674,0.318213,0.012732
GRID_004701,303,8d83b97,1.613365,-0.868964,-0.879345,-0.562988,0.761594,-0.116560,-0.003802,0.279396,0.116622
GRID_004702,303,8d83b97,0.071134,-1.131137,-0.248504,0.185449,-0.183889,-0.018394,0.224818,0.199676,0.225569
GRID_004703,303,8d83b97,2.871368,0.025683,-0.136874,-0.572540,-0.890818,-0.005310,-0.002691,0.323839,0.005953
GRID_004704,303,8d83b97,-1.717106,0.489708,0.515532,0.095824,-0.756554,-0.028659,0.002644,0.312069,0.028780
GRID_004705,303,8d83b97,-2.684545,0.561317,-0.120404,-1.445085,-1.336121,-0.056634,0.105697,0.285456,0.119913
GRID_004706,303,8d83b97,0.202940,-0.151114,-0.370672,0.362247,1.560311,-0.005705,0.016254,0.320893,0.017226
GRID_004707,303,8d83b97,2.911291,1.428179,0.217447,1.030699,0.044557,0.045169,0.212042,0.153768,0.216799
GRID_004708,303,8d83b97,-1.715909,-0.799863,1.502364,1.078144,1.123593,0.183947,-0.028315,0.066248,0.186114
GRID_004709,303,8d83b97,-0.628908,-0.516353,0.434855,1.194358,-1.405028,0.105680,0.148215,0.246016,0.182033
GRID_004710,303,8d83b97,0.909871,-1.454859,0.957375,-1.066744,-1.248798,-0.167536,0.128841,-0.012048,0.211349
GRID_004711,303,8d83b97,-0.980470,-0.311126,1.552379,-0.648399,0.079864,0.140889,0.095617,0.144344,0.170272
GRID_004712,303,8d83b97,0.136056,-0.697721,0.198315,-0.210507,1.404007,-0.029128,0.195448,0.239207,0.197607
GRID_004713,303,8d83b97,-1.495870,-1.141165,-0.444962,0.261739,-1.158307,0.206259,0.014665,0.216603,0.206780
GRID_004714,303,8d83b97,0.334649,-1.415169,0.906847,-1.504546,1.291645,-0.073757,0.205231,0.000044,0.218083
GRID_004715,303,8d83b97,1.896433,-0.515799,-0.742241,-0.689490,-0.126200,-0.055917,-0.016627,0.305404,0.058337
GRID_004716,303,8d83b97,-1.244920,-0.405870,-0.020791,0.739631,-0.087227,0.110441,0.037340,0.300174,0.116583
GRID_004717,303,8d83b97,0.386724,0.286151,1.395396,0.115240,-1.301066,-0.041432,0.095719,0.241890,0.104302
GRID_004718,303,8d83b97,2.203936,-0.174188,-0.991146,0.489158,-0.838178,0.035240,0.029641,0.287678,0.046049
GRID_004719,303,8d83b97,0.715649,-1.226546,1.022768,0.474673,-1.423623,-0.146301,0.165802,0.028142,0.221120
GRID_004720,303,8d83b97,-1.111918,0.160894,1.098780,1.122395,0.861378,0.093175,0.046640,0.264022,0.104197
GRID_004721,303,8d83b97,-2.742545,-1.412993,1.097529,1.014710,0.416976,0.072528,-0.182700,-0.014387,0.196570
GRID_004722,303,8d83b97,-0.276405,-0.250161,-1.566197,1.085531,0.830778,-0.022857,-0.071810,0.232444,0.075360
GRID_004723,303,8d83b97,2.207966,-0.253644,-0.465580,0.442939,-1.017004,-0.027381,-0.016398,0.318193,0.031915
GRID_004724,303,8d83b97,-1.960588,0.421730,-0.013465,1.458293,-0.716395,-0.074102,0.027850,0.307391,0.079162
GRID_004725,303,8d83b97,-1.713800,-0.540406,0.727192,0.068929,-1.102993,0.196183,-0.029791,0.207298,0.198432
GRID_004726,303,8d83b97,1.683264,-0.773422,0.695028,1.359227,-0.537384,-0.228285,-0.024368,0.164514,0.229581
GRID_004727,303,8d83b97,1.315403,1.079425,1.414180,-1.397430,-0.486424,0.032619,-0.008471,0.256193,0.033701
GRID_004728,303,8d83b97,0.405600,-1.211480,1.313503,1.112882,-1.192760,-0.077998,0.175978,0.007579,0.192488
GRID_004729,303,8d83b97,2.192541,-1.295560,-1.344246,0.042676,-0.883732,-0.109568,-0.074869,0.235060,0.132704
GRID_004730,303,8d83b97,-0.160209,-0.796463,-1.545230,-1.039071,-1.476181,0.000634,0.019456,0.257670,0.019466
GRID_004731,303,8d83b97,-1.736448,0.945129,-1.356262,-0.824068,1.066911,-0.180443,0.028610,0.073085,0.182697
GRID_004732,303,8d83b97,-0.504685,-0.449660,1.526002,0.627752,0.633118,0.085402,0.158964,0.124685,0.180452
GRID_004733,303,8d83b97,-1.835117,-0.905185,1.232961,1.249100,1.480758,0.200027,-0.056069,0.072462,0.207736
GRID_004734,303,8d83b97,-3.062244,0.214570,-0.304895,-1.222960,0.434946,-0.009481,0.062307,0.309816,0.063024
GRID_004735,303,8d83b97,2.129681,1.178259,1.458151,-0.944472,0.946257,0.037508,0.026687,0.248522,0.046033
GRID_004736,303,8d83b97,0.018643,0.183143,-1.285401,0.673830,1.238147,-0.000071,-0.129235,0.217111,0.129235
GRID_004737,303,8d83b97,1.544552,1.202204,-1.539138,-0.850056,0.376043,0.148017,-0.003058,0.011825,0.148049
GRID_004738,303,8d83b97,0.393610,1.516438,-1.218940,-1.095765,-0.357463,0.059269,-0.148485,-0.023281,0.159877
GRID_004739,303,8d83b97,0.571972,-0.932471,-0.450838,0.604837,1.338783,-0.098338,0.149354,0.254744,0.178821
GRID_004740,303,8d83b97,0.932743,1.467915,1.338956,1.500437,-0.815195,0.085243,-0.064611,0.223611,0.106962
GRID_004741,303,8d83b97,-1.583015,-1.266155,-0.223100,-1.258313,-1.198158,0.237539,-0.004028,0.167204,0.237573
GRID_004742,303,8d83b97,-0.471146,1.467567,0.809341,1.000788,1.277572,-0.081110,-0.154701,0.202320,0.174675
GRID_004743,303,8d83b97,-0.447754,1.134997,-0.470459,1.481330,-0.752526,-0.096920,-0.197080,0.137321,0.219622
GRID_004744,303,8d83b97,-2.986126,-1.522473,1.292441,-0.852259,-0.136364,0.020881,-0.161341,-0.042598,0.162687
GRID_004745,303,8d83b97,2.780326,1.195221,1.466444,-0.461144,0.218306,0.013626,0.047774,0.247087,0.049679
GRID_004746,303,8d83b97,0.469343,-1.112519,0.514010,-0.496261,1.479799,-0.114322,0.220928,0.111588,0.248755
GRID_004747,303,8d83b97,-2.020867,-1.467125,-1.071813,1.116460,0.526213,0.164983,-0.082497,0.201762,0.184459
GRID_004748,303,8d83b97,2.323615,0.433246,0.462036,-1.506701,0.730983,0.009648,0.013705,0.314749,0.016760
GRID_004749,303,8d83b97,-1.260969,0.470380,0.064560,-1.433245,-0.191467,-0.077056,-0.024704,0.306424,0.080920
GRID_004750,303,8d83b97,-3.071422,-0.467368,-0.214499,1.016950,0.035810,0.003233,-0.110430,0.303282,0.110477
GRID_004751,303,8d83b97,-2.752246,-0.163264,-0.544488,-0.502599,-1.447245,-0.005308,0.001729,0.315883,0.005582
GRID_004752,303,8d83b97,-0.824339,-0.672924,-1.264816,0.011515,-1.397351,0.016329,0.016961,0.279069,0.023544
GRID_004753,303,8d83b97,-2.896745,0.127564,-1.059695,1.230236,1.347612,-0.031529,0.108234,0.251986,0.112733
GRID_004754,303,8d83b97,-3.109861,-0.671373,0.795414,0.517825,0.728245,0.002434,-0.217428,0.172937,0.217442
GRID_004755,303,8d83b97,-2.231204,-0.860758,1.444585,-1.242464,-1.079710,0.149068,-0.119643,0.060543,0.191143
GRID_004756,303,8d83b97,0.374819,0.240653,-1.534769,0.839876,-0.271089,0.047415,-0.126764,0.176877,0.135342
GRID_004757,303,8d83b97,0.646905,1.374341,0.630637,-1.161493,-1.108613,0.105792,-0.142916,0.206569,0.177812
GRID_004758,303,8d83b97,1.159145,1.058064,1.446177,-0.643393,-0.751401,0.024006,-0.010993,0.255491,0.026403
GRID_004759,303,8d83b97,1.801871,-0.626260,-1.434515,-0.403666,0.162634,-0.003221,0.001015,0.266239,0.003377
GRID_004760,303,8d83b97,-2.338079,-0.970507,0.182565,0.927579,1.492256,0.163270,-0.162283,0.185783,0.230202
GRID_004761,303,8d83b97,-0.799431,0.689180,-0.435076,1.365418,0.998569,-0.123477,-0.118202,0.235614,0.170934
GRID_004762,303,8d83b97,-1.046728,-0.917019,-0.526943,0.253415,0.623343,0.140524,0.081980,0.261884,0.162689
GRID_004763,303,8d83b97,-0.690850,1.145167,1.447925,1.065959,0.933458,-0.031082,-0.034875,0.250981,0.046715
GRID_004764,303,8d83b97,-1.661113,-0.392175,-0.605557,0.672867,0.633157,0.040219,-0.005023,0.312466,0.040531
GRID_004765,303,8d83b97,-2.619221,1.488524,-0.958075,1.268651,1.368950,-0.099518,0.164821,0.001322,0.192535
GRID_004766,303,8d83b97,-2.601327,0.097360,0.791257,0.350868,0.520252,0.044531,-0.081986,0.288776,0.093299
GRID_004767,303,8d83b97,-2.363782,1.426614,-0.104959,-1.398918,-0.510584,-0.164458,0.161925,0.114576,0.230794
GRID_004768,303,8d83b97,-2.678331,-0.885497,-0.872785,-1.272868,0.776910,0.048047,-0.105398,0.277659,0.115833
GRID_004769,303,8d83b97,2.919504,-1.028620,-1.454826,0.366446,0.178573,-0.020068,-0.069330,0.255999,0.072176
GRID_004770,303,8d83b97,0.483987,-0.786322,0.289903,0.922275,-0.393240,-0.102942,0.191540,0.211923,0.217450
GRID_004771,303,8d83b97,-0.608381,-0.770452,1.175413,0.081102,1.470206,0.119414,0.174705,0.105588,0.211616
GRID_004772,303,8d83b97,2.943518,0.177012,-0.167737,0.592118,-0.838595,0.002857,0.036885,0.318434,0.036996
GRID_004773,303,8d83b97,2.720535,-1.544816,0.638295,0.855146,1.350594,-0.098345,-0.209371,-0.002104,0.231317
GRID_004774,303,8d83b97,-2.209001,-0.959323,1.420468,-0.191814,-0.947873,0.151391,-0.116013,0.044849,0.190731
GRID_004775,303,8d83b97,1.279253,1.453681,-1.452074,-0.719211,1.230144,0.131064,-0.039394,-0.024270,0.136856
GRID_004776,303,8d83b97,-2.401226,0.934034,0.933089,0.337350,-0.412367,-0.050705,0.050222,0.280172,0.071368
GRID_004777,303,8d83b97,2.450751,-0.207270,0.680549,1.547665,0.476644,-0.097561,-0.112223,0.266761,0.148701
GRID_004778,303,8d83b97,-1.234109,-0.116370,0.708959,0.732854,-1.194069,0.120756,0.042374,0.275241,0.127975
GRID_004779,303,8d83b97,2.533221,0.226802,0.117598,-1.284388,1.286298,0.003379,0.011674,0.322208,0.012154
GRID_004780,303,8d83b97,-0.401080,-0.335956,1.506782,1.356597,0.343383,0.066399,0.162376,0.145812,0.175427
GRID_004781,303,8d83b97,0.676766,0.341140,0.454334,-0.444836,1.161515,-0.003789,0.002096,0.316936,0.004330
GRID_004782,303,8d83b97,1.352954,-0.724817,-1.389031,1.027102,-1.465894,-0.025411,0.005826,0.270094,0.026071
GRID_004783,303,8d83b97,-1.780543,0.905719,0.323380,-1.215875,-1.195094,-0.138961,0.027749,0.266542,0.141704
GRID_004784,303,8d83b97,0.028294,-0.949079,1.153751,-0.041845,-1.304770,-0.008612,0.216528,0.071925,0.216699
GRID_004785,303,8d83b97,2.286224,0.158428,-0.301455,0.861446,-1.209867,0.032953,0.033046,0.313903,0.046668
GRID_004786,303,8d83b97,-2.262858,-1.330957,0.021796,-1.292671,1.375072,0.191878,-0.163295,0.122219,0.251957
GRID_004787,303,8d83b97,-1.967538,-0.969475,-0.204793,-1.150756,1.441873,0.187144,-0.081026,0.228123,0.203932
GRID_004788,303,8d83b97,-0.267855,-0.692790,0.942783,0.794042,-1.228131,0.055292,0.210258,0.149765,0.217406
GRID_004789,303,8d83b97,-0.546306,-0.196113,0.175375,1.144079,-1.214050,0.046926,0.080778,0.309044,0.093419
GRID_004790,303,8d83b97,-1.691674,-0.102142,-0.617222,-0.323946,-1.274003,-0.028629,0.001988,0.310761,0.028698
GRID_004791,303,8d83b97,-1.407597,0.105604,0.592241,1.397570,-0.788898,0.068861,0.010841,0.304911,0.069709
GRID_004792,303,8d83b97,2.939563,-0.285196,0.624967,-0.875129,1.046955,-0.035932,-0.153424,0.261862,0.157576
GRID_004793,303,8d83b97,-2.789483,-1.388426,-0.379125,-0.256292,0.947647,0.078998,-0.227503,0.157060,0.240828
GRID_004794,303,8d83b97,1.478968,-0.961951,-1.534367,-1.357987,-1.375860,-0.053467,0.005528,0.254897,0.053752
GRID_004795,303,8d83b97,-3.137951,0.700413,0.835962,0.087703,-0.145390,-0.004581,0.032306,0.296966,0.032629
GRID_004796,303,8d83b97,-0.132426,-0.951232,0.942668,1.459355,-0.237396,0.027833,0.227283,0.095154,0.228981
GRID_004797,303,8d83b97,0.644242,0.996197,-0.409019,1.001781,-0.265237,0.121318,-0.164332,0.176528,0.204262
GRID_004798,303,8d83b97,1.069723,-1.466335,-0.032248,-0.771114,-0.356459,-0.229075,0.124790,0.096219,0.260860
GRID_004799,303,8d83b97,0.712144,-0.391087,-0.452010,-0.610383,-1.120599,-0.043976,0.048565,0.313847,0.065516
GRID_004800,303,8d83b97,-0.856287,-0.012699,-0.053766,-1.322920,-0.367055,0.014687,0.014296,0.324212,0.020496
GRID_004801,303,8d83b97,-1.821513,-1.254644,0.023599,-0.226188,-0.334110,0.239140,-0.063248,0.140236,0.247362
GRID_004802,303,8d83b97,-2.217850,0.893493,-1.165647,0.110045,-1.033966,-0.156716,0.114556,0.104229,0.194121
GRID_004803,303,8d83b97,-1.174102,0.350109,0.625780,0.653734,-1.301956,0.016215,0.007102,0.311217,0.017702
GRID_004804,303,8d83b97,1.506219,-0.714589,-0.900619,0.792527,-1.295921,-0.081796,0.006081,0.292029,0.082022
GRID_004805,303,8d83b97,1.912083,-0.259472,-0.646662,-0.238715,-0.942630,-0.011205,-0.001650,0.312881,0.011326
GRID_004806,303,8d83b97,0.699632,-0.747351,-0.603158,0.428475,0.284449,-0.082041,0.095003,0.287353,0.125524
GRID_004807,303,8d83b97,3.140077,-0.351527,-0.024447,-0.265245,0.133992,-0.004689,-0.107300,0.305796,0.107402
GRID_004808,303,8d83b97,-0.150961,1.243349,0.107985,0.251845,-0.637336,-0.033581,-0.205231,0.183148,0.207960
GRID_004809,303,8d83b97,-0.910608,0.705314,-0.931906,0.132972,0.700166,-0.150172,-0.115217,0.171768,0.189279
GRID_004810,303,8d83b97,-0.175581,-0.389507,0.702812,-1.016606,-1.369025,0.028886,0.176368,0.237006,0.178717
GRID_004811,303,8d83b97,-1.065590,1.520430,1.295878,-0.428929,-0.808238,-0.110243,-0.060155,0.216198,0.125588
GRID_004812,303,8d83b97,0.689504,-1.168796,-1.238545,0.610986,-1.237206,-0.080800,0.095337,0.249225,0.124971
GRID_004813,303,8d83b97,-0.280594,-1.292594,1.188368,-0.698510,-1.165381,0.052441,0.190456,0.001509,0.197544
GRID_004814,303,8d83b97,2.804962,-0.459661,1.561765,-0.058221,-1.210601,-0.063873,-0.169950,0.118991,0.181557
GRID_004815,303,8d83b97,0.591683,0.345044,0.810789,0.722538,0.671625,-0.026814,0.036581,0.301074,0.045356
GRID_004816,303,8d83b97,2.609802,1.312118,0.320398,1.103034,1.428348,0.097063,0.172935,0.190930,0.198313
GRID_004817,303,8d83b97,2.981034,0.559962,-0.457208,-0.080155,1.232779,0.019241,0.146764,0.255504,0.148020
GRID_004818,303,8d83b97,-2.893177,-1.239841,0.503117,-1.489525,0.201002,0.056925,-0.242296,0.083030,0.248894
GRID_004819,303,8d83b97,1.138281,1.092089,-1.001381,0.040409,1.379209,0.181161,-0.084127,0.081327,0.199741
GRID_004820,303,8d83b97,1.506090,1.356309,0.399128,-0.382058,0.478627,0.194904,-0.011801,0.189431,0.195261
GRID_004821,303,8d83b97,1.676458,1.049987,-1.306479,-0.108466,0.568299,0.177269,0.020127,0.057614,0.178408
GRID_004822,303,8d83b97,-0.455797,-1.385015,-0.668197,-0.163193,-1.501333,0.094197,0.196799,0.187361,0.218181
GRID_004823,303,8d83b97,2.941681,-0.252164,0.625068,1.258810,-1.135432,-0.034398,-0.147527,0.266479,0.151484
GRID_004824,303,8d83b97,-2.142145,1.272930,0.286268,-0.263049,0.138453,-0.170762,0.106282,0.195798,0.201135
GRID_004825,303,8d83b97,2.552277,0.451992,0.944702,1.042879,-0.816390,-0.023542,-0.028266,0.294861,0.036785
GRID_004826,303,8d83b97,-1.026360,-1.442332,-1.115658,0.846208,-0.222358,0.150477,0.092028,0.208307,0.176387
GRID_004827,303,8d83b97,0.373215,-1.009278,1.264502,0.687748,1.034985,-0.077848,0.192591,0.049062,0.207730
GRID_004828,303,8d83b97,-1.392851,-0.569854,0.515041,-0.571914,-0.336351,0.190856,0.033870,0.227472,0.193838
GRID_004829,303,8d83b97,2.201518,-0.775449,0.898528,-0.023329,0.080382,-0.185344,-0.131590,0.138181,0.227307
GRID_004830,303,8d83b97,-2.873870,0.230462,-0.891609,-0.727748,0.999510,-0.036140,0.115289,0.257656,0.120820
GRID_004831,303,8d83b97,-2.841023,-0.613331,-0.279971,0.079492,-1.050472,0.035351,-0.128814,0.290333,0.133577
GRID_004832,303,8d83b97,2.781100,-0.703506,-0.997188,1.121786,-0.343013,-0.026996,-0.059607,0.290568,0.065435
GRID_004833,303,8d83b97,-2.485060,1.247973,-0.270948,1.018230,0.658194,-0.140165,0.175653,0.136276,0.224723
GRID_004834,303,8d83b97,0.049090,-1.387040,-0.438742,-1.136699,-0.660505,-0.014068,0.237807,0.163974,0.238223
GRID_004835,303,8d83b97,-0.141789,-0.223378,-0.414695,-0.568562,-0.497385,0.001591,0.027749,0.319505,0.027795
GRID_004836,303,8d83b97,1.478502,-0.779707,-0.965925,0.392911,-0.593916,-0.086938,0.008736,0.286650,0.087376
GRID_004837,303,8d83b97,-3.044978,-1.452158,-0.701081,-1.507967,0.593618,0.017084,-0.222709,0.176416,0.223364
GRID_004838,303,8d83b97,-1.524179,1.033649,0.476767,0.626537,-1.500734,-0.147614,-0.007790,0.256104,0.147819
GRID_004839,303,8d83b97,2.516016,-0.090829,0.421058,-1.076781,-0.071866,-0.062129,-0.079437,0.302492,0.100848
GRID_004840,303,8d83b97,1.974962,-0.800705,1.381707,-0.497815,-0.694981,-0.187621,-0.077772,0.077474,0.203101
GRID_004841,303,8d83b97,1.229609,0.652851,0.922373,-1.434175,0.580763,0.007603,-0.002872,0.295696,0.008127
GRID_004842,303,8d83b97,3.050977,-0.273875,0.482211,-0.594378,-0.276547,-0.017470,-0.142682,0.277711,0.143747
GRID_004843,303,8d83b97,1.433649,-1.130084,0.965310,1.017815,1.558492,-0.228331,0.032030,0.054109,0.230567
GRID_004844,303,8d83b97,1.188605,-1.490384,0.508464,-0.822664,1.048672,-0.228365,0.091526,0.023812,0.246024
GRID_004845,303,8d83b97,2.480720,-0.510702,-0.139014,-1.020827,1.333881,-0.083533,-0.101257,0.295091,0.131266
GRID_004846,303,8d83b97,-0.627309,-0.894851,1.170444,0.635761,-1.190050,0.123878,0.173973,0.081121,0.213570
GRID_004847,303,8d83b97,-0.176090,-0.709847,1.331157,1.199136,1.211792,0.033000,0.199492,0.099838,0.202203
GRID_004848,303,8d83b97,-0.077625,-0.555327,-1.233262,-0.023122,1.431773,-0.002023,0.005735,0.281501,0.006082
GRID_004849,303,8d83b97,-0.018105,-0.190281,1.103759,1.532586,-1.284000,0.000513,0.165065,0.219951,0.165066
GRID_004850,303,8d83b97,-2.149074,-1.074135,1.372330,-0.889641,0.157063,0.157968,-0.106480,0.027968,0.190505
GRID_004851,303,8d83b97,2.792538,-0.074372,0.854228,0.871775,1.030920,-0.050259,-0.125667,0.265189,0.135344
GRID_004852,303,8d83b97,1.578657,1.040340,0.688431,-0.334433,0.566440,0.117095,0.001969,0.265280,0.117112
GRID_004853,303,8d83b97,-2.723232,0.429209,0.037463,-0.655829,1.255812,-0.033490,0.064905,0.308936,0.073036
GRID_004854,303,8d83b97,-3.117021,-1.178725,0.594216,1.540847,-1.003115,0.001565,-0.246408,0.086092,0.246413
GRID_004855,303,8d83b97,-1.280651,-1.465613,-0.719254,-0.242136,-0.899489,0.210859,0.062889,0.175288,0.220038
GRID_004856,303,8d83b97,2.900878,-0.003346,-1.067011,0.893681,-1.181806,0.016740,0.086440,0.266113,0.088046
GRID_004857,303,8d83b97,0.022995,-0.178742,1.508315,0.403397,0.643840,-0.006321,0.164338,0.170337,0.164460
GRID_004858,303,8d83b97,-1.414362,0.627490,-0.777541,-1.490700,-1.246529,-0.176832,-0.028407,0.206525,0.179099
GRID_004859,303,8d83b97,2.634860,0.840725,0.713506,0.613082,-0.003098,0.033455,0.068596,0.288442,0.076319
GRID_004860,303,8d83b97,1.391878,1.458297,-0.942802,-0.853197,-1.076375,0.188041,-0.033608,0.008940,0.191021
GRID_004861,303,8d83b97,-2.845811,0.271703,0.313126,-0.607837,-0.161526,-0.004293,-0.000896,0.320430,0.004386
GRID_004862,303,8d83b97,2.358123,-0.175417,-0.639845,-0.552314,0.462800,0.003496,0.008452,0.311906,0.009146
GRID_004863,303,8d83b97,-1.907928,0.009841,1.273197,0.877679,-0.823216,0.129384,-0.047574,0.226743,0.137853
GRID_004864,303,8d83b97,2.897993,-0.733526,1.175948,1.255681,0.396434,-0.055631,-0.205974,0.112887,0.213354
GRID_004865,303,8d83b97,1.598158,1.245393,-0.626828,0.576223,-0.235193,0.216416,0.007060,0.091703,0.216531
GRID_004866,303,8d83b97,-0.661856,-0.264258,-1.427035,-1.251424,-0.365257,-0.042754,-0.051999,0.249990,0.067319
GRID_004867,303,8d83b97,1.898155,-0.955751,1.344745,-1.498609,-0.719818,-0.193867,-0.063684,0.051976,0.204059
GRID_004868,303,8d83b97,-2.005079,-1.230191,-0.719567,1.152931,-0.293117,0.173222,-0.083102,0.221576,0.192124
GRID_004869,303,8d83b97,1.325399,1.416430,-1.228440,1.343234,1.232069,0.161269,-0.040256,-0.005963,0.166218
GRID_004870,303,8d83b97,-2.790962,-0.282130,-0.787720,-0.388342,1.484009,-0.005687,0.003091,0.306503,0.006473
GRID_004871,303,8d83b97,2.355962,-0.846808,0.421807,0.560369,-0.218622,-0.165761,-0.160753,0.183361,0.230908
GRID_004872,303,8d83b97,2.135720,-0.404436,0.402973,0.735545,-0.311939,-0.140731,-0.085770,0.267176,0.164808
GRID_004873,303,8d83b97,1.873857,0.481121,0.013352,-0.889791,0.647011,0.078457,0.026730,0.303043,0.082886
GRID_004874,303,8d83b97,0.409014,-1.472867,0.758242,-1.509310,-0.743331,-0.092265,0.207457,0.001629,0.227049
GRID_004875,303,8d83b97,1.167161,-0.227308,1.411155,-1.297217,-0.533650,-0.160234,0.067955,0.175117,0.174048
GRID_004876,303,8d83b97,0.928247,0.960474,-1.433428,0.409378,1.212647,0.135371,-0.102739,0.062682,0.169943
GRID_004877,303,8d83b97,-1.799037,0.902645,-0.787223,1.110035,-0.416467,-0.201388,0.044905,0.149064,0.206333
GRID_004878,303,8d83b97,-0.302880,-1.121813,1.412670,1.082099,1.345404,0.053007,0.177558,0.016731,0.185301
GRID_004879,303,8d83b97,2.170033,0.115431,0.242029,-0.251015,-1.379006,-0.028317,-0.015700,0.321614,0.032378
GRID_004880,303,8d83b97,0.234869,-0.968701,-1.013363,0.204010,0.006165,-0.029351,0.112565,0.270058,0.116329
GRID_004881,303,8d83b97,-2.343034,-0.407289,-0.771677,-0.900599,0.176613,0.014970,-0.019400,0.307510,0.024505
GRID_004882,303,8d83b97,1.831866,1.324145,0.587948,0.287351,-1.537203,0.167884,0.046844,0.212837,0.174297
GRID_004883,303,8d83b97,-0.006793,1.432072,-0.182120,-0.588161,0.438529,-0.003931,-0.229184,0.103414,0.229217
GRID_004884,303,8d83b97,-1.174956,-0.226678,-1.226316,1.203703,0.705667,-0.056909,-0.023410,0.268880,0.061536
GRID_004885,303,8d83b97,-1.089316,-1.282476,0.219524,0.538950,-1.030888,0.222815,0.117006,0.108733,0.251668
GRID_004886,303,8d83b97,2.912391,-1.363289,-0.045958,-0.517478,-1.168386,-0.062328,-0.247644,0.122970,0.255367
GRID_004887,303,8d83b97,1.581788,-0.820825,-1.504602,1.291375,0.947858,-0.031840,0.000611,0.260547,0.031846
GRID_004888,303,8d83b97,-2.970225,-1.402279,1.326998,1.467739,-0.111657,0.025061,-0.170248,-0.025353,0.172082
GRID_004889,303,8d83b97,0.437394,-0.559111,-0.323903,-0.355253,0.213838,-0.052295,0.106977,0.298370,0.119075
GRID_004890,303,8d83b97,-1.655501,0.582157,-0.737516,-0.423536,0.763834,-0.171170,0.013185,0.219864,0.171677
GRID_004891,303,8d83b97,-1.478417,0.458776,1.102682,-0.427759,-1.020776,0.045880,0.003581,0.283051,0.046019
GRID_004892,303,8d83b97,1.216968,1.307156,-0.250114,-1.206403,0.521695,0.208298,-0.077078,0.124857,0.222101
GRID_004893,303,8d83b97,-0.228568,0.866274,0.018312,-0.244568,1.310849,-0.039176,-0.158333,0.249616,0.163108
GRID_004894,303,8d83b97,-0.318097,-0.026237,1.118613,0.947002,1.214271,0.041528,0.133479,0.241024,0.139790
GRID_004895,303,8d83b97,-0.505327,0.067370,-0.785478,1.174260,1.438106,-0.041315,-0.070593,0.287046,0.081794
GRID_004896,303,8d83b97,-1.319797,-1.410540,-1.463051,0.586011,0.839948,0.124438,0.031811,0.221855,0.128440
GRID_004897,303,8d83b97,0.968224,1.036631,-0.428697,0.289754,-0.057100,0.170593,-0.118443,0.165082,0.207679
GRID_004898,303,8d83b97,3.085993,-1.104731,0.040700,-0.981417,0.596199,-0.017848,-0.239355,0.172912,0.240020
GRID_004899,303,8d83b97,2.736570,0.762268,0.412223,-0.501954,0.012195,0.034702,0.091666,0.289985,0.098015
GRID_004900,303,8d83b97,1.943157,0.893130,-1.041567,1.434488,-1.366567,0.179574,0.072554,0.119154,0.193677
GRID_004901,303,8d83b97,-1.451516,0.451850,0.188885,0.599213,1.414948,-0.060961,-0.007982,0.312102,0.061482
GRID_004902,303,8d83b97,-2.386112,0.868036,1.511694,0.456123,-1.552215,0.003388,-0.008595,0.255231,0.009239
GRID_004903,303,8d83b97,-2.480093,0.415869,0.683745,0.840176,0.932138,0.003548,-0.010678,0.308945,0.011252
GRID_004904,303,8d83b97,1.139904,-1.279948,-0.878532,-0.528174,-0.783234,-0.170892,0.078091,0.222977,0.187890
GRID_004905,303,8d83b97,-2.467478,0.254134,-1.093435,-0.534388,-0.611047,-0.087796,0.103960,0.230655,0.136073
GRID_004906,303,8d83b97,-1.272429,0.596084,0.806151,-0.636533,-0.036475,-0.015663,-0.004830,0.301680,0.016391
GRID_004907,303,8d83b97,-0.720072,1.499030,-0.564915,1.088870,-1.195235,-0.147067,-0.165336,0.039792,0.221280
GRID_004908,303,8d83b97,-0.980555,-1.167489,0.738736,0.116320,0.253126,0.196799,0.132905,0.071258,0.237473
GRID_004909,303,8d83b97,3.122504,1.238263,0.668265,1.259248,0.415826,-0.001493,0.156682,0.234044,0.156689
GRID_004910,303,8d83b97,-2.031608,0.723366,-1.423003,1.300106,-0.313274,-0.158047,0.075684,0.108101,0.175234
GRID_004911,303,8d83b97,-1.127916,-0.125363,-0.286330,-0.995482,-0.057892,0.015852,0.007957,0.322325,0.017737
GRID_004912,303,8d83b97,2.174398,-1.026815,0.920829,-0.946248,-1.047900,-0.194376,-0.130427,0.081324,0.234080
GRID_004913,303,8d83b97,-0.643412,0.478277,1.409558,0.558194,0.232342,0.040102,0.056527,0.254440,0.069307
GRID_004914,303,8d83b97,-0.559271,0.255073,-1.288089,0.444480,-1.014123,-0.076275,-0.118181,0.206140,0.140657
GRID_004915,303,8d83b97,-1.725065,0.446335,-1.123340,0.202409,-0.901986,-0.162019,0.023643,0.195879,0.163735
GRID_004916,303,8d83b97,-0.348334,1.533696,-0.497131,0.374912,1.446848,-0.077900,-0.208139,0.039644,0.222239
GRID_004917,303,8d83b97,0.208380,-0.886513,-0.745050,-1.246622,-1.123479,-0.030078,0.130949,0.275172,0.134359
GRID_004918,303,8d83b97,1.739898,0.884528,-0.380392,1.057119,-0.046085,0.186487,0.033503,0.203866,0.189473
GRID_004919,303,8d83b97,3.121387,-1.505463,-0.153125,0.476327,1.504539,-0.009716,-0.256859,0.102036,0.257043
GRID_004920,303,8d83b97,0.999818,0.183649,0.633854,-0.529401,0.235255,-0.053410,0.033314,0.306316,0.062948
GRID_004921,303,8d83b97,-1.350327,1.388244,1.295491,1.546346,-1.420471,-0.104172,-0.023551,0.232964,0.106801
GRID_004922,303,8d83b97,-0.309985,-1.252882,0.913653,0.973561,0.774591,0.066630,0.215497,0.033245,0.225562
GRID_004923,303,8d83b97,1.744144,-0.714454,0.481007,0.469334,-0.509124,-0.215774,-0.036122,0.203651,0.218777
GRID_004924,303,8d83b97,1.164051,0.264936,0.059011,0.911600,0.300082,0.024676,-0.010954,0.320190,0.026998
GRID_004925,303,8d83b97,1.879947,0.179595,0.396906,-0.557650,-1.272748,-0.035386,-0.009098,0.318024,0.036537
GRID_004926,303,8d83b97,-1.738159,-0.039380,-0.906977,-1.314147,-0.739457,-0.071606,0.010467,0.285416,0.072367
GRID_004927,303,8d83b97,0.890321,-1.370483,-1.004828,0.176789,-1.347074,-0.144929,0.115808,0.214626,0.185515
GRID_004928,303,8d83b97,1.354637,-0.964684,-0.904656,-1.267509,-0.901907,-0.128835,0.028570,0.269431,0.131964
GRID_004929,303,8d83b97,-2.399166,-1.118905,1.232147,-1.513078,1.438747,0.134517,-0.151784,0.030835,0.202813
GRID_004930,303,8d83b97,-2.113026,-0.813054,-0.952232,1.562281,0.555147,0.075296,-0.048638,0.284328,0.089639
GRID_004931,303,8d83b97,1.619434,1.208521,-1.454896,-0.260127,0.798334,0.156799,0.008733,0.015991,0.157042
GRID_004932,303,8d83b97,-0.452425,-0.534401,1.095280,-0.206931,-1.449376,0.086474,0.182770,0.161715,0.202195
GRID_004933,303,8d83b97,0.516481,-1.037601,0.232790,-0.664590,0.484985,-0.121484,0.209996,0.164656,0.242604
GRID_004934,303,8d83b97,-2.124343,0.472468,-0.666473,1.168752,0.866975,-0.129666,0.076758,0.247051,0.150682
GRID_004935,303,8d83b97,-2.977418,1.091238,-0.033231,-0.413326,0.616425,-0.037063,0.196298,0.200429,0.199766
GRID_004936,303,8d83b97,-0.045896,1.258111,-1.212691,-0.323626,-1.366825,-0.010834,-0.182136,0.025344,0.182458
GRID_004937,303,8d83b97,-3.074394,1.123219,-1.282590,-1.177653,0.390588,-0.016627,0.181352,0.045543,0.182113
GRID_004938,303,8d83b97,1.875552,0.613104,-0.268189,0.979962,-0.674705,0.132407,0.043850,0.265641,0.139479
GRID_004939,303,8d83b97,-0.733573,0.520566,-0.214930,-0.369264,-0.694915,-0.082773,-0.089619,0.283652,0.121996
GRID_004940,303,8d83b97,0.391122,1.544516,-0.438821,-0.237791,0.059252,0.082666,-0.206048,0.044047,0.222012
GRID_004941,303,8d83b97,3.078398,-1.109991,-0.724616,-0.700844,-1.071465,-0.015626,-0.175924,0.242606,0.176617
GRID_004942,303,8d83b97,1.751023,-0.110438,-0.300281,-0.875272,-1.156021,-0.018852,-0.001726,0.322202,0.018931
GRID_004943,303,8d83b97,-0.162958,-0.911986,-1.139688,0.516859,0.252985,0.011885,0.087152,0.273983,0.087959
GRID_004944,303,8d83b97,-1.891286,-1.534035,-1.292340,-0.103073,0.572963,0.157247,-0.054369,0.201358,0.166381
GRID_004945,303,8d83b97,-0.376958,-0.126966,-1.410468,-1.227156,0.609821,-0.034595,-0.081260,0.239586,0.088318
GRID_004946,303,8d83b97,2.031311,0.296431,-0.576292,-1.196967,-0.288147,0.093105,0.049070,0.281382,0.105245
GRID_004947,303,8d83b97,2.225667,0.654817,1.527891,-0.492260,0.219643,-0.043162,-0.029364,0.250174,0.052204
GRID_004948,303,8d83b97,-0.170920,0.203935,1.339486,1.534414,1.201134,0.016801,0.111806,0.240749,0.113061
GRID_004949,303,8d83b97,0.539825,-0.948444,0.645832,-0.046224,-1.374677,-0.125099,0.205025,0.132468,0.240177
GRID_004950,303,8d83b97,-1.241694,0.227418,0.496066,-0.590422,0.434763,0.028990,0.009958,0.315085,0.030652
GRID_004951,303,8d83b97,-1.699925,-0.250528,-0.258174,0.007013,0.748064,0.050638,-0.008116,0.319363,0.051284
GRID_004952,303,8d83b97,0.556462,0.422205,0.350717,-1.418882,1.243345,0.013583,-0.025381,0.315849,0.028787
GRID_004953,303,8d83b97,-1.059510,-1.399168,-0.816505,1.304416,0.428017,0.177613,0.100392,0.197004,0.204022
GRID_004954,303,8d83b97,-1.257999,-0.756636,-0.241094,1.202832,1.076308,0.156307,0.050529,0.268257,0.164271
GRID_004955,303,8d83b97,-0.339203,-1.163710,0.502835,0.997531,-0.502357,0.080311,0.234229,0.101005,0.247615
GRID_004956,303,8d83b97,2.548188,-1.001445,0.604154,-0.883244,0.290742,-0.139381,-0.199681,0.125775,0.243515
GRID_004957,303,8d83b97,3.100711,0.009068,1.191357,-0.257982,0.737215,-0.010063,-0.138181,0.236699,0.138547
GRID_004958,303,8d83b97,2.911223,-0.496841,0.560649,-1.548341,-0.863044,-0.047529,-0.183381,0.235264,0.189440
GRID_004959,303,8d83b97,-1.495826,0.786391,-1.223025,-1.534180,0.312005,-0.187958,-0.014850,0.119096,0.188543
GRID_004960,303,8d83b97,-0.965235,0.350887,-1.218276,0.241153,1.135260,-0.126125,-0.086133,0.199888,0.152729
GRID_004961,303,8d83b97,-2.034251,-0.983621,0.481857,-1.277102,0.068667,0.211725,-0.108721,0.145447,0.238008
GRID_004962,303,8d83b97,-3.050474,0.981410,0.897687,0.916641,-0.742229,-0.011993,0.082440,0.276046,0.083308
GRID_004963,303,8d83b97,-0.025177,-1.159404,0.558179,0.494196,-0.992191,0.003820,0.247232,0.095069,0.247261
GRID_004964,303,8d83b97,2.054429,-0.519205,0.472635,1.303933,-0.951381,-0.169468,-0.086020,0.241361,0.190050
GRID_004965,303,8d83b97,0.427201,0.504475,1.425126,1.385048,0.654895,-0.030730,0.062142,0.254236,0.069325
GRID_004966,303,8d83b97,-1.665546,0.224406,-1.546480,0.427032,-1.217396,-0.137724,0.011820,0.177820,0.138230
GRID_004967,303,8d83b97,-1.004836,0.860660,1.474067,0.077410,-0.345581,0.004264,0.003807,0.258349,0.005716
GRID_004968,303,8d83b97,0.757083,0.414661,-0.209210,-0.296486,0.336689,0.063775,-0.069588,0.296994,0.094392
GRID_004969,303,8d83b97,3.082167,1.521881,-1.403306,0.855964,0.536324,0.003842,0.138538,-0.032905,0.138591
GRID_004970,303,8d83b97,-2.978790,1.118987,0.993901,-1.315829,-0.702268,-0.020098,0.095225,0.262226,0.097322
GRID_004971,303,8d83b97,-2.501126,-0.932013,-0.234084,0.089665,-0.999411,0.114452,-0.160007,0.237899,0.196727
GRID_004972,303,8d83b97,-0.270573,-1.466824,1.180455,0.632238,-0.523037,0.046407,0.176138,-0.028929,0.182149
GRID_004973,303,8d83b97,2.194218,-1.267709,0.011236,0.227808,-1.142887,-0.207963,-0.145748,0.138678,0.253951
GRID_004974,303,8d83b97,-0.531195,-0.136897,-1.567016,1.256736,-0.999943,-0.048798,-0.079017,0.221410,0.092871
GRID_004975,303,8d83b97,0.576915,0.767952,1.452121,-0.964912,-0.275531,-0.015276,0.019846,0.259998,0.025044
GRID_004976,303,8d83b97,2.578555,-1.319176,0.330322,0.556867,-1.563989,-0.140099,-0.214514,0.085774,0.256211
GRID_004977,303,8d83b97,2.985131,-0.993373,1.027445,0.211551,-0.647831,-0.039471,-0.222033,0.076425,0.225514
GRID_004978,303,8d83b97,-1.210826,-0.962251,1.380158,-0.565527,-0.657749,0.181510,0.068611,0.047682,0.194045
GRID_004979,303,8d83b97,2.846472,-0.654606,-1.475764,-1.538155,-0.632183,-0.004613,-0.000609,0.263043,0.004653
GRID_004980,303,8d83b97,-2.337350,-0.584475,-1.500099,1.124178,0.689945,-0.014177,0.009023,0.259392,0.016805
GRID_004981,303,8d83b97,-1.113844,0.114256,0.161132,1.533859,0.937121,0.014483,0.007612,0.323204,0.016362
GRID_004982,303,8d83b97,0.800011,1.115190,0.438943,1.415201,-1.080984,0.113667,-0.112281,0.239960,0.159772
GRID_004983,303,8d83b97,2.369239,-1.448106,-1.458404,0.515394,0.903942,-0.100167,-0.097936,0.217286,0.140089
GRID_004984,303,8d83b97,2.951760,0.052614,0.861116,-1.305222,0.723264,-0.025234,-0.108033,0.278268,0.110941
GRID_004985,303,8d83b97,-0.653560,-1.306332,0.392189,-0.944547,-1.090515,0.151174,0.200152,0.081066,0.250828
GRID_004986,303,8d83b97,-2.678163,-1.301049,-0.196699,-0.794399,-0.023375,0.105235,-0.219901,0.156126,0.243784
GRID_004987,303,8d83b97,2.661537,-1.448455,1.082984,-0.469063,0.792258,-0.094837,-0.173411,-0.019911,0.197649
GRID_004988,303,8d83b97,-1.821055,0.757728,0.302588,-0.379253,0.785459,-0.111819,0.026591,0.285939,0.114937
GRID_004989,303,8d83b97,0.162944,-0.269101,0.358288,0.317548,0.721789,-0.023640,0.129343,0.289213,0.131486
GRID_004990,303,8d83b97,1.659417,1.568435,-0.558789,-0.446147,-0.781017,0.211642,0.020163,0.024443,0.212600
GRID_004991,303,8d83b97,-3.074779,-1.047452,0.566333,1.233217,-1.342662,0.011804,-0.243590,0.120040,0.243876
GRID_004992,303,8d83b97,-0.243119,-1.202429,-0.277217,-0.902817,0.193698,0.053289,0.224301,0.187401,0.230544
GRID_004993,303,8d83b97,-1.925889,0.357349,-1.486218,-1.168771,-0.433042,-0.142798,0.050663,0.164765,0.151519
GRID_004994,303,8d83b97,-2.848804,-1.211082,0.949328,-1.330102,1.338352,0.060722,-0.216337,0.038528,0.224697
GRID_004995,303,8d83b97,-0.218855,-1.333670,0.297282,0.289092,-0.279719,0.052954,0.248682,0.086464,0.254257
GRID_004996,303,8d83b97,-1.790238,-0.387097,-1.344479,1.536620,1.459032,-0.040161,0.007195,0.266824,0.040800
GRID_004997,303,8d83b97,-2.507739,1.044398,1.523410,-0.423950,0.408980,-0.015157,0.014386,0.251253,0.020897
GRID_004998,303,8d83b97,1.631189,-0.374105,1.279144,1.261124,-0.148241,-0.189948,-0.010339,0.167564,0.190229
GRID_004999,303,8d83b97,2.755695,0.852109,-0.854838,1.151388,-0.550744,0.070460,0.184648,0.151283,0.197635
